post_id,creator_id,creator_follower_count,creator_follower_count_copy,creator_avg_past_likes,is_reel,video_duration_sec,posting_hour,posting_day,hashtag_count,num_mentions,caption_category,caption,caption_length,engagement_rate,likes_count,comments_count,shares_count,saves_count,views_count,went_viral,random_noise_1,random_noise_2_device
20018,206,1587,1657.5417666945225,85,0,0.0,20,Thu,10,4,Motivational,Never give up on your dreams keep going.,40,0.23681,282,50,21,35,2072,1,37.445582867120166,iOS
20099,40,21512,21495.86857022225,564,0,0.0,19,Sun,8,2,Question,What should I vlog next tell me in comments.,44,0.05653,870,118,132,117,13283,0,35.4298214348903,Android
20790,89,218677,218745.8157765037,8649,1,21.7,22,Mon,9,3,Personal,Grateful for this beautiful sunset today.,41,0.003,525,88,60,62,656902,0,43.75026421170859,Android
20631,8,58990,58980.19630705768,1837,1,31.7,21,Fri,8,1,Motivational,Every small step counts towards success.,40,0.03152,1284,196,162,166,237851,0,49.61950239927223,iOS
20811,102,7438,7430.605229710245,212,0,0.0,17,Fri,8,1,Motivational,Believe in yourself and keep pushing forward. Never give up on your dreams keep going.,86,0.10675,591,91,75,52,9979,0,67.07810894360782,iOS
20102,116,6930,6885.373223171049,262,1,22.8,0,Thu,10,2,Motivational,Every small step counts towards success. Stay consistent and the results will follow.,85,0.13099,600,79,72,81,21632,0,49.29159026241126,Android
20903,67,9434,9290.63215327169,304,1,7.8,18,Sun,6,2,Meme,When Mumbai local trains are on time for once. That feeling when chai fixes everything.,87,0.12176,729,127,125,107,47444,0,39.17601341539003,Android
21251,110,7186,7197.476351688392,136,0,0.0,3,Fri,5,2,Personal,Missing home cooked food so much today. Late night walk through the city lights.,80,0.1084,627,93,92,76,7890,0,36.00294983828307,iOS
20722,18,133364,133273.99051859867,5108,0,0.0,21,Mon,12,3,Question,Which outfit do you all like more comment below. Should I do a giveaway this week let me know.,94,0.003,293,44,18,35,109941,0,40.76755944985211,iOS
20446,101,2522,2545.6155473893364,141,0,0.0,14,Mon,14,0,Promotional,Use my code MUMBAI10 for a discount.,36,0.1572,254,55,24,46,1620,0,52.36983051625566,Android
21153,119,1283,1376.209397000472,56,0,0.0,20,Thu,8,0,Motivational,Discipline beats motivation every single time.,46,0.25198,229,40,25,22,1265,1,51.37385157733292,Android
21322,58,27313,27336.431204598783,1052,0,0.0,18,Wed,10,2,Question,Which cafe should I visit next in Bandra.,41,0.0501,1076,106,89,154,36280,0,35.03804741071751,Android
21357,101,2522,2454.8679891598154,141,1,24.1,2,Mon,12,2,Meme,POV you are stuck in Mumbai traffic again. Me checking Instagram one more time before sleeping.,95,0.17047,296,56,41,54,5885,0,26.25762803568896,Android
21003,191,4646,4665.432229162876,130,0,0.0,19,Sun,7,1,Personal,Coffee and good vibes this morning. Late night walk through the city lights.,76,0.14455,491,60,69,72,7709,0,24.63507654563454,iOS
20301,120,13700,13684.907119792668,483,0,0.0,17,Sat,10,0,Motivational,Stay consistent and the results will follow.,44,0.06217,724,111,50,66,19960,0,43.49035841059917,iOS
20611,121,26047,25998.352289728406,1493,0,0.0,13,Thu,12,1,Promotional,New collab dropping this week stay tuned. Use my code MUMBAI10 for a discount.,78,0.01036,205,20,24,26,16998,0,38.7540247996378,Android
20829,186,13693,13625.289446697581,530,0,0.0,23,Thu,6,0,Motivational,Believe in yourself and keep pushing forward. Your only limit is the one you set yourself.,90,0.05774,548,80,57,46,11952,0,57.43517685386226,Android
21138,34,20189,20154.10931691988,556,1,21.0,2,Tue,11,1,Question,What should I vlog next tell me in comments.,44,0.05229,826,120,74,66,76290,0,39.85613192092581,iOS
20741,212,169962,170014.1175191766,3044,1,43.5,2,Sun,7,1,Question,Which cafe should I visit next in Bandra.,41,0.003,311,65,24,36,312179,0,67.87446036635453,Android
21073,82,14341,14342.362992515767,406,0,0.0,5,Thu,7,4,Promotional,Link in bio to shop the collection now.,39,0.02526,306,45,35,32,16800,0,43.38119982654151,iOS
20345,182,75444,75480.8316953888,1189,0,0.0,7,Thu,12,1,Personal,Late night walk through the city lights. Spent the evening at marine drive with friends.,88,0.003,138,25,22,26,41995,0,51.24712425587504,iOS
20978,182,75444,75492.12385485908,1189,1,11.7,8,Wed,8,0,Promotional,Use my code MUMBAI10 for a discount. Excited to partner with this amazing brand.,80,0.003,156,34,19,21,168939,0,30.872895284541737,iOS
20100,24,13310,13349.914342884449,761,0,0.0,5,Thu,12,2,Question,Do you prefer reels or regular posts. Any recommendations for weekend plans in the city.,88,0.08458,930,172,103,91,17212,0,77.5345990268063,Android
20114,10,34991,34995.447657465505,1905,1,39.7,23,Mon,9,1,Motivational,Never give up on your dreams keep going.,40,0.0461,1041,147,178,153,128214,0,54.78898508150885,Android
20833,148,107120,107177.83193097272,4953,0,0.0,20,Thu,9,0,Personal,Weekend trip with the family was so refreshing. Coffee and good vibes this morning.,83,0.003,224,38,22,36,90862,0,83.76590325513156,Android
21052,59,20857,20913.536592740464,365,1,21.0,2,Tue,17,1,Motivational,Stay consistent and the results will follow. Never give up on your dreams keep going.,85,0.04004,635,74,64,67,46532,0,53.81823914426649,iOS
20064,187,51554,51594.493195459596,1220,0,0.0,2,Thu,7,1,Personal,Grateful for this beautiful sunset today.,41,0.003,85,15,11,14,54929,0,64.88868669992226,Android
20014,142,3412,3429.0026019211678,157,0,0.0,6,Mon,6,1,Personal,Grateful for this beautiful sunset today.,41,0.13467,384,48,51,49,2810,0,33.86326853082191,iOS
20573,180,8304,8238.160335780984,471,1,27.4,6,Sat,9,0,Promotional,Sponsored but I genuinely love this product.,44,0.10677,643,96,64,68,17110,0,53.492663574561746,Android
20173,54,21947,21956.269286271865,1246,0,0.0,8,Wed,4,0,Motivational,Discipline beats motivation every single time.,46,0.02572,469,60,40,44,28552,0,60.351810120259884,iOS
21257,121,26047,25999.811934303805,1493,0,0.0,2,Sun,9,2,Promotional,Excited to partner with this amazing brand. Use my code MUMBAI10 for a discount.,80,0.01947,342,58,54,47,23614,0,59.298267149210375,Web
21398,209,7493,7418.686668483964,136,1,22.0,7,Fri,8,1,Meme,Me checking Instagram one more time before sleeping. POV you are stuck in Mumbai traffic again.,95,0.12123,672,95,68,81,21976,0,44.459524884565646,Android
20112,197,4979,4948.393740848654,77,0,0.0,9,Sat,5,0,Meme,When Mumbai local trains are on time for once. When the auto driver actually uses the meter.,92,0.10264,353,63,47,55,3756,0,35.34634893447824,Web
21193,99,59204,59202.579774271966,2038,0,0.0,10,Thu,4,1,Meme,When Mumbai local trains are on time for once. That feeling when chai fixes everything.,87,0.003,120,22,13,17,64937,0,46.782888338869384,iOS
21068,142,3412,3360.9007776357175,157,1,5.0,21,Thu,8,2,Question,Should I do a giveaway this week let me know.,45,0.17842,376,63,58,36,13083,0,71.6283460167234,iOS
20035,93,28695,28650.151914390142,1518,1,45.8,10,Sat,10,1,Meme,That feeling when chai fixes everything.,40,0.04477,883,123,121,154,151051,0,59.30663513544408,Android
21071,97,15409,15324.735225291144,287,0,0.0,16,Wed,5,3,Promotional,Excited to partner with this amazing brand.,43,0.04809,525,78,58,57,18784,0,62.68601015589351,Android
21032,98,9299,9304.715618131519,339,1,33.1,21,Thu,11,0,Personal,Weekend trip with the family was so refreshing. Late night walk through the city lights.,88,0.12958,827,129,96,146,38928,0,48.2003830491137,Web
20961,75,7599,7679.39694974535,324,1,17.8,12,Thu,6,2,Motivational,Never give up on your dreams keep going. Stay consistent and the results will follow.,85,0.14585,799,113,109,90,42272,0,81.15997747953367,Android
20531,12,51515,51559.5065306829,2892,0,0.0,8,Tue,7,2,Question,Should I do a giveaway this week let me know.,45,0.003,126,18,16,14,97377,0,76.94634320652399,Android
21188,35,4438,4385.467324922392,148,1,14.7,17,Thu,15,3,Question,Should I do a giveaway this week let me know. Which cafe should I visit next in Bandra.,87,0.17815,488,75,68,88,16645,1,73.0474345824618,Android
20514,83,18971,19004.547818564868,932,1,43.2,5,Mon,9,3,Question,Which cafe should I visit next in Bandra. What is your favorite street food spot in Mumbai.,91,0.04637,614,92,84,81,77334,0,54.49467833960347,Android
20111,160,1067,994.0558337672289,18,0,0.0,13,Wed,7,0,Personal,Spent the evening at marine drive with friends.,47,0.22523,174,28,15,18,813,1,46.294906122830945,iOS
21355,207,19828,19849.1873558968,390,0,0.0,17,Sun,11,1,Promotional,Swipe up to grab yours before it sells out. New collab dropping this week stay tuned.,85,0.02697,413,55,52,45,26917,0,72.78220074816468,iOS
20263,77,800,839.9668887475175,37,0,0.0,12,Sun,8,1,Motivational,Every small step counts towards success. Your only limit is the one you set yourself.,85,0.23178,150,25,16,12,1187,1,68.20941006513303,Android
20622,34,20189,20196.406825018465,556,0,0.0,4,Mon,16,2,Promotional,Swipe up to grab yours before it sells out.,43,0.05147,716,146,41,80,14296,0,43.52585081524384,Android
20502,102,7438,7428.012315807779,212,1,21.2,5,Sun,9,2,Meme,Me pretending to work while scrolling reels. That feeling when chai fixes everything.,85,0.12136,620,100,90,53,23818,0,55.57591440669757,iOS
20362,196,6165,6204.389266270095,296,1,19.1,23,Tue,9,1,Motivational,Your only limit is the one you set yourself. Never give up on your dreams keep going.,85,0.12637,560,100,72,69,23841,0,32.74674416184551,Android
21323,172,6849,6886.006079041352,377,1,20.1,15,Fri,11,1,Personal,Missing home cooked food so much today. Coffee and good vibes this morning.,75,0.14311,669,126,82,83,19606,0,54.762718678489264,iOS
20507,72,82423,82417.38658909583,2632,0,0.0,18,Sat,4,0,Personal,Just another day in Mumbai chasing dreams. Spent the evening at marine drive with friends.,90,0.003,155,22,22,23,109872,0,72.43073238588202,Android
21238,46,1006,948.7345832759404,16,0,0.0,6,Wed,10,1,Promotional,Excited to partner with this amazing brand.,43,0.21629,164,30,17,18,849,1,39.762217238460224,Android
21239,135,48011,47975.04478347624,1655,0,0.0,11,Thu,13,0,Personal,Coffee and good vibes this morning. Weekend trip with the family was so refreshing.,83,0.003,104,10,10,9,79933,0,84.85242927033877,Android
20398,173,5360,5377.762245130357,144,1,46.2,21,Thu,11,3,Question,What is your favorite street food spot in Mumbai. Should I do a giveaway this week let me know.,95,0.15222,664,112,52,68,19504,0,46.17848820272986,iOS
20016,73,3547,3600.1762165247565,164,1,24.7,21,Thu,10,1,Personal,Coffee and good vibes this morning. Late night walk through the city lights.,76,0.20402,491,73,61,63,16343,1,84.5204934249754,Android
21080,56,8341,8405.00635297751,496,0,0.0,12,Thu,8,2,Personal,Late night walk through the city lights.,40,0.09088,630,59,81,70,7797,0,25.940011849461154,iOS
21276,186,13693,13767.342631145199,530,1,35.7,2,Fri,5,1,Motivational,Never give up on your dreams keep going.,40,0.08028,791,156,119,97,31759,0,36.87211912161095,iOS
20142,106,5736,5741.376586888159,270,1,20.2,3,Thu,5,0,Meme,When the auto driver actually uses the meter.,45,0.12902,542,77,40,63,15495,0,46.39985020978191,Android
21317,155,2145,2165.5144141311357,74,1,19.4,18,Fri,14,0,Meme,Me pretending to work while scrolling reels. Monday mood be like absolutely not today.,86,0.24757,365,68,43,38,5503,1,59.35245673364748,iOS
20753,85,12073,12068.672411118194,450,0,0.0,18,Sat,8,1,Personal,Weekend trip with the family was so refreshing. Just another day in Mumbai chasing dreams.,90,0.09825,739,131,83,120,15420,0,66.16325462281122,iOS
20494,101,2522,2612.6446739782104,141,0,0.0,8,Sun,5,1,Motivational,Every small step counts towards success.,40,0.14391,250,35,39,45,4339,1,27.93676536052834,Web
20751,58,27313,27260.607728168525,1052,0,0.0,21,Sun,8,1,Personal,Just another day in Mumbai chasing dreams. Late night walk through the city lights.,83,0.05121,1072,100,121,149,24462,0,52.01095038789086,Android
21049,10,34991,34988.36756164376,1905,0,0.0,15,Mon,13,0,Promotional,Link in bio to shop the collection now.,39,0.003,76,8,7,10,39601,0,56.03901919316499,Android
20789,160,1067,1060.7554976755162,18,1,22.3,3,Tue,8,1,Motivational,Stay consistent and the results will follow. Hard work always pays off eventually trust the process.,100,0.23375,196,32,17,31,2472,1,34.6002002942908,Android
20641,168,4754,4698.298340492304,229,0,0.0,0,Wed,8,2,Promotional,Link in bio to shop the collection now. Sponsored but I genuinely love this product.,84,0.09239,305,51,33,26,6329,0,70.20302544002814,Android
20390,120,13700,13690.730114396922,483,0,0.0,17,Wed,7,1,Motivational,Believe in yourself and keep pushing forward.,45,0.09242,852,125,93,118,14709,0,62.19468052396963,iOS
20669,71,23270,23317.880706469074,683,0,0.0,4,Sat,6,0,Meme,Me checking Instagram one more time before sleeping.,52,0.01688,264,49,27,35,42666,0,48.46167656826565,iOS
21160,130,15889,15865.18800454548,556,1,17.4,22,Sat,13,1,Personal,Late night walk through the city lights. Grateful for this beautiful sunset today.,82,0.09321,1110,201,84,197,44896,0,43.001280158149775,Android
20661,86,800,879.3364135640528,21,0,0.0,6,Fri,4,0,Personal,Just another day in Mumbai chasing dreams.,42,0.2436,123,19,19,19,938,1,64.13677204956775,iOS
20901,98,9299,9356.022441868728,339,0,0.0,10,Fri,11,2,Personal,Weekend trip with the family was so refreshing. Missing home cooked food so much today.,87,0.08151,609,73,54,87,8884,0,33.62291656921289,iOS
21319,110,7186,7143.899210835068,136,1,18.3,8,Tue,10,3,Personal,Coffee and good vibes this morning.,35,0.09393,506,71,63,50,21507,0,37.422284919788744,Android
20752,56,8341,8333.798553270124,496,1,42.4,22,Fri,10,3,Personal,Late night walk through the city lights.,40,0.15411,954,140,90,149,30584,0,88.70793670448944,iOS
20650,161,23456,23467.601536501974,1134,0,0.0,9,Sat,12,0,Personal,Just another day in Mumbai chasing dreams.,42,0.02558,426,51,54,37,16622,0,39.206680119015886,iOS
20562,219,2355,2307.3866141150534,106,1,21.4,11,Tue,13,0,Personal,Spent the evening at marine drive with friends.,47,0.19944,361,73,37,22,10908,0,69.58121334012803,Android
20433,129,171056,171036.66969931,7514,0,0.0,13,Sun,15,0,Meme,That feeling when chai fixes everything. Monday mood be like absolutely not today.,82,0.003,354,46,42,57,121457,0,66.43614155678193,Android
21231,48,3057,2985.983288770114,48,1,23.1,18,Sun,11,2,Motivational,Believe in yourself and keep pushing forward.,45,0.17071,331,57,39,53,10105,1,60.91362858989548,Web
20841,108,5878,5935.516725432148,104,1,28.0,22,Fri,9,2,Meme,When Mumbai local trains are on time for once. Me pretending to work while scrolling reels.,91,0.13551,602,102,53,74,23578,0,60.48393479166852,Android
20620,136,3532,3628.8141262070403,66,0,0.0,17,Mon,8,2,Meme,Me checking Instagram one more time before sleeping.,52,0.18972,431,97,39,49,4980,1,29.743995700484874,Android
20281,40,21512,21526.768895089182,564,1,17.3,21,Fri,4,1,Meme,When Mumbai local trains are on time for once.,46,0.06686,1104,153,152,108,55116,0,40.533467677965724,iOS
20253,153,1410,1477.0211806032253,80,0,0.0,3,Tue,10,0,Motivational,Your only limit is the one you set yourself.,44,0.20456,176,40,24,24,832,1,76.0976166149781,Android
20721,35,4438,4449.27297978386,148,1,11.9,2,Wed,9,1,Promotional,Limited time offer just for my followers. Sponsored but I genuinely love this product.,86,0.14896,506,72,38,57,8724,1,56.920730728085346,iOS
20947,22,44156,44181.90892526581,2017,1,29.6,19,Tue,5,1,Meme,When Mumbai local trains are on time for once.,46,0.03971,1293,158,136,133,117252,0,53.923452962624296,iOS
20830,32,1791,1828.4279923958773,60,0,0.0,15,Sat,10,0,Meme,Me checking Instagram one more time before sleeping. Me pretending to work while scrolling reels.,97,0.19272,245,45,37,25,1520,1,33.441516424110766,iOS
20636,111,7706,7638.644389938646,438,0,0.0,18,Sun,13,1,Motivational,Every small step counts towards success. Your only limit is the one you set yourself.,85,0.10182,544,78,58,80,6591,0,42.7912047082605,iOS
20759,11,3988,4099.789031368023,88,0,0.0,0,Fri,8,1,Meme,When Mumbai local trains are on time for once. POV you are stuck in Mumbai traffic again.,89,0.13045,404,52,36,52,5287,0,59.732907762611234,iOS
20373,54,21947,21964.824660087652,1246,1,15.2,4,Sun,14,0,Meme,POV you are stuck in Mumbai traffic again. When the auto driver actually uses the meter.,88,0.04741,702,141,78,98,123371,0,36.63089157802963,Web
20180,166,2876,2854.311299837373,152,0,0.0,6,Wed,15,0,Personal,Just another day in Mumbai chasing dreams. Late night walk through the city lights.,83,0.13984,300,59,19,30,3268,0,28.653028110829716,iOS
21105,169,3160,3141.377786171975,124,1,29.2,17,Wed,12,0,Motivational,Discipline beats motivation every single time.,46,0.19073,480,70,57,70,11869,1,27.607759295144717,iOS
20119,72,82423,82453.01008595288,2632,1,33.7,20,Fri,10,0,Meme,Me checking Instagram one more time before sleeping. POV you are stuck in Mumbai traffic again.,95,0.003,182,29,26,28,359396,0,61.75903499870366,iOS
21348,6,22343,22279.757594904386,1174,1,20.7,22,Sun,7,1,Personal,Weekend trip with the family was so refreshing. Just another day in Mumbai chasing dreams.,90,0.06352,979,174,55,77,98548,0,66.98852071755725,iOS
20448,78,800,848.5068135163717,35,1,11.2,20,Wed,10,1,Personal,Coffee and good vibes this morning. Grateful for this beautiful sunset today.,77,0.28217,171,29,20,20,3368,1,67.47834327551271,iOS
20052,164,42534,42528.540214351815,1076,0,0.0,0,Sun,12,1,Personal,Just another day in Mumbai chasing dreams.,42,0.003,72,14,10,8,45060,0,66.94727723203695,Android
20849,197,4979,4901.768869852877,77,0,0.0,4,Mon,6,1,Question,What should I vlog next tell me in comments.,44,0.12458,482,58,28,77,9653,1,53.2411136406851,Android
20772,215,42079,42112.79433740956,754,1,21.8,11,Wed,9,0,Motivational,Believe in yourself and keep pushing forward.,45,0.03913,1160,202,147,145,133353,0,57.454511206945554,Web
20926,169,3160,3129.55496229236,124,0,0.0,15,Sat,12,0,Personal,Spent the evening at marine drive with friends.,47,0.14871,351,48,45,32,2879,0,32.73156839331487,Android
20799,208,4083,4045.4813520526095,209,0,0.0,17,Wed,8,1,Promotional,Swipe up to grab yours before it sells out. Use my code MUMBAI10 for a discount.,80,0.15307,423,71,53,57,4490,0,38.0220769250505,iOS
21099,199,1551,1535.142887857075,59,1,32.7,10,Thu,7,0,Personal,Just another day in Mumbai chasing dreams.,42,0.21552,242,30,17,34,6198,1,29.36242099401163,iOS
21320,162,34977,35056.90867546043,1313,0,0.0,22,Sat,8,2,Promotional,Swipe up to grab yours before it sells out. New collab dropping this week stay tuned.,85,0.02888,742,167,100,107,34578,0,71.45244218811777,Android
20929,87,1171,1130.6629557547196,44,0,0.0,3,Thu,8,0,Motivational,Your only limit is the one you set yourself.,44,0.20528,179,26,26,22,1574,0,52.49624487387564,Android
20355,134,21618,21607.02131892068,396,0,0.0,8,Mon,10,0,Promotional,Use my code MUMBAI10 for a discount.,36,0.01275,186,35,21,24,22495,0,47.932410175394885,iOS
20700,181,2026,2014.5471603137635,104,0,0.0,3,Mon,7,0,Meme,When Mumbai local trains are on time for once.,46,0.19593,348,32,35,37,1157,1,47.241673279790774,Android
20931,23,17510,17499.41960509637,526,0,0.0,21,Thu,12,3,Personal,Weekend trip with the family was so refreshing. Just another day in Mumbai chasing dreams.,90,0.04423,533,104,33,78,30493,0,47.3001324628807,iOS
20975,75,7599,7610.222301734697,324,1,22.0,14,Sun,14,4,Promotional,Swipe up to grab yours before it sells out.,43,0.09713,651,50,69,73,28676,0,49.10503794918101,Android
20413,215,42079,42077.3706429623,754,0,0.0,18,Sat,8,1,Personal,Weekend trip with the family was so refreshing.,47,0.01545,457,69,63,49,71370,0,48.87816481409539,Android
20417,79,37410,37335.90551218296,1086,0,0.0,16,Thu,7,0,Personal,Weekend trip with the family was so refreshing.,47,0.02133,553,81,50,81,26780,0,49.076871466202114,Android
20994,198,81395,81305.67133943381,2098,1,13.4,22,Wed,9,2,Promotional,Sponsored but I genuinely love this product.,44,0.003,193,26,22,23,293915,0,46.392840711283256,Android
20839,16,1188,1240.9080723131094,21,0,0.0,14,Sat,7,0,Promotional,Limited time offer just for my followers. Swipe up to grab yours before it sells out.,85,0.22372,197,35,23,21,2074,1,41.11823788661568,iOS
20260,127,2703,2714.471100383692,60,1,18.2,3,Sun,12,2,Promotional,Use my code MUMBAI10 for a discount. Swipe up to grab yours before it sells out.,80,0.17347,356,60,18,46,10503,0,48.84342832762791,iOS
20882,93,28695,28715.59982748487,1518,0,0.0,19,Fri,10,2,Promotional,Excited to partner with this amazing brand. New collab dropping this week stay tuned.,85,0.04081,831,110,91,118,34509,0,40.70607350153999,iOS
21288,8,58990,58970.57589403886,1837,0,0.0,11,Tue,8,0,Meme,Monday mood be like absolutely not today. That feeling when chai fixes everything.,82,0.003,115,28,14,17,61832,0,53.705004364300706,iOS
21189,85,12073,12089.761212125919,450,0,0.0,6,Fri,6,1,Meme,Monday mood be like absolutely not today.,41,0.07148,601,103,68,68,12986,0,32.752509483441145,Android
20396,4,37874,37921.3322148665,685,1,29.2,16,Thu,5,2,Promotional,Limited time offer just for my followers.,41,0.02874,822,107,109,79,113103,0,50.25774591321258,iOS
20021,94,1078,1076.9042650640583,37,1,23.3,20,Sat,9,1,Meme,That feeling when chai fixes everything. When Mumbai local trains are on time for once.,87,0.26386,226,27,28,30,3207,1,60.31066770787959,iOS
20340,206,1587,1632.7469643886245,85,0,0.0,10,Sat,6,2,Personal,Just another day in Mumbai chasing dreams.,42,0.20255,212,42,35,24,1303,1,44.8120837494143,iOS
20618,215,42079,42094.8326439595,754,1,36.1,5,Sun,6,1,Personal,Late night walk through the city lights.,40,0.0223,599,109,72,42,117417,0,55.14838317486745,Android
20286,199,1551,1601.2471434583147,59,0,0.0,9,Sat,4,0,Promotional,Swipe up to grab yours before it sells out.,43,0.16132,167,36,14,20,1785,1,56.2137975563146,iOS
20364,5,8660,8662.262960405978,415,0,0.0,5,Thu,5,1,Personal,Missing home cooked food so much today. Weekend trip with the family was so refreshing.,87,0.08362,432,89,46,75,5808,0,67.77014185165403,iOS
20186,140,91307,91347.611001422,1535,0,0.0,12,Thu,7,1,Personal,Just another day in Mumbai chasing dreams. Late night walk through the city lights.,83,0.003,202,31,32,36,109456,0,48.34113155219261,Android
21024,4,37874,37802.29348330308,685,1,24.6,12,Tue,9,2,Personal,Weekend trip with the family was so refreshing.,47,0.003,66,12,9,14,92673,0,33.39491026749584,iOS
21269,205,5785,5711.831295840502,232,0,0.0,16,Sun,10,1,Personal,Coffee and good vibes this morning. Late night walk through the city lights.,76,0.12228,531,68,51,54,6665,0,79.19019421157854,Android
20652,98,9299,9399.587915070488,339,1,35.7,11,Thu,16,2,Meme,Me pretending to work while scrolling reels. That feeling when chai fixes everything.,85,0.10158,580,97,61,125,27025,0,31.83543083852416,iOS
20400,101,2522,2486.8344186974537,141,0,0.0,15,Mon,8,0,Question,Any recommendations for weekend plans in the city.,50,0.16853,275,53,24,35,2320,1,50.95487961883114,Android
20217,91,4999,4943.761515004873,95,0,0.0,5,Wed,10,1,Personal,Spent the evening at marine drive with friends. Late night walk through the city lights.,88,0.13313,552,58,60,47,8424,0,27.596848054320112,Android
20378,45,4692,4691.397669356921,256,0,0.0,13,Tue,13,1,Motivational,Stay consistent and the results will follow. Your only limit is the one you set yourself.,89,0.12515,440,71,38,41,6986,0,37.11273769339223,iOS
21026,190,2081,2098.825790242357,34,1,26.0,5,Thu,12,2,Question,What is your favorite street food spot in Mumbai. Which outfit do you all like more comment below.,98,0.19749,305,40,37,34,7254,1,44.866362542419424,iOS
20818,50,47120,47038.42684429132,712,0,0.0,18,Sun,7,0,Question,Any recommendations for weekend plans in the city.,50,0.01852,719,105,82,60,27792,0,44.51423937858282,Android
20699,77,800,790.4678967809515,37,1,47.8,3,Sat,12,2,Question,Which cafe should I visit next in Bandra.,41,0.24799,144,19,21,19,2828,1,52.910022254595965,iOS
21338,210,14379,14402.27180028679,443,1,21.9,18,Tue,10,2,Personal,Late night walk through the city lights.,40,0.11687,1123,229,97,143,26036,0,60.27382534497484,iOS
21335,86,800,859.2382845434192,21,1,28.4,17,Sat,8,2,Promotional,Sponsored but I genuinely love this product. Use my code MUMBAI10 for a discount.,81,0.26683,167,19,24,21,2054,1,56.448741935658916,iOS
20886,180,8304,8402.718635335712,471,0,0.0,23,Wed,4,1,Meme,Me pretending to work while scrolling reels.,44,0.11461,645,78,67,90,10462,0,76.71613768792503,Android
21265,195,7455,7485.305785074702,300,1,15.9,15,Tue,10,2,Meme,Me pretending to work while scrolling reels. Monday mood be like absolutely not today.,86,0.10621,606,81,74,76,28207,0,18.675148267496592,Android
21256,181,2026,1973.1136318065423,104,1,9.9,16,Mon,6,1,Motivational,Hard work always pays off eventually trust the process. Discipline beats motivation every single time.,102,0.19378,321,52,30,23,3291,1,55.61176304719752,Android
20129,100,2343,2368.33462439524,83,1,24.4,5,Fri,16,1,Promotional,Use my code MUMBAI10 for a discount.,36,0.19791,345,50,36,37,13322,0,56.05233619131023,iOS
20769,46,1006,959.9580563508486,16,1,18.6,9,Wed,12,0,Personal,Spent the evening at marine drive with friends. Weekend trip with the family was so refreshing.,95,0.25239,172,36,26,31,5098,1,71.94009918166596,Android
20250,59,20857,20820.332780775963,365,1,33.3,11,Wed,8,3,Personal,Late night walk through the city lights. Weekend trip with the family was so refreshing.,88,0.05749,814,128,66,96,88274,0,33.76642093853781,Android
20763,96,16160,16164.497632009232,653,1,24.6,17,Mon,7,3,Personal,Spent the evening at marine drive with friends. Coffee and good vibes this morning.,83,0.11343,1497,158,133,142,40999,0,37.520975099551755,iOS
20331,131,2479,2444.9848990319497,82,1,45.9,14,Wed,11,1,Personal,Coffee and good vibes this morning. Spent the evening at marine drive with friends.,83,0.22486,462,44,47,50,11179,1,65.80000505929385,Android
20922,28,87358,87367.12572121779,2015,0,0.0,19,Tue,7,1,Personal,Coffee and good vibes this morning.,35,0.003,169,26,13,23,105887,0,45.80292454885151,iOS
20740,81,41251,41208.4714387426,1346,0,0.0,14,Fri,2,2,Promotional,Sponsored but I genuinely love this product.,44,0.003,95,13,8,10,50194,0,40.24072187012796,Android
20603,11,3988,4035.168628737039,88,0,0.0,11,Mon,9,1,Personal,Grateful for this beautiful sunset today.,41,0.14313,329,67,61,42,4597,0,44.523896106886355,iOS
20190,201,26056,25990.144905154448,1083,1,29.6,14,Wed,7,6,Personal,Grateful for this beautiful sunset today.,41,0.01516,301,47,27,34,86305,0,43.23027786090238,Android
20351,205,5785,5865.184366292824,232,0,0.0,22,Sun,7,1,Personal,Grateful for this beautiful sunset today.,41,0.12908,553,58,33,57,4031,0,43.561821342328116,Android
20290,166,2876,2878.8207895584937,152,1,31.4,11,Sat,5,1,Promotional,Link in bio to shop the collection now.,39,0.18021,325,55,43,47,8953,1,68.7105606976014,Web
20147,175,3700,3731.254993414531,221,1,33.3,18,Sat,10,0,Meme,Monday mood be like absolutely not today.,41,0.15682,371,68,56,47,11207,0,83.1812249057601,Android
20329,27,26371,26431.495416446323,524,1,5.0,4,Sat,9,3,Personal,Spent the evening at marine drive with friends.,47,0.03509,709,99,88,68,90249,0,47.06282651318024,iOS
20415,106,5736,5714.646897740681,270,1,30.2,7,Sun,6,2,Promotional,Use my code MUMBAI10 for a discount. Sponsored but I genuinely love this product.,81,0.1113,438,76,26,68,32847,0,45.54211261980895,Android
20928,20,2464,2358.468704165868,112,1,47.4,4,Wed,13,1,Motivational,Believe in yourself and keep pushing forward.,45,0.17827,329,46,35,46,10481,0,41.047773821468525,iOS
20821,25,1858,1860.5715273396356,34,0,0.0,8,Sun,4,1,Personal,Late night walk through the city lights. Spent the evening at marine drive with friends.,88,0.16254,212,44,22,25,1635,0,86.10213898903496,iOS
20165,191,4646,4573.487666660445,130,0,0.0,15,Mon,4,0,Personal,Weekend trip with the family was so refreshing. Coffee and good vibes this morning.,83,0.13979,430,99,56,68,3973,0,43.30630455574638,Android
20370,201,26056,26043.564033730232,1083,1,18.7,20,Mon,13,1,Question,Do you prefer reels or regular posts. What is your favorite street food spot in Mumbai.,87,0.07412,1314,248,130,173,97499,0,57.361247013495436,iOS
20109,169,3160,3219.5253315363575,124,0,0.0,18,Fri,11,1,Question,What should I vlog next tell me in comments.,44,0.18347,418,73,37,57,4472,0,47.673205263431896,iOS
20295,10,34991,34953.40951879141,1905,1,32.3,13,Sat,5,1,Promotional,New collab dropping this week stay tuned. Excited to partner with this amazing brand.,85,0.003,75,11,9,12,105234,0,78.18822908926008,iOS
21304,28,87358,87372.9093500628,2015,0,0.0,1,Fri,11,2,Promotional,Limited time offer just for my followers.,41,0.003,188,28,16,22,140723,0,46.4015622476048,iOS
21011,74,94740,94768.71010731603,1983,0,0.0,14,Sun,11,1,Personal,Grateful for this beautiful sunset today. Late night walk through the city lights.,82,0.003,212,32,29,28,83076,0,61.10924098211211,iOS
20778,85,12073,12129.572693057842,450,0,0.0,6,Wed,6,1,Motivational,Every small step counts towards success. Believe in yourself and keep pushing forward.,86,0.06219,562,63,75,76,17566,0,37.06199762045057,iOS
21196,213,21581,21583.81745528929,1226,0,0.0,3,Mon,12,1,Personal,Grateful for this beautiful sunset today. Spent the evening at marine drive with friends.,89,0.0352,546,82,53,52,22818,0,34.360556945268776,iOS
20565,119,1283,1278.7980832042147,56,1,45.2,21,Sun,7,2,Personal,Just another day in Mumbai chasing dreams.,42,0.2298,212,36,23,29,5467,1,22.518291797065626,iOS
20572,44,112688,112663.01950115437,3348,0,0.0,20,Fri,7,1,Motivational,Stay consistent and the results will follow.,44,0.003,223,34,23,29,136118,0,47.17324569815654,iOS
21307,47,1621,1575.599978218471,32,1,28.9,1,Sat,11,1,Personal,Just another day in Mumbai chasing dreams.,42,0.1859,205,37,21,20,7090,1,77.41401158487803,iOS
21179,75,7599,7616.150024534494,324,1,25.9,16,Wed,4,2,Promotional,Swipe up to grab yours before it sells out. Limited time offer just for my followers.,85,0.11778,616,65,70,81,32787,0,45.367716986486485,Android
20949,185,28230,28169.9034481448,741,1,17.1,19,Tue,6,2,Personal,Grateful for this beautiful sunset today.,41,0.05773,1135,162,170,164,82598,0,26.141387011433455,iOS
20977,144,3441,3413.493901353651,204,0,0.0,17,Tue,13,3,Promotional,New collab dropping this week stay tuned. Swipe up to grab yours before it sells out.,85,0.17073,341,60,50,46,4743,0,54.21292694077379,iOS
20285,180,8304,8336.712568844356,471,0,0.0,20,Fri,5,0,Personal,Weekend trip with the family was so refreshing. Grateful for this beautiful sunset today.,89,0.12619,844,114,71,119,8653,0,39.06264269025499,iOS
20211,43,103589,103608.59840125126,3925,1,12.8,15,Fri,11,0,Question,Which cafe should I visit next in Bandra. Any recommendations for weekend plans in the city.,92,0.003,237,31,13,31,299030,0,34.14038261541723,iOS
20128,144,3441,3439.784405365322,204,1,23.2,9,Sun,7,3,Promotional,Swipe up to grab yours before it sells out. Sponsored but I genuinely love this product.,88,0.1431,355,68,45,38,16641,1,46.47225308365765,iOS
20549,213,21581,21544.40071771829,1226,1,42.4,5,Sat,4,0,Motivational,Stay consistent and the results will follow. Discipline beats motivation every single time.,91,0.05406,899,125,78,104,72266,0,55.85712346370681,iOS
21346,130,15889,15873.968537925843,556,1,37.8,19,Tue,8,4,Question,What is your favorite street food spot in Mumbai. Any recommendations for weekend plans in the city.,100,0.12238,1752,179,187,190,76143,0,40.00699638584237,Android
20864,58,27313,27310.537789878155,1052,1,5.0,18,Sun,8,1,Motivational,Every small step counts towards success.,40,0.08991,2089,296,141,191,73248,0,45.381654501487276,Android
20825,24,13310,13366.687107337408,761,0,0.0,10,Thu,12,3,Motivational,Hard work always pays off eventually trust the process.,55,0.07398,695,114,83,81,11745,0,59.50651496590243,iOS
20732,140,91307,91251.91703481144,1535,0,0.0,22,Wed,6,2,Personal,Coffee and good vibes this morning.,35,0.003,213,34,21,28,163250,0,52.71677285927192,iOS
20547,181,2026,2017.4362431695752,104,1,14.9,5,Wed,11,3,Motivational,Never give up on your dreams keep going. Hard work always pays off eventually trust the process.,96,0.19445,299,55,21,25,6402,0,60.1774643797973,iOS
21250,21,11761,11771.156072004833,696,0,0.0,23,Sat,10,0,Motivational,Hard work always pays off eventually trust the process. Never give up on your dreams keep going.,96,0.09367,826,139,68,94,10150,0,74.79037177420305,Android
20171,85,12073,11999.56021311419,450,1,35.1,18,Thu,11,0,Question,Which outfit do you all like more comment below.,48,0.09713,828,133,64,72,35803,0,49.130224434238876,Android
20061,75,7599,7674.079753744073,324,0,0.0,11,Fri,9,2,Motivational,Stay consistent and the results will follow.,44,0.11237,671,112,76,117,4766,0,50.97667207221609,Android
20485,214,15696,15624.012964067824,529,0,0.0,5,Wed,9,2,Meme,Me pretending to work while scrolling reels. Monday mood be like absolutely not today.,86,0.04479,564,82,65,81,20840,0,58.32985304671609,Android
20944,219,2355,2306.8872089786123,106,1,27.2,22,Mon,9,1,Motivational,Discipline beats motivation every single time. Never give up on your dreams keep going.,87,0.22448,318,53,28,45,5742,1,33.3563930903063,Android
21039,92,1902,1891.2565612630792,61,1,30.7,21,Thu,9,1,Promotional,New collab dropping this week stay tuned. Swipe up to grab yours before it sells out.,85,0.20676,280,48,35,37,7688,0,66.36766927196629,Android
20395,182,75444,75394.49257260285,1189,1,25.5,4,Mon,10,1,Promotional,Link in bio to shop the collection now. Use my code MUMBAI10 for a discount.,76,0.003,160,31,17,23,280121,0,47.66319167241016,Android
20873,218,5745,5770.420971034781,241,0,0.0,18,Mon,12,0,Meme,That feeling when chai fixes everything.,40,0.14178,533,71,61,69,9256,0,90.10740109357933,Android
20309,78,800,750.3298917532428,35,1,32.1,22,Fri,6,4,Meme,That feeling when chai fixes everything. Monday mood be like absolutely not today.,82,0.26338,158,22,12,23,3025,1,58.684120364822796,iOS
20681,25,1858,1785.7298108488792,34,1,29.7,19,Wed,8,2,Personal,Coffee and good vibes this morning.,35,0.25483,383,55,30,49,8307,1,60.8566705058803,Android
20706,163,5898,5856.040206281034,136,1,17.7,1,Sat,13,1,Meme,When the auto driver actually uses the meter.,45,0.1438,588,107,68,48,28882,0,52.53481289195649,Android
21098,195,7455,7465.1505494491075,300,0,0.0,11,Tue,10,2,Personal,Late night walk through the city lights.,40,0.14138,774,110,79,79,6197,1,62.98234800051398,Android
20906,93,28695,28702.504193194392,1518,0,0.0,17,Tue,16,3,Personal,Spent the evening at marine drive with friends.,47,0.04915,1091,138,144,152,22914,0,56.42096264333803,iOS
21302,76,7991,8015.577024444577,243,1,23.6,19,Fri,7,2,Question,Do you prefer reels or regular posts. Which outfit do you all like more comment below.,86,0.136,867,149,118,46,20084,1,31.92306775089108,iOS
20325,109,20931,20937.579314173014,843,0,0.0,2,Sun,11,1,Promotional,Limited time offer just for my followers. Use my code MUMBAI10 for a discount.,78,0.04301,707,94,71,91,21322,0,31.598905092985316,Web
21040,109,20931,20904.25850357383,843,1,25.3,16,Mon,12,2,Personal,Just another day in Mumbai chasing dreams.,42,0.08237,1306,195,87,120,70103,0,50.583755917074406,iOS
20688,26,26941,26989.097698059853,1231,1,13.9,14,Wed,6,2,Personal,Missing home cooked food so much today. Weekend trip with the family was so refreshing.,87,0.04126,740,163,111,64,99918,0,63.43079875267854,Android
20319,69,8963,8878.392777298188,424,0,0.0,8,Sat,10,1,Personal,Spent the evening at marine drive with friends. Coffee and good vibes this morning.,83,0.09287,631,65,74,67,7216,0,50.31204634457641,iOS
20575,4,37874,37845.432150430664,685,1,19.5,15,Sat,9,1,Motivational,Believe in yourself and keep pushing forward. Your only limit is the one you set yourself.,90,0.01411,403,49,24,68,126230,0,49.657706298059885,iOS
20327,27,26371,26397.54771267171,524,1,10.0,2,Mon,5,1,Personal,Just another day in Mumbai chasing dreams.,42,0.02712,500,66,70,74,84045,0,40.8884501163434,iOS
20761,38,22263,22319.695855422535,644,0,0.0,13,Tue,8,3,Meme,Me pretending to work while scrolling reels. Me checking Instagram one more time before sleeping.,97,0.03506,579,65,52,44,31292,0,23.853679284373147,iOS
20242,116,6930,6947.079607269155,262,1,13.5,4,Fri,8,1,Motivational,Never give up on your dreams keep going.,40,0.09584,379,96,48,61,23808,0,82.89001434584273,iOS
20774,24,13310,13283.223011316351,761,0,0.0,0,Fri,11,1,Personal,Grateful for this beautiful sunset today. Just another day in Mumbai chasing dreams.,84,0.06515,574,103,78,61,8614,0,48.93767319368036,iOS
20643,81,41251,41254.30745890981,1346,1,16.4,6,Sun,7,0,Meme,POV you are stuck in Mumbai traffic again.,42,0.01141,382,59,45,23,141152,0,73.10935780375803,iOS
20284,27,26371,26335.43387735361,524,1,19.2,4,Sat,11,2,Personal,Late night walk through the city lights.,40,0.0445,859,68,102,98,83717,0,53.21229939167733,iOS
20241,86,800,820.3944304045085,21,1,11.3,4,Sun,6,2,Question,Do you prefer reels or regular posts. What is your favorite street food spot in Mumbai.,87,0.23885,154,18,16,21,3223,1,68.45524875108933,iOS
21393,15,7243,7231.744820486566,373,1,24.5,13,Sun,14,2,Promotional,Limited time offer just for my followers.,41,0.0958,432,80,44,51,28716,0,41.88808971732767,Web
20044,36,83563,83495.53585347948,4185,1,21.8,19,Fri,12,1,Question,What is your favorite street food spot in Mumbai. Do you prefer reels or regular posts.,87,0.003,183,18,21,24,192832,0,41.26797987301632,Android
20852,155,2145,2118.843285093359,74,1,15.2,0,Fri,7,1,Personal,Coffee and good vibes this morning.,35,0.20237,307,39,36,52,8829,1,61.422490606071165,iOS
20326,69,8963,8902.276789006442,424,0,0.0,1,Sun,8,3,Motivational,Stay consistent and the results will follow. Believe in yourself and keep pushing forward.,90,0.10119,749,98,67,92,9474,0,37.27928510066189,iOS
20656,178,2469,2436.3870464090087,56,1,9.8,16,Mon,8,0,Question,What is your favorite street food spot in Mumbai. Which outfit do you all like more comment below.,98,0.21191,320,42,36,63,7176,1,73.83762760692247,iOS
20588,156,800,782.2177166309608,22,1,21.5,12,Fri,8,2,Personal,Missing home cooked food so much today.,39,0.2514,137,22,18,22,2807,1,74.76413263728588,Android
20152,199,1551,1550.009093544547,59,0,0.0,13,Tue,14,2,Personal,Missing home cooked food so much today. Grateful for this beautiful sunset today.,81,0.19877,228,23,33,28,1946,1,58.97604917029224,Android
20229,157,53471,53418.63828763591,1270,1,5.9,1,Wed,9,1,Motivational,Discipline beats motivation every single time. Your only limit is the one you set yourself.,91,0.003,115,15,12,14,139817,0,50.01206915545836,iOS
20368,123,8464,8446.794280261678,282,1,34.8,6,Sat,10,1,Personal,Spent the evening at marine drive with friends. Coffee and good vibes this morning.,83,0.07721,447,79,55,52,32134,0,78.73841282590413,Android
20863,129,171056,171125.04572821263,7514,0,0.0,19,Tue,7,1,Question,What should I vlog next tell me in comments.,44,0.003,366,51,44,47,114905,0,78.81669490395383,Android
20408,125,42968,42941.32529779215,1290,0,0.0,23,Mon,9,2,Personal,Coffee and good vibes this morning.,35,0.003,95,14,15,12,38830,0,70.07351326304237,iOS
21369,208,4083,4113.099561692173,209,0,0.0,9,Sat,7,2,Meme,POV you are stuck in Mumbai traffic again. When Mumbai local trains are on time for once.,89,0.15115,515,59,55,37,4358,1,70.75580860650442,iOS
21360,7,146466,146434.37085794788,3832,0,0.0,4,Sat,15,1,Personal,Weekend trip with the family was so refreshing. Missing home cooked food so much today.,87,0.003,285,59,21,50,153885,0,72.03642562247447,Web
21228,212,169962,169920.68593696505,3044,0,0.0,17,Sun,9,0,Question,Any recommendations for weekend plans in the city. What should I vlog next tell me in comments.,95,0.003,373,67,36,45,250301,0,24.601468514240786,Android
20153,188,8657,8675.339643568988,397,0,0.0,6,Thu,14,5,Promotional,Sponsored but I genuinely love this product.,44,0.0943,666,101,66,98,8090,0,55.44345150645987,iOS
20195,24,13310,13324.773657808351,761,0,0.0,16,Sat,3,2,Promotional,Limited time offer just for my followers.,41,0.07699,895,137,74,108,8694,0,42.14836152458685,Android
20940,188,8657,8649.3091803136,397,1,18.7,16,Sat,12,0,Motivational,Hard work always pays off eventually trust the process.,55,0.11373,671,114,100,92,39674,0,65.25822948609273,iOS
20475,59,20857,20923.154881393526,365,1,14.4,15,Tue,9,2,Meme,When the auto driver actually uses the meter.,45,0.04928,730,89,127,109,88042,0,41.89841004251416,Android
20733,61,4295,4319.229501665601,128,1,28.5,12,Wed,20,1,Personal,Grateful for this beautiful sunset today. Just another day in Mumbai chasing dreams.,84,0.15623,463,72,54,57,12983,1,21.264685393424397,Android
21296,160,1067,1061.0812161504343,18,1,22.2,23,Sat,12,3,Personal,Coffee and good vibes this morning.,35,0.23872,177,29,15,20,3704,1,49.657464953447516,iOS
20644,45,4692,4651.446884773497,256,0,0.0,9,Tue,8,0,Promotional,Swipe up to grab yours before it sells out. Excited to partner with this amazing brand.,87,0.11404,367,66,41,61,5421,0,50.44499839759883,Web
20069,84,86390,86412.68324838406,4369,1,8.2,15,Thu,9,0,Promotional,Link in bio to shop the collection now.,39,0.003,183,23,22,25,201837,0,52.539465064800346,Android
20397,110,7186,7208.28144771018,136,1,28.7,21,Sat,8,2,Personal,Spent the evening at marine drive with friends.,47,0.13117,709,97,86,107,25731,0,25.372626683607614,iOS
20766,42,413619,413639.0665604385,24012,0,0.0,10,Thu,9,1,Personal,Coffee and good vibes this morning.,35,0.003,933,199,90,117,544718,0,49.69423778008024,iOS
20698,27,26371,26350.134373847835,524,1,21.3,16,Thu,7,1,Motivational,Stay consistent and the results will follow. Your only limit is the one you set yourself.,89,0.05629,1022,149,101,81,70994,0,38.06640647366505,Android
21122,69,8963,9048.587159091503,424,0,0.0,23,Tue,12,0,Promotional,Swipe up to grab yours before it sells out. Sponsored but I genuinely love this product.,88,0.11456,672,117,69,81,6538,0,65.53150970234402,Android
20870,214,15696,15706.065952329816,529,0,0.0,2,Mon,8,0,Personal,Missing home cooked food so much today. Spent the evening at marine drive with friends.,87,0.05918,604,71,69,80,20240,0,90.73261587334514,Android
20010,74,94740,94685.56242568154,1983,0,0.0,12,Wed,7,2,Motivational,Every small step counts towards success. Your only limit is the one you set yourself.,85,0.003,179,29,11,27,178686,0,50.79277873060595,iOS
21364,15,7243,7286.113810064369,373,1,14.6,16,Fri,14,1,Meme,Monday mood be like absolutely not today.,41,0.11579,675,83,79,73,19961,0,48.167920148897856,Android
21202,77,800,812.4098974959473,37,1,17.1,21,Sun,10,0,Meme,Me pretending to work while scrolling reels.,44,0.28166,162,28,19,24,2461,1,57.23193729916993,Android
20508,92,1902,1922.5057956170378,61,0,0.0,10,Wed,13,0,Meme,Monday mood be like absolutely not today. POV you are stuck in Mumbai traffic again.,84,0.18009,238,34,27,24,1701,1,67.97777638566791,iOS
20907,8,58990,59101.382690363,1837,0,0.0,20,Sun,8,1,Promotional,Sponsored but I genuinely love this product. New collab dropping this week stay tuned.,86,0.003,138,13,16,14,85940,0,49.94875497587304,iOS
20200,200,43013,43070.53874970296,2202,0,0.0,0,Mon,13,0,Meme,POV you are stuck in Mumbai traffic again. When the auto driver actually uses the meter.,88,0.003,89,11,10,13,47885,0,40.642056120251866,Web
21310,213,21581,21550.546964473706,1226,0,0.0,3,Fri,5,1,Motivational,Every small step counts towards success.,40,0.02407,358,52,38,55,24479,0,71.71590037903225,iOS
20783,78,800,838.838867008865,35,0,0.0,16,Mon,14,2,Personal,Late night walk through the city lights.,40,0.24644,159,18,22,18,969,1,80.30991848240068,iOS
20205,173,5360,5352.853612101946,144,0,0.0,18,Tue,13,4,Motivational,Stay consistent and the results will follow.,44,0.1152,486,64,50,60,4860,0,53.04907869701543,iOS
21144,217,1252,1268.6127613293881,38,1,34.2,5,Fri,7,1,Personal,Weekend trip with the family was so refreshing. Spent the evening at marine drive with friends.,95,0.2164,190,29,16,23,5624,1,50.65165156857926,iOS
21017,36,83563,83547.20928306277,4185,1,19.2,3,Sun,14,1,Promotional,New collab dropping this week stay tuned. Sponsored but I genuinely love this product.,86,0.003,202,23,16,16,285004,0,57.120287721946596,Android
21376,113,8335,8326.441918640166,475,0,0.0,19,Sat,8,3,Personal,Spent the evening at marine drive with friends.,47,0.11794,726,147,96,86,10235,0,59.51929910581504,iOS
21235,183,6770,6812.673385858416,273,0,0.0,3,Sat,15,1,Promotional,Excited to partner with this amazing brand.,43,0.10754,513,97,65,63,12542,0,53.16689230921819,Android
20519,208,4083,4134.444083696663,209,0,0.0,22,Sat,8,3,Promotional,Limited time offer just for my followers. New collab dropping this week stay tuned.,83,0.13933,418,62,44,44,3944,0,54.528900919962126,Android
21281,53,27702,27665.411505016815,857,0,0.0,23,Mon,4,1,Personal,Late night walk through the city lights. Spent the evening at marine drive with friends.,88,0.03082,575,90,86,75,29264,0,44.78124640682867,iOS
21312,105,217460,217466.2861668388,7937,1,5.0,2,Sat,15,1,Promotional,Limited time offer just for my followers.,41,0.003,474,64,49,54,463099,0,60.946907914960114,Web
20047,58,27313,27344.7758025276,1052,0,0.0,15,Sun,10,1,Promotional,Sponsored but I genuinely love this product. Link in bio to shop the collection now.,84,0.01933,419,63,46,51,25909,0,74.4489075231783,iOS
21400,45,4692,4700.03401512726,256,1,17.7,8,Sat,5,2,Motivational,Your only limit is the one you set yourself.,44,0.13899,474,66,61,61,15834,0,50.010051913930255,iOS
20028,199,1551,1540.9457801619083,59,0,0.0,22,Tue,6,4,Motivational,Never give up on your dreams keep going. Discipline beats motivation every single time.,87,0.21216,229,35,27,31,2603,1,47.20321687570758,iOS
20964,178,2469,2631.2495333468055,56,0,0.0,15,Sat,8,0,Question,What should I vlog next tell me in comments.,44,0.15889,308,29,18,28,2039,1,31.157638075604005,iOS
20393,89,218677,218569.72457639605,8649,1,35.3,3,Tue,11,1,Motivational,Discipline beats motivation every single time. Your only limit is the one you set yourself.,91,0.003,496,93,49,65,1179701,0,67.23409598981851,iOS
21213,37,18796,18819.591106723503,443,1,5.2,22,Fri,8,1,Promotional,Use my code MUMBAI10 for a discount.,36,0.03655,513,88,55,57,75239,0,70.36024293023101,Android
20352,175,3700,3747.144626252516,221,1,17.6,23,Wed,8,2,Personal,Spent the evening at marine drive with friends. Grateful for this beautiful sunset today.,89,0.15994,395,63,43,40,8505,0,42.120314908958534,Web
20474,188,8657,8683.756126751663,397,1,25.3,18,Sat,8,1,Meme,POV you are stuck in Mumbai traffic again.,42,0.14491,786,145,111,97,36436,0,48.30933667489756,Android
21029,189,59012,59018.98218609461,986,0,0.0,20,Mon,4,1,Motivational,Believe in yourself and keep pushing forward. Hard work always pays off eventually trust the process.,101,0.003,115,21,12,16,99209,0,52.61738408949757,Android
20921,63,83169,83077.59345077442,3633,1,27.0,16,Fri,5,1,Question,What should I vlog next tell me in comments.,44,0.003,186,20,21,13,402576,0,42.59799107398975,Android
20208,198,81395,81377.35559614025,2098,1,26.5,12,Thu,11,2,Meme,POV you are stuck in Mumbai traffic again.,42,0.003,158,25,29,20,287946,0,56.460918737070685,iOS
21325,150,6457,6497.35069275305,118,1,29.1,18,Fri,9,1,Promotional,Link in bio to shop the collection now. Excited to partner with this amazing brand.,83,0.13002,586,103,57,62,14472,0,26.22782763862349,iOS
20110,77,800,844.3361683885522,37,0,0.0,1,Fri,10,3,Personal,Weekend trip with the family was so refreshing.,47,0.22752,158,20,14,18,449,1,51.715391374003936,Android
21371,177,175640,175587.0978620517,3666,0,0.0,10,Sun,9,0,Motivational,Every small step counts towards success. Discipline beats motivation every single time.,87,0.003,441,56,35,28,258440,0,47.93446869221608,iOS
20254,55,8037,8098.170063302628,394,0,0.0,17,Fri,7,2,Personal,Weekend trip with the family was so refreshing. Missing home cooked food so much today.,87,0.10562,504,104,51,95,8583,0,38.84929298737595,Android
20123,89,218677,218790.14331356526,8649,0,0.0,11,Fri,6,4,Meme,Monday mood be like absolutely not today.,41,0.003,513,57,69,65,292456,0,34.56693828959054,Android
20187,184,58952,59014.10000197947,1415,1,18.7,9,Sat,18,1,Personal,Late night walk through the city lights.,40,0.003,131,21,13,11,169077,0,69.2299043782403,iOS
20314,46,1006,1045.196881824921,16,1,27.6,9,Thu,13,1,Meme,Me checking Instagram one more time before sleeping. When the auto driver actually uses the meter.,98,0.23779,182,35,16,28,3632,1,56.91792875646024,iOS
20574,202,7320,7275.636483949943,219,0,0.0,12,Sat,12,1,Personal,Weekend trip with the family was so refreshing. Missing home cooked food so much today.,87,0.11501,531,68,49,47,5117,0,65.06277326201669,Android
20599,104,8326,8398.301519236318,302,1,36.7,13,Sun,6,1,Meme,Monday mood be like absolutely not today.,41,0.10592,576,104,70,30,26885,0,67.76547702642948,iOS
20264,75,7599,7646.179693478819,324,1,35.2,9,Tue,8,1,Meme,POV you are stuck in Mumbai traffic again.,42,0.10147,505,73,56,99,14693,0,39.808759785890786,Android
21015,42,413619,413629.77970477776,24012,0,0.0,9,Tue,5,5,Personal,Weekend trip with the family was so refreshing. Spent the evening at marine drive with friends.,95,0.003,976,122,112,148,449442,0,57.851146001385665,iOS
20512,116,6930,6940.2755841378,262,1,28.0,0,Tue,5,1,Meme,POV you are stuck in Mumbai traffic again.,42,0.11806,618,89,67,90,39220,0,52.72498628164026,iOS
20998,194,26026,25948.318685280563,1291,0,0.0,21,Mon,8,2,Personal,Coffee and good vibes this morning. Just another day in Mumbai chasing dreams.,78,0.05044,932,151,90,77,39624,0,41.88371502460099,Android
20458,190,2081,2094.667936724419,34,0,0.0,11,Mon,7,0,Question,What should I vlog next tell me in comments.,44,0.21281,349,50,23,22,2541,1,55.72891093640856,Android
20276,65,19876,19828.803510319143,783,0,0.0,17,Thu,8,0,Promotional,Limited time offer just for my followers.,41,0.054,866,117,107,73,14852,0,45.10767118416301,Android
21050,90,11680,11600.509900581254,183,0,0.0,23,Sat,3,0,Question,What should I vlog next tell me in comments. Which outfit do you all like more comment below.,93,0.09068,775,127,81,94,8774,0,44.79339451283357,Android
20068,51,102924,102907.0790253681,4362,0,0.0,4,Wed,9,1,Promotional,Link in bio to shop the collection now. New collab dropping this week stay tuned.,81,0.003,197,41,25,31,110972,0,58.57039536867591,iOS
20598,120,13700,13802.100956046948,483,0,0.0,8,Wed,9,1,Motivational,Never give up on your dreams keep going. Discipline beats motivation every single time.,87,0.06654,649,83,65,66,16613,0,62.88614428160275,iOS
21106,192,73094,73179.16391795996,1400,1,36.1,5,Fri,8,0,Promotional,Excited to partner with this amazing brand.,43,0.003,152,24,23,19,136373,0,59.485861123291855,Web
21191,166,2876,2798.6799475333037,152,1,37.3,12,Sat,15,0,Personal,Missing home cooked food so much today. Weekend trip with the family was so refreshing.,87,0.17067,339,44,29,38,10005,0,21.47476262866249,iOS
20505,157,53471,53440.070907028,1270,0,0.0,11,Fri,4,3,Personal,Late night walk through the city lights. Grateful for this beautiful sunset today.,82,0.003,116,24,17,13,49139,0,61.9088520611323,iOS
21336,214,15696,15630.786224336905,529,0,0.0,16,Fri,10,3,Meme,When Mumbai local trains are on time for once. That feeling when chai fixes everything.,87,0.07693,774,97,74,91,14038,0,22.21167762035838,iOS
21275,64,14974,14936.83697783047,271,1,23.7,16,Wed,13,1,Meme,POV you are stuck in Mumbai traffic again.,42,0.08899,1089,163,56,55,41755,0,30.130020195358185,Web
20468,67,9434,9527.10999577429,304,1,19.4,0,Sat,4,1,Promotional,New collab dropping this week stay tuned. Use my code MUMBAI10 for a discount.,78,0.08795,623,106,73,61,23763,0,32.54988333030321,iOS
20432,140,91307,91342.27370502434,1535,1,31.4,0,Sun,6,0,Motivational,Never give up on your dreams keep going. Discipline beats motivation every single time.,87,0.003,175,21,23,19,425927,0,37.44727151529342,Web
20452,158,102515,102471.65413841442,2077,0,0.0,13,Fri,11,2,Personal,Grateful for this beautiful sunset today.,41,0.003,217,37,21,28,99587,0,66.73357940039926,iOS
20604,118,800,792.331431012637,48,0,0.0,1,Mon,11,1,Motivational,Every small step counts towards success. Stay consistent and the results will follow.,85,0.23484,116,23,13,15,612,1,36.79247195060244,iOS
20548,118,800,782.6135092364215,48,1,11.2,3,Fri,10,1,Promotional,Link in bio to shop the collection now.,39,0.22947,121,18,20,20,1592,1,43.30225239725639,iOS
20594,34,20189,20231.200048371367,556,0,0.0,20,Sat,14,1,Motivational,Believe in yourself and keep pushing forward.,45,0.09338,1298,224,178,180,32918,0,57.04875095212274,iOS
20957,66,6202,6173.659276339799,194,0,0.0,18,Sun,11,0,Promotional,Excited to partner with this amazing brand.,43,0.11023,487,60,52,67,3474,0,71.38292839204928,iOS
21195,137,5280,5345.611455333006,154,1,21.3,23,Mon,15,4,Personal,Late night walk through the city lights.,40,0.15897,598,70,83,80,17338,0,41.106862238679916,iOS
21057,71,23270,23294.219567118613,683,0,0.0,20,Mon,16,4,Meme,Monday mood be like absolutely not today.,41,0.05146,834,125,91,105,23313,0,63.562644759277546,Android
20126,114,147856,147902.34606251647,5668,0,0.0,0,Mon,8,1,Question,Which cafe should I visit next in Bandra.,41,0.003,353,43,36,35,154433,0,15.279744224020718,Android
20591,178,2469,2445.297429032832,56,1,14.1,14,Wed,9,0,Question,Any recommendations for weekend plans in the city.,50,0.1785,323,45,37,35,8371,0,70.33611973556293,Android
20701,7,146466,146475.95391711185,3832,1,35.1,6,Thu,3,1,Promotional,Limited time offer just for my followers.,41,0.003,322,55,37,41,380621,0,28.478331180393237,Android
20455,208,4083,4048.601556291692,209,0,0.0,6,Mon,6,2,Personal,Spent the evening at marine drive with friends. Late night walk through the city lights.,88,0.14293,443,68,42,37,4695,1,84.9664015758324,iOS
20868,44,112688,112560.26795077509,3348,0,0.0,17,Wed,12,1,Motivational,Discipline beats motivation every single time. Hard work always pays off eventually trust the process.,102,0.003,247,23,35,26,128230,0,46.0999280821796,iOS
21349,84,86390,86376.98841528194,4369,1,20.6,16,Mon,11,1,Motivational,Stay consistent and the results will follow.,44,0.003,204,22,14,17,268745,0,72.88344167421579,iOS
20735,26,26941,26921.613019771867,1231,0,0.0,16,Sat,7,2,Meme,When the auto driver actually uses the meter. POV you are stuck in Mumbai traffic again.,88,0.05012,921,169,45,125,29031,0,60.49993733908312,Android
21382,176,25943,25975.951526415673,1110,0,0.0,4,Fri,7,1,Promotional,Sponsored but I genuinely love this product. Link in bio to shop the collection now.,84,0.02007,413,40,42,56,27192,0,46.93757575431032,iOS
20054,186,13693,13696.194290341753,530,0,0.0,7,Fri,9,1,Motivational,Your only limit is the one you set yourself. Hard work always pays off eventually trust the process.,100,0.06684,721,132,68,106,16821,0,37.7814941749232,iOS
20384,117,63147,63152.258698613456,1546,0,0.0,13,Thu,11,1,Meme,When the auto driver actually uses the meter. POV you are stuck in Mumbai traffic again.,88,0.003,142,17,11,15,43105,0,45.70383649306768,iOS
20694,183,6770,6676.106871964304,273,0,0.0,12,Wed,3,0,Meme,That feeling when chai fixes everything.,40,0.09534,476,68,58,62,5255,0,21.2068223829297,Android
20041,163,5898,5865.009828863953,136,0,0.0,11,Sun,12,2,Meme,POV you are stuck in Mumbai traffic again. Monday mood be like absolutely not today.,84,0.11417,451,88,57,55,6567,0,61.559445515015874,Android
20612,193,800,852.6399132776332,43,1,26.3,3,Fri,13,1,Question,What is your favorite street food spot in Mumbai.,49,0.25988,158,25,21,18,2304,1,71.77352757272953,Android
20757,114,147856,147881.7042559218,5668,1,23.5,23,Wed,9,0,Meme,When Mumbai local trains are on time for once.,46,0.003,305,68,30,26,577798,0,44.68050573566075,Android
20838,48,3057,3094.2054678126347,48,1,13.3,5,Wed,9,1,Meme,Me checking Instagram one more time before sleeping.,52,0.16263,424,55,23,39,6848,0,56.50898954275865,iOS
20386,122,29793,29871.798419505998,1193,1,29.6,17,Sat,10,1,Personal,Missing home cooked food so much today.,39,0.07723,1641,185,189,183,98481,0,54.91869321949342,iOS
20084,94,1078,1151.9150378382624,37,1,37.6,22,Sat,12,1,Motivational,Discipline beats motivation every single time.,46,0.24841,215,28,29,17,2460,1,31.740533109322193,iOS
20116,12,51515,51374.30218201172,2892,1,28.0,13,Fri,11,0,Meme,Me pretending to work while scrolling reels.,44,0.01071,447,55,47,33,233416,0,50.77274303297114,Android
21078,82,14341,14284.147859366854,406,0,0.0,19,Fri,12,1,Personal,Coffee and good vibes this morning.,35,0.07094,735,132,93,73,9129,0,23.213842653712046,Android
20634,108,5878,5888.901845795262,104,1,14.7,0,Tue,6,3,Promotional,New collab dropping this week stay tuned.,41,0.14293,597,89,73,73,15595,0,42.78520068170786,iOS
20670,110,7186,7259.1179766822,136,0,0.0,5,Sat,10,3,Meme,POV you are stuck in Mumbai traffic again.,42,0.1219,638,53,49,64,4351,0,46.06343606675103,Android
21344,33,2872,2841.797773976489,112,0,0.0,8,Fri,12,0,Meme,When Mumbai local trains are on time for once.,46,0.18474,395,62,52,37,3226,1,45.82426393308815,Web
20658,142,3412,3348.3652714540854,157,1,29.7,22,Wed,9,1,Meme,When Mumbai local trains are on time for once. Me checking Instagram one more time before sleeping.,99,0.20838,508,65,52,47,11636,1,43.77968686550147,Android
21165,62,25330,25357.895781467283,535,0,0.0,19,Thu,7,0,Question,Should I do a giveaway this week let me know. Do you prefer reels or regular posts.,83,0.05401,941,148,94,154,25107,0,38.10014041095743,iOS
21110,179,4075,4032.5026476793128,108,0,0.0,16,Wed,7,0,Question,Do you prefer reels or regular posts.,37,0.11609,410,54,43,54,4191,0,65.50816744142374,iOS
20713,139,38040,37972.72402244426,2154,0,0.0,5,Sat,6,2,Meme,When the auto driver actually uses the meter.,45,0.00825,254,34,29,29,37147,0,56.03118744946035,iOS
20431,207,19828,19863.574109687215,390,0,0.0,19,Mon,8,5,Personal,Just another day in Mumbai chasing dreams. Grateful for this beautiful sunset today.,84,0.0345,520,68,38,56,34185,0,44.4537468949524,Android
20097,65,19876,19873.393940980535,783,1,17.3,2,Sat,11,2,Motivational,Discipline beats motivation every single time.,46,0.05718,834,126,98,58,64560,0,40.84657918859133,iOS
21381,30,35032,34984.79118212285,1313,0,0.0,1,Wed,9,2,Question,What should I vlog next tell me in comments. Should I do a giveaway this week let me know.,90,0.02816,720,100,58,105,43402,0,54.06293684505673,Android
21274,47,1621,1670.3283141793886,32,0,0.0,12,Fri,13,1,Personal,Just another day in Mumbai chasing dreams. Spent the evening at marine drive with friends.,90,0.19177,203,22,29,39,1335,1,62.12999558634279,iOS
20621,177,175640,175636.77738347414,3666,1,5.0,6,Fri,7,0,Question,Which outfit do you all like more comment below.,48,0.003,390,69,32,47,539837,0,47.28453011483579,Android
20049,73,3547,3561.964578852721,164,0,0.0,18,Fri,6,1,Motivational,Every small step counts towards success.,40,0.17298,483,75,38,52,4944,0,69.8183064079649,Android
20674,22,44156,44238.5676225556,2017,0,0.0,11,Wed,8,0,Personal,Grateful for this beautiful sunset today.,41,0.003,106,14,10,12,33046,0,61.53953648015609,iOS
21147,185,28230,28183.929485613506,741,1,29.0,7,Wed,8,1,Personal,Missing home cooked food so much today.,39,0.04343,964,127,89,107,145402,0,69.01422327233303,Web
20682,167,4054,4003.4704318622094,170,0,0.0,15,Sat,10,1,Personal,Missing home cooked food so much today. Coffee and good vibes this morning.,75,0.15017,410,52,44,49,3473,0,37.904919889917025,Android
20238,9,35979,36049.150551033665,1099,0,0.0,8,Sun,12,2,Question,Which cafe should I visit next in Bandra. What should I vlog next tell me in comments.,86,0.003,79,13,10,9,60656,0,62.02190747095827,Android
20055,33,2872,2880.950910985965,112,0,0.0,21,Thu,5,2,Question,What should I vlog next tell me in comments. Do you prefer reels or regular posts.,82,0.21921,461,61,13,46,1455,1,73.50057015228566,iOS
20124,199,1551,1539.7126561864645,59,0,0.0,18,Wed,9,1,Promotional,New collab dropping this week stay tuned. Use my code MUMBAI10 for a discount.,78,0.21185,242,34,32,26,1575,1,48.413389869228126,Android
20135,196,6165,6207.1231043292755,296,1,28.7,4,Sat,10,0,Personal,Grateful for this beautiful sunset today.,41,0.1196,487,75,59,76,11651,1,43.015223126622516,iOS
20269,86,800,781.1373553059516,21,1,15.1,20,Tue,14,2,Promotional,Excited to partner with this amazing brand.,43,0.2484,143,22,22,18,2302,1,46.4957952995775,iOS
20098,151,10588,10516.184432729113,167,1,26.3,14,Thu,10,3,Promotional,Sponsored but I genuinely love this product.,44,0.074,511,96,60,75,47247,0,44.52732122209669,Android
20221,164,42534,42557.3203069338,1076,0,0.0,3,Tue,16,1,Promotional,Limited time offer just for my followers.,41,0.003,97,11,10,14,33810,0,59.72132602503446,iOS
20042,214,15696,15694.938481538673,529,0,0.0,18,Sun,10,2,Meme,Monday mood be like absolutely not today. Me pretending to work while scrolling reels.,86,0.06066,701,132,67,99,9653,0,23.48326193639408,iOS
20869,214,15696,15723.273430001029,529,1,20.7,10,Sun,10,1,Meme,POV you are stuck in Mumbai traffic again.,42,0.10231,982,182,148,114,40516,0,54.690796987661564,Android
21343,146,12305,12378.762709454435,261,0,0.0,3,Thu,11,0,Question,Should I do a giveaway this week let me know. Do you prefer reels or regular posts.,83,0.05028,433,57,48,69,12140,0,44.49115488432503,Android
20749,26,26941,26994.25219392928,1231,1,17.1,18,Sun,7,1,Meme,Me pretending to work while scrolling reels. When Mumbai local trains are on time for once.,91,0.07657,1505,279,154,189,48894,0,76.13506992472621,iOS
20718,41,1854,1988.9024301663585,31,0,0.0,14,Fri,8,0,Promotional,Use my code MUMBAI10 for a discount.,36,0.19546,282,40,34,31,2072,1,49.55902006823413,iOS
20986,50,47120,47145.18454846416,712,1,21.2,7,Tue,14,0,Question,Do you prefer reels or regular posts. Should I do a giveaway this week let me know.,83,0.003,100,17,9,9,163191,0,76.89710075089971,Android
20607,42,413619,413642.28999868775,24012,1,22.1,23,Mon,9,2,Promotional,Link in bio to shop the collection now. Swipe up to grab yours before it sells out.,83,0.003,896,140,113,111,1606551,0,42.0211025888353,Web
20013,32,1791,1814.9291780717667,60,1,32.4,0,Fri,9,2,Promotional,Swipe up to grab yours before it sells out. Limited time offer just for my followers.,85,0.17684,247,39,30,28,9183,0,46.46102909576798,Android
21158,89,218677,218711.42841408835,8649,1,28.4,5,Mon,6,2,Question,Do you prefer reels or regular posts. Any recommendations for weekend plans in the city.,88,0.003,439,52,64,74,1074393,0,68.70764171063593,iOS
21111,170,52117,52177.64020018938,922,0,0.0,9,Thu,5,2,Motivational,Never give up on your dreams keep going. Every small step counts towards success.,81,0.003,122,15,16,16,36329,0,34.50595506087649,Android
21143,81,41251,41271.209255453025,1346,0,0.0,1,Wed,12,4,Motivational,Hard work always pays off eventually trust the process. Every small step counts towards success.,96,0.003,100,14,5,9,29399,0,54.217367605146,iOS
20610,167,4054,4134.488207628604,170,1,28.9,9,Tue,11,0,Personal,Grateful for this beautiful sunset today. Coffee and good vibes this morning.,77,0.1304,386,45,38,39,12593,0,46.20003642112109,iOS
21211,170,52117,52099.234406409574,922,1,30.9,5,Sat,12,1,Meme,When the auto driver actually uses the meter. Monday mood be like absolutely not today.,87,0.003,115,13,16,14,153227,0,50.39048028464327,Android
20678,40,21512,21579.710242860943,564,1,37.8,21,Mon,13,0,Meme,POV you are stuck in Mumbai traffic again. Monday mood be like absolutely not today.,84,0.08019,1449,180,130,102,83202,0,50.34176520728315,Android
20559,120,13700,13635.82541706615,483,1,23.6,10,Thu,11,2,Motivational,Believe in yourself and keep pushing forward. Every small step counts towards success.,86,0.09006,808,149,90,81,70035,0,50.02489811281637,Android
20501,148,107120,107078.26651575495,4953,1,28.7,8,Sun,9,1,Question,Any recommendations for weekend plans in the city. Which outfit do you all like more comment below.,99,0.003,242,41,25,25,282736,0,84.31698862976255,iOS
21190,95,2335,2298.469599894588,101,1,36.5,14,Thu,7,0,Motivational,Stay consistent and the results will follow.,44,0.14348,242,41,23,31,6560,0,61.860186082375584,iOS
20416,80,2900,2974.0256307866175,80,1,33.5,17,Fri,8,1,Meme,Me pretending to work while scrolling reels.,44,0.22194,493,52,58,48,12153,1,35.04027398690892,Web
20817,199,1551,1632.2414277355042,59,1,33.8,3,Sat,7,2,Question,Which outfit do you all like more comment below. What is your favorite street food spot in Mumbai.,98,0.20905,256,38,39,26,4745,1,64.49861440548972,iOS
21241,68,8577,8516.745587085434,159,1,28.8,3,Fri,7,2,Promotional,New collab dropping this week stay tuned. Limited time offer just for my followers.,83,0.12246,789,126,110,108,28717,0,46.74402031101983,Web
20490,104,8326,8241.6917005639,302,0,0.0,10,Sat,6,0,Meme,Me pretending to work while scrolling reels. When Mumbai local trains are on time for once.,91,0.09522,536,70,44,76,11857,0,49.892585447234495,Android
20887,146,12305,12332.434497902408,261,0,0.0,10,Tue,12,1,Personal,Just another day in Mumbai chasing dreams. Spent the evening at marine drive with friends.,90,0.0677,722,79,54,80,16678,0,44.61842513119265,Android
20447,49,45936,45916.40523721317,752,0,0.0,18,Fri,16,2,Promotional,Swipe up to grab yours before it sells out. New collab dropping this week stay tuned.,85,0.00352,126,17,15,12,73906,0,36.49617140053672,Android
20371,27,26371,26358.4213980705,524,1,14.8,20,Wed,13,0,Personal,Grateful for this beautiful sunset today.,41,0.05748,1103,160,102,178,121231,0,65.0962473191095,Android
21301,75,7599,7669.205444754934,324,0,0.0,8,Tue,15,2,Personal,Late night walk through the city lights. Grateful for this beautiful sunset today.,82,0.06936,438,57,28,44,9746,0,56.0242120945025,Android
20337,45,4692,4735.20140946824,256,1,26.9,0,Tue,6,2,Question,Any recommendations for weekend plans in the city. What is your favorite street food spot in Mumbai.,100,0.10621,379,63,53,44,12590,0,75.6727228442665,iOS
20233,219,2355,2365.2551172812687,106,0,0.0,7,Mon,8,1,Meme,Me checking Instagram one more time before sleeping. POV you are stuck in Mumbai traffic again.,95,0.18414,305,53,34,29,1668,0,66.90992846159376,iOS
20472,142,3412,3429.714534791155,157,0,0.0,22,Tue,6,1,Motivational,Believe in yourself and keep pushing forward.,45,0.15189,420,54,31,36,3703,0,34.660190261272504,iOS
20663,207,19828,19739.786964707924,390,1,20.5,7,Sun,11,1,Personal,Spent the evening at marine drive with friends.,47,0.06452,961,148,117,107,69052,0,27.838651667642026,iOS
20596,130,15889,15871.545407801012,556,0,0.0,16,Wed,7,0,Promotional,Link in bio to shop the collection now.,39,0.03956,470,58,49,45,17430,0,68.12057217623712,Android
20511,160,1067,1002.723754781126,18,1,24.4,11,Wed,8,0,Meme,Me checking Instagram one more time before sleeping. Me pretending to work while scrolling reels.,97,0.23699,171,34,17,21,4649,1,75.10393672605255,Android
21085,49,45936,45965.647399183035,752,1,14.6,7,Fri,9,1,Meme,Me checking Instagram one more time before sleeping. POV you are stuck in Mumbai traffic again.,95,0.02228,609,113,71,82,221638,0,69.04880517195073,Android
20972,154,3884,3869.8518108209087,134,1,32.6,16,Sun,8,5,Promotional,Swipe up to grab yours before it sells out. Limited time offer just for my followers.,85,0.14599,380,69,35,49,10913,0,47.97392243076883,iOS
20595,85,12073,12018.408983022277,450,0,0.0,13,Sun,7,3,Personal,Weekend trip with the family was so refreshing.,47,0.03986,347,58,28,50,17540,0,45.12562165927941,Android
20206,136,3532,3569.966554939096,66,1,26.3,17,Tue,5,2,Question,Any recommendations for weekend plans in the city.,50,0.19658,483,71,58,69,8802,1,11.278319563123617,iOS
20639,176,25943,25954.201370178263,1110,0,0.0,5,Tue,3,0,Motivational,Stay consistent and the results will follow. Discipline beats motivation every single time.,91,0.00651,114,26,8,13,32975,0,63.44186403275694,Android
20479,159,72318,72313.67993272006,3536,0,0.0,18,Mon,13,1,Meme,POV you are stuck in Mumbai traffic again.,42,0.003,161,21,25,23,109003,0,80.715370460568,Android
20451,13,1329,1312.2234834234273,25,0,0.0,22,Mon,11,1,Promotional,Use my code MUMBAI10 for a discount. New collab dropping this week stay tuned.,78,0.23036,196,32,34,36,2056,1,66.57570826169155,Android
20981,42,413619,413630.5219146694,24012,1,23.7,12,Sat,14,2,Promotional,Link in bio to shop the collection now.,39,0.003,812,182,106,90,1250692,0,55.84888397009372,Android
21117,91,4999,4998.035451443994,95,0,0.0,0,Tue,12,0,Meme,Me checking Instagram one more time before sleeping. When Mumbai local trains are on time for once.,99,0.11621,406,75,35,40,4953,0,61.24591285880469,iOS
21171,7,146466,146406.09208972214,3832,1,9.3,16,Mon,5,2,Personal,Coffee and good vibes this morning.,35,0.003,325,46,26,40,652384,0,60.674885289009346,Android
20653,37,18796,18839.025946979276,443,0,0.0,15,Fri,8,1,Meme,Me checking Instagram one more time before sleeping. When the auto driver actually uses the meter.,98,0.06506,871,137,78,127,24727,0,47.89121915430614,iOS
20859,17,11447,11432.720991054186,464,0,0.0,4,Thu,11,2,Question,Any recommendations for weekend plans in the city.,50,0.04256,327,46,62,37,19412,0,56.07108964702008,iOS
21286,53,27702,27691.74703939976,857,1,28.2,3,Fri,10,3,Question,Any recommendations for weekend plans in the city.,50,0.04584,915,148,104,137,99780,0,82.70279162542349,iOS
20542,106,5736,5738.208501891908,270,0,0.0,19,Tue,10,2,Personal,Weekend trip with the family was so refreshing.,47,0.16002,537,129,60,111,6899,0,50.54294285728294,Android
20619,125,42968,43006.12081063165,1290,0,0.0,2,Fri,5,3,Personal,Grateful for this beautiful sunset today. Coffee and good vibes this morning.,77,0.003,95,12,13,11,64484,0,50.70803386578303,iOS
21391,44,112688,112691.16013996479,3348,1,23.7,14,Fri,9,1,Meme,That feeling when chai fixes everything. Me checking Instagram one more time before sleeping.,93,0.003,221,41,28,28,460298,0,35.36198583628244,iOS
20411,167,4054,4058.9658109578036,170,1,14.7,22,Tue,6,1,Promotional,Sponsored but I genuinely love this product. Swipe up to grab yours before it sells out.,88,0.18827,524,81,65,47,17294,0,60.65450554383429,iOS
21215,187,51554,51549.88683001974,1220,0,0.0,1,Mon,8,2,Motivational,Hard work always pays off eventually trust the process.,55,0.003,118,18,10,15,44883,0,26.269473169438477,iOS
20836,148,107120,107151.8951373078,4953,1,25.1,13,Wed,9,0,Meme,Me checking Instagram one more time before sleeping. Monday mood be like absolutely not today.,94,0.003,255,38,21,37,224544,0,29.060923269367056,iOS
20158,14,8392,8453.961824558653,140,0,0.0,10,Fri,9,0,Question,What is your favorite street food spot in Mumbai.,49,0.09696,639,81,67,91,10125,0,51.328995815639125,Android
20697,30,35032,35090.744857844395,1313,0,0.0,5,Sun,10,2,Question,Any recommendations for weekend plans in the city.,50,0.003,80,12,7,9,47336,0,41.867111255897456,Web
21204,118,800,753.1764326813662,48,0,0.0,8,Tue,16,0,Personal,Missing home cooked food so much today.,39,0.21506,110,19,11,20,926,1,34.78352667752564,iOS
20141,219,2355,2322.3170369126306,106,1,27.0,19,Wed,10,2,Promotional,Limited time offer just for my followers. Swipe up to grab yours before it sells out.,85,0.19792,311,45,43,41,12206,1,43.413193023368656,iOS
20161,30,35032,34978.03186277176,1313,1,40.7,1,Sun,11,1,Personal,Missing home cooked food so much today. Grateful for this beautiful sunset today.,81,0.03144,885,89,59,108,156639,0,55.25897142824925,iOS
20306,198,81395,81355.4057721986,2098,1,30.7,13,Wed,6,1,Personal,Just another day in Mumbai chasing dreams.,42,0.003,184,33,25,21,204808,0,82.97424934904976,Web
21279,90,11680,11718.827431200762,183,1,15.7,17,Tue,6,0,Question,Should I do a giveaway this week let me know.,45,0.11215,932,126,80,129,55565,0,73.25646208963298,Web
21340,77,800,796.458735522916,37,0,0.0,19,Wed,11,1,Meme,When the auto driver actually uses the meter. Monday mood be like absolutely not today.,87,0.2486,141,23,11,18,1199,1,64.8266087299631,iOS
21368,180,8304,8247.390808819879,471,0,0.0,17,Fri,12,1,Motivational,Hard work always pays off eventually trust the process. Discipline beats motivation every single time.,102,0.10061,628,76,71,66,8735,0,53.846447182663255,iOS
21282,103,14635,14614.147920322579,863,0,0.0,11,Wed,7,0,Promotional,Swipe up to grab yours before it sells out. Link in bio to shop the collection now.,83,0.03666,378,56,50,62,13557,0,49.08728660111541,iOS
20867,52,268184,268181.9458080511,12683,0,0.0,9,Sun,9,1,Motivational,Believe in yourself and keep pushing forward. Hard work always pays off eventually trust the process.,101,0.003,599,80,62,35,157844,0,39.359511508140784,iOS
20570,38,22263,22182.08165225613,644,1,5.0,2,Wed,4,0,Personal,Missing home cooked food so much today.,39,0.07604,1223,149,199,123,65994,0,35.42017808023468,iOS
21094,205,5785,5792.725173829394,232,1,19.9,6,Sat,10,1,Meme,POV you are stuck in Mumbai traffic again. Monday mood be like absolutely not today.,84,0.159,720,107,75,73,19263,0,40.209951826979804,iOS
20889,69,8963,8910.48294957494,424,0,0.0,0,Thu,12,1,Meme,When Mumbai local trains are on time for once. POV you are stuck in Mumbai traffic again.,89,0.11144,692,113,71,141,10615,0,42.214532465801646,iOS
20225,164,42534,42540.642085756284,1076,1,5.0,13,Sun,12,0,Question,Which cafe should I visit next in Bandra. Which outfit do you all like more comment below.,90,0.01689,506,86,70,72,105684,0,77.71812849394706,iOS
20969,202,7320,7343.071334966823,219,1,17.4,16,Sat,9,2,Personal,Just another day in Mumbai chasing dreams.,42,0.13556,835,108,104,99,20220,0,47.058954513326306,iOS
21166,45,4692,4726.92106848746,256,0,0.0,6,Mon,8,0,Question,What is your favorite street food spot in Mumbai. Should I do a giveaway this week let me know.,95,0.13629,429,77,55,61,7951,0,51.51450731079053,iOS
20356,43,103589,103582.5032245815,3925,0,0.0,15,Tue,11,2,Question,Which cafe should I visit next in Bandra. Do you prefer reels or regular posts.,79,0.003,213,31,28,32,159728,0,52.55098065303932,Android
20755,216,19932,19949.427784988155,919,1,23.6,1,Sat,10,0,Promotional,Link in bio to shop the collection now.,39,0.08323,1250,192,104,131,108437,0,36.8241269205029,Android
20956,176,25943,25977.223989061036,1110,1,17.4,17,Sat,10,5,Personal,Just another day in Mumbai chasing dreams. Grateful for this beautiful sunset today.,84,0.04446,850,126,89,105,66736,0,52.47759901000729,iOS
21182,42,413619,413675.6331775854,24012,1,33.9,2,Fri,16,1,Motivational,Stay consistent and the results will follow.,44,0.003,974,109,82,67,1083280,0,43.308786931834746,iOS
20803,54,21947,21934.747932445727,1246,0,0.0,21,Mon,10,1,Personal,Coffee and good vibes this morning.,35,0.07306,1166,179,82,140,26081,0,57.323689659697756,Web
20756,28,87358,87445.62343019768,2015,1,16.2,7,Wed,5,1,Motivational,Stay consistent and the results will follow. Never give up on your dreams keep going.,85,0.003,182,27,25,24,361233,0,70.30680102384675,Android
20410,122,29793,29830.64757431932,1193,1,34.4,4,Sun,8,1,Meme,That feeling when chai fixes everything. Monday mood be like absolutely not today.,82,0.03114,681,105,95,88,119352,0,56.3672662766419,iOS
20680,170,52117,52162.52345666776,922,1,42.0,10,Fri,8,3,Question,Do you prefer reels or regular posts. Should I do a giveaway this week let me know.,83,0.01079,387,55,53,44,109991,0,58.339096819887764,Android
20027,16,1188,1203.6202509076786,21,0,0.0,19,Sun,5,3,Question,Which cafe should I visit next in Bandra. Should I do a giveaway this week let me know.,87,0.2283,187,31,19,24,1356,1,45.463252100789504,Android
21035,147,4594,4602.429207865852,219,0,0.0,7,Fri,5,0,Personal,Weekend trip with the family was so refreshing.,47,0.13678,481,59,64,51,5713,0,24.956524953701404,iOS
20359,38,22263,22215.679052488787,644,0,0.0,1,Wed,8,0,Question,Do you prefer reels or regular posts. Which cafe should I visit next in Bandra.,79,0.06301,1021,197,65,149,26886,0,16.797575750112742,Android
20279,126,24956,24890.726971867298,1286,0,0.0,18,Sun,8,3,Personal,Coffee and good vibes this morning. Grateful for this beautiful sunset today.,77,0.08526,1548,296,141,167,23626,0,46.28359366497876,Android
20535,111,7706,7683.759276885472,438,1,10.1,4,Mon,5,0,Question,Which cafe should I visit next in Bandra. What should I vlog next tell me in comments.,86,0.10761,634,81,91,77,36804,0,58.005688152182316,Web
21290,79,37410,37384.288260942674,1086,1,17.2,14,Fri,11,0,Promotional,Excited to partner with this amazing brand. Sponsored but I genuinely love this product.,88,0.003,82,12,11,10,69850,0,32.568502489083535,iOS
20004,142,3412,3438.008582389122,157,1,36.7,18,Sun,13,1,Meme,Me pretending to work while scrolling reels.,44,0.18687,511,67,60,71,13510,1,41.29179800467048,iOS
20024,154,3884,3917.4798790522586,134,1,14.7,6,Sun,12,0,Personal,Coffee and good vibes this morning.,35,0.13816,335,38,38,61,13228,0,59.13673750663184,Android
20962,29,107439,107393.38327131032,3479,1,26.6,19,Fri,7,3,Meme,Monday mood be like absolutely not today. Me pretending to work while scrolling reels.,86,0.01556,1162,228,90,158,212902,0,38.09038886498955,Android
20717,1,4420,4429.366814620203,159,0,0.0,9,Mon,10,4,Personal,Missing home cooked food so much today. Coffee and good vibes this morning.,75,0.12491,388,72,35,52,7133,0,61.92662698856779,iOS
20348,163,5898,5931.424344751205,136,1,25.8,14,Thu,11,3,Meme,That feeling when chai fixes everything. POV you are stuck in Mumbai traffic again.,83,0.13207,555,104,43,48,15687,0,78.59481075730982,Android
20532,185,28230,28239.520823609895,741,0,0.0,15,Wed,8,5,Personal,Spent the evening at marine drive with friends.,47,0.0405,787,133,90,113,44153,0,66.58420431175833,iOS
21351,86,800,863.8881103802717,21,0,0.0,1,Fri,12,0,Question,Any recommendations for weekend plans in the city.,50,0.20973,129,11,16,14,938,1,25.909295907074128,Web
20427,61,4295,4304.378119883146,128,0,0.0,19,Wed,9,1,Promotional,New collab dropping this week stay tuned.,41,0.16367,464,82,64,64,4129,1,88.83595046576814,iOS
20896,53,27702,27743.863864072136,857,0,0.0,21,Fri,11,0,Motivational,Hard work always pays off eventually trust the process. Believe in yourself and keep pushing forward.,101,0.06955,1500,156,154,225,21386,0,53.43720412323192,iOS
21224,23,17510,17496.94119124123,526,0,0.0,3,Sun,12,2,Motivational,Stay consistent and the results will follow. Discipline beats motivation every single time.,91,0.03711,426,75,54,52,22528,0,46.352586098054054,iOS
20899,29,107439,107385.54797555615,3479,1,21.9,3,Mon,9,1,Meme,Monday mood be like absolutely not today. When Mumbai local trains are on time for once.,88,0.003,227,32,23,25,339888,0,27.660778428876533,iOS
21247,96,16160,16193.761350898803,653,0,0.0,10,Thu,9,3,Question,Do you prefer reels or regular posts.,37,0.05373,712,80,93,107,10648,0,63.323598989432426,iOS
20380,147,4594,4576.111601466284,219,1,13.8,19,Tue,10,2,Motivational,Stay consistent and the results will follow. Discipline beats motivation every single time.,91,0.17383,597,82,68,72,14274,0,62.25821827774203,Web
21366,204,35946,35884.05856741811,1929,0,0.0,19,Tue,8,1,Motivational,Every small step counts towards success. Your only limit is the one you set yourself.,85,0.01634,435,70,57,60,26267,0,53.361989713201304,iOS
20375,74,94740,94763.95493081785,1983,0,0.0,5,Mon,10,3,Meme,That feeling when chai fixes everything.,40,0.003,222,29,24,26,97558,0,32.9325051062734,Android
21261,7,146466,146537.7426180768,3832,0,0.0,7,Thu,11,0,Motivational,Stay consistent and the results will follow.,44,0.003,313,40,34,42,197480,0,40.302031863633886,Android
20537,10,34991,35010.78524016884,1905,0,0.0,5,Mon,8,0,Question,Which cafe should I visit next in Bandra. What should I vlog next tell me in comments.,86,0.01813,433,72,39,67,39845,0,49.6479207374499,iOS
20800,207,19828,19850.043225642632,390,0,0.0,23,Mon,10,0,Personal,Just another day in Mumbai chasing dreams. Coffee and good vibes this morning.,78,0.04874,643,136,64,103,28070,0,55.99976063219737,Android
20649,157,53471,53397.570440208285,1270,1,10.1,21,Sat,9,0,Promotional,Excited to partner with this amazing brand.,43,0.003,108,19,12,10,142836,0,56.62331799513287,iOS
20566,181,2026,1980.7696827738987,104,1,7.9,12,Wed,8,1,Personal,Late night walk through the city lights.,40,0.21331,317,44,22,41,8328,1,38.67026210958505,iOS
20232,179,4075,4040.7098327249214,108,1,16.4,3,Sat,7,0,Promotional,Sponsored but I genuinely love this product.,44,0.14228,443,58,44,59,10322,0,45.85057821703219,Android
20148,219,2355,2267.06160490526,106,1,26.2,12,Thu,8,1,Meme,When the auto driver actually uses the meter. Monday mood be like absolutely not today.,87,0.1686,289,44,34,38,8322,1,50.00070705748712,iOS
20499,50,47120,47049.72354890594,712,0,0.0,6,Sun,8,2,Motivational,Believe in yourself and keep pushing forward.,45,0.003,99,16,8,14,22954,0,54.82515592036944,Android
20168,108,5878,5896.300648687626,104,0,0.0,3,Sun,9,0,Promotional,Link in bio to shop the collection now. New collab dropping this week stay tuned.,81,0.12081,571,81,48,59,3911,0,49.975973176220386,iOS
20073,148,107120,107066.01569648397,4953,0,0.0,8,Thu,15,1,Promotional,Swipe up to grab yours before it sells out.,43,0.003,212,41,28,29,93830,0,34.814487668395245,iOS
20071,80,2900,2944.3604238302005,80,0,0.0,18,Wed,12,1,Promotional,Link in bio to shop the collection now.,39,0.16468,323,40,45,53,3996,0,58.873827039916996,Android
20587,72,82423,82414.51766363464,2632,0,0.0,2,Sat,13,1,Meme,Me pretending to work while scrolling reels.,44,0.003,200,31,17,18,114440,0,46.19919784631794,Android
20861,82,14341,14308.401508920886,406,1,28.3,20,Tue,9,2,Personal,Weekend trip with the family was so refreshing. Missing home cooked food so much today.,87,0.11341,1169,167,143,166,48422,0,37.33639172527647,Android
20172,17,11447,11428.757159195755,464,0,0.0,20,Sun,11,0,Personal,Missing home cooked food so much today.,39,0.12719,916,141,81,149,14990,1,33.36016881837396,Android
20131,136,3532,3536.8282898127027,66,0,0.0,16,Tue,7,0,Personal,Grateful for this beautiful sunset today. Missing home cooked food so much today.,81,0.16182,419,66,48,56,5163,0,27.21799204175796,iOS
20169,60,7576,7641.517805950887,154,1,32.0,16,Thu,12,0,Motivational,Every small step counts towards success.,40,0.11817,558,86,83,90,18185,0,56.01556907773868,Android
20265,103,14635,14613.93680528131,863,0,0.0,17,Mon,15,2,Personal,Grateful for this beautiful sunset today.,41,0.07105,739,134,42,107,12563,0,36.24349718168276,Android
20504,163,5898,5984.290692929566,136,0,0.0,3,Thu,7,1,Question,Do you prefer reels or regular posts.,37,0.09666,412,48,45,60,7042,0,31.60024482375048,Android
20469,122,29793,29734.60602833205,1193,1,22.5,5,Sat,5,1,Meme,When the auto driver actually uses the meter. Me pretending to work while scrolling reels.,90,0.03775,879,129,81,79,79896,0,24.069283290635575,Android
20936,213,21581,21577.91917717346,1226,1,31.3,9,Tue,9,4,Meme,That feeling when chai fixes everything. POV you are stuck in Mumbai traffic again.,83,0.05362,874,143,103,97,101865,0,53.590027644227824,iOS
20273,75,7599,7671.028370499783,324,0,0.0,15,Fri,6,0,Meme,POV you are stuck in Mumbai traffic again.,42,0.0805,426,51,51,62,11429,0,52.26641708145819,iOS
20798,169,3160,3216.19271234102,124,0,0.0,4,Sun,9,1,Motivational,Every small step counts towards success.,40,0.13739,314,42,34,29,4063,0,61.46067488326864,Android
20421,126,24956,24930.188989280785,1286,1,13.1,9,Fri,9,2,Promotional,Use my code MUMBAI10 for a discount.,36,0.0481,783,118,71,108,91896,0,83.68227371575524,iOS
20493,142,3412,3425.5925941185233,157,1,12.7,15,Wed,6,0,Personal,Just another day in Mumbai chasing dreams.,42,0.17591,449,48,52,46,8199,1,54.90565963872078,Android
20878,15,7243,7173.020564671746,373,1,21.8,11,Thu,10,1,Meme,Me pretending to work while scrolling reels.,44,0.12678,669,104,80,102,26306,0,61.86214883850574,Web
20563,177,175640,175683.93821870786,3666,0,0.0,12,Wed,7,0,Question,Any recommendations for weekend plans in the city.,50,0.003,392,64,54,52,253777,0,53.00457413575816,iOS
21109,138,56557,56580.715506386,2836,1,18.6,1,Wed,9,2,Question,What should I vlog next tell me in comments.,44,0.02298,987,130,148,144,174795,0,48.11954062166532,iOS
20043,131,2479,2469.0365493274653,82,1,22.1,8,Sun,5,3,Personal,Missing home cooked food so much today. Just another day in Mumbai chasing dreams.,82,0.19133,303,58,34,40,8252,1,69.69753663841573,iOS
20057,187,51554,51467.3111069194,1220,0,0.0,17,Sun,8,1,Personal,Coffee and good vibes this morning. Spent the evening at marine drive with friends.,83,0.003,101,20,9,11,93620,0,65.75409716821576,iOS
21112,183,6770,6716.213120947409,273,1,7.7,12,Sun,2,0,Motivational,Every small step counts towards success.,40,0.12495,590,95,58,45,23525,0,47.57887759326743,iOS
20666,179,4075,3973.258611324243,108,1,30.9,15,Thu,13,0,Promotional,Link in bio to shop the collection now. Swipe up to grab yours before it sells out.,83,0.11129,298,66,41,40,15281,0,40.97765974901473,Android
20133,62,25330,25343.45155615763,535,0,0.0,8,Thu,7,1,Motivational,Discipline beats motivation every single time.,46,0.05122,940,137,112,104,32389,0,49.30653113525985,Android
20784,78,800,816.9738937155519,35,0,0.0,10,Sat,11,1,Motivational,Discipline beats motivation every single time. Believe in yourself and keep pushing forward.,92,0.22046,122,19,18,12,1098,1,46.072676379153336,iOS
20842,202,7320,7338.962513797348,219,0,0.0,14,Sat,9,2,Meme,When the auto driver actually uses the meter. Me checking Instagram one more time before sleeping.,98,0.11536,571,72,50,64,12379,0,74.17768827768484,Android
20039,90,11680,11624.61121414025,183,0,0.0,11,Sun,7,1,Personal,Grateful for this beautiful sunset today. Missing home cooked food so much today.,81,0.08531,745,124,67,87,18868,0,57.93288791434908,Android
20307,200,43013,43022.08230314722,2202,1,14.6,13,Tue,10,1,Motivational,Your only limit is the one you set yourself. Hard work always pays off eventually trust the process.,100,0.02944,807,107,91,120,89075,0,64.57270509601548,iOS
20489,12,51515,51599.75948507906,2892,1,29.9,14,Tue,13,1,Question,Which cafe should I visit next in Bandra.,41,0.02848,955,188,134,128,261257,0,59.15248172437771,iOS
21254,43,103589,103602.74240776479,3925,1,28.3,23,Wed,6,1,Motivational,Discipline beats motivation every single time. Every small step counts towards success.,87,0.003,229,30,25,20,292577,0,68.74842285010726,Android
20541,18,133364,133414.4508654041,5108,1,21.8,19,Tue,13,2,Meme,POV you are stuck in Mumbai traffic again. When the auto driver actually uses the meter.,88,0.003,272,54,25,36,381654,0,59.13231911468209,iOS
20271,140,91307,91239.78295222134,1535,0,0.0,4,Sat,11,3,Personal,Late night walk through the city lights. Just another day in Mumbai chasing dreams.,83,0.003,180,34,22,29,176950,0,39.90602385582287,iOS
20409,213,21581,21608.81754979729,1226,0,0.0,10,Sun,15,2,Promotional,Use my code MUMBAI10 for a discount.,36,0.00392,58,7,5,11,38642,0,75.8014181749077,Web
20463,150,6457,6389.322565266079,118,0,0.0,19,Fri,14,2,Meme,When Mumbai local trains are on time for once. POV you are stuck in Mumbai traffic again.,89,0.15559,716,125,101,121,9702,0,96.5189615943938,iOS
21233,95,2335,2300.1244097501026,101,0,0.0,22,Fri,9,0,Personal,Missing home cooked food so much today.,39,0.20336,369,37,45,44,2002,1,60.10125230187313,Android
20167,7,146466,146391.84441422927,3832,0,0.0,3,Sat,12,2,Motivational,Hard work always pays off eventually trust the process.,55,0.003,348,48,14,57,190585,0,55.1991026479809,Android
20771,84,86390,86447.80121775041,4369,0,0.0,5,Mon,8,2,Meme,Me pretending to work while scrolling reels.,44,0.003,165,31,12,23,97892,0,49.52511440761943,iOS
20072,105,217460,217415.0208069918,7937,1,5.0,14,Sun,5,1,Personal,Grateful for this beautiful sunset today.,41,0.003,475,91,41,47,681950,0,46.114710325030416,Android
20946,186,13693,13638.401410743918,530,0,0.0,18,Sat,7,0,Personal,Just another day in Mumbai chasing dreams.,42,0.08804,835,159,105,95,22009,0,45.12358397421897,iOS
21096,61,4295,4280.633695788391,128,0,0.0,23,Sun,14,2,Promotional,Excited to partner with this amazing brand. Sponsored but I genuinely love this product.,88,0.13093,380,43,29,49,4483,0,59.88354321674412,Android
20976,66,6202,6208.755121252521,194,0,0.0,1,Tue,3,2,Personal,Spent the evening at marine drive with friends.,47,0.14157,586,108,60,82,6765,0,44.919577476007035,Web
20534,145,21088,21156.5317490235,451,1,28.6,12,Thu,6,3,Personal,Weekend trip with the family was so refreshing.,47,0.04994,654,101,56,93,60607,0,58.076936465208846,iOS
21132,82,14341,14302.827074281113,406,0,0.0,14,Wed,9,1,Personal,Grateful for this beautiful sunset today. Weekend trip with the family was so refreshing.,89,0.08505,717,183,116,108,26678,0,69.82135070879907,iOS
21318,115,4744,4736.199404397153,238,0,0.0,20,Mon,4,2,Motivational,Your only limit is the one you set yourself. Stay consistent and the results will follow.,89,0.17892,607,87,72,72,5282,0,44.17081195846398,iOS
21321,6,22343,22391.11763980086,1174,0,0.0,7,Tue,12,3,Promotional,Limited time offer just for my followers. Sponsored but I genuinely love this product.,86,0.02611,468,65,52,59,27093,0,64.7665529453578,Android
20684,89,218677,218628.89631625576,8649,1,35.6,0,Sat,18,1,Question,Which cafe should I visit next in Bandra. What is your favorite street food spot in Mumbai.,91,0.003,538,76,64,53,982780,0,61.052778032272876,iOS
21131,101,2522,2541.640244425964,141,1,24.6,1,Sun,15,3,Motivational,Every small step counts towards success.,40,0.1926,285,50,57,49,7268,1,37.504617549772675,iOS
20667,37,18796,18794.56416647153,443,0,0.0,17,Sat,7,2,Motivational,Never give up on your dreams keep going. Believe in yourself and keep pushing forward.,86,0.03631,452,85,58,68,18258,0,29.740325185811407,iOS
20317,175,3700,3653.338747295063,221,0,0.0,9,Fri,10,2,Personal,Late night walk through the city lights. Grateful for this beautiful sunset today.,82,0.14057,369,56,43,44,4485,0,60.582663628722656,iOS
21352,24,13310,13331.382710238762,761,1,27.4,12,Sat,12,2,Personal,Just another day in Mumbai chasing dreams.,42,0.0725,633,116,53,110,55270,0,51.341497854038465,Android
21199,111,7706,7698.2279762943135,438,0,0.0,14,Sat,10,0,Meme,When the auto driver actually uses the meter. Me checking Instagram one more time before sleeping.,98,0.11306,530,85,72,68,7896,0,33.898420678349225,iOS
20005,142,3412,3444.5589949440387,157,0,0.0,0,Tue,13,0,Motivational,Your only limit is the one you set yourself.,44,0.13334,320,65,33,56,3635,0,43.4382110941704,Android
21209,97,15409,15455.424004925871,287,0,0.0,2,Sun,7,2,Personal,Spent the evening at marine drive with friends.,47,0.0488,509,88,73,71,18360,0,55.98170984676176,Android
21339,151,10588,10538.141809429522,167,1,14.8,11,Wed,10,0,Meme,POV you are stuck in Mumbai traffic again. Me pretending to work while scrolling reels.,87,0.06385,503,65,55,58,25935,0,60.121013783515394,Android
20747,26,26941,26853.084419186696,1231,1,34.5,10,Thu,16,0,Meme,When Mumbai local trains are on time for once. POV you are stuck in Mumbai traffic again.,89,0.0606,1299,197,126,131,51706,0,56.33744446616201,iOS
20582,48,3057,3022.417314696399,48,0,0.0,15,Sat,13,2,Personal,Weekend trip with the family was so refreshing. Just another day in Mumbai chasing dreams.,90,0.16544,357,47,44,41,2022,0,54.82950983532973,iOS
20569,196,6165,6178.0718073942135,296,0,0.0,7,Mon,9,1,Question,What is your favorite street food spot in Mumbai.,49,0.11631,454,84,61,68,5204,0,31.187258754227972,Android
20526,70,5790,5825.780849160093,286,1,32.0,8,Thu,5,2,Motivational,Stay consistent and the results will follow.,44,0.13317,474,96,59,64,23115,0,31.005506448970635,iOS
20689,209,7493,7434.596147337219,136,0,0.0,12,Sun,12,2,Motivational,Believe in yourself and keep pushing forward. Never give up on your dreams keep going.,86,0.10574,609,81,59,86,7984,0,51.05701050811013,Web
20879,57,2642,2675.45184913445,131,0,0.0,14,Fri,9,0,Personal,Late night walk through the city lights.,40,0.17555,279,51,37,44,2991,0,35.01640377331391,Android
21045,34,20189,20074.806337624734,556,0,0.0,8,Mon,12,2,Promotional,Limited time offer just for my followers.,41,0.003,47,7,4,6,24974,0,63.12425497871678,iOS
21237,210,14379,14421.99160529942,443,0,0.0,11,Thu,6,0,Personal,Grateful for this beautiful sunset today.,41,0.04167,480,70,51,40,10457,0,39.16861883168768,Android
21047,157,53471,53555.6383549022,1270,0,0.0,18,Fri,10,1,Personal,Weekend trip with the family was so refreshing. Spent the evening at marine drive with friends.,95,0.01244,484,61,58,45,61401,0,35.847235841027846,Android
20453,174,302957,302932.6802381448,9862,0,0.0,10,Fri,10,0,Meme,When the auto driver actually uses the meter.,45,0.003,593,90,76,93,372376,0,65.79600530205447,Web
20095,209,7493,7587.3887672448045,136,1,29.3,11,Thu,9,0,Question,Which cafe should I visit next in Bandra.,41,0.12985,703,93,79,101,20840,0,43.527142115401745,iOS
20096,218,5745,5782.546373688137,241,0,0.0,23,Sat,8,1,Personal,Missing home cooked food so much today.,39,0.13456,580,79,52,78,5222,0,44.93518834414302,Android
20518,165,2710,2608.9655755252656,46,0,0.0,0,Thu,12,2,Promotional,Swipe up to grab yours before it sells out.,43,0.13664,248,42,30,50,3914,0,48.26233343391531,Android
20984,188,8657,8634.837994094089,397,1,5.0,14,Sat,8,0,Personal,Weekend trip with the family was so refreshing.,47,0.08786,562,104,60,60,25036,0,59.56130479755495,Android
20748,71,23270,23205.526050023735,683,0,0.0,5,Wed,18,1,Personal,Late night walk through the city lights.,40,0.01357,217,30,31,31,27242,0,38.53621332005733,iOS
20154,5,8660,8733.635215583017,415,0,0.0,23,Mon,6,0,Meme,Me checking Instagram one more time before sleeping.,52,0.10817,721,111,81,97,14302,0,63.59767375479928,iOS
20996,5,8660,8631.056592699702,415,0,0.0,2,Mon,14,0,Question,Which cafe should I visit next in Bandra.,41,0.09053,620,84,64,50,6516,0,69.4936069294273,iOS
20768,116,6930,6913.155696749788,262,1,24.9,16,Tue,6,0,Promotional,Limited time offer just for my followers. Swipe up to grab yours before it sells out.,85,0.14389,763,87,123,80,19682,1,44.984811260852524,iOS
21025,58,27313,27360.54538330891,1052,0,0.0,22,Sat,9,0,Promotional,Limited time offer just for my followers.,41,0.0477,832,123,78,121,31836,0,58.57421156975531,Android
20059,23,17510,17504.724268116315,526,0,0.0,19,Thu,4,4,Question,Which cafe should I visit next in Bandra.,41,0.07624,978,121,87,136,10790,0,36.14262065257487,iOS
20464,139,38040,38049.980308891834,2154,0,0.0,4,Fri,5,1,Promotional,Link in bio to shop the collection now. Limited time offer just for my followers.,81,0.003,78,12,10,9,42716,0,35.64749241757811,iOS
21145,98,9299,9361.279860383684,339,0,0.0,15,Wed,10,3,Motivational,Stay consistent and the results will follow.,44,0.07587,424,82,56,70,7542,0,58.85470340486989,Android
20062,154,3884,3868.783748557266,134,0,0.0,9,Fri,9,2,Personal,Weekend trip with the family was so refreshing. Coffee and good vibes this morning.,83,0.15468,404,62,56,55,4512,0,38.91352791955513,iOS
20900,189,59012,59048.09496183352,986,0,0.0,4,Fri,11,1,Question,What should I vlog next tell me in comments.,44,0.003,123,17,12,18,96901,0,48.77945453712286,iOS
20025,190,2081,2115.2203159821197,34,1,15.5,3,Sun,6,1,Question,What is your favorite street food spot in Mumbai. Should I do a giveaway this week let me know.,95,0.16964,237,36,21,25,7607,0,43.196163718734155,Android
21384,70,5790,5796.055032737404,286,1,22.1,19,Thu,9,3,Motivational,Every small step counts towards success.,40,0.16343,654,95,83,106,27208,1,46.0088094049158,iOS
20877,142,3412,3485.7743859747884,157,0,0.0,2,Wed,7,1,Promotional,Limited time offer just for my followers.,41,0.12369,311,54,22,39,2626,0,12.316007037530746,iOS
20916,199,1551,1497.0657980564404,59,1,5.0,7,Tue,6,0,Meme,When Mumbai local trains are on time for once. Me checking Instagram one more time before sleeping.,99,0.21444,248,38,27,19,6412,1,52.931300043861064,Android
20298,177,175640,175581.40440275712,3666,1,28.1,4,Fri,6,0,Meme,When Mumbai local trains are on time for once. Me pretending to work while scrolling reels.,91,0.003,401,45,47,61,338452,0,60.79301254418889,Web
20245,73,3547,3592.9596331636453,164,0,0.0,9,Sat,14,1,Motivational,Your only limit is the one you set yourself.,44,0.1437,396,56,32,35,2755,0,67.42165517544046,iOS
20026,183,6770,6768.434993421024,273,1,32.9,19,Tue,8,2,Motivational,Hard work always pays off eventually trust the process.,55,0.16515,808,123,109,87,33745,0,37.42141431373807,Android
20223,147,4594,4648.439794788802,219,0,0.0,14,Tue,8,5,Promotional,New collab dropping this week stay tuned.,41,0.1054,319,48,33,35,4396,0,28.55960620104851,iOS
20927,188,8657,8716.717636292535,397,1,29.7,10,Thu,11,0,Question,Any recommendations for weekend plans in the city.,50,0.11205,675,94,58,66,28215,0,52.95736151452139,iOS
20106,103,14635,14630.77875153313,863,1,30.7,22,Tue,12,3,Personal,Late night walk through the city lights. Spent the evening at marine drive with friends.,88,0.10253,967,176,136,177,36394,1,72.49772359768274,Android
20651,190,2081,2003.5404765351823,34,0,0.0,3,Sun,14,1,Meme,When the auto driver actually uses the meter.,45,0.18722,250,42,33,29,2385,1,41.318094318328875,iOS
20510,68,8577,8598.915348467648,159,0,0.0,7,Thu,5,0,Motivational,Your only limit is the one you set yourself. Discipline beats motivation every single time.,91,0.09094,521,116,58,72,9176,0,11.703471920694895,iOS
20132,175,3700,3676.6009312231504,221,1,35.6,1,Thu,9,2,Personal,Weekend trip with the family was so refreshing. Coffee and good vibes this morning.,83,0.16413,413,76,49,36,12138,0,46.426521493040816,Android
20888,59,20857,20877.793087472095,365,1,33.8,2,Fri,5,1,Personal,Just another day in Mumbai chasing dreams. Spent the evening at marine drive with friends.,90,0.061,856,121,80,110,72517,0,42.83018300979864,Android
20709,169,3160,3230.140161562765,124,0,0.0,7,Mon,6,1,Motivational,Never give up on your dreams keep going. Stay consistent and the results will follow.,85,0.15902,409,72,36,46,2933,0,35.3630018711106,Web
20509,19,8298,8260.558671486893,455,1,15.1,3,Sun,5,1,Motivational,Hard work always pays off eventually trust the process. Discipline beats motivation every single time.,102,0.09753,589,60,48,84,17760,0,48.32542339427671,Android
21396,178,2469,2444.8010829305763,56,1,42.1,15,Sun,14,2,Personal,Weekend trip with the family was so refreshing.,47,0.19156,373,60,43,42,7355,1,50.34404864642878,iOS
20076,73,3547,3633.5542556456435,164,1,9.7,18,Tue,6,1,Question,Any recommendations for weekend plans in the city. Which cafe should I visit next in Bandra.,92,0.17851,447,58,53,23,13851,0,60.00872229557322,Android
20037,82,14341,14353.759215912627,406,1,48.1,15,Sat,8,2,Motivational,Never give up on your dreams keep going.,40,0.06674,820,123,66,63,26811,0,36.742607330522304,iOS
21230,103,14635,14563.361619424626,863,0,0.0,0,Sat,7,1,Promotional,Link in bio to shop the collection now. New collab dropping this week stay tuned.,81,0.06816,776,78,99,93,14590,0,56.9887489004459,iOS
20058,173,5360,5353.283207054314,144,0,0.0,3,Thu,3,0,Motivational,Discipline beats motivation every single time.,46,0.10939,407,67,31,56,6271,0,62.168598342279225,iOS
20197,18,133364,133336.41446197106,5108,1,21.6,1,Wed,17,2,Personal,Late night walk through the city lights. Weekend trip with the family was so refreshing.,88,0.003,248,30,26,49,432639,0,48.76723976598086,Web
21154,15,7243,7226.984500088698,373,0,0.0,23,Fri,9,0,Promotional,Limited time offer just for my followers. Swipe up to grab yours before it sells out.,85,0.10439,700,102,68,58,7458,1,63.228761681659044,Android
20729,178,2469,2488.0893082177827,56,0,0.0,0,Thu,11,2,Personal,Missing home cooked food so much today.,39,0.16395,300,51,38,48,2019,0,68.07718367390316,Android
20586,54,21947,21926.79021765311,1246,0,0.0,5,Sat,11,3,Personal,Coffee and good vibes this morning. Weekend trip with the family was so refreshing.,83,0.02903,489,78,61,60,32994,0,49.3824213924967,Android
20478,136,3532,3525.5823741853296,66,1,16.3,12,Sat,4,0,Question,Which cafe should I visit next in Bandra. Any recommendations for weekend plans in the city.,92,0.14747,378,40,32,46,6811,0,53.89518606365781,iOS
20087,15,7243,7159.888819170984,373,0,0.0,21,Thu,14,0,Meme,When Mumbai local trains are on time for once. Me checking Instagram one more time before sleeping.,99,0.12751,703,106,35,71,7327,0,69.1872124898032,Android
20335,83,18971,18950.467285551134,932,0,0.0,20,Thu,6,0,Personal,Spent the evening at marine drive with friends.,47,0.07163,934,114,122,117,22354,0,54.442464574354176,iOS
20942,218,5745,5726.923713423195,241,1,13.9,18,Mon,6,1,Promotional,Swipe up to grab yours before it sells out. Link in bio to shop the collection now.,83,0.13639,568,87,60,89,23867,0,65.56114954204739,iOS
21079,29,107439,107458.29519230183,3479,0,0.0,15,Wed,10,0,Promotional,Swipe up to grab yours before it sells out. Limited time offer just for my followers.,85,0.003,237,34,32,26,101147,0,57.28102337347407,Android
20780,210,14379,14418.086808557415,443,1,21.5,19,Mon,10,0,Meme,Me checking Instagram one more time before sleeping.,52,0.12555,1132,204,155,175,48985,0,57.01470582328445,iOS
21082,108,5878,5880.90529330289,104,1,34.0,0,Sun,14,1,Meme,Me pretending to work while scrolling reels. That feeling when chai fixes everything.,85,0.10147,385,78,31,54,24437,0,51.722375751727185,Android
21087,2,800,752.3586754966249,22,0,0.0,19,Tue,9,2,Question,What should I vlog next tell me in comments. Which outfit do you all like more comment below.,93,0.26603,161,26,13,20,1374,1,36.04181770038657,iOS
20539,146,12305,12233.715392963082,261,1,21.0,17,Tue,10,1,Motivational,Discipline beats motivation every single time.,46,0.08643,719,110,78,124,22059,0,18.89249056456436,Android
20665,80,2900,2876.3339205734906,80,1,40.5,11,Sat,11,1,Personal,Weekend trip with the family was so refreshing.,47,0.16658,312,49,41,28,8135,0,45.42938233885569,iOS
20419,51,102924,102968.11879478107,4362,1,25.3,5,Sat,8,2,Personal,Grateful for this beautiful sunset today. Just another day in Mumbai chasing dreams.,84,0.003,251,39,13,33,201413,0,70.6316614534842,Android
21065,122,29793,29797.346910595388,1193,1,12.8,0,Thu,12,2,Promotional,Sponsored but I genuinely love this product. Link in bio to shop the collection now.,84,0.02879,669,77,77,109,114079,0,59.370537967775626,Android
21306,178,2469,2597.7694321423223,56,1,34.0,2,Mon,10,1,Question,Any recommendations for weekend plans in the city.,50,0.20186,353,51,52,43,9560,1,61.712206374904795,Android
21043,7,146466,146467.72204942215,3832,0,0.0,12,Sun,5,1,Promotional,Use my code MUMBAI10 for a discount.,36,0.003,326,47,34,44,104016,0,62.81283533701361,Android
20557,80,2900,2987.2483328012336,80,0,0.0,17,Mon,13,3,Promotional,New collab dropping this week stay tuned.,41,0.16611,386,60,30,31,2533,0,56.929842324397356,iOS
21183,212,169962,169997.79879167987,3044,0,0.0,8,Mon,11,2,Promotional,Sponsored but I genuinely love this product.,44,0.003,418,52,21,50,262328,0,31.529168066090147,Android
21009,26,26941,26905.723086134625,1231,1,20.1,14,Thu,6,3,Personal,Missing home cooked food so much today.,39,0.03248,543,122,94,84,83654,0,64.24527565583114,iOS
20716,103,14635,14636.673693958019,863,1,19.9,2,Wed,7,2,Promotional,Excited to partner with this amazing brand.,43,0.071,667,106,104,100,47586,0,36.11098452607507,iOS
21197,38,22263,22320.334256905888,644,0,0.0,2,Sat,13,2,Question,Do you prefer reels or regular posts. Should I do a giveaway this week let me know.,83,0.03015,458,89,28,44,16507,0,35.42743556522309,iOS
21023,99,59204,59253.39643809115,2038,0,0.0,2,Sat,6,2,Personal,Missing home cooked food so much today. Just another day in Mumbai chasing dreams.,82,0.003,137,16,15,17,88560,0,50.32685060754349,iOS
21016,140,91307,91252.52749877979,1535,0,0.0,8,Sun,7,1,Motivational,Believe in yourself and keep pushing forward.,45,0.003,218,25,26,24,81318,0,24.413692441127115,Android
21127,137,5280,5212.0089053826705,154,1,16.0,9,Wed,4,0,Personal,Weekend trip with the family was so refreshing.,47,0.15486,602,107,72,75,20729,1,58.90017282566296,iOS
21095,165,2710,2723.0922199592464,46,0,0.0,12,Sat,7,0,Motivational,Never give up on your dreams keep going.,40,0.12703,259,45,39,36,3124,0,39.43238921175639,iOS
20009,69,8963,9077.527061647286,424,1,26.1,5,Fri,12,1,Meme,When the auto driver actually uses the meter.,45,0.12247,802,119,137,97,33810,0,58.521074749072575,Android
20801,151,10588,10487.865887424274,167,1,38.2,0,Sat,9,3,Personal,Spent the evening at marine drive with friends. Just another day in Mumbai chasing dreams.,90,0.11641,825,123,110,124,34658,0,68.91023324350262,iOS
21200,170,52117,52142.33090615915,922,1,20.4,20,Tue,11,1,Personal,Late night walk through the city lights. Grateful for this beautiful sunset today.,82,0.01436,577,80,59,65,100676,0,78.5069562775475,Web
21194,209,7493,7533.464502174143,136,1,30.5,1,Thu,9,0,Meme,POV you are stuck in Mumbai traffic again.,42,0.12231,777,107,69,84,28013,0,41.182599857191455,iOS
20872,140,91307,91240.00665547213,1535,0,0.0,18,Thu,8,2,Promotional,New collab dropping this week stay tuned.,41,0.003,200,29,24,19,174809,0,49.85355085958219,iOS
21054,118,800,766.6802254609497,48,0,0.0,2,Sat,10,0,Promotional,Link in bio to shop the collection now. Swipe up to grab yours before it sells out.,83,0.21503,103,19,16,15,598,1,48.22080882027094,Android
20075,83,18971,19010.179283468427,932,0,0.0,11,Wed,14,0,Personal,Just another day in Mumbai chasing dreams.,42,0.06132,933,100,69,106,27757,0,51.55798277816346,Android
20738,42,413619,413646.087068451,24012,0,0.0,12,Sat,5,1,Personal,Missing home cooked food so much today. Just another day in Mumbai chasing dreams.,82,0.003,959,181,90,76,520484,0,47.689487893348414,iOS
20523,89,218677,218677.50039189897,8649,1,32.3,23,Sun,3,2,Question,Which cafe should I visit next in Bandra. Should I do a giveaway this week let me know.,87,0.003,455,81,35,54,501408,0,31.94373788762949,Android
20336,197,4979,4969.762377621046,77,0,0.0,18,Sat,10,2,Personal,Missing home cooked food so much today. Late night walk through the city lights.,80,0.14101,581,80,69,58,5387,0,55.385153462077405,Android
20089,156,800,842.7817798121965,22,0,0.0,0,Tue,10,1,Meme,Me pretending to work while scrolling reels. When the auto driver actually uses the meter.,90,0.25497,128,28,16,17,753,1,39.46586553991173,iOS
20638,184,58952,58956.40957227411,1415,0,0.0,19,Tue,4,2,Personal,Spent the evening at marine drive with friends.,47,0.00811,332,54,39,55,63600,0,47.285987268686334,iOS
20218,28,87358,87437.04827304711,2015,0,0.0,14,Sun,8,0,Personal,Grateful for this beautiful sunset today. Missing home cooked food so much today.,81,0.003,199,24,26,22,117652,0,47.90585505024243,iOS
21116,161,23456,23413.08359401318,1134,1,5.1,6,Mon,11,2,Personal,Missing home cooked food so much today. Spent the evening at marine drive with friends.,87,0.03603,677,107,50,59,81335,0,61.460675964013404,iOS
20174,117,63147,63202.608089416826,1546,0,0.0,11,Thu,6,2,Promotional,New collab dropping this week stay tuned. Use my code MUMBAI10 for a discount.,78,0.003,148,25,20,21,106980,0,36.86652741589364,Android
20958,42,413619,413685.9232364254,24012,1,32.6,8,Mon,8,1,Personal,Late night walk through the city lights.,40,0.003,851,88,125,75,1331204,0,51.89804006821716,Android
20904,17,11447,11445.743502578558,464,0,0.0,12,Tue,9,1,Personal,Just another day in Mumbai chasing dreams.,42,0.06983,556,95,63,90,18720,0,47.214611711032724,Android
20320,202,7320,7295.885054159282,219,0,0.0,20,Sat,8,2,Promotional,New collab dropping this week stay tuned.,41,0.1126,663,76,48,64,9230,1,65.79656416864573,Web
21216,82,14341,14287.918111403991,406,1,33.5,6,Sun,8,0,Question,Should I do a giveaway this week let me know.,45,0.04916,500,90,53,56,33992,0,52.54504679057653,Android
20692,140,91307,91325.1881785373,1535,0,0.0,11,Tue,5,0,Question,What should I vlog next tell me in comments. What is your favorite street food spot in Mumbai.,94,0.003,223,27,16,31,65892,0,54.647949800142335,Android
20267,30,35032,35098.99214737171,1313,1,5.0,0,Wed,5,0,Meme,Me pretending to work while scrolling reels.,44,0.003,75,12,8,7,135834,0,65.97143094032566,Android
20007,35,4438,4454.47000558065,148,0,0.0,3,Fri,6,0,Meme,Monday mood be like absolutely not today. Me pretending to work while scrolling reels.,86,0.12177,412,49,27,50,3046,0,57.42027620996088,Android
20139,198,81395,81346.87824788949,2098,0,0.0,21,Tue,9,0,Question,What is your favorite street food spot in Mumbai. Any recommendations for weekend plans in the city.,100,0.003,168,28,21,21,69238,0,83.47706860264618,Web
20164,135,48011,48085.26632680101,1655,1,32.6,9,Sat,7,4,Motivational,Hard work always pays off eventually trust the process. Never give up on your dreams keep going.,96,0.003,118,21,9,13,128229,0,38.55132019209458,Android
21337,31,1340,1438.2357624755211,23,0,0.0,7,Wed,5,1,Personal,Missing home cooked food so much today. Weekend trip with the family was so refreshing.,87,0.19162,189,32,18,22,1175,1,74.09400731777501,Android
21232,96,16160,16155.547212077634,653,1,34.1,23,Tue,6,2,Motivational,Stay consistent and the results will follow. Discipline beats motivation every single time.,91,0.10025,1191,228,168,111,72206,0,42.3512013292562,iOS
21012,8,58990,58993.86740626012,1837,0,0.0,9,Sat,10,2,Motivational,Never give up on your dreams keep going. Discipline beats motivation every single time.,87,0.003,122,21,13,18,78135,0,70.47894801331577,iOS
21293,131,2479,2504.483328173994,82,0,0.0,11,Wed,15,0,Question,Should I do a giveaway this week let me know. Which cafe should I visit next in Bandra.,87,0.15912,314,46,39,28,2549,0,23.96267247255114,iOS
20524,144,3441,3407.4373642240325,204,1,12.5,5,Sat,6,3,Meme,That feeling when chai fixes everything. POV you are stuck in Mumbai traffic again.,83,0.16273,412,65,53,35,7348,1,56.770179748707164,iOS
20736,115,4744,4795.204164920454,238,0,0.0,20,Tue,8,1,Promotional,Excited to partner with this amazing brand. New collab dropping this week stay tuned.,85,0.1461,516,89,54,59,4577,0,46.70481466294302,iOS
20703,140,91307,91340.06943989167,1535,1,40.1,3,Sat,8,0,Meme,POV you are stuck in Mumbai traffic again. That feeling when chai fixes everything.,83,0.003,170,22,11,27,318436,0,43.63593284969548,Android
20579,170,52117,52046.323100331414,922,0,0.0,17,Wed,9,1,Personal,Coffee and good vibes this morning. Missing home cooked food so much today.,75,0.003,111,17,14,16,37264,0,57.6937538479374,Android
21227,141,1668,1661.4632004978712,48,1,42.1,8,Thu,8,1,Promotional,Sponsored but I genuinely love this product.,44,0.21102,241,45,39,32,4929,1,63.101523857929664,iOS
20020,216,19932,19925.622627159126,919,1,9.2,1,Thu,6,0,Motivational,Never give up on your dreams keep going.,40,0.04086,616,117,56,48,71079,0,62.67084196946774,Android
21272,41,1854,1879.4885365230987,31,0,0.0,10,Wed,13,0,Motivational,Every small step counts towards success.,40,0.1745,184,42,21,17,2363,0,66.26249337774912,iOS
20857,76,7991,7950.735591760527,243,0,0.0,19,Sun,9,0,Personal,Spent the evening at marine drive with friends. Late night walk through the city lights.,88,0.1241,765,121,78,72,10956,0,58.05440179685715,Android
20672,17,11447,11480.716633442065,464,0,0.0,0,Wed,6,0,Motivational,Stay consistent and the results will follow. Never give up on your dreams keep going.,85,0.04464,374,69,26,56,20681,0,73.89720840542975,Web
20705,124,1766,1727.1541432135336,42,1,28.2,17,Thu,6,2,Meme,POV you are stuck in Mumbai traffic again. When the auto driver actually uses the meter.,88,0.20576,305,27,26,25,9812,1,43.76055149565476,iOS
20138,80,2900,2798.7566041487016,80,0,0.0,2,Fri,10,0,Motivational,Believe in yourself and keep pushing forward.,45,0.15633,362,42,25,38,4151,0,68.45928941847093,Android
20558,185,28230,28244.12662905876,741,1,19.9,22,Sun,10,1,Personal,Grateful for this beautiful sunset today. Late night walk through the city lights.,82,0.08016,1553,218,258,147,99153,0,59.56488396763398,Web
21142,165,2710,2826.9824172459985,46,1,17.7,1,Thu,10,1,Meme,That feeling when chai fixes everything.,40,0.17716,299,41,35,65,5624,1,59.14046816352038,Android
21056,219,2355,2268.2794415002995,106,0,0.0,4,Sun,12,0,Meme,POV you are stuck in Mumbai traffic again. That feeling when chai fixes everything.,83,0.15436,237,40,23,31,3228,0,17.344161658792807,Android
20743,94,1078,1135.4115344178767,37,1,5.0,20,Sun,7,4,Question,Which cafe should I visit next in Bandra. Do you prefer reels or regular posts.,79,0.26685,175,35,39,31,3497,1,65.0447721715677,iOS
21081,131,2479,2413.561632748066,82,1,17.6,10,Sun,7,2,Promotional,New collab dropping this week stay tuned.,41,0.19881,345,59,40,49,9226,1,58.63191226219803,iOS
20369,20,2464,2517.876845849711,112,0,0.0,18,Sun,9,2,Personal,Spent the evening at marine drive with friends. Grateful for this beautiful sunset today.,89,0.17494,310,45,31,39,2220,1,39.640795172318505,iOS
21315,50,47120,47107.9542417558,712,0,0.0,17,Sat,8,0,Motivational,Never give up on your dreams keep going.,40,0.003,98,17,13,13,43487,0,54.73957032330612,iOS
21090,93,28695,28603.66511025458,1518,1,6.5,14,Mon,10,2,Meme,Me pretending to work while scrolling reels. Me checking Instagram one more time before sleeping.,97,0.03221,678,101,56,94,103311,0,23.317094626080134,Android
20328,78,800,774.211300825642,35,0,0.0,4,Tue,2,1,Personal,Missing home cooked food so much today.,39,0.20131,115,19,10,12,937,0,44.709686785247456,Android
20318,120,13700,13701.053640338328,483,1,40.9,23,Fri,9,0,Meme,When the auto driver actually uses the meter.,45,0.11377,1035,188,132,139,66010,1,70.04381197134434,Web
21063,33,2872,2975.965856598098,112,1,34.3,12,Mon,5,1,Promotional,Sponsored but I genuinely love this product. Excited to partner with this amazing brand.,88,0.18237,402,63,52,32,12237,0,71.14525730700389,Android
21379,6,22343,22312.803782375762,1174,0,0.0,6,Fri,8,1,Promotional,Link in bio to shop the collection now.,39,0.01545,280,42,25,36,25939,0,62.185218087974945,Web
20529,207,19828,19759.415692680708,390,1,17.4,7,Tue,8,0,Personal,Spent the evening at marine drive with friends. Missing home cooked food so much today.,87,0.07303,1118,155,89,189,50491,0,37.35564693491614,Android
20527,180,8304,8324.421062204508,471,0,0.0,1,Thu,10,2,Promotional,Excited to partner with this amazing brand. Link in bio to shop the collection now.,83,0.10549,686,94,64,93,9744,0,42.88506761306159,Android
20088,137,5280,5183.135283133148,154,1,14.8,13,Thu,13,0,Promotional,New collab dropping this week stay tuned. Limited time offer just for my followers.,83,0.12626,448,74,56,60,20226,0,72.30567677792902,Android
20480,20,2464,2412.971737212497,112,1,16.7,7,Sun,6,0,Promotional,Use my code MUMBAI10 for a discount. Link in bio to shop the collection now.,76,0.1822,312,44,31,31,5385,1,58.52054387152214,iOS
20339,1,4420,4426.78327920723,159,1,42.1,6,Mon,2,1,Meme,Monday mood be like absolutely not today.,41,0.14501,451,73,57,58,12313,0,36.169047989701774,Android
20657,70,5790,5943.396268367218,286,0,0.0,12,Wed,10,1,Meme,That feeling when chai fixes everything.,40,0.11711,502,73,57,78,10230,0,70.7728847901121,iOS
20149,64,14974,14920.496472954723,271,1,33.6,1,Wed,3,0,Meme,Me checking Instagram one more time before sleeping. When Mumbai local trains are on time for once.,99,0.06917,720,116,79,114,32520,0,29.089841489912327,iOS
21129,217,1252,1292.592347307749,38,1,13.2,6,Sat,11,1,Meme,Monday mood be like absolutely not today.,41,0.22064,229,32,17,25,5563,1,64.9843334868591,iOS
21289,143,55526,55567.82024438253,1762,0,0.0,6,Sat,11,2,Promotional,Swipe up to grab yours before it sells out.,43,0.003,119,19,15,21,65460,0,47.22870473433383,Web
21014,75,7599,7685.579820052829,324,1,23.0,21,Thu,5,0,Meme,When Mumbai local trains are on time for once. That feeling when chai fixes everything.,87,0.11498,629,98,96,73,15973,0,32.005418676418344,Android
20247,19,8298,8234.05484412569,455,1,34.4,16,Thu,9,0,Question,Which outfit do you all like more comment below. Should I do a giveaway this week let me know.,94,0.13314,811,130,97,102,25254,1,48.38812465316278,iOS
20366,113,8335,8346.64131763491,475,0,0.0,16,Mon,12,1,Promotional,New collab dropping this week stay tuned.,41,0.09892,583,117,93,59,8100,0,48.70664251326699,iOS
20659,86,800,824.4808219245288,21,0,0.0,1,Sat,10,1,Personal,Coffee and good vibes this morning. Missing home cooked food so much today.,75,0.23744,140,19,16,12,1012,1,48.86550474750086,iOS
21051,32,1791,1884.7008493546684,60,1,5.0,13,Thu,7,1,Promotional,Link in bio to shop the collection now.,39,0.20088,292,34,25,29,4475,1,62.47657872518757,Android
20199,45,4692,4626.259698637677,256,0,0.0,12,Sat,10,1,Meme,Me checking Instagram one more time before sleeping. When the auto driver actually uses the meter.,98,0.10946,400,62,46,55,4949,0,58.565702346454636,iOS
20675,78,800,865.9170665384287,35,0,0.0,15,Wed,8,3,Motivational,Discipline beats motivation every single time.,46,0.20441,126,17,12,10,985,0,27.76146267491417,Android
20796,155,2145,2154.267786192978,74,0,0.0,7,Wed,9,0,Question,What is your favorite street food spot in Mumbai. Should I do a giveaway this week let me know.,95,0.1697,262,54,34,40,3125,0,64.47833132210495,Android
20405,218,5745,5664.347804233069,241,1,38.5,15,Tue,5,2,Question,Which cafe should I visit next in Bandra.,41,0.16317,656,126,79,134,19441,1,60.81659007229145,iOS
21181,152,18923,18882.70896134444,393,1,37.7,19,Sat,9,1,Motivational,Discipline beats motivation every single time. Hard work always pays off eventually trust the process.,102,0.05911,864,92,93,110,55469,0,32.82235666637982,iOS
20484,100,2343,2297.453236395332,83,0,0.0,16,Wed,13,1,Personal,Grateful for this beautiful sunset today.,41,0.16351,260,55,29,34,2451,1,47.629469800945145,Web
20159,143,55526,55521.26750095929,1762,0,0.0,14,Sat,9,2,Promotional,New collab dropping this week stay tuned. Use my code MUMBAI10 for a discount.,78,0.003,114,22,12,15,92797,0,55.553909804559524,iOS
20316,169,3160,3218.7539575791084,124,1,14.9,6,Fri,7,1,Motivational,Hard work always pays off eventually trust the process. Stay consistent and the results will follow.,100,0.15658,407,58,28,47,8121,1,42.693507953139324,iOS
20257,179,4075,4097.127257247798,108,1,9.8,8,Sat,10,0,Promotional,Excited to partner with this amazing brand. Limited time offer just for my followers.,85,0.14492,373,71,44,46,9634,1,53.2168623568831,iOS
21088,157,53471,53492.407750470185,1270,1,27.0,17,Mon,9,2,Meme,Me pretending to work while scrolling reels. POV you are stuck in Mumbai traffic again.,87,0.0255,1017,132,117,132,155350,0,53.222188001342815,Android
20883,7,146466,146456.12420726108,3832,0,0.0,23,Mon,10,4,Promotional,Use my code MUMBAI10 for a discount.,36,0.003,311,40,22,45,101784,0,47.54784074628677,iOS
20385,149,13019,13038.050175240169,744,0,0.0,6,Sat,11,0,Promotional,Sponsored but I genuinely love this product. New collab dropping this week stay tuned.,86,0.02352,235,37,22,26,18727,0,53.34688719746459,Android
20178,217,1252,1252.9129382167457,38,1,13.3,16,Thu,4,2,Meme,Me checking Instagram one more time before sleeping.,52,0.22345,185,36,20,29,4639,1,60.194249250169065,Android
20884,54,21947,21956.22732186405,1246,1,27.5,12,Wed,13,1,Personal,Missing home cooked food so much today. Late night walk through the city lights.,80,0.00925,137,21,15,23,62339,0,21.515494508481886,Android
20315,167,4054,3975.475037655812,170,1,25.1,22,Mon,12,0,Question,What is your favorite street food spot in Mumbai. Do you prefer reels or regular posts.,87,0.20433,617,114,56,65,14428,1,27.878202729815655,Android
20358,63,83169,83125.90797866358,3633,1,30.1,8,Sat,7,2,Personal,Late night walk through the city lights. Coffee and good vibes this morning.,76,0.003,176,28,20,18,304966,0,77.9105936944878,iOS
20299,157,53471,53560.58453290113,1270,0,0.0,4,Thu,2,3,Personal,Weekend trip with the family was so refreshing. Just another day in Mumbai chasing dreams.,90,0.003,120,18,13,8,41048,0,38.31501963742869,Android
20456,168,4754,4842.57053160611,229,1,28.1,15,Sun,9,2,Personal,Grateful for this beautiful sunset today.,41,0.12351,477,66,66,57,17734,0,25.263731736400807,Web
20544,13,1329,1287.5459027593752,25,1,29.1,5,Wed,13,2,Personal,Grateful for this beautiful sunset today. Coffee and good vibes this morning.,77,0.20944,205,34,22,26,4548,1,52.95253214847206,Android
21358,80,2900,2880.648218783665,80,0,0.0,23,Fri,11,1,Motivational,Hard work always pays off eventually trust the process. Every small step counts towards success.,96,0.17294,340,66,46,37,4141,0,61.62553964191078,Android
21107,174,302957,302967.8219819177,9862,1,26.9,4,Fri,3,3,Question,What should I vlog next tell me in comments.,44,0.003,601,97,76,72,1382567,0,25.027096779729906,iOS
20528,177,175640,175588.49823423522,3666,0,0.0,11,Thu,12,1,Question,What is your favorite street food spot in Mumbai.,49,0.003,338,62,42,56,246421,0,54.35115021558955,iOS
21167,216,19932,19936.006909255244,919,1,32.8,2,Sat,10,2,Motivational,Discipline beats motivation every single time.,46,0.09059,1277,291,153,171,58937,0,65.34372851317815,iOS
20160,65,19876,19731.321680399942,783,0,0.0,0,Fri,11,1,Motivational,Believe in yourself and keep pushing forward. Never give up on your dreams keep going.,86,0.05497,856,102,107,123,25758,0,32.045972222643684,Android
21353,96,16160,16179.216281634646,653,0,0.0,17,Fri,6,2,Personal,Late night walk through the city lights. Just another day in Mumbai chasing dreams.,83,0.07574,836,141,118,76,8929,0,35.679486434431155,Android
20361,204,35946,35988.50875393537,1929,1,18.9,2,Tue,9,2,Promotional,New collab dropping this week stay tuned.,41,0.003,78,9,10,12,101092,0,52.40643135432467,iOS
21229,173,5360,5412.010650251759,144,1,34.7,10,Tue,6,1,Promotional,Link in bio to shop the collection now.,39,0.10963,397,80,49,39,13054,0,55.76980459698737,iOS
20203,11,3988,4021.8552626637565,88,1,21.2,13,Thu,3,2,Question,Should I do a giveaway this week let me know. Do you prefer reels or regular posts.,83,0.14804,417,42,41,59,11551,0,44.148475821763974,iOS
20810,61,4295,4331.179303766874,128,1,40.1,4,Mon,10,2,Meme,Me checking Instagram one more time before sleeping.,52,0.14719,434,78,49,61,13139,0,43.01402809718206,Android
20673,42,413619,413587.71341295674,24012,0,0.0,10,Sun,5,2,Promotional,Use my code MUMBAI10 for a discount.,36,0.003,870,145,103,136,464404,0,66.16381075878454,Android
20113,176,25943,26005.158430212952,1110,1,42.9,5,Fri,15,1,Promotional,Link in bio to shop the collection now.,39,0.01329,220,35,12,31,80992,0,40.13376372537579,Android
21103,114,147856,147801.48292484652,5668,1,28.7,0,Sat,10,2,Personal,Just another day in Mumbai chasing dreams. Spent the evening at marine drive with friends.,90,0.003,281,36,28,35,600230,0,47.092628801647756,Android
20308,78,800,900.2533836983324,35,0,0.0,1,Sat,7,3,Personal,Coffee and good vibes this morning.,35,0.19573,111,22,12,13,1271,1,50.752787240348624,Android
20858,105,217460,217542.21609179344,7937,0,0.0,14,Sat,7,2,Question,Which outfit do you all like more comment below. Do you prefer reels or regular posts.,86,0.003,451,52,59,60,355562,0,41.379139347698,iOS
20423,191,4646,4617.342180413811,130,0,0.0,23,Thu,12,3,Personal,Spent the evening at marine drive with friends.,47,0.12724,519,68,37,53,6277,0,44.87625200442094,iOS
21363,175,3700,3710.121248958935,221,0,0.0,10,Thu,6,3,Promotional,Excited to partner with this amazing brand.,43,0.1149,294,56,26,31,3747,0,43.97414379554098,iOS
21034,57,2642,2684.550729352292,131,0,0.0,14,Tue,10,3,Promotional,New collab dropping this week stay tuned.,41,0.15897,290,56,38,37,4876,0,37.85238582830752,iOS
21136,208,4083,4033.7108120292864,209,0,0.0,12,Sat,12,0,Meme,POV you are stuck in Mumbai traffic again. Me checking Instagram one more time before sleeping.,95,0.15881,476,73,63,61,5682,1,38.05401782027064,iOS
20460,110,7186,7228.20325869625,136,1,26.7,2,Fri,14,1,Personal,Missing home cooked food so much today.,39,0.12272,707,68,75,92,37350,0,61.33630910918906,Web
21084,192,73094,73014.8282068753,1400,0,0.0,11,Sun,9,0,Question,Should I do a giveaway this week let me know.,45,0.003,157,27,19,20,78018,0,30.11301329648999,Android
21207,2,800,804.0405800927442,22,1,22.6,16,Sun,13,2,Meme,Monday mood be like absolutely not today.,41,0.25373,133,22,18,15,1847,1,46.84922042047579,iOS
20708,9,35979,35988.29508947647,1099,0,0.0,0,Wed,10,0,Motivational,Your only limit is the one you set yourself. Hard work always pays off eventually trust the process.,100,0.003,80,15,7,11,48464,0,56.818588943928475,iOS
20792,209,7493,7491.611040040791,136,1,16.5,2,Wed,10,0,Motivational,Your only limit is the one you set yourself.,44,0.11048,518,103,42,86,30190,0,50.56181387285474,iOS
20450,14,8392,8414.050868938362,140,0,0.0,6,Sat,11,2,Promotional,Limited time offer just for my followers. Sponsored but I genuinely love this product.,86,0.08963,502,67,70,59,6814,0,39.39873519817926,Android
20840,142,3412,3371.014143993858,157,0,0.0,15,Wed,10,0,Motivational,Hard work always pays off eventually trust the process. Every small step counts towards success.,96,0.14372,381,65,33,56,3936,0,61.36450161749967,iOS
20081,154,3884,3828.359892657152,134,1,30.3,6,Thu,8,0,Question,Which cafe should I visit next in Bandra.,41,0.15346,400,60,37,37,18000,0,31.895009951587394,iOS
21219,61,4295,4280.119229394331,128,0,0.0,14,Wed,12,0,Motivational,Believe in yourself and keep pushing forward.,45,0.12484,386,64,26,66,3340,0,32.79174064703717,iOS
21278,180,8304,8268.927319257264,471,0,0.0,21,Sat,9,1,Motivational,Every small step counts towards success. Stay consistent and the results will follow.,85,0.14359,839,146,84,110,14897,1,46.736005588195056,iOS
20216,145,21088,21089.559975153294,451,1,22.1,6,Thu,5,1,Promotional,Limited time offer just for my followers. New collab dropping this week stay tuned.,83,0.02399,335,59,51,29,58756,0,55.390491537748964,iOS
21125,34,20189,20199.971271379134,556,0,0.0,11,Sat,13,0,Personal,Missing home cooked food so much today. Grateful for this beautiful sunset today.,81,0.00974,132,24,14,19,17706,0,69.49281595307873,iOS
20031,106,5736,5703.647401044836,270,0,0.0,8,Sun,8,2,Meme,POV you are stuck in Mumbai traffic again.,42,0.11268,449,57,63,57,10267,0,47.37286913271854,Android
20243,82,14341,14293.641668083346,406,1,29.6,13,Sun,14,1,Meme,Me checking Instagram one more time before sleeping.,52,0.08655,911,176,82,100,40066,0,68.38187845556581,iOS
20846,136,3532,3469.0338632432995,66,0,0.0,20,Tue,8,0,Question,Any recommendations for weekend plans in the city.,50,0.16265,447,49,36,37,4050,0,35.197338260281896,iOS
20642,41,1854,1834.5668320056714,31,1,36.3,19,Wed,5,1,Meme,POV you are stuck in Mumbai traffic again.,42,0.22243,267,51,44,59,8485,0,24.159025193342785,iOS
20210,106,5736,5721.531252287187,270,1,12.7,18,Fri,11,2,Question,Should I do a giveaway this week let me know.,45,0.1555,619,105,94,74,22597,1,43.68119981263207,iOS
20719,101,2522,2564.835752147332,141,0,0.0,16,Tue,8,0,Motivational,Every small step counts towards success. Believe in yourself and keep pushing forward.,86,0.14897,307,44,22,32,2664,0,40.4457644141606,iOS
20436,78,800,684.4067516401569,35,1,21.2,1,Sat,13,2,Personal,Late night walk through the city lights.,40,0.28838,139,28,18,23,3806,1,37.386554850085034,Web
20935,121,26047,26085.88522562465,1493,0,0.0,6,Sat,7,1,Personal,Missing home cooked food so much today. Just another day in Mumbai chasing dreams.,82,0.0087,194,19,17,21,19607,0,7.517671495717337,iOS
21308,85,12073,12204.022706950509,450,0,0.0,15,Tue,9,1,Personal,Spent the evening at marine drive with friends. Missing home cooked food so much today.,87,0.08035,656,102,67,68,11477,0,73.60071368449186,iOS
21019,91,4999,5058.022508631148,95,1,19.7,16,Sat,10,0,Meme,Me pretending to work while scrolling reels. That feeling when chai fixes everything.,85,0.15709,545,87,65,78,28172,1,28.653568546886262,Android
21273,212,169962,169927.07536224587,3044,1,31.9,20,Sat,8,2,Promotional,Use my code MUMBAI10 for a discount. New collab dropping this week stay tuned.,78,0.003,389,51,52,47,417563,0,40.87891305463091,Android
20552,37,18796,18781.517702876794,443,0,0.0,5,Wed,5,1,Personal,Grateful for this beautiful sunset today. Weekend trip with the family was so refreshing.,89,0.02088,313,34,21,26,16434,0,54.18278584197681,Android
20545,131,2479,2400.9050926827645,82,0,0.0,16,Mon,10,1,Meme,That feeling when chai fixes everything. POV you are stuck in Mumbai traffic again.,83,0.20181,411,55,36,55,2461,1,55.36846413140196,iOS
21134,133,7910,7903.074392540883,409,0,0.0,12,Thu,11,0,Motivational,Never give up on your dreams keep going. Discipline beats motivation every single time.,87,0.07179,483,61,64,45,6705,0,63.041765566795036,Android
20968,85,12073,12074.096366527212,450,0,0.0,2,Sun,5,0,Question,What is your favorite street food spot in Mumbai. Which outfit do you all like more comment below.,98,0.06969,546,99,46,82,11142,0,46.05566260044678,iOS
20745,124,1766,1838.2826586026351,42,0,0.0,3,Tue,9,2,Personal,Weekend trip with the family was so refreshing.,47,0.17717,222,27,29,26,1854,0,54.23889490335642,Web
20404,82,14341,14345.24666792004,406,0,0.0,10,Fri,10,3,Meme,Me checking Instagram one more time before sleeping. Me pretending to work while scrolling reels.,97,0.05586,562,96,57,58,9516,0,36.37574773185317,iOS
21380,122,29793,29698.943338779347,1193,1,11.9,0,Tue,5,2,Promotional,Swipe up to grab yours before it sells out. Use my code MUMBAI10 for a discount.,80,0.02203,487,69,42,53,78326,0,64.82060719564093,Web
20363,199,1551,1518.4071223726535,59,1,24.3,16,Thu,10,1,Meme,Monday mood be like absolutely not today.,41,0.22236,245,33,29,32,3330,1,34.87385171328094,iOS
20272,152,18923,18849.82503283951,393,0,0.0,6,Sat,14,1,Question,Do you prefer reels or regular posts. Should I do a giveaway this week let me know.,83,0.04785,638,101,48,95,14703,0,55.278377133151665,iOS
20467,196,6165,6232.928456550802,296,1,13.5,19,Mon,12,1,Personal,Weekend trip with the family was so refreshing. Grateful for this beautiful sunset today.,89,0.15525,763,80,59,63,17845,1,49.94863460358467,Android
21245,80,2900,2904.3614320162087,80,1,25.9,4,Fri,11,1,Promotional,Use my code MUMBAI10 for a discount. New collab dropping this week stay tuned.,78,0.16374,385,66,52,48,12858,1,72.90253314843396,iOS
21027,153,1410,1447.210978728898,80,0,0.0,4,Fri,14,0,Personal,Just another day in Mumbai chasing dreams. Missing home cooked food so much today.,82,0.21885,243,42,30,40,1464,1,56.206749999195765,iOS
20278,145,21088,21110.76823834706,451,1,46.2,17,Sun,6,1,Motivational,Every small step counts towards success.,40,0.04536,825,98,46,82,49179,0,47.967697757043595,iOS
21243,203,11799,11866.795135239634,310,0,0.0,11,Sat,9,3,Motivational,Your only limit is the one you set yourself.,44,0.06546,602,101,78,77,18511,0,31.101168005589063,iOS
21326,218,5745,5742.380783452928,241,0,0.0,14,Thu,9,0,Promotional,Excited to partner with this amazing brand. Link in bio to shop the collection now.,83,0.13001,595,67,55,37,5319,0,48.78726933586811,Android
21316,72,82423,82379.10728762447,2632,0,0.0,8,Sat,7,1,Promotional,Swipe up to grab yours before it sells out. New collab dropping this week stay tuned.,85,0.003,166,17,12,23,93584,0,79.00043047704197,iOS
20923,68,8577,8575.28880449999,159,0,0.0,6,Tue,9,1,Personal,Late night walk through the city lights. Missing home cooked food so much today.,80,0.08722,565,82,69,84,7819,0,36.79708845719237,iOS
21074,121,26047,26068.2557552999,1493,0,0.0,10,Sat,5,1,Motivational,Discipline beats motivation every single time.,46,0.0397,786,100,61,94,15493,0,31.035421733907146,Android
20443,47,1621,1593.0677315303756,32,1,18.7,10,Sat,12,0,Question,Any recommendations for weekend plans in the city. Which cafe should I visit next in Bandra.,92,0.21466,229,41,18,21,5038,1,51.59894793583449,iOS
20300,137,5280,5236.493069488083,154,0,0.0,15,Tue,12,3,Personal,Coffee and good vibes this morning.,35,0.13205,443,82,56,65,4376,0,56.206015601162505,iOS
21168,7,146466,146470.3549956197,3832,1,6.7,0,Fri,10,1,Promotional,Limited time offer just for my followers.,41,0.003,343,50,39,32,641311,0,57.349304803689186,iOS
20376,157,53471,53383.455168815046,1270,1,35.9,15,Sun,12,2,Meme,Me checking Instagram one more time before sleeping.,52,0.00607,207,44,17,25,112905,0,68.64053258041187,iOS
20880,71,23270,23267.85747313945,683,0,0.0,18,Fri,7,0,Personal,Late night walk through the city lights. Coffee and good vibes this morning.,76,0.05448,875,128,82,92,38061,0,57.53019977925905,Android
21341,1,4420,4480.550489262187,159,1,25.0,23,Mon,5,1,Personal,Just another day in Mumbai chasing dreams. Spent the evening at marine drive with friends.,90,0.18495,581,96,63,70,7396,1,61.28689888666385,Android
21104,80,2900,2896.023443742038,80,0,0.0,1,Tue,10,1,Personal,Late night walk through the city lights.,40,0.13944,322,51,23,42,4239,0,36.166570644370566,Android
21118,42,413619,413535.64271477814,24012,1,26.1,10,Thu,8,3,Motivational,Stay consistent and the results will follow.,44,0.003,843,130,63,142,1559507,0,61.79635191528839,iOS
20473,215,42079,42073.891062073555,754,1,10.0,9,Wed,7,0,Meme,Me checking Instagram one more time before sleeping.,52,0.01259,430,51,47,44,76660,0,50.391375338089446,Android
20979,169,3160,3169.6411708980886,124,0,0.0,19,Mon,9,1,Motivational,Stay consistent and the results will follow.,44,0.18582,372,72,46,53,4071,0,32.43660664908936,Android
20564,216,19932,20002.99460807814,919,0,0.0,13,Sat,8,2,Question,What should I vlog next tell me in comments. Which outfit do you all like more comment below.,93,0.04072,667,77,76,66,23205,0,83.4590122732713,Android
21266,143,55526,55506.88954813199,1762,1,33.8,16,Mon,13,1,Question,Do you prefer reels or regular posts.,37,0.01834,656,98,122,97,129702,0,69.72638988495586,iOS
20389,18,133364,133295.90489038828,5108,0,0.0,21,Sun,9,1,Promotional,Use my code MUMBAI10 for a discount.,36,0.003,312,48,33,32,139810,0,47.012312546755886,iOS
20023,119,1283,1252.8943747772864,56,0,0.0,20,Sat,9,0,Personal,Coffee and good vibes this morning.,35,0.22954,229,25,30,24,1471,1,52.48956873648475,iOS
20714,57,2642,2586.77630047041,131,1,37.3,22,Thu,11,2,Meme,When Mumbai local trains are on time for once. POV you are stuck in Mumbai traffic again.,89,0.20481,404,52,46,52,5126,0,46.609084555613585,iOS
20125,4,37874,37896.976130898984,685,0,0.0,10,Sun,8,3,Personal,Grateful for this beautiful sunset today.,41,0.003,78,13,8,15,42264,0,65.63268282699406,Android
20424,15,7243,7282.503246359114,373,0,0.0,1,Thu,9,2,Personal,Weekend trip with the family was so refreshing.,47,0.10406,590,77,73,57,9916,0,32.15611760108054,Android
21253,119,1283,1317.4992314114534,56,0,0.0,4,Fri,5,1,Promotional,New collab dropping this week stay tuned. Sponsored but I genuinely love this product.,86,0.1968,172,33,22,18,1087,1,52.308846591589194,iOS
21334,18,133364,133374.71037358127,5108,1,15.3,15,Tue,13,0,Promotional,Limited time offer just for my followers. Swipe up to grab yours before it sells out.,85,0.003,321,43,31,30,438667,0,69.56755284213035,iOS
21055,163,5898,6011.008818887511,136,0,0.0,19,Tue,8,1,Promotional,Excited to partner with this amazing brand.,43,0.12572,549,77,78,65,8462,0,41.35978149588977,Android
21397,187,51554,51598.31746841511,1220,0,0.0,15,Mon,10,1,Promotional,Use my code MUMBAI10 for a discount.,36,0.003,108,16,15,13,69016,0,68.81290716454936,iOS
20143,67,9434,9428.538634053202,304,0,0.0,9,Fri,13,2,Question,Any recommendations for weekend plans in the city.,50,0.07312,483,89,61,52,6540,0,62.568783074279374,iOS
20051,180,8304,8354.70181566009,471,0,0.0,19,Fri,10,2,Motivational,Hard work always pays off eventually trust the process. Believe in yourself and keep pushing forward.,101,0.13681,854,101,138,98,13890,0,41.29859040407467,Web
21303,69,8963,8991.210932143993,424,0,0.0,8,Fri,8,0,Personal,Weekend trip with the family was so refreshing.,47,0.11759,802,132,80,109,13579,0,28.38867891741606,iOS
21018,52,268184,268112.1305139639,12683,0,0.0,18,Sat,7,1,Question,Any recommendations for weekend plans in the city.,50,0.003,515,87,66,80,347631,0,54.13705543385576,Android
20624,85,12073,12024.742024527406,450,0,0.0,20,Fri,9,0,Personal,Weekend trip with the family was so refreshing.,47,0.10377,843,155,97,152,10746,0,51.916302964062226,Web
21180,133,7910,7961.5570109218415,409,1,16.5,2,Fri,10,2,Personal,Missing home cooked food so much today.,39,0.11611,585,103,89,110,32629,0,51.78357431149474,Android
20082,40,21512,21571.89688384647,564,0,0.0,11,Sat,13,1,Promotional,Swipe up to grab yours before it sells out. Limited time offer just for my followers.,85,0.03349,520,66,54,60,29212,0,63.95589087241896,iOS
20704,98,9299,9320.859247090082,339,0,0.0,1,Fri,15,0,Personal,Spent the evening at marine drive with friends. Weekend trip with the family was so refreshing.,95,0.10423,711,149,66,77,7501,0,61.49924483132585,Android
20483,93,28695,28683.21158423747,1518,1,24.3,19,Sun,10,1,Promotional,Limited time offer just for my followers.,41,0.04544,1119,116,89,91,127790,0,62.32305636930967,iOS
20322,113,8335,8343.863494700816,475,0,0.0,15,Tue,13,2,Promotional,Swipe up to grab yours before it sells out.,43,0.0981,571,71,64,86,8347,0,59.93021964450794,Web
21163,210,14379,14305.21976833701,443,0,0.0,19,Tue,17,2,Meme,Monday mood be like absolutely not today. Me checking Instagram one more time before sleeping.,94,0.10232,814,224,142,145,18698,0,73.40984864022164,iOS
20955,111,7706,7679.60273216026,438,0,0.0,16,Tue,8,1,Promotional,Swipe up to grab yours before it sells out.,43,0.10503,577,81,73,58,10606,0,38.059590158876745,iOS
21329,33,2872,2915.300292090327,112,0,0.0,19,Sat,9,0,Promotional,Link in bio to shop the collection now. Sponsored but I genuinely love this product.,84,0.16314,352,42,38,47,4148,0,45.55719982257072,iOS
20067,161,23456,23406.813221683315,1134,0,0.0,2,Fri,9,0,Motivational,Believe in yourself and keep pushing forward.,45,0.02959,481,75,42,40,39498,0,59.480546845198404,Android
20862,77,800,769.7222360146712,37,1,12.8,14,Mon,12,1,Motivational,Discipline beats motivation every single time. Stay consistent and the results will follow.,91,0.26037,150,27,10,19,1285,1,41.47840373434901,iOS
21234,21,11761,11792.49515771724,696,0,0.0,2,Sat,6,1,Meme,Me pretending to work while scrolling reels. When the auto driver actually uses the meter.,90,0.08087,733,117,59,86,11022,0,44.3975326858058,Android
20737,138,56557,56440.77430295684,2836,0,0.0,13,Thu,6,1,Meme,When Mumbai local trains are on time for once. Me pretending to work while scrolling reels.,91,0.003,131,21,10,11,67221,0,81.06004194937259,iOS
21022,161,23456,23463.936346859635,1134,1,11.4,3,Tue,14,0,Personal,Missing home cooked food so much today.,39,0.06282,912,188,157,135,90957,0,26.227673237168975,Android
20418,98,9299,9304.531564151139,339,0,0.0,17,Sun,8,1,Meme,Me pretending to work while scrolling reels.,44,0.10052,658,105,105,88,16503,0,56.73900062276412,iOS
20633,110,7186,7143.53889088385,136,0,0.0,19,Tue,8,2,Question,Which cafe should I visit next in Bandra. Should I do a giveaway this week let me know.,87,0.12047,559,74,85,95,4120,0,39.719716737242535,iOS
21114,216,19932,19860.60671617805,919,0,0.0,17,Thu,6,1,Meme,Me pretending to work while scrolling reels.,44,0.0553,847,129,103,132,29337,0,41.4997414408068,Android
20065,67,9434,9488.67072097676,304,0,0.0,17,Thu,12,1,Motivational,Every small step counts towards success. Stay consistent and the results will follow.,85,0.12701,857,165,124,145,12424,0,59.252600723249856,iOS
20140,24,13310,13396.424191992732,761,0,0.0,5,Fri,10,1,Meme,POV you are stuck in Mumbai traffic again. Me pretending to work while scrolling reels.,87,0.05929,519,71,60,91,14337,0,44.53139062898934,iOS
21123,167,4054,4088.981618106081,170,1,20.9,13,Sun,10,2,Personal,Missing home cooked food so much today. Grateful for this beautiful sunset today.,81,0.15785,455,89,56,56,11471,0,57.03264616824354,Android
21139,83,18971,19039.172646945986,932,0,0.0,5,Wed,12,1,Personal,Missing home cooked food so much today.,39,0.07017,903,151,106,128,23874,0,47.53273944699353,iOS
20492,178,2469,2460.8021124599672,56,0,0.0,12,Thu,6,1,Motivational,Never give up on your dreams keep going.,40,0.16665,286,46,30,44,3064,0,24.331470606623906,iOS
21091,183,6770,6750.889709115238,273,0,0.0,9,Sat,7,1,Meme,When Mumbai local trains are on time for once. POV you are stuck in Mumbai traffic again.,89,0.1229,635,92,45,65,6844,1,59.548292797364645,Android
20973,118,800,844.9726731214017,48,1,16.8,5,Sat,7,0,Meme,POV you are stuck in Mumbai traffic again. When Mumbai local trains are on time for once.,89,0.23286,122,16,22,20,2036,1,53.37752709128736,iOS
20533,127,2703,2681.2290320157226,60,0,0.0,21,Thu,15,0,Question,What should I vlog next tell me in comments.,44,0.18238,386,51,33,39,4782,0,50.26302017846122,iOS
20066,36,83563,83555.7763757975,4185,1,18.0,13,Wed,11,2,Question,Should I do a giveaway this week let me know.,45,0.003,165,29,20,26,292186,0,83.02360924790281,Web
21175,142,3412,3413.9265486970858,157,1,26.2,9,Sat,16,2,Question,Should I do a giveaway this week let me know. What is your favorite street food spot in Mumbai.,95,0.16003,398,61,63,42,9207,0,51.8763901151164,Android
20782,160,1067,1056.9536821145198,18,1,25.8,21,Fri,10,0,Question,Any recommendations for weekend plans in the city. Which outfit do you all like more comment below.,99,0.29051,229,34,27,24,3461,1,40.728927035738494,iOS
21170,179,4075,4054.8314622520443,108,0,0.0,15,Sun,7,0,Question,What should I vlog next tell me in comments. Any recommendations for weekend plans in the city.,95,0.16624,468,77,41,56,3999,0,17.364790971280314,iOS
20297,100,2343,2356.3428477942143,83,1,28.9,19,Mon,3,0,Promotional,Limited time offer just for my followers.,41,0.19816,358,54,25,38,6084,1,60.703073486918015,iOS
20592,20,2464,2394.34970450625,112,0,0.0,13,Sat,10,2,Personal,Grateful for this beautiful sunset today.,41,0.17301,311,51,45,39,2633,1,51.648868013667226,Android
20420,80,2900,2822.086732165647,80,1,28.6,6,Mon,6,1,Question,Which cafe should I visit next in Bandra. Do you prefer reels or regular posts.,79,0.15551,298,43,39,32,7568,0,45.14395833059841,Android
20439,25,1858,1830.4195412602899,34,0,0.0,18,Mon,5,3,Motivational,Believe in yourself and keep pushing forward. Your only limit is the one you set yourself.,90,0.19137,232,38,30,40,2556,1,81.71639639577623,Android
20262,26,26941,26969.244432573883,1231,0,0.0,18,Fri,12,3,Motivational,Believe in yourself and keep pushing forward. Your only limit is the one you set yourself.,90,0.05243,861,185,120,123,44255,0,49.59325169710156,Android
20725,170,52117,52139.02327403519,922,0,0.0,21,Fri,14,1,Motivational,Your only limit is the one you set yourself. Stay consistent and the results will follow.,89,0.02938,1155,157,111,148,71389,0,74.97270290084802,iOS
21226,152,18923,18836.082675320107,393,1,39.1,7,Wed,8,2,Personal,Grateful for this beautiful sunset today. Just another day in Mumbai chasing dreams.,84,0.06594,860,169,100,123,61171,0,84.34540239317923,Android
20282,112,129719,129725.10814146408,3763,1,29.9,17,Mon,6,0,Question,What should I vlog next tell me in comments.,44,0.003,299,30,33,44,474666,0,67.30472034169092,iOS
20627,142,3412,3326.081464814798,157,1,8.0,0,Sat,10,0,Promotional,Limited time offer just for my followers.,41,0.14323,365,66,41,50,5980,0,36.21959868173322,iOS
20875,86,800,808.0401452636055,21,1,17.6,7,Wed,14,2,Motivational,Never give up on your dreams keep going.,40,0.24008,136,20,18,16,3148,1,66.86865728814057,iOS
20934,202,7320,7377.071376099146,219,1,28.8,1,Wed,7,2,Question,Should I do a giveaway this week let me know.,45,0.13747,728,82,84,63,27582,0,63.01615287940697,iOS
21354,203,11799,11737.842830122125,310,1,18.8,10,Sun,6,1,Meme,POV you are stuck in Mumbai traffic again.,42,0.07475,592,83,62,66,30421,0,21.804576696674264,iOS
20189,96,16160,16099.169154979538,653,1,14.9,19,Wed,7,1,Meme,Monday mood be like absolutely not today.,41,0.11831,1383,229,151,143,55633,0,37.87523470278275,Android
21121,104,8326,8326.33462383954,302,1,30.5,18,Sun,10,1,Promotional,Link in bio to shop the collection now. New collab dropping this week stay tuned.,81,0.11488,587,100,97,89,32021,0,42.41241511405181,Android
20252,186,13693,13635.810464041631,530,1,28.5,12,Sun,7,0,Motivational,Every small step counts towards success. Discipline beats motivation every single time.,87,0.08105,811,116,76,122,60781,0,36.997361296288354,Android
20584,28,87358,87388.22661966644,2015,0,0.0,18,Wed,10,3,Motivational,Believe in yourself and keep pushing forward.,45,0.003,168,26,18,23,98193,0,44.37092606393229,iOS
20902,79,37410,37452.01314500824,1086,0,0.0,22,Thu,8,0,Personal,Just another day in Mumbai chasing dreams.,42,0.003,81,12,9,10,24282,0,65.28379815569741,iOS
21161,8,58990,58938.3095574769,1837,1,29.3,12,Fri,10,3,Question,Which outfit do you all like more comment below.,48,0.003,131,21,19,14,264454,0,47.47793681865295,Android
20991,52,268184,268307.95526073285,12683,1,41.6,10,Fri,7,0,Motivational,Never give up on your dreams keep going.,40,0.003,531,96,63,39,923522,0,26.559389927872825,iOS
20515,204,35946,35903.54858099276,1929,0,0.0,18,Fri,11,1,Promotional,Sponsored but I genuinely love this product. Use my code MUMBAI10 for a discount.,81,0.01449,411,70,32,51,39197,0,20.588280446831163,Android
20913,7,146466,146471.19526581166,3832,1,15.9,2,Thu,10,1,Promotional,Limited time offer just for my followers.,41,0.003,331,52,48,46,571216,0,22.607009582079122,iOS
20707,157,53471,53510.19510524485,1270,0,0.0,23,Thu,9,2,Promotional,Sponsored but I genuinely love this product.,44,0.003,104,14,17,12,38711,0,71.85182748831248,iOS
20488,181,2026,1939.8891432666946,104,0,0.0,5,Tue,11,0,Promotional,Use my code MUMBAI10 for a discount.,36,0.18688,287,32,20,43,2243,0,40.867729165980805,iOS
20664,12,51515,51503.07161946324,2892,1,6.7,9,Sun,7,2,Motivational,Stay consistent and the results will follow. Discipline beats motivation every single time.,91,0.015,570,68,41,70,149878,0,41.8111409048185,iOS
20274,38,22263,22373.20604492005,644,1,35.9,14,Fri,14,0,Promotional,Use my code MUMBAI10 for a discount.,36,0.05405,830,167,124,89,56985,0,49.8661653881801,Android
20686,51,102924,102850.54977871606,4362,0,0.0,8,Mon,12,0,Promotional,Sponsored but I genuinely love this product.,44,0.003,221,32,22,25,182336,0,40.91635904014519,iOS
21159,115,4744,4712.372398552817,238,0,0.0,9,Mon,8,2,Personal,Coffee and good vibes this morning. Just another day in Mumbai chasing dreams.,78,0.1336,433,70,35,55,3769,0,51.389513990090535,iOS
21258,90,11680,11736.477541866283,183,0,0.0,18,Wed,10,1,Personal,Just another day in Mumbai chasing dreams.,42,0.12611,1061,176,127,134,11209,0,35.34532202096279,Web
20449,34,20189,20176.931936663517,556,0,0.0,9,Tue,9,2,Meme,Me pretending to work while scrolling reels.,44,0.05833,940,149,100,142,12136,0,19.80541355834591,iOS
20412,79,37410,37353.69582505526,1086,0,0.0,7,Mon,8,0,Motivational,Stay consistent and the results will follow. Every small step counts towards success.,85,0.01931,492,87,64,74,39771,0,66.11238135903763,Android
20459,90,11680,11658.022668598662,183,1,20.5,5,Fri,9,1,Meme,Me pretending to work while scrolling reels.,44,0.09377,831,125,84,86,36953,0,62.81368772053406,Android
21042,104,8326,8307.645574939415,302,1,26.9,11,Tue,11,0,Question,Do you prefer reels or regular posts. Which outfit do you all like more comment below.,86,0.10612,693,126,63,62,25035,0,30.814213459431507,iOS
21218,165,2710,2678.619147537839,46,0,0.0,4,Mon,10,3,Motivational,Hard work always pays off eventually trust the process.,55,0.14786,293,44,37,44,3173,0,47.366334799061576,iOS
20668,218,5745,5730.405349268928,241,0,0.0,21,Wed,14,2,Personal,Spent the evening at marine drive with friends.,47,0.16327,625,87,37,72,3620,0,76.40981708994747,Android
21333,118,800,781.8468366081717,48,0,0.0,22,Thu,7,1,Motivational,Discipline beats motivation every single time. Hard work always pays off eventually trust the process.,102,0.26319,150,31,14,22,816,1,41.49780775137629,Android
20150,45,4692,4698.716153947955,256,0,0.0,16,Fri,12,4,Personal,Spent the evening at marine drive with friends. Coffee and good vibes this morning.,83,0.13127,483,67,57,55,6631,0,54.842439416142625,Android
20802,159,72318,72294.57380948165,3536,0,0.0,8,Fri,12,0,Personal,Weekend trip with the family was so refreshing.,47,0.003,174,21,16,23,118041,0,71.21006674034066,Android
20954,3,31089,31072.75605820973,1498,1,35.3,21,Fri,5,2,Promotional,Limited time offer just for my followers.,41,0.0353,816,115,97,83,108146,0,55.167446948097826,iOS
20734,76,7991,8025.10425499869,243,0,0.0,18,Fri,4,0,Motivational,Never give up on your dreams keep going. Believe in yourself and keep pushing forward.,86,0.10073,575,109,74,74,10401,0,61.13624531831452,iOS
20219,137,5280,5305.123637422583,154,1,27.6,14,Sat,10,1,Motivational,Never give up on your dreams keep going. Stay consistent and the results will follow.,85,0.11051,396,65,29,46,18208,0,39.43652947000546,Android
20240,220,35428,35421.51275665811,2079,0,0.0,6,Sun,4,0,Personal,Late night walk through the city lights.,40,0.01607,447,58,61,48,60179,0,44.061167686621566,iOS
21000,123,8464,8507.78399128619,282,1,33.5,16,Sun,13,0,Promotional,Limited time offer just for my followers. Use my code MUMBAI10 for a discount.,78,0.12741,685,105,65,119,26400,0,54.391026748171555,iOS
20726,98,9299,9311.584246110493,339,0,0.0,17,Thu,10,2,Question,Which outfit do you all like more comment below. What is your favorite street food spot in Mumbai.,98,0.09715,614,103,64,95,10819,0,28.363381346999162,iOS
20193,17,11447,11469.017822634769,464,0,0.0,12,Thu,5,1,Meme,Me checking Instagram one more time before sleeping. Monday mood be like absolutely not today.,94,0.06055,494,100,53,59,16047,0,36.958966614256916,iOS
21374,139,38040,38021.938137710844,2154,0,0.0,0,Sun,7,1,Meme,When Mumbai local trains are on time for once. Monday mood be like absolutely not today.,88,0.0259,680,83,91,79,50372,0,10.573127985552262,Web
20192,107,32516,32491.14776642853,1186,0,0.0,0,Wed,7,0,Motivational,Believe in yourself and keep pushing forward.,45,0.003,74,13,6,9,39340,0,47.9330116900201,iOS
20807,125,42968,42936.08450232448,1290,0,0.0,1,Fri,9,2,Meme,When the auto driver actually uses the meter.,45,0.01269,380,55,44,40,78454,0,57.562809914954975,Android
20948,136,3532,3539.6394889241406,66,0,0.0,18,Mon,12,0,Promotional,Use my code MUMBAI10 for a discount. Sponsored but I genuinely love this product.,81,0.1562,416,71,49,62,5152,0,42.652499121916804,Android
20831,132,7286,7291.4855980625125,121,0,0.0,9,Mon,7,0,Motivational,Believe in yourself and keep pushing forward. Every small step counts towards success.,86,0.1046,573,75,71,88,4772,0,77.22206663344852,iOS
20645,186,13693,13715.082343683061,530,1,30.8,1,Tue,14,2,Promotional,Limited time offer just for my followers. New collab dropping this week stay tuned.,83,0.10746,977,191,113,143,41028,0,57.57611977279809,iOS
20983,50,47120,47099.83626873142,712,1,6.8,8,Mon,9,0,Question,What should I vlog next tell me in comments. Which outfit do you all like more comment below.,93,0.00567,217,31,19,30,165581,0,43.49816241224116,iOS
20826,36,83563,83507.59853742785,4185,0,0.0,4,Sun,10,0,Personal,Grateful for this beautiful sunset today.,41,0.003,184,22,19,21,46968,0,41.3490165855627,iOS
21356,50,47120,47069.34373069616,712,1,28.3,15,Sun,7,1,Question,What should I vlog next tell me in comments. Any recommendations for weekend plans in the city.,95,0.02708,938,138,75,129,113492,0,53.052811642316165,Android
20017,211,37502,37483.64469994349,1239,1,20.2,13,Wed,14,1,Question,Do you prefer reels or regular posts. Should I do a giveaway this week let me know.,83,0.0402,1102,192,115,132,98643,0,33.84613590499727,iOS
20987,185,28230,28120.75041213485,741,1,18.3,20,Thu,11,1,Personal,Late night walk through the city lights. Coffee and good vibes this morning.,76,0.05501,1152,150,157,182,139471,0,55.799882376550016,Android
21124,217,1252,1201.401451981466,38,1,24.3,15,Wed,10,1,Motivational,Believe in yourself and keep pushing forward. Stay consistent and the results will follow.,90,0.25497,230,30,15,22,5787,1,53.086539398517274,Android
20583,121,26047,25996.964948673027,1493,1,16.5,10,Fri,8,0,Personal,Late night walk through the city lights.,40,0.03213,634,106,67,85,105872,0,37.16650782429896,Web
21327,142,3412,3325.1172085008016,157,1,18.4,3,Thu,7,0,Promotional,Excited to partner with this amazing brand. Swipe up to grab yours before it sells out.,87,0.13754,329,60,31,49,13655,0,74.45871461460173,iOS
20982,65,19876,19810.04751597603,783,0,0.0,0,Sat,13,0,Personal,Just another day in Mumbai chasing dreams. Late night walk through the city lights.,83,0.03232,437,76,57,61,37515,0,42.381043268905415,iOS
20628,182,75444,75479.18427597382,1189,1,17.3,5,Fri,10,0,Personal,Grateful for this beautiful sunset today. Just another day in Mumbai chasing dreams.,84,0.003,176,31,21,21,326506,0,38.02367026971551,iOS
21297,65,19876,19933.704917027942,783,0,0.0,13,Thu,13,2,Personal,Weekend trip with the family was so refreshing.,47,0.06497,851,135,117,107,27498,0,15.705210570040848,iOS
20324,192,73094,73156.89068569776,1400,1,27.6,21,Thu,7,4,Personal,Spent the evening at marine drive with friends. Late night walk through the city lights.,88,0.003,161,25,23,22,245627,0,33.39957878835324,iOS
21140,66,6202,6285.586342279649,194,0,0.0,20,Sun,10,1,Personal,Coffee and good vibes this morning.,35,0.14869,691,76,68,84,3505,0,38.18144319666959,iOS
20632,97,15409,15405.195496595625,287,1,25.4,4,Wed,11,1,Personal,Spent the evening at marine drive with friends.,47,0.09082,925,192,117,133,56638,0,57.7569508451216,Android
21362,84,86390,86465.55643123177,4369,0,0.0,12,Sun,5,1,Personal,Spent the evening at marine drive with friends.,47,0.003,209,33,23,27,123446,0,53.66527335639198,iOS
20779,14,8392,8436.755383444466,140,1,25.0,0,Sun,15,0,Motivational,Every small step counts towards success.,40,0.0997,584,87,52,69,28846,0,41.36101031839167,iOS
20908,177,175640,175612.55181364232,3666,0,0.0,12,Fri,6,2,Meme,When the auto driver actually uses the meter. When Mumbai local trains are on time for once.,92,0.003,355,74,53,59,171313,0,69.72608492918192,iOS
20438,93,28695,28789.911220403686,1518,1,33.3,16,Mon,7,4,Motivational,Hard work always pays off eventually trust the process.,55,0.03132,574,98,49,78,104589,0,57.25847123880086,Android
20120,183,6770,6805.927595019643,273,0,0.0,8,Wed,8,1,Meme,Me checking Instagram one more time before sleeping.,52,0.0803,376,45,55,38,11854,0,78.82923727524016,Web
21086,78,800,813.4643437113797,35,0,0.0,0,Sat,12,0,Promotional,New collab dropping this week stay tuned.,41,0.22946,141,16,16,19,1372,1,56.88839475767751,Android
20791,56,8341,8282.108034191575,496,1,37.9,23,Fri,10,2,Personal,Spent the evening at marine drive with friends.,47,0.10981,705,119,57,64,45098,0,44.02260022628674,Android
20342,203,11799,11796.027606956892,310,0,0.0,4,Sun,12,2,Promotional,Use my code MUMBAI10 for a discount.,36,0.09962,994,131,108,142,10106,0,61.44166119005567,Android
20816,51,102924,102932.84618687925,4362,1,5.0,0,Mon,12,3,Meme,Me checking Instagram one more time before sleeping.,52,0.003,221,49,18,23,394073,0,42.989845927707194,iOS
20003,197,4979,5028.6713085919855,77,0,0.0,10,Fri,14,3,Motivational,Hard work always pays off eventually trust the process. Believe in yourself and keep pushing forward.,101,0.13593,416,95,48,56,7789,0,45.13087370823427,Android
20230,47,1621,1614.702960253972,32,1,23.5,3,Sun,7,2,Question,Should I do a giveaway this week let me know. What is your favorite street food spot in Mumbai.,95,0.21403,291,32,37,24,5068,1,56.84460303870011,iOS
20893,103,14635,14672.241069704352,863,1,26.0,12,Tue,5,2,Personal,Late night walk through the city lights. Missing home cooked food so much today.,80,0.09516,943,211,156,119,40835,0,50.24343226378043,iOS
21347,134,21618,21548.736004248705,396,1,29.0,16,Sun,6,1,Meme,That feeling when chai fixes everything.,40,0.06707,1154,150,112,103,58268,0,50.64006928990404,Android
20077,86,800,740.2222709406096,21,1,30.7,16,Sun,5,2,Motivational,Discipline beats motivation every single time.,46,0.24954,138,17,18,20,2580,1,75.01261888897908,Web
21291,36,83563,83603.40113387704,4185,0,0.0,14,Fri,2,0,Promotional,New collab dropping this week stay tuned. Use my code MUMBAI10 for a discount.,78,0.003,172,26,21,26,96998,0,41.68825261412102,Android
21126,180,8304,8295.9023435357,471,1,16.3,9,Thu,9,1,Motivational,Believe in yourself and keep pushing forward. Never give up on your dreams keep going.,86,0.08588,491,75,76,78,19423,0,71.46639498900686,iOS
20372,12,51515,51641.28527250414,2892,0,0.0,13,Wed,9,2,Motivational,Every small step counts towards success. Your only limit is the one you set yourself.,85,0.003,113,18,18,13,49585,0,67.4794780655542,iOS
20181,190,2081,2027.3856013341222,34,0,0.0,22,Wed,8,0,Motivational,Believe in yourself and keep pushing forward.,45,0.20789,271,43,31,48,3087,1,49.82168258563144,iOS
21248,196,6165,6210.535794373903,296,1,19.5,19,Sat,12,0,Promotional,Link in bio to shop the collection now.,39,0.15771,654,111,63,79,29736,1,53.036879611061856,iOS
20578,93,28695,28715.999539618646,1518,0,0.0,10,Sun,6,0,Personal,Grateful for this beautiful sunset today.,41,0.01185,240,43,28,21,40364,0,62.05655376395306,Web
20937,197,4979,5034.534237313362,77,1,15.0,23,Tue,7,1,Personal,Weekend trip with the family was so refreshing.,47,0.14546,504,83,51,56,12783,0,51.128251682329505,iOS
21149,175,3700,3716.005734166091,221,1,22.7,10,Thu,10,0,Personal,Missing home cooked food so much today.,39,0.1869,415,67,66,66,15547,0,35.353794872416145,Android
21038,170,52117,52020.74521391168,922,0,0.0,12,Sun,6,3,Question,What should I vlog next tell me in comments. Any recommendations for weekend plans in the city.,95,0.003,115,13,17,15,50455,0,47.97355204605978,Android
21201,99,59204,59174.03055807575,2038,1,17.2,7,Sat,11,0,Question,Which outfit do you all like more comment below. Should I do a giveaway this week let me know.,94,0.02275,882,152,118,121,149629,0,48.517177689473215,iOS
21386,162,34977,34961.87764092527,1313,0,0.0,21,Sat,15,0,Personal,Just another day in Mumbai chasing dreams. Weekend trip with the family was so refreshing.,90,0.02048,528,84,66,42,44564,0,27.36996122671282,iOS
20894,109,20931,20890.96036705472,843,1,18.1,12,Sat,16,1,Question,Any recommendations for weekend plans in the city. Which cafe should I visit next in Bandra.,92,0.0689,1063,135,104,108,89152,0,64.47631143908207,Android
20590,138,56557,56554.99683409023,2836,1,34.9,22,Sun,8,0,Promotional,Sponsored but I genuinely love this product. Swipe up to grab yours before it sells out.,88,0.00455,181,24,23,23,109102,0,52.148769600172535,iOS
21046,73,3547,3583.7164760640744,164,0,0.0,13,Mon,11,2,Personal,Missing home cooked food so much today. Just another day in Mumbai chasing dreams.,82,0.13926,337,51,42,37,5077,0,42.261720734186675,Android
20786,211,37502,37535.54385134754,1239,0,0.0,5,Wed,17,2,Motivational,Discipline beats motivation every single time.,46,0.00305,89,12,8,12,42534,0,47.468117250188456,Android
21070,152,18923,18874.89560353337,393,0,0.0,5,Sun,9,3,Personal,Late night walk through the city lights.,40,0.05858,687,122,83,125,18267,0,50.922610998430656,iOS
20312,152,18923,18929.91569475474,393,1,18.5,5,Sun,5,0,Personal,Spent the evening at marine drive with friends.,47,0.06253,860,129,103,70,72145,0,51.38788301790617,Android
20302,212,169962,169840.5100106055,3044,0,0.0,23,Fri,6,0,Personal,Coffee and good vibes this morning. Spent the evening at marine drive with friends.,83,0.003,359,65,26,28,216641,0,49.875632829198615,iOS
20723,70,5790,5859.187992831835,286,1,8.3,16,Fri,11,4,Question,Which cafe should I visit next in Bandra.,41,0.1356,638,126,71,73,18727,0,89.63614527045365,Web
20690,64,14974,14930.863397994166,271,1,35.7,12,Wed,7,0,Motivational,Discipline beats motivation every single time. Every small step counts towards success.,87,0.09969,1014,196,122,105,62717,0,30.069750915363404,iOS
20813,141,1668,1676.2357132796021,48,1,14.8,18,Tue,9,3,Personal,Spent the evening at marine drive with friends. Missing home cooked food so much today.,87,0.23838,345,45,28,49,4244,1,54.99902866197874,Android
20038,115,4744,4791.092218959539,238,1,25.5,17,Sun,6,0,Meme,POV you are stuck in Mumbai traffic again. Me pretending to work while scrolling reels.,87,0.17504,582,103,37,58,9702,1,29.224715949192746,Android
20354,106,5736,5760.212888166631,270,0,0.0,13,Mon,8,2,Personal,Just another day in Mumbai chasing dreams. Coffee and good vibes this morning.,78,0.11433,447,63,34,57,7707,0,27.961826275725112,iOS
21283,24,13310,13263.014799799357,761,1,12.7,13,Mon,14,0,Motivational,Your only limit is the one you set yourself.,44,0.08229,885,163,111,75,38189,0,32.04434449760333,Android
20715,52,268184,268164.73600735224,12683,0,0.0,0,Wed,6,2,Personal,Grateful for this beautiful sunset today.,41,0.003,596,70,79,88,171429,0,45.19860916027436,iOS
20237,136,3532,3536.720480732201,66,0,0.0,11,Tue,7,2,Meme,Me pretending to work while scrolling reels. POV you are stuck in Mumbai traffic again.,87,0.14801,396,69,53,76,3646,0,84.74205415901463,iOS
21164,2,800,787.9575758374641,22,0,0.0,2,Mon,14,3,Motivational,Stay consistent and the results will follow.,44,0.23637,117,20,15,21,854,1,57.829659079342434,iOS
20730,108,5878,5878.8283904660575,104,0,0.0,7,Sun,8,0,Meme,When Mumbai local trains are on time for once. That feeling when chai fixes everything.,87,0.11793,496,63,41,60,6043,0,32.67481189219341,iOS
21150,161,23456,23499.21390422694,1134,0,0.0,13,Sat,9,1,Promotional,Link in bio to shop the collection now. Limited time offer just for my followers.,81,0.03396,558,95,68,51,21031,0,45.651832366286186,Android
20952,122,29793,29822.91389565809,1193,1,17.3,4,Tue,5,3,Promotional,Use my code MUMBAI10 for a discount. Limited time offer just for my followers.,78,0.01533,347,64,33,45,99701,0,23.540593296486605,Android
20500,66,6202,6246.118793437912,194,0,0.0,17,Tue,7,6,Question,Do you prefer reels or regular posts. Any recommendations for weekend plans in the city.,88,0.14997,739,97,98,86,4668,1,33.59199126039057,iOS
21152,36,83563,83589.96634383974,4185,1,25.6,18,Wed,8,2,Meme,Me pretending to work while scrolling reels.,44,0.003,179,25,18,15,253804,0,22.92393889419762,iOS
20554,122,29793,29732.153861051873,1193,0,0.0,6,Sat,7,2,Meme,Me checking Instagram one more time before sleeping.,52,0.04436,946,185,128,113,41221,0,58.9589163202035,iOS
20056,204,35946,35919.76340101992,1929,0,0.0,15,Thu,7,2,Promotional,Swipe up to grab yours before it sells out. New collab dropping this week stay tuned.,85,0.003,84,13,8,7,26814,0,43.45971824021307,iOS
20303,87,1171,1122.5746955632187,44,1,11.2,2,Sat,8,0,Personal,Spent the evening at marine drive with friends.,47,0.20721,161,31,22,17,2280,1,78.04471449474579,Android
20795,119,1283,1296.091658745137,56,0,0.0,9,Sun,9,0,Promotional,Link in bio to shop the collection now.,39,0.20791,166,35,21,22,2245,0,36.672918722750765,iOS
20287,123,8464,8457.72486666571,282,0,0.0,9,Sun,15,3,Motivational,Your only limit is the one you set yourself.,44,0.06824,414,60,53,66,14388,0,80.16359388551635,Android
21064,110,7186,7164.993016291789,136,0,0.0,22,Wed,6,0,Question,What is your favorite street food spot in Mumbai. Any recommendations for weekend plans in the city.,100,0.12525,503,94,88,98,7169,0,16.79977464635313,Android
20220,77,800,807.3434212509416,37,0,0.0,12,Sat,10,0,Meme,When Mumbai local trains are on time for once. Me pretending to work while scrolling reels.,91,0.24876,142,24,14,18,1053,1,46.966239450618815,iOS
20881,46,1006,976.0507292071986,16,1,24.8,12,Tue,7,2,Personal,Grateful for this beautiful sunset today. Weekend trip with the family was so refreshing.,89,0.26234,222,32,14,20,4051,1,81.76499588082544,iOS
20388,24,13310,13313.117467725326,761,0,0.0,23,Fri,13,1,Motivational,Believe in yourself and keep pushing forward.,45,0.0696,731,97,68,67,11568,0,41.14332962146828,Android
21021,193,800,891.7211413045969,43,0,0.0,0,Sat,10,1,Promotional,Swipe up to grab yours before it sells out. Limited time offer just for my followers.,85,0.24613,147,18,18,12,1129,1,64.6296549304648,iOS
20391,124,1766,1770.5181971032637,42,0,0.0,3,Wed,9,1,Meme,Me pretending to work while scrolling reels. That feeling when chai fixes everything.,85,0.15174,220,28,27,19,1827,1,50.174120983843984,iOS
21119,93,28695,28775.248021200037,1518,1,21.3,18,Sun,7,3,Motivational,Discipline beats motivation every single time.,46,0.05681,1285,177,113,166,74731,0,73.04588985976144,iOS
20353,144,3441,3492.4560079414296,204,0,0.0,17,Wed,12,1,Promotional,Use my code MUMBAI10 for a discount.,36,0.15068,420,59,42,46,3208,0,56.36448912114878,iOS
20194,61,4295,4243.368730807274,128,1,24.8,13,Fri,11,0,Question,Do you prefer reels or regular posts.,37,0.15553,482,77,80,79,15451,1,57.39432698241382,iOS
20236,132,7286,7292.494678361147,121,1,36.8,8,Sat,8,0,Meme,Monday mood be like absolutely not today. Me pretending to work while scrolling reels.,86,0.10872,615,74,68,58,31795,0,65.84683625678088,iOS
21203,195,7455,7430.421796690997,300,1,31.0,5,Fri,6,2,Meme,That feeling when chai fixes everything.,40,0.11572,659,91,94,80,27683,0,50.09612337189913,Android
20695,209,7493,7534.799899025867,136,1,20.7,5,Sun,11,3,Question,Should I do a giveaway this week let me know. What is your favorite street food spot in Mumbai.,95,0.09704,560,82,60,60,40097,0,47.570810169017676,iOS
20481,55,8037,7943.891614938638,394,0,0.0,9,Thu,7,2,Motivational,Believe in yourself and keep pushing forward. Your only limit is the one you set yourself.,90,0.08606,486,60,50,59,9005,0,55.23837876705881,iOS
20568,77,800,810.8444245092486,37,0,0.0,0,Thu,8,1,Promotional,Limited time offer just for my followers. Use my code MUMBAI10 for a discount.,78,0.2065,104,17,10,17,726,0,39.00415952472545,iOS
20117,77,800,773.549158375704,37,0,0.0,7,Thu,9,2,Question,Which cafe should I visit next in Bandra.,41,0.22344,125,20,14,16,1120,1,31.35996108922529,iOS
21332,203,11799,11760.789268402572,310,1,16.6,2,Sun,4,2,Promotional,Use my code MUMBAI10 for a discount. Limited time offer just for my followers.,78,0.0796,640,130,55,78,47051,0,49.94736499016139,Web
20654,75,7599,7607.301751817324,324,0,0.0,5,Tue,8,1,Personal,Just another day in Mumbai chasing dreams.,42,0.10215,528,110,69,77,7166,0,54.24848422981995,iOS
21169,61,4295,4320.816434146081,128,0,0.0,12,Mon,9,0,Question,Which cafe should I visit next in Bandra. Which outfit do you all like more comment below.,90,0.12576,419,63,28,58,6834,0,48.94768806920342,Android
21295,124,1766,1727.4280664898029,42,1,34.2,11,Sat,11,2,Personal,Missing home cooked food so much today. Grateful for this beautiful sunset today.,81,0.19878,255,43,23,31,5317,1,55.57235334245368,Web
20758,132,7286,7227.634338832593,121,0,0.0,2,Sat,12,0,Question,Any recommendations for weekend plans in the city. What should I vlog next tell me in comments.,95,0.11633,632,93,91,81,6968,0,62.574366780654934,iOS
20445,160,1067,1097.3912772091462,18,1,10.3,7,Fri,8,1,Meme,Me pretending to work while scrolling reels.,44,0.22026,152,25,20,20,3417,1,69.74872616196195,iOS
21089,185,28230,28231.430491495845,741,0,0.0,2,Mon,6,1,Question,Which outfit do you all like more comment below.,48,0.003,62,10,5,7,20039,0,35.86149621225934,Android
20121,2,800,702.8629201285888,22,0,0.0,5,Tue,4,1,Promotional,Link in bio to shop the collection now.,39,0.22072,128,21,14,13,365,1,34.07461471934127,iOS
21072,137,5280,5246.051259240681,154,1,22.7,4,Sun,8,0,Motivational,Believe in yourself and keep pushing forward.,45,0.12324,480,83,52,69,11827,1,56.923178919337815,iOS
21198,23,17510,17563.83295625239,526,1,33.9,10,Thu,10,0,Meme,Me pretending to work while scrolling reels.,44,0.07421,1036,143,95,108,53731,0,69.46400367058666,Web
21048,91,4999,4988.730461631359,95,0,0.0,22,Fri,12,0,Promotional,Use my code MUMBAI10 for a discount. New collab dropping this week stay tuned.,78,0.12252,456,73,63,54,4488,0,78.29846776103781,iOS
20063,66,6202,6187.59238656768,194,0,0.0,2,Thu,13,2,Personal,Coffee and good vibes this morning.,35,0.12302,519,96,73,96,9468,0,52.78374669700729,iOS
20744,149,13019,13096.896675998783,744,1,16.9,3,Sun,8,0,Motivational,Hard work always pays off eventually trust the process. Believe in yourself and keep pushing forward.,101,0.10345,973,156,161,131,36301,0,58.452212663099914,iOS
20919,166,2876,2804.754585603401,152,1,20.3,19,Sun,7,1,Meme,Me checking Instagram one more time before sleeping. Me pretending to work while scrolling reels.,97,0.19918,438,69,31,66,13501,1,30.682863407003914,Android
20454,44,112688,112694.67497845198,3348,1,11.1,23,Fri,11,0,Meme,Monday mood be like absolutely not today.,41,0.003,241,40,34,33,196416,0,51.49756384618348,iOS
20516,54,21947,21968.625412525307,1246,1,23.6,0,Wed,5,1,Promotional,Link in bio to shop the collection now. Use my code MUMBAI10 for a discount.,76,0.0277,472,61,39,57,95682,0,56.90526671193419,iOS
20571,131,2479,2450.082292686983,82,0,0.0,0,Wed,5,1,Question,Should I do a giveaway this week let me know.,45,0.16985,296,41,33,35,2449,0,40.41766586993368,iOS
20224,29,107439,107500.19861613738,3479,0,0.0,10,Mon,9,2,Meme,POV you are stuck in Mumbai traffic again. That feeling when chai fixes everything.,83,0.003,272,35,25,37,151437,0,38.32154564277049,iOS
21028,3,31089,31104.70012704329,1498,0,0.0,3,Sun,12,3,Question,What is your favorite street food spot in Mumbai.,49,0.01398,304,51,38,38,27383,0,46.699009826880435,Android
20614,45,4692,4756.183980040253,256,1,11.0,17,Sat,5,1,Question,Should I do a giveaway this week let me know. What should I vlog next tell me in comments.,90,0.15386,533,62,51,49,10159,1,53.10974833414503,iOS
20844,184,58952,58927.78234629863,1415,0,0.0,1,Thu,8,1,Meme,POV you are stuck in Mumbai traffic again.,42,0.003,135,23,14,17,112940,0,69.36446713285045,iOS
20222,216,19932,19863.352355263953,919,0,0.0,9,Sat,9,0,Meme,That feeling when chai fixes everything. Monday mood be like absolutely not today.,82,0.02777,381,52,49,47,31230,0,24.308210879587318,Web
20985,220,35428,35509.09975052623,2079,0,0.0,4,Tue,7,1,Meme,That feeling when chai fixes everything. Me checking Instagram one more time before sleeping.,93,0.00381,97,19,10,11,55871,0,42.4447735544447,Web
20517,176,25943,25968.798026274544,1110,0,0.0,1,Mon,12,1,Meme,Me checking Instagram one more time before sleeping. Me pretending to work while scrolling reels.,97,0.03596,636,111,105,90,26004,0,49.58779068095286,Android
20466,58,27313,27341.89428953798,1052,0,0.0,13,Sun,8,1,Meme,Me checking Instagram one more time before sleeping.,52,0.03506,759,91,57,94,25638,0,64.53393070108879,iOS
20053,56,8341,8352.16551994689,496,0,0.0,9,Sun,13,1,Meme,Me checking Instagram one more time before sleeping. POV you are stuck in Mumbai traffic again.,95,0.07528,411,77,53,55,7103,0,63.280969550509546,Android
21280,136,3532,3599.084194015155,66,1,20.4,8,Sat,6,0,Promotional,Excited to partner with this amazing brand.,43,0.1542,360,82,60,71,8831,1,75.62098641322535,Android
20486,152,18923,18928.04309457002,393,1,40.4,14,Thu,5,1,Personal,Weekend trip with the family was so refreshing. Late night walk through the city lights.,88,0.05511,731,146,81,94,88004,0,41.15026040913507,Android
20876,211,37502,37479.438132094845,1239,1,8.4,11,Wed,9,0,Personal,Coffee and good vibes this morning.,35,0.01457,391,64,44,39,80125,0,55.214953344064,iOS
21331,162,34977,34910.1005997605,1313,1,22.4,12,Wed,9,1,Question,Any recommendations for weekend plans in the city.,50,0.03216,893,134,72,96,115472,0,52.38341609807116,Web
20819,168,4754,4714.750749872207,229,1,21.1,22,Sun,9,0,Promotional,New collab dropping this week stay tuned. Excited to partner with this amazing brand.,85,0.16582,608,79,84,51,20830,0,49.84288058445131,iOS
20387,98,9299,9302.971719981848,339,1,18.0,16,Fri,7,0,Meme,Monday mood be like absolutely not today.,41,0.11305,687,112,88,104,31517,0,55.95571365541025,iOS
20156,113,8335,8325.72455669371,475,1,24.8,7,Thu,9,1,Personal,Coffee and good vibes this morning. Spent the evening at marine drive with friends.,83,0.11476,771,110,66,69,34482,0,28.670719750238355,Android
21394,33,2872,2820.3893180082023,112,1,5.0,0,Thu,15,1,Promotional,New collab dropping this week stay tuned. Excited to partner with this amazing brand.,85,0.15226,284,57,40,48,11245,0,27.804008801665464,iOS
20601,207,19828,19842.612930688618,390,1,21.9,15,Fri,3,3,Meme,Monday mood be like absolutely not today. Me checking Instagram one more time before sleeping.,94,0.06954,1022,218,95,105,57937,0,35.98776717808154,iOS
21151,11,3988,3937.9059906296648,88,0,0.0,19,Fri,9,1,Motivational,Believe in yourself and keep pushing forward.,45,0.17183,439,89,60,70,5604,0,46.13549739833733,Android
20249,36,83563,83603.2991287483,4185,0,0.0,11,Fri,12,1,Personal,Late night walk through the city lights.,40,0.003,178,27,17,20,79644,0,34.5092473558415,Android
20762,71,23270,23282.92027483057,683,1,12.3,2,Sun,11,1,Meme,Monday mood be like absolutely not today.,41,0.04982,829,130,90,67,50116,0,82.99356505347882,iOS
20871,64,14974,14918.755776501239,271,0,0.0,14,Sat,9,2,Motivational,Stay consistent and the results will follow.,44,0.03825,438,60,45,57,18454,0,70.98803007582318,iOS
20856,144,3441,3429.042516675335,204,0,0.0,7,Sat,7,1,Promotional,Link in bio to shop the collection now.,39,0.13177,316,36,32,45,3612,0,68.42443121020435,Android
20442,204,35946,35870.773921502696,1929,0,0.0,6,Tue,12,0,Personal,Just another day in Mumbai chasing dreams.,42,0.003,76,10,8,8,60543,0,41.247949253375396,iOS
21270,181,2026,2121.282442011721,104,1,6.8,22,Tue,10,0,Personal,Just another day in Mumbai chasing dreams. Coffee and good vibes this morning.,78,0.2083,372,53,26,45,8073,0,48.51130505394011,iOS
21284,151,10588,10571.09411664462,167,0,0.0,22,Sat,9,0,Question,Which cafe should I visit next in Bandra. Which outfit do you all like more comment below.,90,0.08269,698,95,75,88,14069,0,43.40477201896405,iOS
20543,37,18796,18811.551504493502,443,0,0.0,13,Sat,7,1,Question,What is your favorite street food spot in Mumbai.,49,0.04979,726,98,88,98,18358,0,66.69410468614942,Android
21075,52,268184,268186.6313614492,12683,0,0.0,19,Sat,9,3,Question,Which outfit do you all like more comment below.,48,0.003,533,64,63,74,436220,0,66.27967734217056,Android
20702,111,7706,7848.605420331384,438,1,15.0,2,Sun,6,0,Personal,Late night walk through the city lights.,40,0.13221,646,93,75,102,32203,0,47.785862694375005,Android
20118,154,3884,3939.9241706170187,134,0,0.0,3,Sun,7,3,Personal,Weekend trip with the family was so refreshing. Spent the evening at marine drive with friends.,95,0.1421,414,78,40,43,4457,0,32.43922629196858,Android
21006,56,8341,8287.005553515932,496,0,0.0,14,Thu,8,2,Promotional,New collab dropping this week stay tuned. Sponsored but I genuinely love this product.,86,0.08046,532,55,71,56,9962,0,70.18235649772365,iOS
20629,25,1858,1840.4678930464095,34,1,25.7,18,Sat,10,2,Personal,Weekend trip with the family was so refreshing.,47,0.23061,278,55,38,29,5399,1,49.333102477324346,iOS
20993,128,15072,15042.503641770083,540,1,28.5,17,Sun,9,1,Promotional,Limited time offer just for my followers. Link in bio to shop the collection now.,81,0.07742,935,142,59,92,50015,0,46.986359833825446,iOS
20207,97,15409,15341.102146777046,287,0,0.0,15,Tue,12,1,Personal,Spent the evening at marine drive with friends. Weekend trip with the family was so refreshing.,95,0.0652,842,144,76,108,22178,0,24.288998592319487,iOS
20292,65,19876,19875.227825304235,783,0,0.0,0,Mon,8,0,Personal,Weekend trip with the family was so refreshing.,47,0.01274,199,29,16,21,27296,0,50.6255715406371,Android
21222,14,8392,8429.138544678615,140,1,20.4,7,Wed,9,1,Personal,Grateful for this beautiful sunset today.,41,0.14112,926,116,78,91,20729,0,45.18253142091247,iOS
20382,57,2642,2659.1484641423426,131,1,43.7,9,Thu,9,1,Personal,Missing home cooked food so much today.,39,0.21058,417,62,54,46,13666,1,13.476532497290904,iOS
20820,198,81395,81417.13159482396,2098,1,23.9,5,Sat,7,0,Personal,Spent the evening at marine drive with friends. Missing home cooked food so much today.,87,0.003,181,23,15,17,218205,0,63.03099291495393,iOS
20971,1,4420,4381.809556688743,159,1,35.9,2,Mon,12,0,Question,Which outfit do you all like more comment below.,48,0.15912,576,67,68,69,13489,0,66.0959560341229,Android
21212,193,800,732.6504845063714,43,1,34.3,5,Tue,8,0,Motivational,Hard work always pays off eventually trust the process. Believe in yourself and keep pushing forward.,101,0.25319,147,24,20,17,1414,1,68.71579685794039,Android
20201,78,800,862.5981887449416,35,1,29.0,5,Tue,8,1,Question,Any recommendations for weekend plans in the city. Do you prefer reels or regular posts.,88,0.26082,156,27,23,16,1644,1,19.93949664926894,Android
20597,184,58952,58984.04462733107,1415,1,41.8,20,Sat,6,1,Personal,Coffee and good vibes this morning. Missing home cooked food so much today.,75,0.02364,1126,193,96,158,309988,0,47.77678179118977,iOS
20898,132,7286,7280.839979590797,121,1,37.7,11,Sat,6,3,Meme,Me pretending to work while scrolling reels. POV you are stuck in Mumbai traffic again.,87,0.11565,664,82,72,84,33087,0,45.51032404082105,iOS
21178,180,8304,8296.62962543884,471,0,0.0,9,Mon,3,2,Meme,Me checking Instagram one more time before sleeping. POV you are stuck in Mumbai traffic again.,95,0.0764,436,70,53,45,7954,0,60.86659815971691,iOS
20855,79,37410,37393.565287413105,1086,0,0.0,18,Thu,11,1,Meme,When the auto driver actually uses the meter.,45,0.01408,374,61,50,50,57158,0,47.51890860714775,Web
21328,83,18971,19004.949162565397,932,1,33.2,15,Sun,11,2,Meme,POV you are stuck in Mumbai traffic again. That feeling when chai fixes everything.,83,0.08272,1012,157,58,97,41938,0,30.39029966120633,Android
21389,172,6849,6828.92973598411,377,0,0.0,10,Sat,11,2,Motivational,Hard work always pays off eventually trust the process.,55,0.11467,556,99,65,71,4356,0,35.78198217081943,iOS
20805,26,26941,26893.214950003654,1231,0,0.0,4,Sat,15,1,Motivational,Hard work always pays off eventually trust the process.,55,0.01978,398,58,49,46,34561,0,44.80984914469711,iOS
21128,125,42968,42951.38385759636,1290,1,12.8,4,Sun,6,1,Meme,Me checking Instagram one more time before sleeping.,52,0.01215,344,63,36,28,140019,0,87.3366393288672,iOS
20963,196,6165,6142.285798322908,296,0,0.0,18,Thu,7,1,Meme,When the auto driver actually uses the meter.,45,0.12565,591,79,74,74,10474,0,52.622765182647434,Android
20793,57,2642,2613.002150613391,131,0,0.0,11,Sat,12,0,Question,Which cafe should I visit next in Bandra.,41,0.19926,338,45,36,53,2415,1,35.49459425836254,Android
20770,198,81395,81397.79570523366,2098,0,0.0,22,Sun,10,2,Promotional,Use my code MUMBAI10 for a discount. Limited time offer just for my followers.,78,0.003,177,30,22,23,130449,0,40.18324355671652,Android
21174,35,4438,4365.41002840573,148,0,0.0,17,Tue,9,1,Meme,Me checking Instagram one more time before sleeping. When the auto driver actually uses the meter.,98,0.14284,424,75,44,79,5950,0,33.91538088965528,iOS
20814,53,27702,27691.933125576918,857,1,13.7,18,Fri,11,0,Motivational,Your only limit is the one you set yourself.,44,0.06249,1287,174,139,167,75752,0,55.84758215217563,Android
21115,85,12073,12087.280963575678,450,1,31.1,12,Thu,8,2,Motivational,Hard work always pays off eventually trust the process. Your only limit is the one you set yourself.,100,0.06379,563,78,87,75,45528,0,51.29402664426141,Android
20506,192,73094,73156.46447233149,1400,1,22.1,17,Fri,4,2,Meme,Me pretending to work while scrolling reels.,44,0.0179,1015,134,115,113,140896,0,39.59846189515679,Android
20892,214,15696,15693.370368691922,529,1,16.3,3,Mon,6,0,Personal,Weekend trip with the family was so refreshing.,47,0.07209,878,97,103,103,30187,0,68.00200049173957,iOS
20349,67,9434,9402.847914975724,304,0,0.0,4,Sat,5,0,Personal,Late night walk through the city lights. Weekend trip with the family was so refreshing.,88,0.07696,531,82,34,60,8068,0,67.50769811919153,Android
21287,67,9434,9432.560333575606,304,1,5.0,14,Wed,6,0,Promotional,Excited to partner with this amazing brand. Use my code MUMBAI10 for a discount.,80,0.10161,733,129,69,92,34574,0,67.9320996114462,iOS
21141,188,8657,8604.712887386306,397,1,27.9,19,Mon,12,0,Personal,Spent the evening at marine drive with friends.,47,0.13946,928,171,127,123,33162,0,16.234019597161932,iOS
21392,49,45936,45919.27918046912,752,1,36.5,14,Thu,9,2,Promotional,Swipe up to grab yours before it sells out. New collab dropping this week stay tuned.,85,0.003,81,16,9,15,154280,0,30.44428605977251,iOS
20341,190,2081,2066.356363694548,34,0,0.0,6,Mon,8,3,Meme,When the auto driver actually uses the meter.,45,0.18017,291,48,21,40,2017,0,45.013230004744905,Android
20787,187,51554,51555.36224106885,1220,1,25.0,9,Sat,6,0,Promotional,Swipe up to grab yours before it sells out.,43,0.003,102,15,10,11,156755,0,51.33290464742695,Web
20616,107,32516,32408.44748497835,1186,1,32.3,3,Mon,9,0,Personal,Grateful for this beautiful sunset today. Weekend trip with the family was so refreshing.,89,0.01408,297,63,46,45,72452,0,68.09409616200398,iOS
20155,212,169962,170010.37472300808,3044,0,0.0,10,Sat,9,2,Promotional,New collab dropping this week stay tuned.,41,0.003,335,47,44,46,242883,0,50.10632474000965,iOS
21292,138,56557,56666.34309036554,2836,0,0.0,10,Sat,5,1,Motivational,Hard work always pays off eventually trust the process.,55,0.003,109,17,13,11,39741,0,36.49363610593422,iOS
21263,211,37502,37469.84088740126,1239,1,27.3,10,Sun,12,2,Motivational,Believe in yourself and keep pushing forward.,45,0.01534,467,68,45,36,99312,0,23.226886969279757,Android
20078,16,1188,1212.2238431406452,21,1,25.4,17,Sat,8,3,Question,What should I vlog next tell me in comments.,44,0.26397,239,32,31,29,3140,1,58.294129515308114,Android
21387,141,1668,1687.1954424752284,48,1,21.1,19,Tue,10,1,Personal,Just another day in Mumbai chasing dreams. Grateful for this beautiful sunset today.,84,0.2207,287,45,31,30,4823,1,61.487123006050496,Android
20288,7,146466,146327.10755717414,3832,1,27.5,4,Fri,8,0,Question,Do you prefer reels or regular posts. Which outfit do you all like more comment below.,86,0.003,318,45,34,41,568745,0,23.792062577152794,Android
20323,95,2335,2458.3714141291002,101,0,0.0,22,Fri,13,2,Motivational,Believe in yourself and keep pushing forward.,45,0.20825,348,54,31,40,2354,0,43.87394089056532,Android
20687,90,11680,11677.405641733167,183,1,35.2,21,Sun,8,0,Motivational,Discipline beats motivation every single time. Hard work always pays off eventually trust the process.,102,0.11287,1087,199,132,120,32552,0,55.42191625618262,iOS
21076,58,27313,27303.18728282965,1052,1,31.8,16,Mon,3,0,Promotional,New collab dropping this week stay tuned. Sponsored but I genuinely love this product.,86,0.03809,811,106,117,71,120054,0,59.82787713727842,iOS
21059,91,4999,4967.2035259216955,95,1,18.8,20,Sun,10,1,Meme,That feeling when chai fixes everything.,40,0.18866,685,108,94,107,12797,1,35.83382874156632,iOS
20914,44,112688,112569.08848867936,3348,1,23.7,8,Fri,5,0,Personal,Weekend trip with the family was so refreshing. Missing home cooked food so much today.,87,0.003,252,33,25,33,655332,0,64.41095091575089,iOS
21267,131,2479,2403.5375728294175,82,1,12.4,19,Sat,17,2,Meme,When the auto driver actually uses the meter. Me pretending to work while scrolling reels.,90,0.21778,359,52,51,36,6015,1,57.66325468489494,iOS
21260,189,59012,59028.369472192506,986,1,24.0,6,Mon,6,3,Motivational,Believe in yourself and keep pushing forward.,45,0.003,130,19,13,11,159000,0,61.82604001741038,iOS
20083,8,58990,58991.27737011315,1837,1,22.3,11,Fri,11,0,Personal,Coffee and good vibes this morning.,35,0.003,144,24,10,17,258995,0,57.30582702100769,iOS
20513,43,103589,103602.56997852153,3925,1,29.9,17,Sat,13,0,Personal,Spent the evening at marine drive with friends.,47,0.003,233,35,19,29,494277,0,58.784342531292,Android
21395,97,15409,15401.013840315,287,0,0.0,11,Thu,9,2,Promotional,Limited time offer just for my followers.,41,0.04072,477,70,35,59,14602,0,47.7098451616205,Android
20965,120,13700,13729.49089197326,483,0,0.0,19,Sat,6,1,Question,What is your favorite street food spot in Mumbai. Do you prefer reels or regular posts.,87,0.08355,880,101,78,92,18491,0,34.71527860031458,Android
20465,193,800,790.2314413081183,43,0,0.0,13,Thu,15,1,Promotional,Excited to partner with this amazing brand. Sponsored but I genuinely love this product.,88,0.22592,122,19,15,19,585,1,41.831600158993645,iOS
21252,29,107439,107415.92373039912,3479,1,17.5,10,Sun,5,1,Personal,Spent the evening at marine drive with friends. Weekend trip with the family was so refreshing.,95,0.003,283,35,28,34,520942,0,77.39624262934268,Android
20360,123,8464,8523.976363730899,282,1,18.7,18,Sat,6,1,Question,Do you prefer reels or regular posts.,37,0.11938,711,97,77,74,29891,0,53.52231872219284,iOS
21367,17,11447,11459.011952533396,464,1,26.2,12,Thu,5,1,Question,Which outfit do you all like more comment below. Any recommendations for weekend plans in the city.,99,0.1166,1037,186,128,78,44937,0,77.59902983135086,iOS
20930,125,42968,42984.01362437018,1290,1,23.2,4,Mon,7,1,Promotional,Use my code MUMBAI10 for a discount.,36,0.003,92,16,8,11,145087,0,48.48450557791771,Android
21135,97,15409,15415.525798921528,287,0,0.0,8,Sat,8,0,Personal,Late night walk through the city lights.,40,0.0414,443,76,56,71,16557,0,49.24982338012081,Web
20334,97,15409,15335.414075688572,287,1,21.9,15,Wed,15,1,Meme,POV you are stuck in Mumbai traffic again.,42,0.09005,981,181,118,124,69266,0,45.22891784708143,Android
20011,71,23270,23217.433852406884,683,0,0.0,5,Thu,10,1,Personal,Just another day in Mumbai chasing dreams.,42,0.01938,318,48,43,35,38180,0,51.10533035258889,Android
20739,198,81395,81401.1484947242,2098,0,0.0,18,Thu,8,3,Motivational,Hard work always pays off eventually trust the process. Never give up on your dreams keep going.,96,0.003,169,28,29,11,127032,0,59.07304906875288,Android
20471,168,4754,4732.9148456116745,229,1,31.8,13,Mon,9,3,Promotional,Limited time offer just for my followers.,41,0.14129,557,77,54,42,16849,0,30.362453063090932,Android
20832,202,7320,7330.325520695092,219,1,18.3,18,Fri,10,1,Promotional,Sponsored but I genuinely love this product.,44,0.14243,789,110,59,106,24835,0,43.50289493418802,Android
20033,186,13693,13681.080704675061,530,0,0.0,10,Sun,9,2,Motivational,Never give up on your dreams keep going. Hard work always pays off eventually trust the process.,96,0.07126,637,103,96,90,19480,0,47.880861892199235,Android
20151,173,5360,5326.126730266515,144,0,0.0,19,Fri,5,1,Personal,Coffee and good vibes this morning.,35,0.13461,520,88,71,57,4655,0,38.99570709735002,Android
20414,128,15072,15098.233933055215,540,1,11.8,21,Sun,14,0,Question,Any recommendations for weekend plans in the city.,50,0.10953,1121,213,127,148,42693,0,22.554327138112196,Android
20581,27,26371,26367.772428139808,524,0,0.0,1,Mon,6,0,Motivational,Hard work always pays off eventually trust the process. Believe in yourself and keep pushing forward.,101,0.00638,104,23,14,15,37896,0,25.705304370702628,Android
20383,114,147856,147922.05680912358,5668,1,36.2,11,Sat,12,2,Promotional,Limited time offer just for my followers. Swipe up to grab yours before it sells out.,85,0.003,248,43,52,43,416102,0,68.32127528459851,iOS
20794,180,8304,8310.954762872523,471,0,0.0,20,Fri,14,1,Motivational,Your only limit is the one you set yourself.,44,0.12207,721,101,85,103,12510,0,30.93100450510434,iOS
21077,79,37410,37351.940856338675,1086,0,0.0,13,Tue,8,1,Question,Do you prefer reels or regular posts. Which outfit do you all like more comment below.,86,0.003,71,10,9,8,45386,0,28.819572458571614,iOS
20377,47,1621,1652.6009687483563,32,0,0.0,3,Fri,4,0,Personal,Missing home cooked food so much today.,39,0.17742,203,35,23,15,1041,1,55.746416312207245,iOS
21324,138,56557,56575.89061979713,2836,1,34.5,12,Wed,5,1,Promotional,Sponsored but I genuinely love this product.,44,0.003,120,18,11,17,203238,0,47.319132366810834,iOS
20615,161,23456,23446.62513045096,1134,1,26.0,19,Fri,5,1,Motivational,Hard work always pays off eventually trust the process.,55,0.09806,1641,259,211,225,56492,0,77.3022902693255,iOS
21330,40,21512,21596.411020174695,564,0,0.0,0,Tue,7,1,Question,What is your favorite street food spot in Mumbai.,49,0.04765,638,113,108,121,15582,0,21.10365909448251,Android
20379,205,5785,5847.761237635678,232,1,5.0,11,Fri,6,1,Meme,Me pretending to work while scrolling reels. When Mumbai local trains are on time for once.,91,0.11813,498,67,43,51,14055,0,15.355202959386617,iOS
20090,86,800,821.4128120836632,21,0,0.0,7,Mon,5,1,Personal,Coffee and good vibes this morning.,35,0.21392,131,24,9,22,573,0,57.76766807935381,Android
20693,42,413619,413673.33436053037,24012,1,5.0,5,Sat,9,0,Promotional,New collab dropping this week stay tuned. Sponsored but I genuinely love this product.,86,0.003,840,154,83,99,829330,0,34.360651588402305,iOS
20602,51,102924,103011.54923732359,4362,1,16.0,14,Fri,8,1,Personal,Grateful for this beautiful sunset today.,41,0.003,233,36,13,23,493897,0,35.84989264458713,Android
20214,60,7576,7629.647630791991,154,1,29.6,20,Mon,12,0,Motivational,Discipline beats motivation every single time.,46,0.14464,720,146,104,94,21507,0,28.478014072458755,Android
20834,28,87358,87402.5831335431,2015,1,37.1,13,Sat,10,0,Personal,Coffee and good vibes this morning. Late night walk through the city lights.,76,0.003,158,24,27,27,324965,0,71.13311600114258,Android
20333,96,16160,16131.70261632609,653,0,0.0,18,Fri,16,0,Personal,Spent the evening at marine drive with friends.,47,0.0848,936,167,105,75,29104,0,40.987004992777635,iOS
20134,8,58990,58968.61278987812,1837,0,0.0,9,Sun,9,2,Question,What should I vlog next tell me in comments.,44,0.003,127,21,18,19,69687,0,66.82409283815836,Web
20347,34,20189,20255.504866276693,556,0,0.0,3,Fri,7,4,Motivational,Stay consistent and the results will follow. Believe in yourself and keep pushing forward.,90,0.0135,209,29,21,31,27965,0,54.35915819187427,Web
20556,157,53471,53514.025296419364,1270,0,0.0,11,Sat,11,1,Motivational,Your only limit is the one you set yourself.,44,0.003,105,21,12,17,79944,0,20.02928047552923,iOS
20008,72,82423,82414.97694167934,2632,1,23.3,8,Wed,7,3,Motivational,Never give up on your dreams keep going.,40,0.003,132,25,24,23,207281,0,43.30711001129623,iOS
20029,108,5878,5851.648828805418,104,1,16.7,15,Sun,7,0,Personal,Missing home cooked food so much today. Grateful for this beautiful sunset today.,81,0.1507,575,77,67,74,12030,0,47.17594559592696,Android
20321,205,5785,5828.037882150253,232,1,18.8,23,Tue,13,1,Promotional,Limited time offer just for my followers. Sponsored but I genuinely love this product.,86,0.13008,499,90,56,55,14740,0,55.55750324852455,Web
21225,143,55526,55523.17891333484,1762,0,0.0,8,Wed,8,0,Personal,Coffee and good vibes this morning.,35,0.003,129,15,10,9,36458,0,32.805418469182584,iOS
20188,130,15889,15923.288699277806,556,1,30.1,23,Wed,8,2,Meme,Monday mood be like absolutely not today. POV you are stuck in Mumbai traffic again.,84,0.10072,1160,156,91,166,61178,1,21.028941198176504,iOS
21206,68,8577,8570.455112035652,159,1,38.8,19,Mon,12,2,Personal,Just another day in Mumbai chasing dreams.,42,0.12554,780,77,102,101,26684,0,45.983715135376045,iOS
20635,43,103589,103526.8965390301,3925,1,18.3,21,Thu,13,1,Meme,When Mumbai local trains are on time for once.,46,0.003,225,29,35,29,418957,0,44.861807499613064,Web
20553,2,800,814.6992297386134,22,0,0.0,21,Mon,7,3,Personal,Spent the evening at marine drive with friends. Just another day in Mumbai chasing dreams.,90,0.24857,133,17,19,21,1304,1,53.133277791380955,iOS
20305,201,26056,26157.53501875375,1083,1,16.3,21,Wed,5,1,Meme,POV you are stuck in Mumbai traffic again.,42,0.07775,1631,196,232,134,64065,0,66.07418635387187,iOS
20032,200,43013,43052.39257047145,2202,0,0.0,9,Wed,11,0,Personal,Late night walk through the city lights. Spent the evening at marine drive with friends.,88,0.02751,900,152,76,129,67808,0,46.399445856535344,iOS
21083,41,1854,1837.332715354767,31,0,0.0,11,Tue,8,0,Personal,Spent the evening at marine drive with friends.,47,0.18649,218,29,35,41,2147,1,60.06734340665571,Android
20685,120,13700,13700.069550263086,483,0,0.0,19,Tue,7,0,Meme,Me pretending to work while scrolling reels.,44,0.07448,838,100,64,98,13258,0,62.2651072408572,Android
20797,22,44156,44069.82129204514,2017,0,0.0,6,Sat,7,1,Question,Which outfit do you all like more comment below. What is your favorite street food spot in Mumbai.,98,0.00816,257,34,36,30,71031,0,51.74312597178853,iOS
21157,76,7991,7996.692167815493,243,1,26.5,4,Sat,13,1,Personal,Missing home cooked food so much today.,39,0.10655,608,95,91,68,28233,0,36.69316155422908,Android
20175,144,3441,3458.4926457153983,204,0,0.0,17,Sun,11,1,Question,Should I do a giveaway this week let me know. Any recommendations for weekend plans in the city.,96,0.16514,442,44,63,57,1790,0,45.526407596141226,Android
20767,155,2145,2175.495523748565,74,1,37.9,11,Tue,6,2,Personal,Grateful for this beautiful sunset today. Just another day in Mumbai chasing dreams.,84,0.18055,272,53,36,36,4385,1,76.42399959011246,iOS
20246,30,35032,35051.76549713768,1313,0,0.0,0,Mon,9,1,Personal,Weekend trip with the family was so refreshing. Coffee and good vibes this morning.,83,0.0112,277,44,27,38,31156,0,31.491868099047277,iOS
21294,42,413619,413553.8529694796,24012,0,0.0,16,Tue,13,2,Meme,When the auto driver actually uses the meter. That feeling when chai fixes everything.,86,0.003,771,148,154,103,673883,0,55.040620824472796,Android
20146,33,2872,2800.757929646036,112,1,21.6,17,Wed,5,3,Meme,POV you are stuck in Mumbai traffic again. When Mumbai local trains are on time for once.,89,0.17577,340,54,22,33,7475,0,50.39498184784081,Web
20091,145,21088,20947.457586053344,451,0,0.0,6,Sat,5,2,Promotional,Sponsored but I genuinely love this product. Swipe up to grab yours before it sells out.,88,0.01291,222,28,29,16,23989,0,59.45632454644517,Android
20683,46,1006,1039.3006788645916,16,1,7.2,18,Sat,10,4,Promotional,Use my code MUMBAI10 for a discount. New collab dropping this week stay tuned.,78,0.27804,180,34,18,21,3887,1,69.38794103280092,Android
20311,1,4420,4344.097001403308,159,0,0.0,2,Wed,10,0,Meme,When Mumbai local trains are on time for once. Monday mood be like absolutely not today.,88,0.12635,407,67,47,47,4224,0,48.59163593490531,iOS
20094,196,6165,6127.842056391805,296,0,0.0,16,Sat,5,1,Meme,POV you are stuck in Mumbai traffic again.,42,0.11553,469,75,55,53,6207,0,40.195603881588966,Web
21187,186,13693,13705.333020849232,530,1,15.8,7,Sat,7,1,Meme,Monday mood be like absolutely not today.,41,0.07942,831,105,95,103,36790,0,65.92443941263592,Android
20925,28,87358,87316.9878495291,2015,0,0.0,8,Fri,8,0,Meme,Me checking Instagram one more time before sleeping. Me pretending to work while scrolling reels.,97,0.003,165,26,27,23,116036,0,67.98356225367209,Android
21173,148,107120,107134.62659931368,4953,0,0.0,14,Tue,10,2,Personal,Grateful for this beautiful sunset today.,41,0.003,207,39,21,8,78640,0,12.38050008186034,Android
21036,116,6930,7056.540274973305,262,0,0.0,17,Wed,8,2,Promotional,Use my code MUMBAI10 for a discount. Swipe up to grab yours before it sells out.,80,0.09438,415,74,78,49,9413,0,44.79869942540145,Android
20244,53,27702,27724.964601077318,857,0,0.0,8,Thu,10,2,Question,What should I vlog next tell me in comments. Which outfit do you all like more comment below.,93,0.003,61,8,7,8,40059,0,50.75960338333821,iOS
20215,75,7599,7646.524726512373,324,1,14.9,13,Thu,6,2,Motivational,Discipline beats motivation every single time.,46,0.11473,594,102,48,74,25429,0,54.854850455039106,Android
20999,46,1006,999.3304674900031,16,1,28.9,22,Sun,13,1,Promotional,Excited to partner with this amazing brand.,43,0.28453,211,30,28,31,5110,1,35.28900952257019,Android
20854,168,4754,4773.640973539445,229,0,0.0,21,Tue,6,0,Meme,When Mumbai local trains are on time for once.,46,0.14035,450,87,40,72,8006,0,47.678694547438425,Android
20426,201,26056,25999.868225693772,1083,1,11.3,6,Fri,13,3,Personal,Missing home cooked food so much today. Weekend trip with the family was so refreshing.,87,0.05586,1036,167,104,115,140025,0,66.07178629010718,Android
21399,58,27313,27310.725875508906,1052,1,27.9,9,Mon,11,0,Motivational,Discipline beats motivation every single time. Believe in yourself and keep pushing forward.,92,0.0426,817,160,95,95,89516,0,49.107043106737365,Web
20227,136,3532,3498.0631483771426,66,0,0.0,6,Thu,8,0,Meme,Me pretending to work while scrolling reels.,44,0.14593,380,49,19,50,3858,0,49.133029336968725,iOS
21133,87,1171,1171.4429929731562,44,1,10.1,2,Fri,14,1,Promotional,New collab dropping this week stay tuned.,41,0.2315,219,33,17,25,3189,1,31.123960136487284,Android
20001,117,63147,63113.46406700119,1546,0,0.0,8,Sat,6,1,Meme,POV you are stuck in Mumbai traffic again.,42,0.003,139,17,13,14,70866,0,49.49469907365325,iOS
20402,109,20931,20992.716399308483,843,0,0.0,21,Sat,12,2,Motivational,Believe in yourself and keep pushing forward. Hard work always pays off eventually trust the process.,101,0.07014,999,134,124,134,39453,0,47.888164289686195,Android
20085,146,12305,12308.394849722263,261,1,24.1,4,Tue,6,2,Meme,When the auto driver actually uses the meter.,45,0.10156,878,85,82,128,64159,0,43.799350844453436,iOS
20163,70,5790,5709.624905495639,286,0,0.0,7,Thu,6,1,Motivational,Stay consistent and the results will follow.,44,0.09722,403,73,23,63,5160,0,44.013445973890974,Android
20115,213,21581,21656.506503487755,1226,0,0.0,1,Sat,5,4,Meme,When Mumbai local trains are on time for once. When the auto driver actually uses the meter.,92,0.01771,275,39,23,27,32356,0,34.695705751619556,iOS
20671,86,800,819.0865870558055,21,1,10.5,12,Thu,9,1,Question,Any recommendations for weekend plans in the city. Which cafe should I visit next in Bandra.,92,0.27975,151,19,19,23,4818,1,38.10981754766338,iOS
21062,56,8341,8230.96132874595,496,0,0.0,19,Sun,8,2,Meme,Monday mood be like absolutely not today.,41,0.11971,716,95,100,101,7110,0,32.83736528841859,Android
20890,108,5878,5818.255537049708,104,0,0.0,23,Fri,17,2,Personal,Just another day in Mumbai chasing dreams. Spent the evening at marine drive with friends.,90,0.14944,556,77,77,57,4282,0,46.80406824105167,Android
20626,42,413619,413648.1906458338,24012,1,27.1,17,Wed,14,1,Meme,POV you are stuck in Mumbai traffic again. When the auto driver actually uses the meter.,88,0.003,1022,132,109,104,2376782,0,70.14068367316777,iOS
20953,22,44156,44169.24339925135,2017,1,5.7,9,Wed,10,2,Personal,Grateful for this beautiful sunset today. Just another day in Mumbai chasing dreams.,84,0.01552,513,75,45,62,115405,0,46.499640036126706,Android
20808,212,169962,169997.86015907815,3044,0,0.0,13,Tue,8,1,Personal,Grateful for this beautiful sunset today.,41,0.003,372,54,48,55,170214,0,59.00008276882471,Web
20259,85,12073,12007.07118946778,450,1,35.1,12,Mon,9,2,Meme,Me checking Instagram one more time before sleeping.,52,0.11484,1083,159,97,120,41874,0,59.92551000050948,iOS
20625,19,8298,8373.565662311972,455,0,0.0,22,Fri,12,3,Meme,When Mumbai local trains are on time for once.,46,0.11466,679,130,63,72,9178,0,52.27039556887801,iOS
20827,41,1854,1917.6561368247385,31,1,26.7,21,Mon,13,1,Question,What is your favorite street food spot in Mumbai.,49,0.24066,314,42,23,33,3671,1,61.67659677486054,Android
20235,61,4295,4250.162319656996,128,1,22.1,6,Fri,7,1,Meme,Me pretending to work while scrolling reels. Me checking Instagram one more time before sleeping.,97,0.15392,587,53,54,67,11575,1,48.46216722626876,Android
20136,87,1171,1151.0744603252367,44,0,0.0,14,Wed,7,1,Motivational,Discipline beats motivation every single time.,46,0.20613,171,25,23,19,768,1,62.686631143152155,iOS
20617,1,4420,4488.75447006521,159,0,0.0,1,Sat,8,1,Promotional,Use my code MUMBAI10 for a discount. Swipe up to grab yours before it sells out.,80,0.11599,340,66,60,51,5013,0,52.96753881960635,Android
20837,119,1283,1310.7260102714756,56,0,0.0,13,Sun,11,4,Personal,Missing home cooked food so much today.,39,0.19544,181,27,21,21,940,1,53.85283923659147,Android
20843,200,43013,43017.54102485033,2202,0,0.0,7,Sun,8,0,Personal,Grateful for this beautiful sunset today.,41,0.003,86,13,14,12,41710,0,33.57308383300659,Android
20960,105,217460,217424.49148545996,7937,1,27.7,22,Fri,8,0,Motivational,Stay consistent and the results will follow. Your only limit is the one you set yourself.,89,0.003,397,88,57,62,1035657,0,70.09541705986794,Android
20593,84,86390,86359.00482734723,4369,0,0.0,6,Mon,12,0,Question,Which outfit do you all like more comment below.,48,0.003,209,29,22,16,99525,0,47.26802701502675,iOS
20344,23,17510,17628.486879900585,526,0,0.0,22,Fri,12,1,Meme,POV you are stuck in Mumbai traffic again. When the auto driver actually uses the meter.,88,0.07557,947,152,109,119,20684,0,41.34652587785038,iOS
21146,219,2355,2317.726023198166,106,1,24.1,17,Sun,6,1,Meme,Monday mood be like absolutely not today.,41,0.22672,407,47,49,50,7290,1,56.38187915413169,Web
20294,170,52117,52198.35162632219,922,1,22.4,23,Sat,7,3,Meme,Me checking Instagram one more time before sleeping. That feeling when chai fixes everything.,93,0.005,165,27,29,28,173524,0,52.79944995896725,Android
20365,52,268184,268224.96381664916,12683,1,5.0,15,Tue,5,0,Motivational,Never give up on your dreams keep going. Every small step counts towards success.,81,0.003,765,77,63,84,1002220,0,65.81173532991592,Android
20179,44,112688,112748.12577309641,3348,0,0.0,23,Tue,5,6,Question,Any recommendations for weekend plans in the city. What should I vlog next tell me in comments.,95,0.003,229,38,27,24,108377,0,51.689476656155264,iOS
20660,155,2145,2092.2546779617846,74,0,0.0,23,Mon,6,2,Meme,That feeling when chai fixes everything. POV you are stuck in Mumbai traffic again.,83,0.1781,291,54,38,30,3348,1,68.82674058028664,Android
20997,95,2335,2211.7019101289848,101,0,0.0,15,Sun,6,1,Personal,Coffee and good vibes this morning.,35,0.18691,318,40,43,38,3049,1,59.645114289171126,Android
20015,198,81395,81443.40285308588,2098,1,27.0,21,Sat,5,1,Promotional,Use my code MUMBAI10 for a discount.,36,0.003,158,25,12,21,326399,0,49.09887406271887,iOS
20166,196,6165,6184.138788932716,296,0,0.0,15,Sat,7,2,Personal,Weekend trip with the family was so refreshing. Coffee and good vibes this morning.,83,0.07998,359,52,36,58,10208,0,58.57419733152915,Android
20060,133,7910,7912.135425923589,409,0,0.0,19,Fri,17,0,Promotional,Link in bio to shop the collection now.,39,0.1111,614,124,71,77,11032,0,52.670612314676184,Android
20710,40,21512,21502.432549817895,564,1,35.5,20,Wed,12,0,Question,Which outfit do you all like more comment below. What should I vlog next tell me in comments.,93,0.09349,1363,218,190,211,73964,0,52.69202697449196,Android
20677,68,8577,8587.22290134435,159,0,0.0,17,Sun,11,2,Motivational,Stay consistent and the results will follow.,44,0.1045,634,96,56,108,7417,0,84.2129275576367,iOS
20781,48,3057,3173.1051779719705,48,0,0.0,17,Tue,11,1,Question,Which cafe should I visit next in Bandra.,41,0.19064,420,66,47,63,3292,1,68.63037821367381,Web
20425,167,4054,4093.6323968006395,170,1,6.7,20,Sat,5,1,Meme,When the auto driver actually uses the meter.,45,0.19284,536,86,60,57,6615,0,68.47183886567359,iOS
20293,137,5280,5381.873138277106,154,0,0.0,13,Wed,7,1,Personal,Just another day in Mumbai chasing dreams.,42,0.10329,420,61,42,57,4146,0,43.11890960753297,Android
21066,25,1858,1933.3932953214837,34,1,14.2,6,Mon,7,1,Personal,Spent the evening at marine drive with friends.,47,0.19916,277,31,34,36,3453,1,47.07157037404359,Web
21242,67,9434,9400.57906778266,304,1,11.6,9,Sun,7,0,Question,What should I vlog next tell me in comments.,44,0.09498,724,115,71,112,39402,0,52.13868894551615,Android
20330,123,8464,8489.448587625478,282,0,0.0,19,Fri,8,1,Meme,Me checking Instagram one more time before sleeping. Monday mood be like absolutely not today.,94,0.08102,467,79,57,60,7589,0,56.30935487478994,Android
20430,31,1340,1394.9904150968778,23,1,27.7,1,Thu,7,1,Personal,Just another day in Mumbai chasing dreams.,42,0.21,225,36,31,30,6191,1,47.23889732704059,Android
21013,181,2026,2040.6131695881415,104,1,24.1,6,Tue,5,0,Meme,Me pretending to work while scrolling reels.,44,0.17883,237,42,41,35,8964,0,32.46690953560725,iOS
20080,63,83169,83206.73790309376,3633,0,0.0,2,Tue,12,1,Question,Any recommendations for weekend plans in the city.,50,0.003,172,32,18,22,111734,0,43.69890709879791,Android
21053,208,4083,3986.492820890871,209,1,19.0,1,Sun,9,4,Personal,Late night walk through the city lights.,40,0.14999,415,72,44,42,14243,0,31.76294917900193,iOS
20938,96,16160,16223.442610734666,653,0,0.0,18,Sat,8,1,Promotional,Swipe up to grab yours before it sells out. Excited to partner with this amazing brand.,87,0.08952,1113,138,80,161,26743,0,23.12857041503377,iOS
20835,190,2081,2049.3403803232923,34,0,0.0,22,Mon,9,1,Personal,Weekend trip with the family was so refreshing.,47,0.18986,263,45,31,26,2665,1,45.6514952146432,iOS
20750,148,107120,107157.06213805651,4953,0,0.0,9,Sat,7,1,Meme,Me checking Instagram one more time before sleeping. When Mumbai local trains are on time for once.,99,0.003,199,43,32,32,96171,0,70.06668042609631,iOS
20891,153,1410,1376.3428170166078,80,0,0.0,3,Fri,8,2,Meme,That feeling when chai fixes everything. Me checking Instagram one more time before sleeping.,93,0.21596,234,28,29,29,1286,1,24.921024056903402,Android
20255,113,8335,8261.919738232124,475,1,11.1,3,Tue,8,0,Promotional,Use my code MUMBAI10 for a discount.,36,0.09963,645,116,55,79,21354,0,56.18788894155829,iOS
21361,62,25330,25274.32933178781,535,0,0.0,8,Wed,7,0,Motivational,Believe in yourself and keep pushing forward.,45,0.02024,429,56,48,41,20986,0,41.567560592643346,Android
20137,130,15889,15822.227439654005,556,1,34.1,8,Wed,5,1,Question,What is your favorite street food spot in Mumbai.,49,0.08473,851,155,118,99,54084,0,47.157628972787236,iOS
20853,29,107439,107451.39153695057,3479,0,0.0,21,Wed,11,0,Personal,Weekend trip with the family was so refreshing. Coffee and good vibes this morning.,83,0.003,257,38,34,27,143263,0,44.370432976939846,Android
20724,78,800,805.2224488444564,35,1,39.4,1,Tue,10,0,Personal,Late night walk through the city lights. Grateful for this beautiful sunset today.,82,0.21684,128,18,15,21,2611,1,37.66768391305715,Android
20860,163,5898,5882.860110722518,136,0,0.0,20,Wed,7,2,Promotional,Link in bio to shop the collection now.,39,0.1446,548,64,56,55,8022,0,50.69763445166056,Android
20970,12,51515,51456.01887643079,2892,0,0.0,6,Sun,9,1,Promotional,Use my code MUMBAI10 for a discount.,36,0.01107,397,63,36,57,72744,0,29.004163900479142,Android
20497,157,53471,53476.556743087276,1270,0,0.0,15,Mon,11,1,Question,Which outfit do you all like more comment below.,48,0.003,123,19,14,9,70688,0,65.54405281394229,iOS
20951,220,35428,35367.424170710925,2079,1,17.2,20,Fri,11,0,Personal,Missing home cooked food so much today.,39,0.03346,739,121,124,111,163373,0,51.21159648699355,iOS
20806,102,7438,7454.187891763321,212,1,8.7,11,Mon,4,2,Motivational,Your only limit is the one you set yourself. Believe in yourself and keep pushing forward.,90,0.10715,495,100,49,68,15599,0,69.90145640124547,iOS
20130,95,2335,2322.2102753857944,101,0,0.0,15,Thu,10,2,Promotional,Excited to partner with this amazing brand.,43,0.17216,270,55,28,34,2539,0,54.877311200879426,Android
20338,145,21088,21074.90255135191,451,1,28.5,14,Thu,6,2,Motivational,Every small step counts towards success.,40,0.04638,687,143,67,96,64147,0,56.51909550266398,iOS
21388,163,5898,5828.42253553496,136,0,0.0,18,Mon,9,3,Personal,Spent the evening at marine drive with friends. Late night walk through the city lights.,88,0.1315,602,91,55,87,5545,0,68.96542214274395,iOS
20609,186,13693,13605.586014580776,530,0,0.0,23,Tue,12,1,Question,What should I vlog next tell me in comments.,44,0.07645,614,141,80,79,15806,0,35.520203841021875,iOS
20196,27,26371,26334.52547835139,524,1,24.8,8,Sun,14,2,Personal,Coffee and good vibes this morning. Weekend trip with the family was so refreshing.,83,0.00977,188,22,10,21,57133,0,69.04994410668502,iOS
20910,34,20189,20167.180546063064,556,0,0.0,5,Sun,14,1,Promotional,Limited time offer just for my followers. Swipe up to grab yours before it sells out.,85,0.0214,348,65,44,38,20227,0,62.338117383076614,Android
20585,84,86390,86394.11418577033,4369,0,0.0,20,Sat,8,1,Meme,When the auto driver actually uses the meter.,45,0.00462,312,41,26,36,154958,0,59.239789838413806,iOS
20104,154,3884,3851.901554894603,134,1,5.0,22,Thu,5,0,Personal,Grateful for this beautiful sunset today.,41,0.18829,525,65,56,65,18641,1,44.21372237705041,Android
21285,219,2355,2341.0537412408917,106,1,26.4,11,Thu,17,0,Promotional,Link in bio to shop the collection now. Limited time offer just for my followers.,81,0.15795,295,42,27,37,6422,0,65.59868991200821,iOS
21299,21,11761,11692.468585081824,696,0,0.0,19,Sun,7,1,Personal,Grateful for this beautiful sunset today.,41,0.09726,866,158,113,144,11720,0,33.508649887484616,Android
20720,8,58990,59008.272960053655,1837,1,22.6,22,Sat,11,1,Question,Any recommendations for weekend plans in the city.,50,0.01399,602,88,87,74,288133,0,46.78909874062621,Android
20885,22,44156,44120.71249280744,2017,1,32.9,3,Fri,7,1,Promotional,Link in bio to shop the collection now. New collab dropping this week stay tuned.,81,0.003,98,14,13,12,191594,0,23.889251436419304,iOS
20777,128,15072,14984.856062934718,540,0,0.0,13,Mon,4,1,Question,Any recommendations for weekend plans in the city.,50,0.07258,763,137,68,130,11761,0,56.599612385642175,Android
20850,95,2335,2344.7621447487286,101,0,0.0,7,Wed,7,0,Promotional,Use my code MUMBAI10 for a discount.,36,0.15516,303,50,25,30,3583,1,54.13005507302332,iOS
20895,1,4420,4388.288517668734,159,1,17.0,21,Fri,10,3,Question,What is your favorite street food spot in Mumbai. Which cafe should I visit next in Bandra.,91,0.17503,553,74,56,91,15324,0,62.635453665099924,iOS
20228,143,55526,55578.11944444471,1762,1,15.0,20,Mon,15,0,Motivational,Every small step counts towards success.,40,0.02684,1078,169,88,118,228467,0,46.06681321258934,Android
21309,82,14341,14237.080751011828,406,1,17.9,1,Fri,11,0,Motivational,Believe in yourself and keep pushing forward. Never give up on your dreams keep going.,86,0.08493,856,129,53,140,35615,0,62.18732372079542,iOS
20127,2,800,814.2509529441254,22,1,27.5,1,Sun,9,1,Question,What is your favorite street food spot in Mumbai.,49,0.25454,134,23,10,20,2516,1,62.241262979695875,Android
20406,81,41251,41297.819394777754,1346,0,0.0,18,Fri,4,2,Promotional,Use my code MUMBAI10 for a discount.,36,0.0096,282,50,26,40,73777,0,53.46328651034764,iOS
20776,18,133364,133391.6867369012,5108,0,0.0,14,Sat,6,1,Personal,Just another day in Mumbai chasing dreams. Missing home cooked food so much today.,82,0.003,282,43,36,44,162704,0,39.94836653682558,Android
20822,162,34977,34958.78539658129,1313,1,38.0,18,Thu,8,1,Promotional,Use my code MUMBAI10 for a discount. Excited to partner with this amazing brand.,80,0.04188,1091,174,105,192,176305,0,45.25167175531328,Android
20712,8,58990,59115.2986411228,1837,1,24.3,1,Mon,7,2,Personal,Just another day in Mumbai chasing dreams. Weekend trip with the family was so refreshing.,90,0.003,142,18,16,24,127195,0,49.85322336465063,Android
21313,162,34977,34963.34425745494,1313,1,13.9,10,Tue,10,2,Promotional,Sponsored but I genuinely love this product. Swipe up to grab yours before it sells out.,88,0.02871,625,123,41,93,166518,0,32.281787306440656,Android
21061,150,6457,6379.656221769645,118,0,0.0,16,Sun,9,1,Personal,Weekend trip with the family was so refreshing. Coffee and good vibes this morning.,83,0.10831,544,84,60,51,3869,0,42.59584169941333,Android
20304,158,102515,102573.90639953074,2077,0,0.0,18,Tue,9,2,Promotional,Swipe up to grab yours before it sells out.,43,0.003,221,30,26,23,128964,0,52.59417968848417,Web
20268,83,18971,18957.24098222656,932,0,0.0,2,Sun,7,3,Personal,Weekend trip with the family was so refreshing.,47,0.03283,498,77,52,40,27467,0,48.53815876372827,iOS
20546,19,8298,8287.494055690535,455,1,23.5,5,Fri,7,1,Promotional,Swipe up to grab yours before it sells out.,43,0.1018,682,97,74,72,44688,0,19.741806892478927,iOS
20213,193,800,822.3463712075055,43,1,13.0,2,Sat,9,0,Meme,Monday mood be like absolutely not today.,41,0.26953,142,27,19,15,3076,1,56.61392719194212,iOS
20897,16,1188,1128.275051419624,21,1,26.8,5,Fri,8,3,Promotional,Sponsored but I genuinely love this product.,44,0.21155,177,28,20,23,4473,0,43.06560070366639,Android
20917,93,28695,28687.49586418552,1518,0,0.0,4,Fri,4,1,Question,Should I do a giveaway this week let me know.,45,0.003,56,12,8,7,23122,0,40.1802868008499,Android
20676,200,43013,42916.5900182123,2202,1,32.4,20,Tue,9,1,Motivational,Believe in yourself and keep pushing forward.,45,0.02081,586,113,82,61,82877,0,56.66407982618242,iOS
20815,92,1902,1983.359242090579,61,0,0.0,13,Sat,7,1,Personal,Coffee and good vibes this morning.,35,0.16593,216,35,25,32,1663,0,36.56698122156319,Web
20343,124,1766,1737.6801494275533,42,1,37.0,11,Fri,9,0,Meme,That feeling when chai fixes everything.,40,0.19375,269,36,44,28,4852,1,36.9676793991803,iOS
20550,157,53471,53442.28301802857,1270,1,27.5,4,Wed,10,1,Personal,Weekend trip with the family was so refreshing.,47,0.003,112,18,12,15,147146,0,42.35514474794049,iOS
20967,179,4075,4013.9840287212,108,0,0.0,21,Tue,5,1,Motivational,Believe in yourself and keep pushing forward. Your only limit is the one you set yourself.,90,0.13961,322,84,50,58,5155,0,86.38286724667907,iOS
20296,69,8963,8997.449287627764,424,1,26.9,23,Sun,7,1,Meme,Me pretending to work while scrolling reels. When the auto driver actually uses the meter.,90,0.12955,834,124,99,110,34094,0,25.318342015052664,iOS
20696,107,32516,32533.62563222586,1186,1,14.7,18,Wed,11,2,Meme,Monday mood be like absolutely not today.,41,0.06855,1929,191,181,233,85626,0,63.19609765366437,Android
20074,206,1587,1571.791704098326,85,0,0.0,16,Mon,4,0,Motivational,Hard work always pays off eventually trust the process. Discipline beats motivation every single time.,102,0.18945,261,26,32,26,1573,1,67.60185169226685,iOS
20606,182,75444,75429.25618332166,1189,0,0.0,5,Fri,14,2,Promotional,Sponsored but I genuinely love this product. Link in bio to shop the collection now.,84,0.003,167,29,25,14,72387,0,21.40766006282706,iOS
20105,213,21581,21620.454383087275,1226,1,32.5,6,Sat,10,1,Personal,Grateful for this beautiful sunset today. Missing home cooked food so much today.,81,0.09712,1505,271,193,225,91573,0,32.87345731712878,iOS
20646,99,59204,59213.2838028824,2038,1,25.6,17,Mon,7,2,Promotional,Link in bio to shop the collection now. Excited to partner with this amazing brand.,83,0.003,124,23,12,7,227137,0,21.809310896486817,Android
21365,22,44156,44214.45701540307,2017,1,19.6,10,Mon,9,2,Question,Should I do a giveaway this week let me know. Do you prefer reels or regular posts.,83,0.02666,919,139,82,127,121326,0,35.19934247988183,iOS
21041,45,4692,4688.982695192607,256,0,0.0,23,Thu,13,0,Motivational,Hard work always pays off eventually trust the process. Stay consistent and the results will follow.,100,0.1161,369,56,45,74,2889,0,39.86228389903059,Web
20440,202,7320,7228.557887029358,219,1,20.7,7,Sat,9,2,Motivational,Stay consistent and the results will follow.,44,0.121,585,108,60,79,21254,0,37.43534951235665,iOS
21020,24,13310,13274.729619053927,761,1,6.5,6,Sun,10,2,Personal,Late night walk through the city lights. Spent the evening at marine drive with friends.,88,0.07714,749,126,118,79,44942,0,52.70738495314445,iOS
20092,51,102924,102940.84992256104,4362,0,0.0,9,Sun,8,1,Meme,That feeling when chai fixes everything.,40,0.003,233,36,20,33,156667,0,56.865841374533744,Android
21113,186,13693,13699.223359709844,530,0,0.0,10,Thu,9,3,Question,Which outfit do you all like more comment below. Any recommendations for weekend plans in the city.,99,0.04969,550,64,50,62,21505,0,31.839369538934594,Android
21217,74,94740,94714.7543553042,1983,0,0.0,16,Tue,9,0,Promotional,Use my code MUMBAI10 for a discount.,36,0.003,205,23,26,27,149524,0,57.085723571965346,iOS
20909,15,7243,7224.016934323521,373,1,35.0,23,Thu,9,1,Motivational,Every small step counts towards success.,40,0.16701,760,144,57,132,23531,0,32.21011648367572,Android
20103,31,1340,1371.289126885011,23,1,5.0,9,Sun,7,2,Motivational,Stay consistent and the results will follow. Never give up on your dreams keep going.,85,0.24964,194,33,21,18,3370,1,33.27098271602396,Android
20239,1,4420,4405.178730055341,159,0,0.0,3,Sat,10,1,Question,Do you prefer reels or regular posts.,37,0.13433,490,66,55,60,4634,0,75.15385329092408,iOS
21184,46,1006,1047.9061997084095,16,1,9.9,15,Sat,16,0,Promotional,Swipe up to grab yours before it sells out. Use my code MUMBAI10 for a discount.,80,0.23195,156,27,22,22,3800,1,61.278679431108074,Android
20943,99,59204,59091.5217836003,2038,1,16.3,4,Tue,13,1,Personal,Late night walk through the city lights. Grateful for this beautiful sunset today.,82,0.003,112,17,15,16,128930,0,63.88536794469,Android
20939,57,2642,2701.088837096015,131,0,0.0,11,Sun,8,1,Question,Do you prefer reels or regular posts.,37,0.1817,379,41,49,22,1645,1,47.19839743276598,iOS
20006,212,169962,170076.17871012038,3044,1,17.2,19,Mon,5,2,Question,What is your favorite street food spot in Mumbai.,49,0.003,385,42,45,26,792305,0,52.20917344995954,Android
21262,110,7186,7180.0615538826805,136,1,23.6,12,Mon,4,2,Promotional,Sponsored but I genuinely love this product. Use my code MUMBAI10 for a discount.,81,0.0979,519,78,39,78,35789,0,54.24136753684195,iOS
20966,98,9299,9297.742603962246,339,1,27.0,16,Sun,8,1,Question,Any recommendations for weekend plans in the city. What should I vlog next tell me in comments.,95,0.1234,879,116,58,124,38520,0,40.09669119697891,iOS
20019,199,1551,1536.286065622876,59,0,0.0,1,Wed,0,0,Promotional,Swipe up to grab yours before it sells out. Limited time offer just for my followers.,85,0.17851,175,32,23,33,970,1,57.64512753374606,iOS
20122,136,3532,3574.0581041940823,66,1,37.4,0,Tue,7,1,Motivational,Hard work always pays off eventually trust the process.,55,0.15354,400,51,40,47,13826,0,64.82765447377803,Web
20662,197,4979,4921.164773123816,77,1,9.3,3,Sun,12,1,Personal,Missing home cooked food so much today.,39,0.14206,560,75,67,53,10187,0,72.34148476514635,Web
21172,19,8298,8302.792817127307,455,0,0.0,4,Sun,5,1,Question,Which outfit do you all like more comment below.,48,0.11199,637,139,68,42,7682,0,37.86340108359825,iOS
20275,167,4054,4055.5203134226003,170,1,40.6,14,Tue,6,4,Question,Any recommendations for weekend plans in the city. Which cafe should I visit next in Bandra.,92,0.17196,545,63,63,46,13744,0,66.57195697645078,Android
20434,185,28230,28199.801988879284,741,0,0.0,19,Thu,15,2,Meme,Monday mood be like absolutely not today. Me pretending to work while scrolling reels.,86,0.05293,1007,172,144,200,29570,0,34.087336122397616,iOS
20812,193,800,775.4791224381161,43,0,0.0,23,Sat,15,4,Meme,Me pretending to work while scrolling reels. When the auto driver actually uses the meter.,90,0.24467,148,18,14,25,928,1,35.8170313434978,Android
21300,85,12073,12105.867280515384,450,1,5.0,16,Sat,7,1,Promotional,Swipe up to grab yours before it sells out.,43,0.10575,1013,145,59,132,47983,0,59.722868901461084,iOS
21314,126,24956,24998.11986636175,1286,1,5.0,1,Sun,6,1,Motivational,Never give up on your dreams keep going. Every small step counts towards success.,81,0.03333,598,82,71,74,75532,0,46.069065701400426,iOS
20182,16,1188,1154.710283555137,21,0,0.0,8,Tue,14,2,Question,Which outfit do you all like more comment below. What should I vlog next tell me in comments.,93,0.22191,204,25,29,19,828,1,36.594417554835616,iOS
20185,201,26056,26098.022082831678,1083,0,0.0,5,Fri,10,2,Promotional,Excited to partner with this amazing brand. Sponsored but I genuinely love this product.,88,0.00743,133,18,20,18,17577,0,61.19518528683459,iOS
20407,138,56557,56549.40607867638,2836,1,23.4,17,Wed,14,1,Motivational,Believe in yourself and keep pushing forward.,45,0.01438,558,90,61,68,141329,0,62.0899388393032,Android
20866,11,3988,3993.4167371083295,88,1,26.4,23,Sat,9,4,Meme,When Mumbai local trains are on time for once.,46,0.18701,561,78,39,70,11719,0,63.813121190247536,Android
20521,59,20857,20998.759596754713,365,0,0.0,7,Wed,13,0,Motivational,Discipline beats motivation every single time.,46,0.04125,598,83,88,59,33445,0,54.38610918222296,Android
21004,93,28695,28743.920325297895,1518,1,15.0,17,Fri,11,3,Promotional,Limited time offer just for my followers. Sponsored but I genuinely love this product.,86,0.04868,978,115,115,140,80208,0,51.58398091088777,Android
20381,157,53471,53456.76544702712,1270,1,29.3,13,Thu,10,2,Personal,Coffee and good vibes this morning. Late night walk through the city lights.,76,0.003,99,18,15,14,233011,0,46.5595937463493,iOS
20428,105,217460,217434.4087639898,7937,1,19.4,3,Tue,7,1,Promotional,New collab dropping this week stay tuned. Swipe up to grab yours before it sells out.,85,0.003,498,76,32,45,544817,0,50.13653222928286,iOS
20079,166,2876,2843.41468942641,152,1,10.3,20,Mon,9,0,Promotional,Swipe up to grab yours before it sells out. Sponsored but I genuinely love this product.,88,0.18402,406,72,51,42,9143,0,62.37208723120955,iOS
21010,43,103589,103571.69024807947,3925,0,0.0,11,Sun,11,0,Meme,Me pretending to work while scrolling reels. When the auto driver actually uses the meter.,90,0.003,208,34,15,24,148695,0,44.451175455620174,Web
21372,99,59204,59224.726201500336,2038,0,0.0,18,Sun,14,2,Personal,Coffee and good vibes this morning. Late night walk through the city lights.,76,0.00343,143,23,14,19,79225,0,25.68018485765957,Android
20608,212,169962,169973.30884873873,3044,1,26.5,5,Mon,4,1,Motivational,Your only limit is the one you set yourself. Stay consistent and the results will follow.,89,0.003,349,54,29,31,719964,0,48.90919535865306,Android
21236,23,17510,17518.791750769156,526,0,0.0,0,Thu,9,0,Question,What is your favorite street food spot in Mumbai.,49,0.04406,462,71,63,40,11446,0,47.32840089699519,iOS
21385,171,2894,2816.2044867225927,136,0,0.0,3,Sat,9,2,Personal,Weekend trip with the family was so refreshing. Late night walk through the city lights.,88,0.16718,367,60,46,37,1812,1,42.6826436866845,Android
21268,41,1854,1920.095182010271,31,0,0.0,23,Wed,5,1,Personal,Missing home cooked food so much today. Just another day in Mumbai chasing dreams.,82,0.18263,247,19,38,22,2318,1,55.60413071673954,Android
21058,137,5280,5263.738669019823,154,1,23.2,1,Mon,8,3,Personal,Missing home cooked food so much today. Grateful for this beautiful sunset today.,81,0.14693,646,99,58,64,10360,0,54.586639803443234,Android
21092,103,14635,14601.631468768463,863,1,29.1,14,Wed,10,0,Personal,Late night walk through the city lights.,40,0.06495,639,89,104,95,47361,0,36.73365161353475,iOS
21102,165,2710,2706.404688100632,46,0,0.0,16,Mon,6,2,Meme,When Mumbai local trains are on time for once. POV you are stuck in Mumbai traffic again.,89,0.17793,377,51,52,48,3308,1,39.01977777130911,iOS
21130,21,11761,11792.7610041292,696,0,0.0,20,Thu,7,2,Question,Do you prefer reels or regular posts.,37,0.09085,852,111,103,79,10545,0,64.49339528014956,iOS
21223,73,3547,3444.6553275777806,164,1,5.0,5,Thu,3,2,Question,Should I do a giveaway this week let me know.,45,0.1953,483,78,49,57,10496,1,50.060917245294036,Web
20959,123,8464,8541.2517666885,282,0,0.0,9,Tue,13,0,Meme,That feeling when chai fixes everything. POV you are stuck in Mumbai traffic again.,83,0.08764,539,86,95,89,10944,0,29.85070459297621,iOS
20560,97,15409,15413.206639464104,287,0,0.0,11,Mon,10,0,Promotional,New collab dropping this week stay tuned. Swipe up to grab yours before it sells out.,85,0.03126,356,55,43,36,21802,0,57.386569798540464,iOS
20847,104,8326,8299.657065991027,302,0,0.0,13,Sun,7,2,Meme,Me checking Instagram one more time before sleeping.,52,0.07403,417,64,48,51,7569,0,59.39584171085899,iOS
20691,88,52140,52116.21888443678,2557,0,0.0,3,Fri,5,1,Personal,Spent the evening at marine drive with friends. Missing home cooked food so much today.,87,0.003,107,13,13,10,43629,0,45.10964329485226,iOS
21377,139,38040,38029.48373264756,2154,0,0.0,4,Sat,5,2,Motivational,Believe in yourself and keep pushing forward. Every small step counts towards success.,86,0.00789,228,23,19,39,39731,0,11.9443073999917,iOS
21298,191,4646,4694.953274568214,130,0,0.0,4,Thu,10,0,Promotional,Limited time offer just for my followers. Link in bio to shop the collection now.,81,0.12196,410,75,49,43,2859,0,28.88138597312483,iOS
20437,136,3532,3523.5262751523283,66,1,37.9,22,Fri,11,1,Personal,Spent the evening at marine drive with friends.,47,0.18764,453,73,39,54,9204,1,62.4099188643222,iOS
20491,182,75444,75427.02167187711,1189,0,0.0,7,Sun,14,1,Meme,Me pretending to work while scrolling reels.,44,0.003,137,25,17,16,74055,0,28.39924839277266,Android
21390,93,28695,28760.81844578462,1518,1,24.9,22,Sun,10,2,Motivational,Stay consistent and the results will follow. Never give up on your dreams keep going.,85,0.04617,1073,150,82,84,158346,0,46.984496905837304,Android
21277,184,58952,58942.34261479227,1415,0,0.0,5,Sat,3,1,Promotional,New collab dropping this week stay tuned.,41,0.003,114,14,10,19,62013,0,71.24871912461441,Android
20070,128,15072,15099.75484013683,540,0,0.0,5,Thu,10,0,Promotional,Limited time offer just for my followers.,41,0.06921,659,128,79,97,14674,0,36.044990499177054,Web
20809,69,8963,9022.32582236932,424,0,0.0,0,Mon,10,0,Meme,POV you are stuck in Mumbai traffic again. When Mumbai local trains are on time for once.,89,0.07925,541,82,23,48,8426,0,28.244747695946394,Android
21185,22,44156,44187.22216533392,2017,0,0.0,13,Fri,10,1,Question,What should I vlog next tell me in comments. Which cafe should I visit next in Bandra.,86,0.003,95,14,10,15,43778,0,40.2824890828422,iOS
20012,157,53471,53475.27018210588,1270,1,27.4,6,Sun,11,1,Meme,That feeling when chai fixes everything.,40,0.02487,1019,125,115,136,173983,0,50.02981575342086,iOS
20145,135,48011,48075.86927317467,1655,1,24.3,10,Sat,5,2,Promotional,Use my code MUMBAI10 for a discount. Link in bio to shop the collection now.,76,0.003,111,15,13,14,161615,0,58.448478996992854,iOS
20918,185,28230,28256.97087336409,741,1,36.7,21,Thu,6,2,Question,Which outfit do you all like more comment below.,48,0.06221,1203,205,149,167,67197,0,54.85676878669536,iOS
20640,11,3988,3906.258419937125,88,0,0.0,14,Fri,8,1,Promotional,Sponsored but I genuinely love this product.,44,0.14474,393,84,57,36,4384,0,32.92461374788191,iOS
20177,47,1621,1668.9694174887563,32,0,0.0,20,Thu,9,1,Personal,Just another day in Mumbai chasing dreams.,42,0.21102,289,28,40,34,1750,1,70.41303784729108,Android
20995,144,3441,3443.3882326178764,204,0,0.0,15,Mon,9,1,Meme,Monday mood be like absolutely not today.,41,0.14435,399,42,36,52,3360,0,67.00705958252433,iOS
20441,132,7286,7310.125864533686,121,1,29.9,10,Wed,11,0,Question,What should I vlog next tell me in comments. What is your favorite street food spot in Mumbai.,94,0.1035,574,78,42,85,19727,0,30.185670971211618,Android
20522,161,23456,23475.31556954615,1134,0,0.0,5,Mon,13,1,Promotional,New collab dropping this week stay tuned. Sponsored but I genuinely love this product.,86,0.03854,616,107,62,113,26520,0,34.672550785506544,iOS
21378,215,42079,41998.09536244443,754,0,0.0,15,Fri,9,1,Question,Should I do a giveaway this week let me know. Which cafe should I visit next in Bandra.,87,0.003,95,20,13,5,70210,0,51.65799278101172,Android
21005,37,18796,18649.081906412313,443,1,20.0,10,Tue,9,0,Personal,Missing home cooked food so much today. Spent the evening at marine drive with friends.,87,0.06554,747,140,128,88,54631,0,65.97422143996062,iOS
20144,164,42534,42513.252938916936,1076,0,0.0,3,Sun,14,1,Personal,Late night walk through the city lights.,40,0.003,91,14,8,19,27961,0,43.15870285174316,Web
20754,194,26026,26002.79802581262,1291,0,0.0,8,Sat,7,0,Personal,Coffee and good vibes this morning.,35,0.003,52,8,8,9,22441,0,41.29278095973932,iOS
20520,57,2642,2638.1327785087,131,1,18.8,11,Sat,4,2,Question,What is your favorite street food spot in Mumbai.,49,0.2105,408,60,46,28,11254,1,41.96050282933825,Android
20823,12,51515,51426.88105548126,2892,0,0.0,12,Thu,9,3,Question,Which outfit do you all like more comment below. Should I do a giveaway this week let me know.,94,0.003,96,10,9,16,57305,0,38.4340134616256,iOS
20429,181,2026,2018.429886179412,104,0,0.0,1,Wed,12,0,Question,What is your favorite street food spot in Mumbai. Should I do a giveaway this week let me know.,95,0.18981,274,39,36,42,2038,1,48.18780927894605,Android
20613,6,22343,22325.366790991917,1174,1,14.6,9,Tue,18,0,Motivational,Discipline beats motivation every single time. Every small step counts towards success.,87,0.06733,983,224,124,149,91170,0,53.66062141218058,Android
21033,20,2464,2443.1723001607024,112,0,0.0,7,Wed,11,0,Promotional,Use my code MUMBAI10 for a discount. Limited time offer just for my followers.,78,0.1529,259,44,28,25,4386,0,76.35459225513333,iOS
20157,206,1587,1617.6004153646943,85,1,22.4,22,Fri,4,2,Personal,Late night walk through the city lights. Weekend trip with the family was so refreshing.,88,0.22753,255,32,34,40,3394,1,63.981188477703896,iOS
20540,43,103589,103622.39629788182,3925,0,0.0,12,Sat,7,1,Meme,When the auto driver actually uses the meter. Monday mood be like absolutely not today.,87,0.003,227,33,20,32,104699,0,37.993343893022164,Android
20462,134,21618,21703.52810465211,396,1,8.3,17,Mon,13,0,Personal,Grateful for this beautiful sunset today.,41,0.07248,1163,130,126,92,97213,0,67.30990495819563,Android
20577,89,218677,218660.49841407672,8649,0,0.0,18,Fri,16,1,Personal,Spent the evening at marine drive with friends. Coffee and good vibes this morning.,83,0.003,451,46,56,49,324212,0,39.79583791023058,iOS
20256,207,19828,19736.27350999524,390,1,21.5,8,Fri,7,4,Personal,Just another day in Mumbai chasing dreams.,42,0.003,42,7,4,3,50047,0,61.088015485407425,Android
20980,102,7438,7475.077050867588,212,0,0.0,4,Sun,12,4,Promotional,Limited time offer just for my followers. Sponsored but I genuinely love this product.,86,0.07659,381,47,45,31,10129,0,49.13224295823681,iOS
21186,44,112688,112702.0200856241,3348,1,13.7,10,Fri,9,0,Question,Any recommendations for weekend plans in the city.,50,0.003,227,44,23,28,466620,0,47.814437109607155,iOS
21007,90,11680,11671.593675749069,183,0,0.0,22,Sat,5,1,Question,Should I do a giveaway this week let me know. What is your favorite street food spot in Mumbai.,95,0.09102,768,137,80,66,10326,0,47.80552022752959,iOS
20561,90,11680,11602.565617364615,183,1,32.6,0,Tue,11,1,Question,Do you prefer reels or regular posts. Any recommendations for weekend plans in the city.,88,0.07327,580,110,56,68,35484,0,44.61486255689767,Android
20209,185,28230,28284.701306876847,741,0,0.0,7,Sun,7,0,Motivational,Discipline beats motivation every single time.,46,0.0069,163,30,16,16,23225,0,34.45866758552997,Android
20911,213,21581,21541.192668923744,1226,1,31.9,20,Sat,13,1,Personal,Just another day in Mumbai chasing dreams. Coffee and good vibes this morning.,78,0.08287,1186,171,120,120,95918,0,52.99090545948986,iOS
20002,127,2703,2726.8430467511635,60,1,36.9,23,Thu,13,1,Personal,Coffee and good vibes this morning. Grateful for this beautiful sunset today.,77,0.20117,405,70,38,47,14109,1,39.702701959605065,Android
20270,144,3441,3455.983422463752,204,0,0.0,0,Sat,9,0,Personal,Grateful for this beautiful sunset today.,41,0.11702,350,34,34,36,4125,0,65.16915918181374,Android
20266,155,2145,2210.0287531636377,74,1,26.3,3,Sun,8,0,Personal,Late night walk through the city lights.,40,0.18262,279,39,22,24,4938,1,38.48481923686965,iOS
20915,133,7910,7891.505693020299,409,0,0.0,14,Tue,7,4,Motivational,Your only limit is the one you set yourself. Discipline beats motivation every single time.,91,0.09967,616,95,94,73,11614,0,56.0833000387115,iOS
20231,66,6202,6240.740281870445,194,1,5.0,8,Mon,11,1,Promotional,Swipe up to grab yours before it sells out.,43,0.13525,632,90,73,54,25604,0,20.04958745908391,iOS
21375,175,3700,3651.6122001962867,221,0,0.0,10,Tue,8,2,Personal,Missing home cooked food so much today. Coffee and good vibes this morning.,75,0.1599,372,66,60,70,6076,0,75.9094094981208,iOS
21120,153,1410,1495.1007545152067,80,1,19.8,15,Sun,6,0,Promotional,Use my code MUMBAI10 for a discount.,36,0.21196,227,34,10,37,3584,1,29.756385750856264,Android
21370,215,42079,42018.884128487436,754,0,0.0,0,Fri,10,3,Motivational,Hard work always pays off eventually trust the process. Discipline beats motivation every single time.,102,0.00884,259,34,25,41,59911,0,73.3090283363114,iOS
20865,67,9434,9498.052653075234,304,0,0.0,5,Wed,8,1,Motivational,Discipline beats motivation every single time.,46,0.0629,502,69,42,55,11045,0,65.36346044053809,Android
21067,211,37502,37577.32698161948,1239,0,0.0,7,Sun,9,1,Promotional,New collab dropping this week stay tuned. Sponsored but I genuinely love this product.,86,0.003,75,10,8,12,62805,0,50.64188623321889,iOS
20874,83,18971,18976.981397505497,932,1,36.4,14,Sun,6,2,Question,Do you prefer reels or regular posts. What should I vlog next tell me in comments.,82,0.08905,1359,155,103,148,65959,0,44.77585335287404,Android
21246,132,7286,7312.393286713314,121,0,0.0,21,Mon,12,0,Motivational,Hard work always pays off eventually trust the process. Discipline beats motivation every single time.,102,0.10824,623,86,75,100,7138,0,61.20551951711183,iOS
20399,204,35946,35931.43359028405,1929,0,0.0,0,Fri,7,2,Personal,Missing home cooked food so much today. Coffee and good vibes this morning.,75,0.003,70,11,10,11,42246,0,49.38837468407544,Android
21271,115,4744,4771.864928561204,238,1,39.4,2,Tue,10,2,Meme,When Mumbai local trains are on time for once.,46,0.14786,558,72,57,58,14555,0,42.31659600053978,iOS
20046,74,94740,94752.47861394541,1983,0,0.0,23,Fri,9,4,Meme,Monday mood be like absolutely not today. When the auto driver actually uses the meter.,87,0.003,203,34,22,24,106280,0,38.7879774626077,Android
20162,178,2469,2427.2829750162455,56,1,7.9,18,Thu,10,2,Meme,POV you are stuck in Mumbai traffic again. Me pretending to work while scrolling reels.,87,0.21903,405,46,36,59,9335,1,44.3639422403739,iOS
20992,51,102924,102935.9979631748,4362,0,0.0,6,Wed,13,0,Meme,Me checking Instagram one more time before sleeping.,52,0.003,211,36,34,26,128005,0,55.43630640468057,iOS
20728,39,38205,38110.09796395979,1048,1,21.2,1,Sun,14,0,Personal,Late night walk through the city lights. Just another day in Mumbai chasing dreams.,83,0.01132,320,39,46,39,95199,0,33.69188600573355,Android
20630,34,20189,20310.341097093056,556,0,0.0,10,Wed,6,0,Meme,When Mumbai local trains are on time for once. When the auto driver actually uses the meter.,92,0.02613,397,69,32,46,25728,0,57.94634428825406,iOS
20289,20,2464,2544.3396822336977,112,0,0.0,4,Sun,9,0,Meme,When the auto driver actually uses the meter.,45,0.14558,258,31,27,35,2767,0,51.57962314635823,iOS
21060,22,44156,44200.25918580826,2017,0,0.0,9,Fri,6,0,Motivational,Stay consistent and the results will follow.,44,0.003,101,14,9,17,54711,0,38.94545685881489,iOS
21359,60,7576,7560.279270048801,154,1,22.8,16,Wed,12,2,Meme,When Mumbai local trains are on time for once. Me pretending to work while scrolling reels.,91,0.1235,624,123,71,70,21308,0,52.84714162615245,Android
20576,12,51515,51599.82261027761,2892,1,26.9,13,Mon,8,1,Promotional,Excited to partner with this amazing brand.,43,0.003,112,14,9,14,138780,0,42.99563079537176,Android
20851,213,21581,21544.779232425863,1226,1,22.9,21,Sat,6,0,Personal,Missing home cooked food so much today.,39,0.09763,1504,221,185,219,116543,0,61.12398172418946,Web
20912,67,9434,9348.511030396445,304,0,0.0,23,Tue,11,0,Meme,Monday mood be like absolutely not today.,41,0.11091,777,114,70,116,14172,0,59.14893246875933,iOS
21255,111,7706,7735.958952781579,438,1,23.5,20,Tue,13,2,Meme,Me checking Instagram one more time before sleeping.,52,0.15186,711,127,106,103,29613,0,37.81545151523005,Android
21264,37,18796,18760.300300560153,443,1,40.1,17,Sat,11,0,Personal,Weekend trip with the family was so refreshing.,47,0.06177,748,105,88,110,66943,0,30.943161309325763,Android
20933,164,42534,42605.49226734352,1076,0,0.0,6,Sun,11,1,Motivational,Hard work always pays off eventually trust the process. Never give up on your dreams keep going.,96,0.003,105,13,12,13,23637,0,55.8970844766237,iOS
21101,143,55526,55600.338693473874,1762,1,44.5,12,Wed,9,1,Question,What should I vlog next tell me in comments. Which outfit do you all like more comment below.,93,0.003,119,15,11,11,123049,0,61.643160354207936,Android
21208,152,18923,18875.46554819654,393,0,0.0,22,Tue,9,0,Motivational,Believe in yourself and keep pushing forward. Every small step counts towards success.,86,0.05965,732,115,71,96,19663,0,59.21582614534763,iOS
20248,9,35979,35984.92902375507,1099,0,0.0,10,Fri,12,0,Meme,When the auto driver actually uses the meter.,45,0.01209,321,34,26,54,54761,0,65.18436339750133,iOS
20477,103,14635,14641.858146742607,863,0,0.0,14,Sat,4,0,Personal,Missing home cooked food so much today. Grateful for this beautiful sunset today.,81,0.06061,671,101,46,74,13639,0,38.87822538658075,Android
20086,24,13310,13247.694493826952,761,1,27.7,16,Sat,15,2,Motivational,Hard work always pays off eventually trust the process.,55,0.09206,922,157,97,88,51700,0,64.60815065222926,Android
20470,69,8963,8901.410525408179,424,0,0.0,23,Sun,8,1,Promotional,Sponsored but I genuinely love this product. New collab dropping this week stay tuned.,86,0.07471,408,76,55,56,8070,0,67.0828307474504,iOS
20226,97,15409,15389.113744742981,287,0,0.0,22,Sat,9,1,Personal,Late night walk through the city lights. Missing home cooked food so much today.,80,0.07364,811,145,80,69,19892,0,77.66252030066842,Android
20775,123,8464,8436.481656108232,282,1,30.0,3,Sat,4,0,Promotional,Link in bio to shop the collection now.,39,0.08407,552,77,55,92,29407,0,54.51782446483884,iOS
20332,16,1188,1204.5980497241535,21,0,0.0,14,Sat,8,0,Motivational,Never give up on your dreams keep going.,40,0.18033,134,22,8,20,2346,1,47.910681210581366,iOS
20234,38,22263,22280.149777905022,644,1,18.8,22,Fri,6,1,Promotional,Sponsored but I genuinely love this product. Swipe up to grab yours before it sells out.,88,0.05517,929,114,89,136,72404,0,34.25858074852264,iOS
20589,182,75444,75505.68340269459,1189,0,0.0,15,Sat,8,1,Meme,When the auto driver actually uses the meter. That feeling when chai fixes everything.,86,0.003,163,26,21,28,144402,0,51.056606827240806,iOS
20476,164,42534,42495.66162401067,1076,1,30.3,13,Fri,7,0,Motivational,Believe in yourself and keep pushing forward. Never give up on your dreams keep going.,86,0.04071,1243,214,147,154,83301,0,44.126226651954816,iOS
20600,159,72318,72420.54181684241,3536,0,0.0,23,Fri,9,2,Meme,Monday mood be like absolutely not today.,41,0.003,162,29,17,16,76205,0,61.62635980071936,iOS
20422,6,22343,22355.533456707406,1174,1,32.8,7,Fri,5,1,Question,Do you prefer reels or regular posts. Should I do a giveaway this week let me know.,83,0.04106,715,113,57,59,66856,0,58.23662650283089,iOS
20183,143,55526,55459.26057340251,1762,0,0.0,1,Sat,11,3,Motivational,Hard work always pays off eventually trust the process. Your only limit is the one you set yourself.,100,0.003,125,20,14,14,40495,0,41.840719450123686,Web
20989,216,19932,19935.38328680779,919,0,0.0,2,Mon,14,1,Personal,Just another day in Mumbai chasing dreams.,42,0.02474,417,53,29,36,21333,0,47.21594087758028,iOS
21001,128,15072,15000.206829339946,540,0,0.0,10,Tue,8,0,Motivational,Discipline beats motivation every single time.,46,0.05999,668,104,77,67,11839,0,41.72437181093085,Web
20050,183,6770,6754.176758619048,273,1,21.8,9,Sat,5,1,Motivational,Hard work always pays off eventually trust the process. Discipline beats motivation every single time.,102,0.14685,755,125,92,103,14800,0,71.92605571776281,Android
21305,194,26026,26027.62455109251,1291,0,0.0,5,Fri,5,1,Personal,Spent the evening at marine drive with friends.,47,0.03692,661,136,52,117,17575,0,40.58110597506987,iOS
21030,52,268184,268181.2846326364,12683,1,16.6,3,Tue,10,1,Meme,POV you are stuck in Mumbai traffic again. That feeling when chai fixes everything.,83,0.003,638,103,53,80,542513,0,39.2373982787762,Web
20530,71,23270,23246.724307285287,683,0,0.0,12,Tue,10,2,Question,What is your favorite street food spot in Mumbai.,49,0.02092,347,69,49,45,20558,0,65.7400439267106,iOS
21259,111,7706,7742.049646273088,438,1,20.2,12,Tue,10,3,Meme,When Mumbai local trains are on time for once. That feeling when chai fixes everything.,87,0.11599,634,67,87,67,28507,0,33.91696892318126,iOS
20487,115,4744,4741.796005760373,238,1,14.1,21,Sun,8,1,Meme,Monday mood be like absolutely not today. That feeling when chai fixes everything.,82,0.15252,473,81,39,48,12660,0,40.40339691483655,Android
20498,22,44156,44077.280275900295,2017,0,0.0,1,Mon,10,0,Personal,Grateful for this beautiful sunset today. Weekend trip with the family was so refreshing.,89,0.003,90,16,11,15,46145,0,40.9707625860637,iOS
20107,159,72318,72449.46446471341,3536,0,0.0,14,Sun,10,1,Meme,When Mumbai local trains are on time for once.,46,0.003,146,25,15,20,93941,0,52.716738213209695,iOS
20444,182,75444,75525.06218403623,1189,0,0.0,2,Sat,8,1,Personal,Just another day in Mumbai chasing dreams.,42,0.003,161,21,19,17,56379,0,24.111342669413983,iOS
20647,79,37410,37318.5839302728,1086,1,26.6,17,Mon,9,0,Motivational,Never give up on your dreams keep going.,40,0.02957,769,141,89,81,137209,0,35.14049689889945,iOS
21037,195,7455,7444.293983176451,300,1,24.6,19,Sat,7,2,Motivational,Discipline beats motivation every single time. Never give up on your dreams keep going.,87,0.14939,677,137,97,109,33770,0,49.74779521786878,iOS
20727,43,103589,103519.96403839385,3925,0,0.0,6,Sun,12,1,Promotional,Excited to partner with this amazing brand.,43,0.003,226,35,17,23,109588,0,84.92061201853389,Android
20191,108,5878,5948.005452740799,104,1,33.9,23,Sat,7,2,Motivational,Your only limit is the one you set yourself. Discipline beats motivation every single time.,91,0.14277,608,95,70,94,27283,0,43.151987131329065,Android
20283,127,2703,2753.3210302938733,60,0,0.0,6,Thu,16,3,Question,Should I do a giveaway this week let me know. Which cafe should I visit next in Bandra.,87,0.1693,308,52,38,27,3464,0,63.027246582287304,Android
20030,132,7286,7249.9548954844995,121,1,13.9,17,Sun,8,1,Promotional,Limited time offer just for my followers.,41,0.12771,569,85,98,85,16556,0,34.91440851842517,iOS
20170,24,13310,13362.67618652697,761,1,27.8,20,Mon,6,1,Meme,Me pretending to work while scrolling reels. When Mumbai local trains are on time for once.,91,0.11133,1017,98,108,163,47454,0,79.32142369837067,iOS
21002,178,2469,2508.799549601642,56,1,16.0,22,Thu,10,3,Motivational,Your only limit is the one you set yourself.,44,0.19225,304,53,15,46,5534,1,46.27393374690006,iOS
21205,121,26047,25954.61572909894,1493,1,12.9,3,Thu,3,1,Motivational,Your only limit is the one you set yourself.,44,0.02163,383,63,49,46,82535,0,32.56633130056913,Android
20101,91,4999,4939.0199502229125,95,0,0.0,6,Mon,6,1,Promotional,Link in bio to shop the collection now. Sponsored but I genuinely love this product.,84,0.11242,423,65,37,56,5797,0,33.81540922357439,iOS
20198,166,2876,2827.548740463086,152,1,21.6,11,Sat,9,3,Motivational,Stay consistent and the results will follow.,44,0.15445,381,56,33,37,8253,0,44.560987012727836,Android
20496,55,8037,8076.548092365857,394,0,0.0,2,Wed,4,3,Question,What is your favorite street food spot in Mumbai.,49,0.12298,739,83,92,43,9100,0,44.72287396814991,iOS
20648,202,7320,7409.26050326826,219,0,0.0,4,Fri,2,1,Meme,That feeling when chai fixes everything.,40,0.10074,531,91,56,43,7492,0,36.035111386152934,Web
20988,217,1252,1217.0079981186047,38,1,29.7,16,Sun,9,4,Promotional,Use my code MUMBAI10 for a discount.,36,0.2123,188,28,24,29,5847,1,63.11985457009371,iOS
20045,37,18796,18835.40093322509,443,1,21.0,9,Tue,9,0,Personal,Coffee and good vibes this morning. Missing home cooked food so much today.,75,0.07835,1204,209,153,101,36651,0,40.68709379648337,Android
20711,187,51554,51602.97519939685,1220,1,32.1,15,Tue,11,3,Meme,Me pretending to work while scrolling reels. POV you are stuck in Mumbai traffic again.,87,0.003,111,17,8,16,205743,0,63.09644517768945,iOS
20374,89,218677,218650.7855328974,8649,0,0.0,23,Sun,10,1,Personal,Missing home cooked food so much today.,39,0.003,445,74,48,49,193335,0,50.900723938207626,Android
20679,206,1587,1635.420118108164,85,1,26.1,9,Sun,7,2,Question,Should I do a giveaway this week let me know. Any recommendations for weekend plans in the city.,96,0.20733,241,48,40,33,4797,1,53.19050558962537,Android
20567,151,10588,10587.959497563194,167,0,0.0,8,Thu,11,1,Question,Should I do a giveaway this week let me know.,45,0.11623,910,122,65,121,11665,0,51.81704761271898,iOS
20848,109,20931,20946.351235436636,843,0,0.0,18,Mon,10,2,Motivational,Stay consistent and the results will follow.,44,0.05971,820,105,120,133,22047,0,37.207288840313325,Web
20461,42,413619,413705.4313058361,24012,0,0.0,20,Fri,8,1,Meme,When the auto driver actually uses the meter.,45,0.003,1013,147,58,135,409580,0,43.73327238744826,Web
21156,135,48011,47964.36647764958,1655,1,25.4,18,Sun,8,0,Motivational,Never give up on your dreams keep going.,40,0.03051,1070,107,77,153,170687,0,59.68667643205684,Android
20040,36,83563,83591.41746355555,4185,0,0.0,9,Mon,8,2,Promotional,Excited to partner with this amazing brand.,43,0.003,168,31,18,16,99046,0,56.61091835995437,Android
20435,119,1283,1274.6884641527772,56,1,15.8,9,Wed,5,1,Promotional,Use my code MUMBAI10 for a discount.,36,0.20929,217,25,21,21,5703,0,37.38994032921084,iOS
20974,7,146466,146490.45707387995,3832,0,0.0,15,Sun,10,1,Meme,Me pretending to work while scrolling reels.,44,0.003,323,33,38,60,130319,0,75.86563345093201,Web
21240,113,8335,8394.501944413123,475,1,19.0,4,Mon,10,2,Motivational,Believe in yourself and keep pushing forward. Stay consistent and the results will follow.,90,0.0956,558,83,52,80,49976,0,27.926372050540333,iOS
21008,98,9299,9293.799124855532,339,0,0.0,0,Sat,12,1,Motivational,Hard work always pays off eventually trust the process. Stay consistent and the results will follow.,100,0.11369,729,123,66,76,16767,0,68.86709118819533,iOS
20457,59,20857,20855.538143385147,365,1,23.0,16,Thu,15,0,Promotional,Sponsored but I genuinely love this product. Use my code MUMBAI10 for a discount.,81,0.07038,1077,189,110,186,36877,0,44.5072428337284,iOS
20261,206,1587,1666.2569230091938,85,1,6.2,2,Thu,11,1,Question,Which cafe should I visit next in Bandra.,41,0.20192,217,36,20,42,3903,1,48.21166793823091,iOS
20036,72,82423,82363.13823742625,2632,0,0.0,4,Thu,5,1,Promotional,Use my code MUMBAI10 for a discount. Link in bio to shop the collection now.,76,0.003,183,27,16,29,111009,0,59.672436441841924,iOS
20828,155,2145,2283.126910497978,74,1,28.9,16,Thu,16,0,Question,Which cafe should I visit next in Bandra. Should I do a giveaway this week let me know.,87,0.21229,368,59,40,38,6948,1,52.75864487391134,Android
20310,155,2145,2145.5557415833478,74,0,0.0,13,Mon,5,0,Personal,Weekend trip with the family was so refreshing.,47,0.20367,354,56,38,35,2315,1,40.102160745494885,iOS
20277,187,51554,51535.82265059718,1220,0,0.0,18,Sat,8,1,Question,Should I do a giveaway this week let me know. Which outfit do you all like more comment below.,94,0.003,105,20,13,17,44579,0,53.72913271897361,Android
20637,110,7186,7150.952536286144,136,0,0.0,15,Mon,13,0,Meme,Monday mood be like absolutely not today. POV you are stuck in Mumbai traffic again.,84,0.11947,603,105,65,66,10787,1,54.673473189520806,Android
20655,7,146466,146565.34469852824,3832,1,7.3,22,Sat,4,6,Motivational,Never give up on your dreams keep going.,40,0.003,282,34,32,32,448391,0,42.75823611431119,iOS
20623,127,2703,2869.5451603033403,60,0,0.0,17,Fri,7,2,Motivational,Your only limit is the one you set yourself.,44,0.15011,313,46,23,31,3791,0,70.90553174828771,iOS
20845,173,5360,5280.723008968841,144,1,34.7,0,Thu,10,2,Meme,Monday mood be like absolutely not today. When the auto driver actually uses the meter.,87,0.14211,581,91,57,85,18490,1,47.972031458678266,iOS
20394,48,3057,3112.2430234494113,48,0,0.0,21,Thu,10,2,Motivational,Your only limit is the one you set yourself.,44,0.18526,457,60,43,54,2985,1,63.981415766631194,iOS
20108,38,22263,22205.789469259023,644,1,34.7,9,Tue,10,1,Personal,Just another day in Mumbai chasing dreams. Late night walk through the city lights.,83,0.03875,739,57,84,69,72877,0,79.5645456857528,iOS
20350,99,59204,59174.3377416312,2038,0,0.0,17,Mon,9,0,Promotional,Excited to partner with this amazing brand. Limited time offer just for my followers.,85,0.003,128,17,14,22,115550,0,45.069366306262346,iOS
20525,27,26371,26312.780140421874,524,1,38.6,15,Sat,8,0,Personal,Grateful for this beautiful sunset today. Coffee and good vibes this morning.,77,0.05693,1012,180,125,118,98852,0,65.09328920381321,Android
20785,27,26371,26312.198845569877,524,0,0.0,8,Wed,3,1,Meme,POV you are stuck in Mumbai traffic again. Me pretending to work while scrolling reels.,87,0.02927,545,69,64,70,43958,0,22.29130221409857,iOS
20048,28,87358,87430.93697516924,2015,0,0.0,9,Tue,7,1,Meme,Me checking Instagram one more time before sleeping. Monday mood be like absolutely not today.,94,0.003,205,26,16,20,74466,0,47.06419136206286,iOS
20204,36,83563,83564.27090495348,4185,0,0.0,2,Fri,14,0,Personal,Coffee and good vibes this morning. Grateful for this beautiful sunset today.,77,0.003,153,30,19,17,104035,0,35.764283362495036,iOS
20022,219,2355,2416.3364586359767,106,0,0.0,7,Mon,15,0,Promotional,New collab dropping this week stay tuned.,41,0.18184,339,39,25,39,3749,1,43.919113732890054,iOS
20403,4,37874,37805.56987340313,685,0,0.0,14,Sat,7,0,Personal,Spent the evening at marine drive with friends. Just another day in Mumbai chasing dreams.,90,0.01639,445,86,48,56,37047,0,43.36345474555949,iOS
21108,21,11761,11738.839680044744,696,0,0.0,14,Fri,9,0,Promotional,Limited time offer just for my followers.,41,0.06934,609,82,87,74,19227,0,66.54559705878123,iOS
21155,102,7438,7433.190800480307,212,0,0.0,15,Tue,7,2,Question,Do you prefer reels or regular posts. Any recommendations for weekend plans in the city.,88,0.10056,447,62,58,70,7475,0,40.56538266547934,iOS
20990,64,14974,15022.90428809739,271,0,0.0,16,Thu,5,1,Personal,Weekend trip with the family was so refreshing.,47,0.08358,901,133,111,103,15930,0,8.731751836291053,iOS
20742,84,86390,86480.62179815999,4369,0,0.0,20,Mon,7,1,Promotional,Link in bio to shop the collection now. Swipe up to grab yours before it sells out.,83,0.003,182,31,21,26,133867,0,47.4808457265801,Android
21311,116,6930,6906.873032710405,262,1,31.3,5,Fri,9,0,Promotional,Excited to partner with this amazing brand.,43,0.11922,572,86,43,91,14199,0,55.48119196422048,iOS
21148,62,25330,25331.017170799023,535,0,0.0,11,Wed,5,1,Personal,Weekend trip with the family was so refreshing.,47,0.04524,815,134,119,76,36360,0,29.883475523145716,iOS
20034,122,29793,29806.24970191382,1193,1,15.5,23,Sun,13,2,Promotional,Use my code MUMBAI10 for a discount.,36,0.05853,1270,190,102,132,77715,0,60.92965001455292,iOS
20788,196,6165,6131.309406522459,296,0,0.0,17,Sat,7,1,Question,Any recommendations for weekend plans in the city. Should I do a giveaway this week let me know.,96,0.09964,411,72,47,43,6310,0,70.07445503472465,iOS
20924,51,102924,102923.88044872691,4362,1,21.5,19,Sun,10,2,Meme,When Mumbai local trains are on time for once. That feeling when chai fixes everything.,87,0.003,235,35,24,32,214052,0,63.55280676098677,iOS
21044,135,48011,48042.476714476405,1655,0,0.0,20,Sat,7,1,Motivational,Hard work always pays off eventually trust the process. Believe in yourself and keep pushing forward.,101,0.00677,234,37,26,25,30455,0,39.19242043753408,Android
21345,137,5280,5312.533269398596,154,0,0.0,1,Sat,5,0,Meme,That feeling when chai fixes everything. Monday mood be like absolutely not today.,82,0.09371,380,52,51,35,7492,0,22.58217686975747,iOS
21244,76,7991,7921.433241698547,243,0,0.0,6,Thu,9,1,Personal,Weekend trip with the family was so refreshing.,47,0.07714,523,50,60,55,5988,0,48.1056136173149,Android
20580,185,28230,28227.173358031934,741,0,0.0,12,Fri,8,0,Promotional,New collab dropping this week stay tuned. Excited to partner with this amazing brand.,85,0.01479,302,60,47,41,29780,0,61.6695864909081,iOS
20482,83,18971,18954.950622616907,932,1,21.7,21,Fri,10,0,Promotional,Sponsored but I genuinely love this product. Link in bio to shop the collection now.,84,0.05661,821,114,96,95,66202,0,83.35004496889852,Android
20932,155,2145,2148.9157116668057,74,0,0.0,9,Wed,13,1,Promotional,New collab dropping this week stay tuned.,41,0.13192,201,24,19,22,1110,0,50.84301784381704,iOS
20357,120,13700,13683.768274288823,483,1,18.6,23,Sat,12,1,Promotional,Sponsored but I genuinely love this product.,44,0.11222,1007,163,104,151,32592,0,53.278881358324455,Android
21249,191,4646,4684.068484045582,130,0,0.0,13,Sun,6,2,Meme,When the auto driver actually uses the meter. Me checking Instagram one more time before sleeping.,98,0.11552,413,50,36,32,7110,0,31.01364007266736,Android
20760,52,268184,268148.99355821277,12683,1,29.4,4,Tue,9,2,Motivational,Every small step counts towards success.,40,0.003,460,77,57,60,801531,0,24.819615302544904,Android
20093,139,38040,38119.57039079495,2154,1,16.6,12,Mon,16,3,Promotional,Use my code MUMBAI10 for a discount.,36,0.03571,1121,107,107,123,152214,0,81.3777497354654,iOS
21176,15,7243,7229.103689745169,373,1,18.8,21,Sat,5,2,Meme,Me pretending to work while scrolling reels. POV you are stuck in Mumbai traffic again.,87,0.15901,815,129,94,103,27281,0,22.677561391001568,Android
21342,110,7186,7303.835138801282,136,1,19.8,15,Sun,7,0,Personal,Spent the evening at marine drive with friends. Just another day in Mumbai chasing dreams.,90,0.1398,736,130,105,84,33924,0,56.92181352186861,Android
20804,148,107120,107049.21424725231,4953,0,0.0,14,Tue,10,0,Personal,Just another day in Mumbai chasing dreams.,42,0.003,217,33,26,36,104193,0,76.93316433064552,Android
20746,171,2894,2882.365541619378,136,0,0.0,9,Mon,11,3,Meme,POV you are stuck in Mumbai traffic again. Me pretending to work while scrolling reels.,87,0.1447,356,54,29,37,2437,0,53.6450071701324,iOS
20280,113,8335,8470.550410508507,475,0,0.0,18,Tue,13,2,Promotional,Excited to partner with this amazing brand. Limited time offer just for my followers.,85,0.10706,623,92,75,87,8779,0,33.27742203303383,iOS
20765,87,1171,1130.0948438852315,44,0,0.0,6,Tue,7,0,Meme,That feeling when chai fixes everything. Me checking Instagram one more time before sleeping.,93,0.23034,194,27,16,18,1195,1,43.0734445779741,iOS
20605,196,6165,6266.449308775361,296,0,0.0,0,Fri,8,2,Personal,Missing home cooked food so much today.,39,0.09887,423,61,72,64,8386,0,30.418350178166225,iOS
21383,86,800,841.4506724215893,21,0,0.0,10,Fri,9,2,Promotional,Swipe up to grab yours before it sells out. Limited time offer just for my followers.,85,0.24099,143,23,18,18,955,1,62.578022675163524,iOS
20401,30,35032,35043.37559347115,1313,1,29.2,4,Fri,8,2,Question,Which cafe should I visit next in Bandra. What is your favorite street food spot in Mumbai.,91,0.05805,1361,227,155,160,118015,0,59.845486482748825,Android
20258,219,2355,2332.9332923007105,106,0,0.0,10,Sat,10,0,Motivational,Your only limit is the one you set yourself. Hard work always pays off eventually trust the process.,100,0.15136,257,36,27,39,3043,1,22.78461408215354,Android
20945,80,2900,2850.237237933349,80,0,0.0,8,Sat,7,0,Motivational,Every small step counts towards success. Hard work always pays off eventually trust the process.,96,0.16629,361,53,34,51,3471,0,59.69820692582567,Android
21097,84,86390,86442.06116442796,4369,1,14.1,22,Sat,5,0,Personal,Grateful for this beautiful sunset today. Late night walk through the city lights.,82,0.00366,234,26,27,43,388447,0,71.1966559434063,Android
21220,26,26941,26979.157124648827,1231,0,0.0,17,Fri,13,3,Promotional,Excited to partner with this amazing brand. Limited time offer just for my followers.,85,0.00982,181,26,14,28,34337,0,59.754936743503215,Web
21162,78,800,922.9952003617981,35,0,0.0,7,Sat,6,0,Meme,Me checking Instagram one more time before sleeping. Monday mood be like absolutely not today.,94,0.22097,118,20,17,18,799,1,36.02998041712495,iOS
20495,196,6165,6115.3752031171325,296,0,0.0,15,Sat,10,0,Meme,When the auto driver actually uses the meter. Me checking Instagram one more time before sleeping.,98,0.11861,555,59,44,70,6213,0,48.3561464948575,Android
20773,12,51515,51412.48011855004,2892,1,26.9,21,Thu,14,0,Meme,Monday mood be like absolutely not today. That feeling when chai fixes everything.,82,0.03268,1248,137,112,155,116028,0,31.440000395135097,iOS
20551,164,42534,42545.47399102489,1076,0,0.0,7,Sun,10,0,Promotional,Use my code MUMBAI10 for a discount.,36,0.003,94,14,14,14,44979,0,33.92990675497204,iOS
20202,161,23456,23478.601886850618,1134,0,0.0,9,Sun,6,1,Promotional,Limited time offer just for my followers. Excited to partner with this amazing brand.,85,0.01325,210,36,30,23,28157,0,34.070872857249185,iOS
20313,46,1006,953.124322085987,16,1,31.9,8,Sun,9,0,Meme,That feeling when chai fixes everything. Monday mood be like absolutely not today.,82,0.24607,185,31,20,25,3422,1,40.094964594201365,iOS
20291,90,11680,11699.297947281868,183,0,0.0,19,Mon,9,3,Motivational,Your only limit is the one you set yourself.,44,0.10604,886,112,102,127,14700,0,67.55152505844303,Android
21214,47,1621,1721.0686713690802,32,0,0.0,0,Fri,6,0,Personal,Weekend trip with the family was so refreshing. Coffee and good vibes this morning.,83,0.16964,197,28,23,28,1509,0,51.69126804169746,Android
20764,84,86390,86435.64638180597,4369,1,30.7,16,Mon,12,0,Motivational,Hard work always pays off eventually trust the process. Discipline beats motivation every single time.,102,0.003,196,44,20,18,389876,0,43.55929973268585,iOS
21137,218,5745,5774.16776741162,241,1,18.1,16,Thu,7,1,Promotional,Excited to partner with this amazing brand.,43,0.1054,451,89,30,48,18612,0,46.28961486364473,iOS
20950,23,17510,17542.831842482636,526,0,0.0,11,Sat,7,2,Promotional,Use my code MUMBAI10 for a discount. Link in bio to shop the collection now.,76,0.02476,378,43,31,35,18655,0,53.4332163749393,Android
20184,39,38205,38056.895717382795,1048,0,0.0,13,Thu,6,3,Motivational,Hard work always pays off eventually trust the process.,55,0.003,89,11,7,13,19040,0,54.409816558111245,Android
21177,42,413619,413595.52250885894,24012,1,23.9,18,Sat,11,2,Promotional,Limited time offer just for my followers. Use my code MUMBAI10 for a discount.,78,0.003,977,145,98,123,1154814,0,68.67652457873335,Android
21350,185,28230,28168.095395141998,741,1,19.2,4,Wed,8,1,Motivational,Never give up on your dreams keep going.,40,0.05187,1005,195,142,136,51770,0,69.72202353378503,iOS
21069,52,268184,268137.2341203012,12683,0,0.0,16,Sat,8,0,Personal,Grateful for this beautiful sunset today.,41,0.003,552,79,75,75,397460,0,49.40962602200503,Android
21031,38,22263,22275.975047688516,644,1,26.9,15,Thu,13,0,Meme,Me pretending to work while scrolling reels.,44,0.04294,732,101,89,106,59249,0,68.49155928562553,iOS
20251,200,43013,43048.249842793644,2202,1,17.2,0,Mon,9,0,Question,Any recommendations for weekend plans in the city.,50,0.0132,401,59,56,73,150463,0,73.2844423999676,Android
20824,57,2642,2597.2829999152373,131,1,5.1,9,Fri,7,1,Personal,Just another day in Mumbai chasing dreams.,42,0.18865,328,55,26,60,12327,1,45.569951969895236,Android
21100,22,44156,44192.40539183657,2017,0,0.0,22,Thu,7,1,Meme,Me pretending to work while scrolling reels. Me checking Instagram one more time before sleeping.,97,0.003,96,10,14,15,45567,0,42.44611296150585,Web
20941,8,58990,58995.03633584818,1837,1,29.1,9,Mon,12,0,Personal,Spent the evening at marine drive with friends.,47,0.003,116,22,14,12,114699,0,62.75535284911543,iOS
20392,109,20931,20865.757765992348,843,1,18.4,21,Fri,9,0,Promotional,Swipe up to grab yours before it sells out.,43,0.09507,1393,228,188,124,51162,0,57.55986183077643,iOS
21093,58,27313,27283.206988855673,1052,1,17.4,20,Sat,8,2,Promotional,Swipe up to grab yours before it sells out. Link in bio to shop the collection now.,83,0.04387,964,111,101,126,106586,0,51.95182086028938,iOS
21192,204,35946,35910.49101809519,1929,0,0.0,22,Sun,10,3,Motivational,Never give up on your dreams keep going.,40,0.03403,818,129,106,95,48547,0,41.45935128301938,Android
20905,102,7438,7468.075672442335,212,1,18.2,22,Wed,9,0,Motivational,Every small step counts towards success. Never give up on your dreams keep going.,81,0.13269,707,112,118,85,32272,0,42.59840003377856,Android
20731,56,8341,8440.890311456982,496,1,28.8,14,Sat,12,2,Personal,Late night walk through the city lights.,40,0.12174,745,85,74,69,30744,0,35.5125097195902,Android
20555,64,14974,14959.008938598317,271,0,0.0,18,Sun,11,1,Motivational,Your only limit is the one you set yourself.,44,0.07395,848,94,61,65,13443,0,45.59831099845029,Web
20367,2,800,902.4878293959914,22,1,21.8,6,Mon,8,2,Motivational,Discipline beats motivation every single time. Hard work always pays off eventually trust the process.,102,0.21741,125,18,16,14,1786,1,20.7638655883865,Android
20346,57,2642,2643.916812401776,131,0,0.0,14,Fri,8,0,Motivational,Discipline beats motivation every single time.,46,0.16717,282,53,48,53,2376,1,68.24793326519088,iOS
20536,21,11761,11819.569282767481,696,0,0.0,9,Thu,7,0,Motivational,Every small step counts towards success.,40,0.06634,597,57,76,66,9686,0,48.32964324480788,Android
21210,72,82423,82431.35886122963,2632,1,31.1,22,Sat,5,1,Motivational,Believe in yourself and keep pushing forward. Your only limit is the one you set yourself.,90,0.003,201,31,22,18,407257,0,47.000672227599146,iOS
21373,94,1078,1069.5673429618003,37,0,0.0,11,Mon,8,1,Personal,Coffee and good vibes this morning. Just another day in Mumbai chasing dreams.,78,0.22232,166,23,25,22,633,1,53.3981336747689,Android
20920,31,1340,1318.3999016117339,23,0,0.0,12,Sun,10,1,Personal,Missing home cooked food so much today.,39,0.19432,200,31,16,25,1321,1,54.406580622530626,iOS
20212,9,35979,35990.08610055306,1099,1,26.5,9,Thu,4,1,Promotional,Link in bio to shop the collection now.,39,0.01117,281,50,49,31,140970,0,56.001805573631046,Android
20503,29,107439,107378.76211889378,3479,0,0.0,16,Wed,10,3,Personal,Weekend trip with the family was so refreshing. Just another day in Mumbai chasing dreams.,90,0.003,240,26,20,25,149630,0,60.25308037002086,Web
20538,102,7438,7444.726773529562,212,0,0.0,23,Mon,9,2,Motivational,Your only limit is the one you set yourself.,44,0.13791,751,84,104,87,9884,0,56.63152581427019,iOS
21221,170,52117,52137.89569320439,922,0,0.0,10,Sat,10,2,Meme,When the auto driver actually uses the meter.,45,0.00565,216,30,25,27,54298,0,50.62087149617329,Web
20176,203,11799,11851.731479888775,310,0,0.0,9,Wed,11,3,Motivational,Stay consistent and the results will follow.,44,0.05996,514,73,40,64,16623,0,56.34220670161706,Web
