transaction_id,customer_id,transaction_date,transaction_amount,product_id,channel,transaction_status,is_fraud
5,1,2025-01-05 00:00:00,2178.21,P6,Mobile App,Success,0
12,1,2025-01-22 00:00:00,2379.63,P9,Mobile App,Success,0
3,1,2025-01-30 00:00:00,3777.71,P7,Mobile App,Failed,0
11,1,2025-02-01 00:00:00,3390.02,P5,Mobile App,Success,0
7,1,2025-02-09 00:00:00,3219.29,P5,Mobile App,Success,0
17,1,2025-03-02 00:00:00,3308.84,P10,Web,Success,0
18,1,2025-03-08 00:00:00,2511.05,P1,Mobile App,Success,0
6,1,2025-03-14 00:00:00,2397.1,P3,Mobile App,Success,0
22,1,2025-03-19 00:00:00,2895.61,P4,Web,Success,0
20,1,2025-03-21 00:00:00,3627.55,P1,Web,Success,0
14,1,2025-04-19 00:00:00,3132.74,P1,Web,Success,0
19,1,2025-04-27 00:00:00,2478.32,P8,Web,Success,0
4,1,2025-04-29 00:00:00,3935.75,P3,Mobile App,Success,0
21,1,2025-04-29 00:00:00,634.55,P8,Mobile App,Success,0
15,1,2025-05-18 00:00:00,1948.35,P3,Web,Success,0
10,1,2025-05-25 00:00:00,1531.34,P2,Mobile App,Failed,0
2,1,2025-05-26 00:00:00,2253.73,P6,Web,Success,0
16,1,2025-05-31 00:00:00,2706.56,P3,Mobile App,Success,0
1,1,2025-06-02 00:00:00,4858.3,P6,Mobile App,Success,0
9,1,2025-06-26 00:00:00,1214.98,P7,Web,Success,0
13,1,2025-06-26 00:00:00,3069.19,P9,Mobile App,Success,0
8,1,2025-06-30 00:00:00,3917.22,P1,Mobile App,Success,0
31,2,2025-03-01 00:00:00,1524.6,P6,Web,Success,0
26,2,2025-03-04 00:00:00,1796.35,P3,Web,Success,0
39,2,2025-03-07 00:00:00,1308.38,P7,Web,Success,0
24,2,2025-03-15 00:00:00,1671.86,P7,POS,Success,0
25,2,2025-03-16 00:00:00,1309.29,P5,POS,Success,0
35,2,2025-03-26 00:00:00,1482.93,P5,POS,Success,0
23,2,2025-04-08 00:00:00,1287.78,P4,POS,Success,0
29,2,2025-04-09 00:00:00,1184.41,P3,POS,Success,0
30,2,2025-04-10 00:00:00,1263.79,P6,Mobile App,Success,0
41,2,2025-04-23 00:00:00,1471.52,P3,Web,Success,0
28,2,2025-04-24 00:00:00,1661.78,P3,POS,Success,0
37,2,2025-04-30 00:00:00,1575.96,P1,Mobile App,Success,0
36,2,2025-05-21 00:00:00,1500.38,P3,POS,Success,0
32,2,2025-06-05 00:00:00,1009.8,P5,POS,Success,0
34,2,2025-06-05 00:00:00,1548.53,P2,POS,Success,0
38,2,2025-06-05 00:00:00,1145.76,P9,Mobile App,Success,0
27,2,2025-06-22 00:00:00,1989.86,P3,Mobile App,Success,0
40,2,2025-06-23 00:00:00,1346.98,P8,POS,Success,0
33,2,2025-06-24 00:00:00,931.25,P10,POS,Success,0
46,3,2025-01-05 00:00:00,2545.44,P6,Web,Success,0
49,3,2025-01-22 00:00:00,1478.26,P7,Web,Success,0
50,3,2025-01-28 00:00:00,2571.15,P1,Mobile App,Success,0
45,3,2025-02-09 00:00:00,2032.29,P7,Mobile App,Failed,0
43,3,2025-02-22 00:00:00,1834.36,P1,Web,Success,0
47,3,2025-02-23 00:00:00,1619.74,P6,Mobile App,Success,0
44,3,2025-03-05 00:00:00,1997.98,P4,POS,Failed,0
42,3,2025-03-19 00:00:00,2045.37,P3,POS,Success,0
48,3,2025-04-26 00:00:00,1492.58,P8,Mobile App,Success,0
52,4,2025-01-03 00:00:00,1575.36,P2,Web,Success,0
56,4,2025-01-25 00:00:00,995.69,P1,POS,Success,0
63,4,2025-02-07 00:00:00,1566.74,P5,Web,Success,0
61,4,2025-02-21 00:00:00,1265.42,P4,POS,Success,0
59,4,2025-03-10 00:00:00,1155.98,P1,Mobile App,Success,0
60,4,2025-03-17 00:00:00,595.99,P2,Web,Success,0
51,4,2025-04-01 00:00:00,1403.86,P10,Web,Success,0
62,4,2025-04-03 00:00:00,1585.08,P6,Web,Success,0
58,4,2025-04-15 00:00:00,762.17,P8,POS,Success,0
53,4,2025-04-18 00:00:00,1837.79,P2,Web,Success,0
57,4,2025-04-25 00:00:00,1263.48,P4,Mobile App,Success,0
54,4,2025-05-01 00:00:00,975.95,P6,Mobile App,Success,0
55,4,2025-05-01 00:00:00,1369.59,P2,Web,Success,0
85,5,2025-01-08 00:00:00,438.73,P8,Web,Success,0
79,5,2025-01-23 00:00:00,421.23,P4,POS,Success,0
81,5,2025-01-23 00:00:00,601.63,P3,Web,Success,0
80,5,2025-02-12 00:00:00,446.1,P4,Web,Success,0
77,5,2025-02-14 00:00:00,380.81,P5,Mobile App,Success,0
83,5,2025-02-15 00:00:00,518.5,P5,Mobile App,Success,0
68,5,2025-02-17 00:00:00,500.07,P8,POS,Success,0
88,5,2025-02-21 00:00:00,491.81,P6,Web,Success,0
86,5,2025-02-23 00:00:00,609.41,P5,Mobile App,Success,0
82,5,2025-03-04 00:00:00,458.98,P9,Web,Failed,0
78,5,2025-03-24 00:00:00,692.51,P6,Web,Success,0
66,5,2025-03-26 00:00:00,552.55,P3,POS,Success,0
89,5,2025-03-27 00:00:00,740.33,P1,Mobile App,Success,0
74,5,2025-04-01 00:00:00,465.96,P4,POS,Success,0
70,5,2025-04-20 00:00:00,303.46,P1,Web,Success,0
73,5,2025-04-25 00:00:00,535.92,P8,Web,Success,0
69,5,2025-05-14 00:00:00,451.34,P2,Mobile App,Success,0
65,5,2025-05-19 00:00:00,609.0,P3,Web,Success,0
67,5,2025-05-20 00:00:00,374.29,P10,Mobile App,Failed,0
84,5,2025-05-23 00:00:00,550.73,P2,POS,Success,0
75,5,2025-05-26 00:00:00,435.05,P8,Mobile App,Success,0
76,5,2025-06-01 00:00:00,331.21,P10,Mobile App,Success,0
64,5,2025-06-04 00:00:00,393.1,P5,Phone,Success,0
87,5,2025-06-07 00:00:00,405.34,P4,POS,Success,0
71,5,2025-06-18 00:00:00,576.89,P3,Web,Success,0
72,5,2025-06-21 00:00:00,451.9,P4,Web,Success,0
95,6,2025-01-29 00:00:00,252.52,P7,Web,Success,0
91,6,2025-02-06 00:00:00,303.52,P9,Web,Success,0
108,6,2025-02-06 00:00:00,407.82,P7,Mobile App,Success,0
112,6,2025-02-21 00:00:00,306.57,P2,Mobile App,Success,0
102,6,2025-02-27 00:00:00,353.09,P8,Web,Success,0
90,6,2025-03-06 00:00:00,221.03,P4,Web,Failed,0
94,6,2025-03-15 00:00:00,249.53,P9,Mobile App,Success,0
99,6,2025-03-21 00:00:00,377.5,P5,Web,Success,0
105,6,2025-04-01 00:00:00,516.47,P3,Mobile App,Success,0
104,6,2025-04-04 00:00:00,306.84,P10,POS,Failed,0
107,6,2025-04-07 00:00:00,267.98,P6,Mobile App,Success,0
111,6,2025-04-19 00:00:00,549.65,P9,Mobile App,Success,0
100,6,2025-04-20 00:00:00,280.2,P10,Web,Success,0
98,6,2025-04-22 00:00:00,401.96,P5,POS,Success,0
110,6,2025-05-25 00:00:00,433.23,P1,POS,Success,0
109,6,2025-05-26 00:00:00,417.81,P4,Mobile App,Success,0
96,6,2025-06-03 00:00:00,466.96,P2,Mobile App,Success,0
92,6,2025-06-05 00:00:00,405.62,P1,Web,Success,0
106,6,2025-06-11 00:00:00,322.38,P8,Web,Success,0
93,6,2025-06-18 00:00:00,353.17,P10,POS,Success,0
101,6,2025-06-18 00:00:00,395.44,P9,Web,Success,0
103,6,2025-06-19 00:00:00,418.33,P1,Web,Success,0
97,6,2025-06-25 00:00:00,312.19,P3,Web,Success,0
150,7,2025-01-13 00:00:00,1956.98,P1,Mobile App,Success,0
125,7,2025-01-26 00:00:00,2334.26,P10,Web,Success,0
118,7,2025-01-29 00:00:00,1945.64,P1,Web,Success,0
135,7,2025-01-31 00:00:00,2114.07,P7,Web,Success,0
143,7,2025-02-01 00:00:00,2276.86,P5,Mobile App,Success,0
121,7,2025-02-02 00:00:00,1794.12,P6,POS,Success,0
129,7,2025-02-04 00:00:00,2075.05,P2,POS,Success,0
138,7,2025-02-14 00:00:00,1882.7,P9,POS,Success,0
123,7,2025-03-04 00:00:00,2021.92,P8,Mobile App,Success,0
151,7,2025-03-06 00:00:00,1905.55,P4,Web,Success,0
140,7,2025-03-10 00:00:00,2341.82,P1,Mobile App,Success,0
126,7,2025-03-12 00:00:00,1503.61,P2,POS,Success,0
127,7,2025-03-12 00:00:00,1774.44,P4,Web,Success,0
148,7,2025-03-14 00:00:00,1465.53,P9,POS,Success,0
122,7,2025-03-20 00:00:00,1836.07,P3,POS,Success,0
145,7,2025-03-20 00:00:00,3403.74,P7,Phone,Success,0
132,7,2025-03-29 00:00:00,1339.74,P5,POS,Success,0
116,7,2025-04-04 00:00:00,2301.47,P6,Web,Success,0
114,7,2025-04-15 00:00:00,1778.51,P7,Phone,Success,0
124,7,2025-04-15 00:00:00,979.28,P10,POS,Success,0
119,7,2025-04-22 00:00:00,1616.26,P5,Web,Success,0
131,7,2025-04-24 00:00:00,2285.7,P3,Mobile App,Success,0
134,7,2025-04-28 00:00:00,2417.26,P2,Mobile App,Success,0
139,7,2025-04-28 00:00:00,1952.72,P6,Phone,Success,0
133,7,2025-05-04 00:00:00,1556.65,P8,Mobile App,Success,0
137,7,2025-05-04 00:00:00,2276.37,P9,POS,Success,0
120,7,2025-05-14 00:00:00,2137.99,P3,Mobile App,Failed,0
147,7,2025-05-15 00:00:00,2533.82,P9,Phone,Success,0
136,7,2025-05-20 00:00:00,869.55,P1,Web,Success,0
130,7,2025-05-21 00:00:00,2187.36,P8,Mobile App,Success,0
141,7,2025-05-24 00:00:00,2146.81,P1,Web,Success,0
146,7,2025-05-27 00:00:00,2794.36,P2,Mobile App,Success,0
142,7,2025-05-30 00:00:00,1825.39,P5,Mobile App,Success,0
113,7,2025-06-03 00:00:00,1995.42,P4,Mobile App,Success,0
149,7,2025-06-15 00:00:00,1973.51,P5,Mobile App,Success,0
144,7,2025-06-18 00:00:00,1663.46,P10,Mobile App,Success,0
128,7,2025-06-20 00:00:00,2141.6,P5,POS,Success,0
117,7,2025-06-22 00:00:00,1280.61,P9,POS,Success,0
115,7,2025-06-25 00:00:00,1970.31,P4,Mobile App,Failed,0
173,8,2025-01-11 00:00:00,1290.51,P10,POS,Success,0
176,8,2025-01-11 00:00:00,2381.42,P3,Mobile App,Success,0
162,8,2025-01-14 00:00:00,2908.13,P9,POS,Success,0
154,8,2025-01-19 00:00:00,1528.31,P6,Web,Success,0
155,8,2025-01-19 00:00:00,1220.27,P1,Web,Success,0
178,8,2025-01-21 00:00:00,1937.61,P7,Mobile App,Success,0
167,8,2025-01-25 00:00:00,1396.82,P9,Mobile App,Success,0
164,8,2025-01-28 00:00:00,889.95,P9,Mobile App,Success,0
180,8,2025-01-29 00:00:00,3109.65,P7,Mobile App,Failed,0
156,8,2025-02-02 00:00:00,2247.58,P6,Web,Success,0
153,8,2025-02-06 00:00:00,1580.56,P1,POS,Success,0
175,8,2025-02-14 00:00:00,1749.27,P8,POS,Success,0
163,8,2025-02-20 00:00:00,2329.31,P6,POS,Success,0
159,8,2025-03-06 00:00:00,1290.37,P5,Mobile App,Success,0
166,8,2025-03-09 00:00:00,2679.81,P8,Mobile App,Success,0
185,8,2025-03-10 00:00:00,2889.28,P5,Phone,Success,0
161,8,2025-03-19 00:00:00,3235.81,P8,Web,Success,0
170,8,2025-03-20 00:00:00,1639.6,P5,Mobile App,Success,0
179,8,2025-03-24 00:00:00,1891.46,P9,Web,Success,0
174,8,2025-03-31 00:00:00,2378.0,P6,POS,Failed,0
168,8,2025-04-04 00:00:00,1730.09,P3,POS,Success,0
165,8,2025-04-14 00:00:00,2915.03,P3,POS,Failed,0
181,8,2025-04-21 00:00:00,2855.58,P2,Mobile App,Success,0
186,8,2025-04-26 00:00:00,2818.31,P4,Mobile App,Success,0
152,8,2025-04-30 00:00:00,1710.13,P3,Mobile App,Success,0
182,8,2025-05-01 00:00:00,1700.51,P9,Mobile App,Success,0
169,8,2025-05-12 00:00:00,1846.37,P8,Mobile App,Success,0
187,8,2025-05-14 00:00:00,2037.77,P4,Web,Success,0
183,8,2025-05-29 00:00:00,2177.22,P6,Mobile App,Success,0
171,8,2025-06-05 00:00:00,2118.45,P5,Mobile App,Success,0
158,8,2025-06-06 00:00:00,2482.9,P9,Mobile App,Failed,0
160,8,2025-06-09 00:00:00,2048.84,P4,Web,Success,0
177,8,2025-06-11 00:00:00,2664.42,P8,POS,Success,0
157,8,2025-06-14 00:00:00,2692.83,P10,Web,Success,0
184,8,2025-06-19 00:00:00,3017.58,P4,Web,Success,0
172,8,2025-06-27 00:00:00,2157.46,P10,Web,Failed,0
195,9,2025-01-16 00:00:00,832.68,P2,POS,Success,0
213,9,2025-01-20 00:00:00,1035.16,P3,Mobile App,Success,0
215,9,2025-01-29 00:00:00,1061.12,P7,Web,Success,0
197,9,2025-02-07 00:00:00,539.75,P4,Web,Failed,0
204,9,2025-02-15 00:00:00,833.03,P6,Mobile App,Success,0
214,9,2025-02-17 00:00:00,886.04,P3,Web,Success,0
209,9,2025-02-22 00:00:00,780.66,P4,Mobile App,Success,0
196,9,2025-02-25 00:00:00,1181.16,P7,Web,Failed,0
189,9,2025-03-03 00:00:00,985.82,P2,POS,Success,0
201,9,2025-03-08 00:00:00,1279.71,P9,POS,Success,0
200,9,2025-03-17 00:00:00,962.24,P10,Mobile App,Failed,0
202,9,2025-03-17 00:00:00,658.57,P8,Mobile App,Success,0
205,9,2025-03-26 00:00:00,1136.47,P2,Web,Success,0
194,9,2025-03-30 00:00:00,878.99,P6,Web,Success,0
212,9,2025-04-06 00:00:00,784.82,P10,POS,Success,0
198,9,2025-04-14 00:00:00,703.92,P9,Mobile App,Success,0
199,9,2025-04-14 00:00:00,685.69,P6,Mobile App,Success,0
211,9,2025-04-16 00:00:00,987.4,P1,Mobile App,Success,0
193,9,2025-04-26 00:00:00,710.43,P4,Phone,Success,0
192,9,2025-05-02 00:00:00,934.52,P6,Mobile App,Success,0
203,9,2025-05-10 00:00:00,974.17,P3,POS,Success,0
207,9,2025-05-26 00:00:00,868.04,P6,Web,Success,0
208,9,2025-05-26 00:00:00,966.73,P10,POS,Success,0
188,9,2025-06-02 00:00:00,885.82,P8,Mobile App,Success,0
190,9,2025-06-14 00:00:00,1114.22,P4,Mobile App,Success,0
210,9,2025-06-17 00:00:00,701.22,P1,Web,Success,0
191,9,2025-06-21 00:00:00,492.27,P8,POS,Success,0
206,9,2025-06-24 00:00:00,733.58,P9,POS,Success,0
219,10,2025-01-02 00:00:00,1250.76,P1,POS,Success,0
218,10,2025-01-14 00:00:00,1267.84,P5,Mobile App,Success,0
216,10,2025-02-02 00:00:00,2094.06,P8,POS,Success,0
237,10,2025-02-09 00:00:00,1484.23,P6,Mobile App,Success,0
234,10,2025-02-11 00:00:00,2086.98,P10,POS,Success,0
236,10,2025-02-26 00:00:00,1974.94,P2,Phone,Success,0
235,10,2025-02-28 00:00:00,1695.83,P7,Mobile App,Success,0
224,10,2025-03-02 00:00:00,2294.06,P4,Mobile App,Success,0
228,10,2025-03-05 00:00:00,1973.4,P10,POS,Success,0
229,10,2025-03-08 00:00:00,1111.2,P8,Mobile App,Success,0
220,10,2025-03-14 00:00:00,2585.99,P4,Web,Success,0
223,10,2025-03-15 00:00:00,1767.91,P8,Web,Success,0
227,10,2025-03-24 00:00:00,1887.04,P4,Phone,Success,0
230,10,2025-03-29 00:00:00,2165.08,P8,Web,Success,0
233,10,2025-04-30 00:00:00,1208.62,P4,Mobile App,Success,0
226,10,2025-05-01 00:00:00,2556.97,P1,Web,Success,0
222,10,2025-05-15 00:00:00,866.23,P10,Web,Success,0
232,10,2025-05-21 00:00:00,1969.03,P5,POS,Success,0
221,10,2025-05-31 00:00:00,1914.86,P6,POS,Success,0
238,10,2025-06-02 00:00:00,1557.79,P5,Web,Success,0
231,10,2025-06-04 00:00:00,1968.18,P1,Mobile App,Success,0
217,10,2025-06-07 00:00:00,2431.79,P10,Web,Success,0
225,10,2025-06-23 00:00:00,248.45,P1,Phone,Success,0
254,11,2025-01-17 00:00:00,2713.4,P8,Mobile App,Success,0
247,11,2025-01-24 00:00:00,1999.3,P2,Mobile App,Success,0
239,11,2025-02-22 00:00:00,2271.63,P1,Mobile App,Success,0
241,11,2025-03-03 00:00:00,2781.36,P4,Web,Success,0
242,11,2025-04-01 00:00:00,2145.69,P8,Mobile App,Success,0
245,11,2025-04-03 00:00:00,2869.86,P7,Phone,Failed,0
249,11,2025-04-20 00:00:00,3145.85,P4,Web,Success,0
251,11,2025-04-20 00:00:00,2522.88,P6,Web,Success,0
244,11,2025-05-07 00:00:00,2377.0,P1,Web,Success,0
250,11,2025-05-07 00:00:00,2660.94,P7,POS,Success,0
248,11,2025-05-08 00:00:00,3805.2,P1,Mobile App,Success,0
253,11,2025-05-09 00:00:00,3203.46,P5,Web,Success,0
243,11,2025-05-10 00:00:00,1866.06,P6,POS,Success,0
252,11,2025-05-10 00:00:00,2603.85,P10,Mobile App,Success,0
246,11,2025-06-01 00:00:00,2272.79,P6,Web,Success,0
240,11,2025-06-02 00:00:00,1646.43,P3,Web,Success,0
263,12,2025-01-21 00:00:00,2550.11,P4,POS,Success,0
275,12,2025-01-28 00:00:00,3399.21,P10,Mobile App,Failed,0
265,12,2025-02-10 00:00:00,1749.72,P10,Web,Success,0
255,12,2025-02-18 00:00:00,1319.18,P2,Mobile App,Success,0
276,12,2025-02-19 00:00:00,2402.09,P9,Phone,Success,0
262,12,2025-02-20 00:00:00,2688.31,P8,Mobile App,Success,0
266,12,2025-02-24 00:00:00,1609.42,P10,Mobile App,Success,0
256,12,2025-02-28 00:00:00,2420.16,P5,Web,Success,0
260,12,2025-02-28 00:00:00,2597.3,P1,Web,Success,0
258,12,2025-03-01 00:00:00,2214.1,P9,Mobile App,Success,0
259,12,2025-04-01 00:00:00,2305.56,P4,Web,Success,0
271,12,2025-04-10 00:00:00,2732.76,P10,Web,Success,0
273,12,2025-04-22 00:00:00,1727.73,P10,Web,Success,0
270,12,2025-05-04 00:00:00,1612.38,P10,Mobile App,Success,0
272,12,2025-05-09 00:00:00,1951.08,P7,Mobile App,Success,0
264,12,2025-05-24 00:00:00,1692.04,P3,POS,Success,0
277,12,2025-06-09 00:00:00,2305.77,P9,Web,Success,0
257,12,2025-06-11 00:00:00,3508.86,P5,POS,Success,0
274,12,2025-06-11 00:00:00,2802.66,P6,Web,Success,0
267,12,2025-06-23 00:00:00,2692.27,P7,Mobile App,Success,0
269,12,2025-06-27 00:00:00,2753.19,P5,Mobile App,Success,0
261,12,2025-06-29 00:00:00,2259.13,P3,Mobile App,Success,0
268,12,2025-06-29 00:00:00,2350.13,P1,Web,Success,0
305,13,2025-01-25 00:00:00,610.7,P10,Phone,Success,0
282,13,2025-01-31 00:00:00,362.89,P1,Mobile App,Success,0
288,13,2025-01-31 00:00:00,517.77,P7,Mobile App,Success,0
307,13,2025-01-31 00:00:00,694.47,P4,Web,Failed,0
295,13,2025-02-01 00:00:00,775.36,P9,Phone,Success,0
297,13,2025-02-01 00:00:00,518.9,P4,Web,Success,0
303,13,2025-02-06 00:00:00,592.01,P9,Web,Success,0
287,13,2025-02-14 00:00:00,476.36,P1,POS,Success,0
312,13,2025-02-16 00:00:00,315.09,P1,Web,Success,0
278,13,2025-02-17 00:00:00,189.68,P1,Web,Success,0
309,13,2025-02-20 00:00:00,393.37,P7,Web,Success,0
311,13,2025-03-07 00:00:00,673.33,P2,Mobile App,Success,0
293,13,2025-03-17 00:00:00,571.95,P8,Web,Success,0
296,13,2025-03-19 00:00:00,846.7,P4,Mobile App,Success,0
285,13,2025-03-21 00:00:00,530.89,P10,Mobile App,Success,0
289,13,2025-04-05 00:00:00,635.5,P6,Web,Success,0
310,13,2025-04-08 00:00:00,637.36,P9,Web,Success,0
306,13,2025-04-12 00:00:00,576.99,P10,Web,Success,0
284,13,2025-04-21 00:00:00,646.18,P7,Mobile App,Success,0
292,13,2025-04-23 00:00:00,475.08,P6,POS,Success,0
281,13,2025-04-25 00:00:00,680.33,P4,POS,Success,0
290,13,2025-04-30 00:00:00,790.08,P6,Mobile App,Success,0
280,13,2025-05-05 00:00:00,646.36,P9,Web,Failed,0
279,13,2025-05-13 00:00:00,608.45,P10,Mobile App,Success,0
314,13,2025-05-14 00:00:00,653.11,P4,Mobile App,Success,0
298,13,2025-05-16 00:00:00,718.73,P8,POS,Success,0
308,13,2025-05-18 00:00:00,550.11,P9,Mobile App,Success,0
299,13,2025-05-26 00:00:00,705.68,P5,Web,Success,0
301,13,2025-05-31 00:00:00,640.3,P5,Web,Success,0
294,13,2025-06-02 00:00:00,524.64,P1,Web,Failed,0
286,13,2025-06-03 00:00:00,606.02,P9,Web,Success,0
283,13,2025-06-04 00:00:00,915.8,P9,Web,Success,0
304,13,2025-06-04 00:00:00,769.83,P5,Web,Success,0
291,13,2025-06-06 00:00:00,328.32,P1,Web,Failed,0
300,13,2025-06-09 00:00:00,509.69,P10,Web,Success,0
313,13,2025-06-17 00:00:00,643.51,P7,Mobile App,Success,0
302,13,2025-06-20 00:00:00,761.68,P6,Phone,Success,0
315,13,2025-06-23 00:00:00,487.87,P1,Mobile App,Success,0
316,13,2025-06-29 00:00:00,414.72,P7,Web,Success,0
320,14,2025-01-10 00:00:00,2944.73,P7,Web,Success,0
333,14,2025-01-25 00:00:00,2611.78,P5,Mobile App,Success,0
345,14,2025-02-06 00:00:00,2480.35,P5,Web,Success,0
344,14,2025-02-07 00:00:00,3792.76,P9,Mobile App,Failed,0
338,14,2025-02-11 00:00:00,3373.26,P5,Web,Success,0
318,14,2025-02-12 00:00:00,3378.07,P2,Web,Success,0
329,14,2025-02-13 00:00:00,3396.28,P10,POS,Success,0
324,14,2025-02-18 00:00:00,3088.95,P8,Web,Success,0
330,14,2025-03-01 00:00:00,1731.12,P6,Web,Success,0
326,14,2025-03-05 00:00:00,1403.63,P2,Web,Success,0
332,14,2025-03-09 00:00:00,3222.42,P8,POS,Success,0
319,14,2025-03-31 00:00:00,3787.14,P6,Web,Failed,0
340,14,2025-04-05 00:00:00,3507.13,P1,POS,Success,0
331,14,2025-04-15 00:00:00,2113.55,P2,Mobile App,Success,0
335,14,2025-04-17 00:00:00,2335.97,P4,Web,Success,0
321,14,2025-04-18 00:00:00,4025.23,P10,Mobile App,Failed,0
323,14,2025-04-19 00:00:00,2729.42,P1,Mobile App,Success,0
325,14,2025-05-06 00:00:00,2478.93,P10,POS,Success,0
341,14,2025-05-20 00:00:00,2385.31,P5,Web,Failed,0
339,14,2025-05-25 00:00:00,2518.83,P3,POS,Success,0
327,14,2025-06-01 00:00:00,4544.57,P10,Mobile App,Success,0
342,14,2025-06-06 00:00:00,2184.12,P6,POS,Success,0
337,14,2025-06-15 00:00:00,2676.37,P10,Mobile App,Success,0
343,14,2025-06-15 00:00:00,3133.5,P1,Phone,Success,0
336,14,2025-06-16 00:00:00,2183.54,P7,Web,Success,0
317,14,2025-06-18 00:00:00,4309.79,P3,Web,Success,0
322,14,2025-06-19 00:00:00,2328.73,P9,Mobile App,Success,0
334,14,2025-06-19 00:00:00,1716.37,P9,POS,Success,0
328,14,2025-06-25 00:00:00,3895.53,P9,POS,Success,0
355,15,2025-01-11 00:00:00,1350.17,P5,Mobile App,Success,0
361,15,2025-01-11 00:00:00,1502.84,P9,Mobile App,Success,0
348,15,2025-01-19 00:00:00,988.31,P5,Mobile App,Success,0
347,15,2025-01-21 00:00:00,1013.71,P9,Mobile App,Success,0
349,15,2025-02-07 00:00:00,841.81,P9,Mobile App,Success,0
357,15,2025-02-18 00:00:00,1251.19,P9,Web,Success,0
346,15,2025-02-23 00:00:00,1314.47,P5,Web,Success,0
356,15,2025-02-23 00:00:00,1481.97,P7,Web,Success,0
352,15,2025-02-24 00:00:00,721.65,P1,Mobile App,Success,0
363,15,2025-02-27 00:00:00,1278.14,P6,Mobile App,Success,0
353,15,2025-03-12 00:00:00,1141.7,P10,Web,Success,0
358,15,2025-03-16 00:00:00,1210.88,P1,Mobile App,Success,0
351,15,2025-04-19 00:00:00,500.31,P1,Web,Success,0
359,15,2025-04-20 00:00:00,1317.13,P4,Mobile App,Success,0
362,15,2025-05-05 00:00:00,1280.61,P4,Mobile App,Success,0
364,15,2025-05-10 00:00:00,967.97,P6,Web,Success,0
360,15,2025-05-18 00:00:00,958.09,P1,Mobile App,Success,0
354,15,2025-05-27 00:00:00,950.03,P3,Mobile App,Success,0
350,15,2025-06-07 00:00:00,1219.79,P8,Mobile App,Success,0
366,16,2025-01-17 00:00:00,2125.48,P9,POS,Success,0
374,16,2025-02-10 00:00:00,2031.45,P9,POS,Success,0
368,16,2025-02-15 00:00:00,1818.27,P10,Web,Failed,0
370,16,2025-02-22 00:00:00,2243.26,P1,POS,Success,0
367,16,2025-02-25 00:00:00,2279.92,P3,Web,Success,0
373,16,2025-02-27 00:00:00,2073.09,P5,Mobile App,Success,0
372,16,2025-03-02 00:00:00,1618.47,P3,Web,Success,0
371,16,2025-03-14 00:00:00,1847.29,P3,Web,Success,0
369,16,2025-03-31 00:00:00,2056.55,P10,Mobile App,Success,0
365,16,2025-05-01 00:00:00,1645.84,P4,Web,Success,0
394,17,2025-01-08 00:00:00,961.83,P10,POS,Success,0
387,17,2025-01-12 00:00:00,1127.06,P8,POS,Success,0
396,17,2025-01-17 00:00:00,1223.44,P3,POS,Success,0
390,17,2025-01-21 00:00:00,756.91,P5,Web,Success,0
379,17,2025-02-10 00:00:00,1062.44,P6,Mobile App,Success,0
398,17,2025-02-10 00:00:00,858.06,P2,Web,Success,0
383,17,2025-02-15 00:00:00,941.43,P4,Mobile App,Success,0
376,17,2025-02-17 00:00:00,913.08,P8,Web,Success,0
378,17,2025-02-20 00:00:00,835.22,P8,Mobile App,Success,0
384,17,2025-03-27 00:00:00,946.81,P10,Web,Success,0
397,17,2025-04-01 00:00:00,1279.53,P8,Web,Success,0
392,17,2025-04-04 00:00:00,464.43,P3,Web,Success,0
389,17,2025-04-05 00:00:00,1349.09,P1,Mobile App,Success,0
399,17,2025-04-11 00:00:00,1006.48,P2,Mobile App,Success,0
385,17,2025-04-20 00:00:00,1303.28,P5,Mobile App,Success,0
388,17,2025-04-22 00:00:00,592.36,P9,Web,Success,0
386,17,2025-04-25 00:00:00,656.48,P2,Mobile App,Success,0
381,17,2025-04-28 00:00:00,759.05,P3,POS,Success,0
391,17,2025-04-29 00:00:00,1139.29,P2,Mobile App,Failed,0
377,17,2025-05-02 00:00:00,832.05,P7,Web,Success,0
395,17,2025-05-20 00:00:00,1299.46,P2,Web,Success,0
375,17,2025-05-21 00:00:00,903.91,P3,Web,Success,0
380,17,2025-06-16 00:00:00,787.3,P10,Web,Success,0
382,17,2025-06-19 00:00:00,882.57,P7,Web,Success,0
393,17,2025-06-28 00:00:00,852.57,P7,Phone,Success,0
403,18,2025-01-08 00:00:00,3102.34,P6,Web,Success,0
410,18,2025-02-15 00:00:00,2490.08,P1,Web,Success,0
409,18,2025-02-22 00:00:00,2811.7,P7,Mobile App,Success,0
400,18,2025-03-15 00:00:00,2660.68,P3,Mobile App,Success,0
404,18,2025-03-21 00:00:00,2774.08,P3,Web,Success,0
412,18,2025-03-31 00:00:00,3009.71,P2,Mobile App,Success,0
413,18,2025-03-31 00:00:00,3434.17,P1,Mobile App,Success,0
416,18,2025-04-09 00:00:00,2281.26,P4,Phone,Success,0
405,18,2025-04-14 00:00:00,2608.85,P8,Mobile App,Success,0
402,18,2025-04-17 00:00:00,1685.51,P8,Mobile App,Success,0
411,18,2025-04-17 00:00:00,2495.66,P4,POS,Failed,0
407,18,2025-04-24 00:00:00,2889.99,P7,POS,Success,0
414,18,2025-05-04 00:00:00,2270.35,P3,Mobile App,Success,0
408,18,2025-05-26 00:00:00,1528.89,P3,Mobile App,Success,0
401,18,2025-05-27 00:00:00,2874.08,P2,Phone,Failed,0
415,18,2025-06-11 00:00:00,1840.17,P7,Mobile App,Success,0
406,18,2025-06-23 00:00:00,2734.62,P2,Phone,Success,0
421,19,2025-01-06 00:00:00,971.58,P8,Mobile App,Success,0
429,19,2025-01-08 00:00:00,990.77,P6,Mobile App,Success,0
427,19,2025-01-17 00:00:00,861.65,P7,Web,Success,0
431,19,2025-01-24 00:00:00,1243.6,P5,Mobile App,Success,0
419,19,2025-02-12 00:00:00,1160.99,P10,Web,Failed,0
423,19,2025-02-24 00:00:00,1125.07,P5,Web,Success,0
425,19,2025-03-03 00:00:00,1094.98,P4,Web,Success,0
430,19,2025-03-06 00:00:00,1399.67,P8,Mobile App,Success,0
418,19,2025-03-17 00:00:00,1278.98,P9,Web,Success,0
420,19,2025-03-19 00:00:00,1395.46,P7,POS,Success,0
428,19,2025-04-13 00:00:00,1097.96,P5,Phone,Success,0
433,19,2025-05-02 00:00:00,1247.11,P6,Web,Success,0
422,19,2025-05-09 00:00:00,1170.11,P3,Mobile App,Failed,0
432,19,2025-05-15 00:00:00,1057.67,P2,Web,Success,0
417,19,2025-05-25 00:00:00,1140.3,P2,Web,Success,0
424,19,2025-06-01 00:00:00,1749.31,P1,Mobile App,Failed,0
426,19,2025-06-01 00:00:00,1688.4,P3,POS,Success,0
447,20,2025-01-04 00:00:00,1744.8,P8,Mobile App,Success,0
438,20,2025-01-08 00:00:00,1874.55,P9,Mobile App,Success,0
457,20,2025-01-23 00:00:00,1811.14,P4,Web,Success,0
467,20,2025-02-05 00:00:00,1648.5,P7,Mobile App,Success,0
437,20,2025-02-14 00:00:00,1687.37,P8,Mobile App,Success,0
451,20,2025-02-26 00:00:00,1796.01,P6,Web,Success,0
446,20,2025-03-01 00:00:00,1630.49,P2,Web,Success,0
458,20,2025-03-02 00:00:00,1599.85,P10,Mobile App,Success,0
440,20,2025-03-07 00:00:00,2090.43,P10,POS,Success,0
442,20,2025-03-12 00:00:00,2220.34,P9,Mobile App,Success,0
454,20,2025-03-20 00:00:00,1029.47,P8,Mobile App,Success,0
448,20,2025-04-02 00:00:00,1706.47,P2,POS,Success,0
466,20,2025-04-02 00:00:00,2129.17,P8,Mobile App,Success,0
453,20,2025-04-05 00:00:00,1176.69,P10,Mobile App,Success,0
463,20,2025-04-08 00:00:00,1541.91,P5,Web,Success,0
445,20,2025-04-10 00:00:00,1003.52,P2,Web,Failed,0
434,20,2025-04-14 00:00:00,1027.21,P8,Web,Success,0
435,20,2025-04-18 00:00:00,1897.86,P2,POS,Success,0
443,20,2025-04-19 00:00:00,1300.74,P9,Mobile App,Success,0
465,20,2025-04-25 00:00:00,2308.59,P7,Mobile App,Success,0
462,20,2025-04-27 00:00:00,1879.7,P2,POS,Success,0
456,20,2025-05-04 00:00:00,1683.75,P6,Mobile App,Failed,0
464,20,2025-05-06 00:00:00,1926.01,P8,Phone,Success,0
455,20,2025-05-11 00:00:00,1630.73,P10,POS,Success,0
439,20,2025-05-14 00:00:00,1147.78,P1,POS,Success,0
452,20,2025-06-05 00:00:00,856.42,P7,Web,Success,0
444,20,2025-06-10 00:00:00,2015.36,P2,Web,Success,0
460,20,2025-06-13 00:00:00,1817.1,P3,Phone,Success,0
441,20,2025-06-14 00:00:00,1498.96,P4,Mobile App,Success,0
450,20,2025-06-16 00:00:00,1586.06,P6,Mobile App,Success,0
436,20,2025-06-17 00:00:00,1298.09,P4,Mobile App,Success,0
459,20,2025-06-20 00:00:00,2107.27,P8,Web,Success,0
461,20,2025-06-23 00:00:00,1965.39,P2,Mobile App,Success,0
449,20,2025-06-30 00:00:00,1861.43,P5,POS,Success,0
470,21,2025-01-14 00:00:00,2133.91,P4,Web,Success,0
472,21,2025-01-18 00:00:00,2154.93,P1,Web,Success,0
468,21,2025-04-03 00:00:00,2521.38,P5,POS,Success,0
469,21,2025-04-23 00:00:00,1988.72,P8,POS,Success,0
471,21,2025-04-26 00:00:00,2248.67,P9,Mobile App,Success,0
475,22,2025-01-05 00:00:00,455.64,P2,Mobile App,Success,0
483,22,2025-01-15 00:00:00,283.67,P2,Mobile App,Success,0
482,22,2025-01-30 00:00:00,357.83,P2,Phone,Success,0
477,22,2025-03-01 00:00:00,350.44,P1,POS,Success,0
486,22,2025-03-13 00:00:00,232.74,P5,Web,Success,0
480,22,2025-03-24 00:00:00,210.93,P7,Mobile App,Success,0
481,22,2025-04-02 00:00:00,352.82,P7,Web,Success,0
473,22,2025-04-26 00:00:00,394.96,P3,Mobile App,Success,0
476,22,2025-05-10 00:00:00,393.73,P7,Web,Success,0
485,22,2025-05-19 00:00:00,365.08,P6,Web,Success,0
479,22,2025-05-24 00:00:00,297.5,P7,Mobile App,Success,0
484,22,2025-05-27 00:00:00,220.65,P9,Mobile App,Success,0
474,22,2025-05-28 00:00:00,425.84,P4,Mobile App,Success,0
487,22,2025-06-02 00:00:00,316.48,P1,Web,Success,0
478,22,2025-06-26 00:00:00,328.84,P5,Web,Success,0
489,23,2025-02-02 00:00:00,1651.93,P6,Phone,Success,0
488,23,2025-02-15 00:00:00,1467.07,P3,Mobile App,Success,0
492,23,2025-02-18 00:00:00,1980.83,P6,Web,Success,0
491,23,2025-03-15 00:00:00,1819.4,P5,Web,Success,0
493,23,2025-03-26 00:00:00,3121.0,P4,Web,Success,0
490,23,2025-04-11 00:00:00,1066.91,P3,Phone,Success,0
511,24,2025-01-10 00:00:00,2607.23,P8,Mobile App,Success,0
501,24,2025-01-26 00:00:00,1955.04,P8,Web,Success,0
521,24,2025-02-06 00:00:00,1773.02,P2,Web,Success,0
495,24,2025-02-12 00:00:00,674.67,P2,POS,Success,0
500,24,2025-02-21 00:00:00,1247.69,P7,Web,Success,0
518,24,2025-02-25 00:00:00,1993.14,P10,Web,Failed,0
519,24,2025-02-26 00:00:00,2954.26,P5,Mobile App,Success,0
502,24,2025-03-03 00:00:00,1641.88,P7,Mobile App,Success,0
505,24,2025-03-04 00:00:00,1458.47,P8,Mobile App,Success,0
512,24,2025-03-04 00:00:00,1710.16,P8,Web,Success,0
497,24,2025-03-05 00:00:00,2244.61,P10,Mobile App,Success,0
494,24,2025-03-08 00:00:00,2169.6,P5,Mobile App,Success,0
508,24,2025-03-12 00:00:00,2026.12,P7,Mobile App,Success,0
515,24,2025-03-13 00:00:00,2447.49,P7,Web,Success,0
496,24,2025-03-15 00:00:00,2409.98,P5,Mobile App,Success,0
520,24,2025-03-17 00:00:00,1597.33,P5,Web,Success,0
506,24,2025-03-23 00:00:00,1913.84,P10,POS,Success,0
499,24,2025-04-04 00:00:00,2247.37,P2,Mobile App,Success,0
503,24,2025-04-06 00:00:00,1262.54,P10,Mobile App,Success,0
498,24,2025-04-17 00:00:00,2423.48,P1,Mobile App,Success,0
507,24,2025-04-28 00:00:00,1729.76,P9,POS,Success,0
517,24,2025-05-05 00:00:00,2680.9,P8,Mobile App,Failed,0
509,24,2025-05-11 00:00:00,2478.88,P9,POS,Success,0
510,24,2025-05-12 00:00:00,2013.52,P6,Mobile App,Success,0
504,24,2025-06-04 00:00:00,1822.82,P2,Mobile App,Success,0
522,24,2025-06-13 00:00:00,1847.99,P6,Mobile App,Failed,0
514,24,2025-06-18 00:00:00,756.73,P10,Mobile App,Success,0
513,24,2025-06-23 00:00:00,1334.09,P3,Web,Success,0
516,24,2025-06-25 00:00:00,2169.3,P3,Web,Success,0
524,25,2025-01-05 00:00:00,1488.87,P5,POS,Success,0
528,25,2025-01-15 00:00:00,1466.1,P9,Mobile App,Success,0
525,25,2025-01-18 00:00:00,1156.3,P9,Mobile App,Success,0
532,25,2025-02-28 00:00:00,1669.35,P7,Web,Success,0
530,25,2025-03-08 00:00:00,1702.1,P8,Web,Success,0
533,25,2025-03-08 00:00:00,2060.07,P5,POS,Success,0
526,25,2025-03-16 00:00:00,1143.12,P4,Phone,Success,0
535,25,2025-03-22 00:00:00,1417.85,P6,Web,Success,0
531,25,2025-04-02 00:00:00,1206.06,P7,Web,Success,0
527,25,2025-04-03 00:00:00,1207.96,P6,Mobile App,Failed,0
529,25,2025-04-03 00:00:00,1255.43,P4,Mobile App,Failed,0
523,25,2025-04-15 00:00:00,948.38,P7,POS,Success,0
534,25,2025-04-26 00:00:00,1660.94,P10,POS,Success,0
544,26,2025-01-03 00:00:00,2059.49,P8,Web,Success,0
540,26,2025-01-10 00:00:00,2888.25,P7,POS,Success,0
552,26,2025-01-13 00:00:00,2162.32,P1,Mobile App,Success,0
547,26,2025-02-09 00:00:00,2678.12,P6,POS,Success,0
542,26,2025-02-24 00:00:00,2819.82,P8,Mobile App,Success,0
539,26,2025-03-03 00:00:00,3164.47,P7,POS,Success,0
553,26,2025-03-05 00:00:00,1482.95,P6,Web,Success,0
557,26,2025-03-07 00:00:00,2796.65,P5,Web,Success,0
536,26,2025-04-05 00:00:00,2122.47,P6,Web,Success,0
555,26,2025-04-09 00:00:00,2116.49,P10,POS,Success,0
541,26,2025-04-16 00:00:00,2077.03,P3,Mobile App,Success,0
546,26,2025-04-25 00:00:00,2233.62,P6,Mobile App,Success,0
556,26,2025-05-07 00:00:00,2448.6,P6,Web,Failed,0
537,26,2025-05-15 00:00:00,2976.02,P3,Web,Success,0
538,26,2025-05-18 00:00:00,2636.57,P5,Mobile App,Success,0
551,26,2025-05-19 00:00:00,2399.46,P1,Mobile App,Failed,0
549,26,2025-06-01 00:00:00,2424.83,P7,Web,Success,0
554,26,2025-06-02 00:00:00,3394.15,P1,Web,Success,0
550,26,2025-06-03 00:00:00,2297.35,P2,Web,Success,0
545,26,2025-06-12 00:00:00,3886.34,P7,POS,Success,0
543,26,2025-06-20 00:00:00,2803.48,P10,POS,Success,0
548,26,2025-06-24 00:00:00,3374.45,P8,Mobile App,Success,0
571,27,2025-01-07 00:00:00,1982.64,P9,Mobile App,Success,0
575,27,2025-01-13 00:00:00,1961.03,P6,Mobile App,Success,0
563,27,2025-01-16 00:00:00,1511.85,P2,Mobile App,Success,0
583,27,2025-01-18 00:00:00,1850.13,P1,Mobile App,Success,0
562,27,2025-01-21 00:00:00,1504.5,P6,Web,Success,0
585,27,2025-01-22 00:00:00,1069.0,P7,Mobile App,Success,0
586,27,2025-01-25 00:00:00,1505.81,P7,Mobile App,Success,0
572,27,2025-02-02 00:00:00,667.43,P9,Web,Success,0
576,27,2025-02-06 00:00:00,1703.79,P4,Mobile App,Success,0
558,27,2025-02-15 00:00:00,1360.92,P3,Web,Success,0
570,27,2025-02-26 00:00:00,1744.33,P2,Web,Success,0
569,27,2025-02-27 00:00:00,1653.65,P10,Mobile App,Success,0
565,27,2025-02-28 00:00:00,1110.91,P2,Mobile App,Success,0
582,27,2025-03-25 00:00:00,1001.9,P7,Mobile App,Success,0
588,27,2025-03-30 00:00:00,1717.0,P7,Mobile App,Success,0
577,27,2025-04-05 00:00:00,1205.84,P2,Web,Success,0
580,27,2025-04-09 00:00:00,1598.61,P9,Web,Success,0
574,27,2025-04-15 00:00:00,1949.77,P2,Phone,Success,0
581,27,2025-04-17 00:00:00,2125.6,P6,Web,Success,0
573,27,2025-04-22 00:00:00,1217.58,P7,Web,Success,0
587,27,2025-04-22 00:00:00,1539.03,P1,Web,Success,0
578,27,2025-04-27 00:00:00,1968.14,P1,POS,Success,0
560,27,2025-04-29 00:00:00,1720.85,P4,Mobile App,Success,0
568,27,2025-05-11 00:00:00,988.25,P8,POS,Success,0
559,27,2025-05-15 00:00:00,1395.46,P4,Mobile App,Success,0
564,27,2025-05-18 00:00:00,1874.14,P4,Web,Success,0
566,27,2025-05-25 00:00:00,1353.71,P6,POS,Success,0
589,27,2025-05-29 00:00:00,1233.39,P9,Web,Success,0
567,27,2025-06-12 00:00:00,1912.15,P1,Web,Success,0
590,27,2025-06-20 00:00:00,1131.64,P9,Mobile App,Success,0
579,27,2025-06-21 00:00:00,1966.4,P10,Web,Success,0
561,27,2025-06-28 00:00:00,1962.59,P8,Web,Success,0
584,27,2025-06-28 00:00:00,1817.56,P2,Web,Success,0
592,28,2025-01-08 00:00:00,692.22,P2,Mobile App,Success,0
615,28,2025-01-15 00:00:00,429.99,P10,Web,Success,0
593,28,2025-01-22 00:00:00,778.62,P9,POS,Success,0
611,28,2025-02-16 00:00:00,461.8,P3,POS,Success,0
600,28,2025-02-23 00:00:00,717.54,P9,POS,Success,0
602,28,2025-02-24 00:00:00,445.58,P1,Mobile App,Failed,0
601,28,2025-02-26 00:00:00,575.39,P8,Web,Success,0
603,28,2025-03-08 00:00:00,477.36,P1,Mobile App,Success,0
591,28,2025-03-22 00:00:00,480.02,P2,Mobile App,Success,0
607,28,2025-03-24 00:00:00,421.25,P4,Web,Success,0
606,28,2025-04-01 00:00:00,605.67,P2,Web,Success,0
613,28,2025-04-04 00:00:00,731.3,P9,Mobile App,Success,0
595,28,2025-04-10 00:00:00,407.8,P10,Mobile App,Success,0
605,28,2025-04-10 00:00:00,637.1,P5,POS,Success,0
612,28,2025-04-12 00:00:00,243.51,P9,Web,Success,0
597,28,2025-04-28 00:00:00,603.78,P6,POS,Success,0
608,28,2025-05-05 00:00:00,477.7,P10,Phone,Success,0
599,28,2025-05-07 00:00:00,582.6,P5,POS,Success,0
604,28,2025-06-05 00:00:00,446.75,P1,POS,Success,0
596,28,2025-06-06 00:00:00,453.72,P10,Mobile App,Success,0
598,28,2025-06-12 00:00:00,673.2,P5,Mobile App,Success,0
609,28,2025-06-13 00:00:00,725.43,P1,POS,Success,0
610,28,2025-06-15 00:00:00,414.26,P6,Mobile App,Success,0
614,28,2025-06-20 00:00:00,557.98,P4,Web,Success,0
594,28,2025-06-28 00:00:00,691.57,P9,POS,Success,0
624,29,2025-01-02 00:00:00,613.98,P5,Mobile App,Success,0
627,29,2025-01-10 00:00:00,497.4,P6,POS,Success,0
622,29,2025-01-13 00:00:00,465.76,P8,Mobile App,Success,0
619,29,2025-01-19 00:00:00,532.97,P6,Web,Success,0
636,29,2025-02-04 00:00:00,266.14,P9,Web,Success,0
630,29,2025-02-05 00:00:00,503.9,P5,Mobile App,Success,0
620,29,2025-02-10 00:00:00,728.37,P10,Mobile App,Success,0
626,29,2025-02-15 00:00:00,546.56,P6,Mobile App,Success,0
632,29,2025-03-01 00:00:00,549.17,P1,Web,Success,0
628,29,2025-03-06 00:00:00,414.01,P2,POS,Success,0
631,29,2025-03-13 00:00:00,778.34,P10,Web,Success,0
618,29,2025-03-20 00:00:00,441.84,P1,Mobile App,Success,0
638,29,2025-03-21 00:00:00,552.05,P5,POS,Success,0
629,29,2025-03-29 00:00:00,453.12,P3,Phone,Success,0
623,29,2025-04-02 00:00:00,414.86,P5,Web,Success,0
633,29,2025-04-03 00:00:00,695.62,P1,Mobile App,Success,0
635,29,2025-04-11 00:00:00,701.12,P7,Mobile App,Success,0
637,29,2025-05-02 00:00:00,561.87,P6,Mobile App,Success,0
634,29,2025-05-07 00:00:00,250.79,P3,Web,Success,0
616,29,2025-05-13 00:00:00,740.59,P2,Web,Success,0
617,29,2025-05-24 00:00:00,714.73,P6,Web,Success,0
621,29,2025-05-30 00:00:00,577.77,P4,Mobile App,Success,0
625,29,2025-06-05 00:00:00,678.32,P9,Web,Success,0
658,30,2025-01-03 00:00:00,2180.28,P1,Web,Success,0
648,30,2025-01-12 00:00:00,2390.91,P10,Web,Success,0
653,30,2025-01-15 00:00:00,2870.51,P10,Mobile App,Success,0
641,30,2025-01-18 00:00:00,2093.99,P1,Web,Success,0
647,30,2025-01-22 00:00:00,1988.22,P7,POS,Success,0
644,30,2025-01-24 00:00:00,3043.18,P2,Mobile App,Success,0
663,30,2025-02-01 00:00:00,2301.7,P5,POS,Success,0
665,30,2025-02-19 00:00:00,2805.68,P4,Phone,Success,0
662,30,2025-03-01 00:00:00,1826.48,P3,Mobile App,Success,0
643,30,2025-03-03 00:00:00,3579.36,P8,Web,Success,0
650,30,2025-03-04 00:00:00,2622.82,P8,Web,Success,0
664,30,2025-03-19 00:00:00,1721.76,P3,Mobile App,Success,0
659,30,2025-03-27 00:00:00,1757.69,P5,POS,Success,0
661,30,2025-04-15 00:00:00,1866.54,P4,Phone,Success,0
656,30,2025-04-22 00:00:00,2465.0,P7,POS,Success,0
657,30,2025-04-22 00:00:00,2924.45,P6,Web,Success,0
646,30,2025-04-29 00:00:00,2444.17,P1,Mobile App,Success,0
640,30,2025-05-05 00:00:00,3478.02,P4,Web,Success,0
651,30,2025-05-15 00:00:00,2884.78,P3,Web,Success,0
660,30,2025-05-23 00:00:00,2908.6,P4,Mobile App,Success,0
645,30,2025-05-24 00:00:00,3085.2,P7,Mobile App,Success,0
649,30,2025-05-28 00:00:00,1535.2,P3,POS,Success,0
652,30,2025-06-04 00:00:00,1954.63,P9,Mobile App,Success,0
639,30,2025-06-14 00:00:00,1083.94,P2,POS,Success,0
654,30,2025-06-14 00:00:00,2792.31,P3,Phone,Success,0
642,30,2025-06-15 00:00:00,3032.19,P5,Web,Success,0
655,30,2025-06-29 00:00:00,1798.05,P1,Mobile App,Success,0
694,31,2025-01-06 00:00:00,1072.29,P6,Web,Success,0
690,31,2025-01-07 00:00:00,817.94,P7,Mobile App,Success,0
688,31,2025-01-12 00:00:00,975.83,P10,Phone,Success,0
693,31,2025-01-31 00:00:00,942.05,P1,Web,Success,0
672,31,2025-02-01 00:00:00,702.95,P4,Mobile App,Success,0
682,31,2025-02-09 00:00:00,1228.79,P5,Mobile App,Success,0
667,31,2025-02-11 00:00:00,989.98,P4,Mobile App,Success,0
685,31,2025-02-17 00:00:00,1160.65,P9,Mobile App,Success,0
689,31,2025-02-24 00:00:00,891.16,P10,Mobile App,Failed,0
679,31,2025-02-26 00:00:00,804.17,P6,Web,Success,0
671,31,2025-02-28 00:00:00,1067.44,P5,Web,Success,0
686,31,2025-03-17 00:00:00,1594.38,P2,Mobile App,Success,0
673,31,2025-03-18 00:00:00,581.91,P1,Mobile App,Success,0
684,31,2025-03-23 00:00:00,994.12,P6,Web,Failed,0
670,31,2025-03-31 00:00:00,765.71,P4,Web,Success,0
692,31,2025-04-05 00:00:00,1377.34,P4,Web,Success,0
687,31,2025-04-07 00:00:00,1186.46,P5,Mobile App,Success,0
669,31,2025-04-08 00:00:00,968.54,P6,Web,Success,0
668,31,2025-04-22 00:00:00,962.06,P2,Mobile App,Success,0
681,31,2025-04-23 00:00:00,592.65,P3,Web,Success,0
678,31,2025-05-08 00:00:00,1348.07,P6,Web,Success,0
666,31,2025-05-30 00:00:00,916.62,P2,Mobile App,Success,0
674,31,2025-05-30 00:00:00,712.46,P7,Web,Success,0
691,31,2025-06-04 00:00:00,819.56,P7,Mobile App,Success,0
675,31,2025-06-09 00:00:00,1105.24,P8,POS,Success,0
680,31,2025-06-10 00:00:00,1042.56,P1,Mobile App,Success,0
677,31,2025-06-16 00:00:00,1238.05,P7,Web,Success,0
683,31,2025-06-20 00:00:00,1522.25,P5,POS,Success,0
676,31,2025-06-27 00:00:00,995.6,P4,POS,Success,0
697,32,2025-01-24 00:00:00,827.38,P5,Web,Success,0
702,32,2025-02-04 00:00:00,955.6,P6,Web,Success,0
699,32,2025-02-14 00:00:00,1157.35,P7,Mobile App,Success,0
695,32,2025-03-03 00:00:00,1343.47,P4,Web,Success,0
698,32,2025-03-13 00:00:00,1041.57,P2,Mobile App,Success,0
696,32,2025-03-25 00:00:00,835.08,P3,Web,Success,0
700,32,2025-04-20 00:00:00,1265.19,P5,POS,Success,0
701,32,2025-04-25 00:00:00,1561.85,P9,Web,Success,0
722,33,2025-01-12 00:00:00,903.14,P6,Mobile App,Success,0
704,33,2025-01-13 00:00:00,786.62,P7,Web,Success,0
725,33,2025-01-17 00:00:00,786.44,P10,Mobile App,Success,0
714,33,2025-02-03 00:00:00,777.51,P2,Web,Success,0
712,33,2025-02-06 00:00:00,1165.76,P10,Mobile App,Success,0
705,33,2025-02-08 00:00:00,1162.62,P9,POS,Success,0
719,33,2025-02-10 00:00:00,1156.07,P8,Web,Success,0
708,33,2025-02-28 00:00:00,1227.26,P2,Web,Success,0
715,33,2025-03-03 00:00:00,826.07,P6,Mobile App,Success,0
721,33,2025-03-08 00:00:00,1174.86,P5,POS,Failed,0
709,33,2025-03-11 00:00:00,1035.38,P8,POS,Success,0
711,33,2025-03-12 00:00:00,1135.08,P2,POS,Success,0
713,33,2025-03-20 00:00:00,729.04,P2,Phone,Success,0
724,33,2025-03-22 00:00:00,871.13,P5,Web,Success,0
720,33,2025-03-26 00:00:00,850.13,P10,Web,Success,0
707,33,2025-04-02 00:00:00,784.67,P7,Mobile App,Success,0
703,33,2025-04-04 00:00:00,678.41,P8,Web,Success,0
716,33,2025-04-19 00:00:00,1087.28,P6,Mobile App,Success,0
710,33,2025-04-27 00:00:00,925.67,P1,Mobile App,Success,0
718,33,2025-05-05 00:00:00,1551.61,P3,Web,Success,0
717,33,2025-05-09 00:00:00,790.81,P8,POS,Success,0
706,33,2025-05-11 00:00:00,1178.77,P1,Web,Success,0
723,33,2025-06-23 00:00:00,1332.42,P9,POS,Success,0
727,34,2025-01-06 00:00:00,1074.52,P10,Web,Success,0
730,34,2025-01-06 00:00:00,1026.48,P10,Mobile App,Success,0
735,34,2025-01-06 00:00:00,1083.34,P2,Mobile App,Success,0
739,34,2025-01-07 00:00:00,601.22,P4,Mobile App,Success,0
729,34,2025-02-23 00:00:00,1390.07,P2,Phone,Success,0
734,34,2025-03-03 00:00:00,1142.67,P7,Web,Success,0
738,34,2025-03-07 00:00:00,1132.83,P1,Web,Failed,0
726,34,2025-03-24 00:00:00,1387.1,P10,Web,Success,0
737,34,2025-03-25 00:00:00,939.8,P6,Web,Success,0
736,34,2025-04-08 00:00:00,815.71,P7,Mobile App,Success,0
731,34,2025-04-19 00:00:00,896.29,P7,Mobile App,Success,0
733,34,2025-04-20 00:00:00,625.62,P3,Web,Success,0
728,34,2025-04-22 00:00:00,1039.74,P10,POS,Success,0
732,34,2025-04-27 00:00:00,492.57,P3,POS,Success,0
747,35,2025-01-07 00:00:00,2595.73,P1,Mobile App,Success,0
745,35,2025-01-24 00:00:00,3512.9,P1,Web,Success,0
744,35,2025-01-28 00:00:00,3648.54,P1,POS,Success,0
741,35,2025-02-08 00:00:00,3661.67,P5,POS,Success,0
740,35,2025-02-28 00:00:00,1949.04,P6,Mobile App,Success,0
742,35,2025-03-16 00:00:00,3408.25,P2,Mobile App,Success,0
743,35,2025-03-19 00:00:00,3515.11,P9,Mobile App,Success,0
746,35,2025-04-04 00:00:00,3247.73,P10,Mobile App,Success,0
762,36,2025-01-09 00:00:00,2170.41,P6,POS,Success,0
768,36,2025-01-17 00:00:00,1495.7,P8,Web,Success,0
753,36,2025-01-20 00:00:00,2662.54,P5,Web,Success,0
750,36,2025-02-07 00:00:00,2247.03,P6,Web,Success,0
758,36,2025-02-17 00:00:00,2081.96,P3,POS,Failed,0
764,36,2025-02-17 00:00:00,1730.62,P10,POS,Success,0
769,36,2025-03-04 00:00:00,1302.58,P9,Web,Success,0
761,36,2025-03-10 00:00:00,1988.74,P3,POS,Success,0
757,36,2025-03-13 00:00:00,1600.94,P6,Web,Success,0
765,36,2025-03-15 00:00:00,1701.92,P8,Web,Success,0
756,36,2025-04-06 00:00:00,1933.15,P5,Web,Success,0
770,36,2025-04-20 00:00:00,2052.77,P3,Web,Success,0
751,36,2025-05-01 00:00:00,2385.32,P8,Mobile App,Success,0
760,36,2025-05-02 00:00:00,1916.96,P9,Web,Success,0
771,36,2025-05-03 00:00:00,2850.02,P4,Mobile App,Success,0
759,36,2025-05-06 00:00:00,2869.24,P3,Mobile App,Success,0
754,36,2025-05-14 00:00:00,1835.8,P4,Web,Success,0
749,36,2025-05-19 00:00:00,1065.91,P3,Mobile App,Success,0
767,36,2025-05-20 00:00:00,2317.5,P9,POS,Success,0
748,36,2025-05-23 00:00:00,2066.41,P5,POS,Success,0
752,36,2025-05-24 00:00:00,1728.94,P7,Web,Success,0
763,36,2025-06-16 00:00:00,2257.97,P3,Mobile App,Success,0
755,36,2025-06-18 00:00:00,2145.19,P5,Mobile App,Success,0
773,36,2025-06-18 00:00:00,2089.78,P6,POS,Success,0
766,36,2025-06-24 00:00:00,1688.53,P3,Web,Success,0
772,36,2025-06-28 00:00:00,2564.25,P4,POS,Success,0
786,37,2025-01-06 00:00:00,1205.22,P5,Web,Success,0
789,37,2025-01-12 00:00:00,1335.64,P2,Web,Success,0
781,37,2025-01-15 00:00:00,2251.8,P5,Mobile App,Success,0
785,37,2025-01-17 00:00:00,1482.13,P5,POS,Success,0
787,37,2025-01-21 00:00:00,1441.27,P6,Mobile App,Success,0
778,37,2025-01-27 00:00:00,495.73,P2,POS,Success,0
783,37,2025-02-02 00:00:00,1601.57,P6,Web,Success,0
775,37,2025-02-17 00:00:00,1142.16,P1,Mobile App,Success,0
782,37,2025-02-18 00:00:00,1412.8,P2,Mobile App,Success,0
791,37,2025-03-16 00:00:00,1650.41,P7,Web,Success,0
777,37,2025-03-22 00:00:00,2015.82,P5,Mobile App,Success,0
774,37,2025-03-26 00:00:00,1764.73,P8,Mobile App,Success,0
788,37,2025-04-06 00:00:00,1245.22,P5,Mobile App,Success,0
776,37,2025-04-15 00:00:00,1422.27,P9,Web,Success,0
779,37,2025-05-15 00:00:00,1982.23,P8,Web,Success,0
780,37,2025-05-24 00:00:00,1235.92,P5,Web,Success,0
784,37,2025-05-25 00:00:00,1319.22,P6,Mobile App,Success,0
790,37,2025-06-06 00:00:00,1547.17,P5,POS,Success,0
802,38,2025-02-11 00:00:00,1353.26,P3,Mobile App,Success,0
794,38,2025-02-13 00:00:00,1227.92,P3,Web,Success,0
804,38,2025-02-26 00:00:00,995.47,P8,POS,Success,0
806,38,2025-03-01 00:00:00,1249.07,P4,POS,Success,0
803,38,2025-03-06 00:00:00,1679.96,P1,Mobile App,Failed,0
796,38,2025-03-15 00:00:00,1444.74,P5,Mobile App,Success,0
792,38,2025-03-25 00:00:00,1084.92,P3,Web,Success,0
799,38,2025-04-18 00:00:00,1264.94,P4,Mobile App,Success,0
797,38,2025-04-22 00:00:00,902.91,P4,Mobile App,Success,0
801,38,2025-04-26 00:00:00,1146.52,P10,Mobile App,Success,0
795,38,2025-04-29 00:00:00,1055.23,P2,Mobile App,Success,0
793,38,2025-06-08 00:00:00,1287.35,P9,Mobile App,Failed,0
798,38,2025-06-14 00:00:00,1642.59,P6,Web,Success,0
800,38,2025-06-17 00:00:00,900.56,P1,Mobile App,Success,0
805,38,2025-06-26 00:00:00,1065.67,P5,Mobile App,Success,0
814,39,2025-01-19 00:00:00,1221.91,P6,POS,Success,0
817,39,2025-01-23 00:00:00,1211.9,P5,Web,Success,0
826,39,2025-01-29 00:00:00,1436.5,P3,Mobile App,Success,0
832,39,2025-01-29 00:00:00,1528.5,P9,Web,Success,0
838,39,2025-01-31 00:00:00,1421.68,P9,Web,Success,0
834,39,2025-02-07 00:00:00,1445.68,P5,Mobile App,Success,0
831,39,2025-02-21 00:00:00,1538.74,P1,Mobile App,Success,0
824,39,2025-02-22 00:00:00,1430.08,P9,Mobile App,Success,0
830,39,2025-02-27 00:00:00,1273.65,P10,Phone,Failed,0
833,39,2025-02-28 00:00:00,1643.41,P10,Mobile App,Success,0
807,39,2025-03-05 00:00:00,1854.15,P3,POS,Success,0
828,39,2025-03-12 00:00:00,1765.26,P1,Mobile App,Success,0
821,39,2025-03-19 00:00:00,1636.41,P7,Mobile App,Success,0
841,39,2025-03-19 00:00:00,997.44,P5,Mobile App,Success,0
820,39,2025-03-28 00:00:00,1542.6,P5,Phone,Success,0
835,39,2025-04-04 00:00:00,1856.54,P2,Mobile App,Success,0
829,39,2025-04-05 00:00:00,2016.06,P8,Mobile App,Success,0
813,39,2025-04-10 00:00:00,950.14,P1,POS,Success,0
812,39,2025-04-11 00:00:00,1434.8,P5,Web,Success,0
840,39,2025-04-11 00:00:00,2378.74,P9,Web,Success,0
819,39,2025-04-13 00:00:00,1459.13,P8,POS,Success,0
823,39,2025-04-15 00:00:00,1018.72,P9,Web,Success,0
810,39,2025-04-25 00:00:00,1178.2,P9,Web,Success,0
837,39,2025-04-30 00:00:00,912.76,P1,Mobile App,Success,0
825,39,2025-05-09 00:00:00,1477.97,P1,Web,Success,0
816,39,2025-05-16 00:00:00,1439.32,P9,POS,Success,0
843,39,2025-05-17 00:00:00,1188.89,P3,Web,Success,0
815,39,2025-05-24 00:00:00,816.05,P1,Web,Success,0
809,39,2025-05-27 00:00:00,1503.71,P5,Mobile App,Success,0
822,39,2025-05-29 00:00:00,1048.35,P6,Mobile App,Success,0
836,39,2025-06-10 00:00:00,1736.99,P1,Mobile App,Success,0
818,39,2025-06-12 00:00:00,930.96,P6,Web,Failed,0
808,39,2025-06-16 00:00:00,1549.62,P7,Mobile App,Success,0
811,39,2025-06-17 00:00:00,1725.02,P7,Web,Success,0
842,39,2025-06-19 00:00:00,1505.64,P1,Mobile App,Success,0
839,39,2025-06-27 00:00:00,1374.21,P7,Web,Success,0
827,39,2025-06-28 00:00:00,1842.3,P7,Web,Success,0
853,40,2025-01-09 00:00:00,2341.04,P8,Web,Success,0
846,40,2025-01-22 00:00:00,3028.64,P3,Mobile App,Success,0
850,40,2025-02-09 00:00:00,3577.55,P6,Web,Success,0
847,40,2025-02-15 00:00:00,1598.49,P9,Mobile App,Success,0
844,40,2025-03-01 00:00:00,2848.59,P2,Web,Success,0
851,40,2025-03-20 00:00:00,2836.31,P8,Web,Success,0
849,40,2025-03-26 00:00:00,2887.26,P7,Mobile App,Success,0
852,40,2025-03-28 00:00:00,3271.74,P5,POS,Success,0
848,40,2025-03-31 00:00:00,3240.25,P5,POS,Success,0
845,40,2025-04-09 00:00:00,2459.43,P3,Phone,Success,0
857,41,2025-01-02 00:00:00,666.77,P2,Web,Success,0
863,41,2025-01-04 00:00:00,671.56,P4,POS,Failed,0
854,41,2025-01-16 00:00:00,865.63,P6,Web,Success,0
858,41,2025-02-05 00:00:00,597.05,P1,Mobile App,Success,0
855,41,2025-02-07 00:00:00,383.36,P6,Web,Success,0
862,41,2025-02-21 00:00:00,820.28,P10,Mobile App,Success,0
860,41,2025-02-28 00:00:00,870.99,P4,Mobile App,Success,0
859,41,2025-03-17 00:00:00,369.47,P5,Web,Success,0
865,41,2025-03-24 00:00:00,727.26,P6,Web,Success,0
861,41,2025-03-28 00:00:00,756.2,P5,Web,Success,0
864,41,2025-04-02 00:00:00,640.36,P4,Web,Success,0
856,41,2025-04-13 00:00:00,706.65,P4,Web,Failed,0
866,41,2025-04-29 00:00:00,940.16,P4,Web,Success,0
901,42,2025-01-02 00:00:00,1470.62,P9,Mobile App,Success,0
867,42,2025-01-09 00:00:00,1962.13,P3,Phone,Success,0
881,42,2025-01-31 00:00:00,2921.35,P1,Web,Success,0
899,42,2025-01-31 00:00:00,3255.93,P10,POS,Success,0
879,42,2025-02-01 00:00:00,1673.07,P5,Phone,Success,0
895,42,2025-02-02 00:00:00,2804.83,P7,Web,Success,0
896,42,2025-02-07 00:00:00,3630.7,P7,Mobile App,Success,0
889,42,2025-02-11 00:00:00,2614.21,P5,Mobile App,Success,0
877,42,2025-02-18 00:00:00,2414.35,P3,Mobile App,Success,0
878,42,2025-02-22 00:00:00,1885.62,P3,Mobile App,Success,0
871,42,2025-02-27 00:00:00,2853.72,P4,Phone,Success,0
891,42,2025-03-02 00:00:00,1956.91,P8,Mobile App,Failed,0
876,42,2025-03-14 00:00:00,1970.0,P6,Mobile App,Success,0
882,42,2025-03-17 00:00:00,2218.72,P4,Phone,Success,0
897,42,2025-03-20 00:00:00,3357.66,P10,Mobile App,Success,0
868,42,2025-03-23 00:00:00,1565.69,P8,Web,Failed,0
888,42,2025-03-26 00:00:00,1729.96,P9,Web,Success,0
903,42,2025-03-31 00:00:00,2345.73,P7,Web,Success,0
869,42,2025-04-08 00:00:00,1456.33,P9,Phone,Success,0
885,42,2025-04-14 00:00:00,2782.49,P4,Mobile App,Success,0
886,42,2025-04-16 00:00:00,2488.2,P10,POS,Success,0
883,42,2025-04-20 00:00:00,2914.86,P4,POS,Success,0
902,42,2025-04-28 00:00:00,2693.78,P7,POS,Success,0
873,42,2025-05-05 00:00:00,2738.96,P2,POS,Success,0
900,42,2025-05-05 00:00:00,2901.63,P4,Web,Failed,0
880,42,2025-05-09 00:00:00,3269.71,P2,Mobile App,Success,0
870,42,2025-05-18 00:00:00,2470.9,P10,Phone,Success,0
890,42,2025-05-18 00:00:00,3537.4,P8,Web,Success,0
872,42,2025-05-20 00:00:00,1616.46,P5,Mobile App,Success,0
893,42,2025-05-22 00:00:00,2152.7,P5,Mobile App,Success,0
892,42,2025-05-30 00:00:00,3362.76,P9,Web,Success,0
894,42,2025-06-03 00:00:00,1722.27,P7,Web,Success,0
875,42,2025-06-06 00:00:00,2910.82,P9,Mobile App,Success,0
898,42,2025-06-07 00:00:00,2393.27,P8,Mobile App,Success,0
874,42,2025-06-10 00:00:00,2746.45,P10,POS,Success,0
884,42,2025-06-11 00:00:00,1917.07,P2,Mobile App,Failed,0
887,42,2025-06-15 00:00:00,2777.28,P9,Mobile App,Success,0
919,43,2025-01-03 00:00:00,2396.95,P4,POS,Success,0
925,43,2025-01-05 00:00:00,2664.47,P9,Web,Success,0
923,43,2025-01-08 00:00:00,2419.39,P9,Mobile App,Success,0
915,43,2025-01-13 00:00:00,3258.61,P9,Web,Success,0
931,43,2025-01-23 00:00:00,1894.64,P10,Web,Success,0
916,43,2025-02-10 00:00:00,2267.47,P1,Mobile App,Success,0
933,43,2025-02-11 00:00:00,1840.42,P6,Mobile App,Failed,0
918,43,2025-02-18 00:00:00,2816.48,P9,Web,Success,0
924,43,2025-02-23 00:00:00,3212.69,P4,Web,Success,0
914,43,2025-02-28 00:00:00,2331.01,P3,Phone,Success,0
932,43,2025-03-10 00:00:00,2841.59,P1,Web,Success,0
913,43,2025-03-12 00:00:00,3352.26,P10,POS,Success,0
935,43,2025-03-12 00:00:00,3255.45,P8,Mobile App,Success,0
927,43,2025-03-18 00:00:00,3394.44,P6,Web,Success,0
938,43,2025-03-23 00:00:00,2203.11,P10,Mobile App,Success,0
929,43,2025-03-29 00:00:00,1852.48,P5,Mobile App,Success,0
926,43,2025-04-04 00:00:00,2457.74,P10,Web,Failed,0
904,43,2025-04-09 00:00:00,1067.95,P5,Mobile App,Success,0
928,43,2025-04-14 00:00:00,3980.6,P7,POS,Success,0
912,43,2025-04-17 00:00:00,3126.66,P10,Web,Success,0
921,43,2025-04-17 00:00:00,2898.69,P6,Mobile App,Success,0
922,43,2025-04-17 00:00:00,2658.44,P3,Phone,Success,0
936,43,2025-04-21 00:00:00,2974.75,P8,Mobile App,Success,0
906,43,2025-04-22 00:00:00,3166.65,P7,Web,Success,0
908,43,2025-04-29 00:00:00,1507.1,P6,Web,Failed,0
930,43,2025-05-06 00:00:00,2991.12,P6,Mobile App,Success,0
907,43,2025-05-26 00:00:00,1374.74,P6,POS,Success,0
920,43,2025-05-27 00:00:00,2147.77,P7,Mobile App,Success,0
917,43,2025-05-28 00:00:00,3595.64,P9,Mobile App,Failed,0
939,43,2025-06-07 00:00:00,3417.94,P6,Mobile App,Success,0
909,43,2025-06-09 00:00:00,3100.84,P8,Mobile App,Success,0
905,43,2025-06-26 00:00:00,2465.53,P2,POS,Success,0
910,43,2025-06-26 00:00:00,3111.63,P5,Web,Success,0
937,43,2025-06-26 00:00:00,2407.68,P7,Web,Success,0
911,43,2025-06-29 00:00:00,1743.51,P10,Mobile App,Success,0
934,43,2025-06-29 00:00:00,2980.42,P9,Web,Success,0
948,44,2025-01-06 00:00:00,463.44,P9,POS,Success,0
950,44,2025-01-06 00:00:00,499.6,P7,Mobile App,Success,0
942,44,2025-01-16 00:00:00,536.68,P9,POS,Success,0
971,44,2025-01-21 00:00:00,402.29,P2,Mobile App,Success,0
945,44,2025-01-22 00:00:00,446.54,P8,Web,Success,0
965,44,2025-01-24 00:00:00,324.53,P3,Web,Success,0
966,44,2025-01-30 00:00:00,559.48,P10,Mobile App,Success,0
951,44,2025-02-01 00:00:00,466.99,P2,Mobile App,Success,0
949,44,2025-02-08 00:00:00,684.95,P2,Web,Success,0
952,44,2025-02-27 00:00:00,483.98,P8,Web,Success,0
944,44,2025-03-01 00:00:00,315.27,P1,Mobile App,Success,0
947,44,2025-03-25 00:00:00,300.48,P3,POS,Failed,0
956,44,2025-03-26 00:00:00,541.17,P6,Mobile App,Success,0
940,44,2025-03-31 00:00:00,540.99,P5,Web,Success,0
962,44,2025-03-31 00:00:00,414.95,P6,Mobile App,Success,0
970,44,2025-04-01 00:00:00,462.06,P10,Mobile App,Success,0
954,44,2025-04-03 00:00:00,350.59,P7,POS,Success,0
964,44,2025-04-06 00:00:00,262.72,P3,Mobile App,Success,0
941,44,2025-04-07 00:00:00,440.92,P9,Mobile App,Success,0
963,44,2025-04-11 00:00:00,302.25,P8,Mobile App,Success,0
943,44,2025-04-21 00:00:00,371.0,P5,POS,Success,0
946,44,2025-04-23 00:00:00,357.89,P1,Mobile App,Success,0
967,44,2025-04-28 00:00:00,334.66,P7,Web,Success,0
958,44,2025-05-11 00:00:00,675.7,P1,Phone,Success,0
969,44,2025-05-11 00:00:00,503.52,P1,Web,Success,0
973,44,2025-05-11 00:00:00,364.24,P9,Web,Success,0
968,44,2025-05-23 00:00:00,520.33,P2,Mobile App,Success,0
953,44,2025-05-25 00:00:00,645.07,P4,Mobile App,Failed,0
955,44,2025-06-05 00:00:00,545.56,P9,Web,Success,0
957,44,2025-06-10 00:00:00,488.94,P5,Mobile App,Success,0
961,44,2025-06-12 00:00:00,557.98,P9,Web,Failed,0
972,44,2025-06-12 00:00:00,302.89,P4,Mobile App,Success,0
960,44,2025-06-22 00:00:00,437.42,P8,Web,Success,0
959,44,2025-06-30 00:00:00,518.99,P6,Web,Success,0
991,45,2025-01-07 00:00:00,1498.0,P9,Web,Failed,0
976,45,2025-01-11 00:00:00,1558.36,P8,Web,Success,0
994,45,2025-01-22 00:00:00,1196.04,P3,Mobile App,Success,0
977,45,2025-01-23 00:00:00,1309.95,P4,POS,Success,0
982,45,2025-02-13 00:00:00,1243.14,P8,POS,Success,0
986,45,2025-02-13 00:00:00,1450.17,P1,POS,Success,0
980,45,2025-02-22 00:00:00,1062.02,P4,Web,Success,0
974,45,2025-02-26 00:00:00,1856.21,P4,Mobile App,Success,0
975,45,2025-02-26 00:00:00,1488.28,P2,Mobile App,Success,0
985,45,2025-02-26 00:00:00,1367.76,P6,Web,Success,0
989,45,2025-03-02 00:00:00,1545.58,P10,POS,Success,0
983,45,2025-03-14 00:00:00,1227.31,P7,Web,Success,0
979,45,2025-03-16 00:00:00,1328.59,P4,Phone,Success,0
984,45,2025-04-15 00:00:00,2013.09,P10,Mobile App,Success,0
981,45,2025-04-25 00:00:00,1946.41,P4,Web,Success,0
988,45,2025-05-13 00:00:00,1304.77,P4,Mobile App,Success,0
993,45,2025-05-14 00:00:00,1310.49,P3,Web,Success,0
992,45,2025-05-23 00:00:00,1136.59,P10,Mobile App,Success,0
978,45,2025-05-26 00:00:00,780.3,P3,Mobile App,Success,0
987,45,2025-06-05 00:00:00,1271.31,P2,Mobile App,Success,0
995,45,2025-06-13 00:00:00,1440.59,P4,Mobile App,Success,0
990,45,2025-06-22 00:00:00,1066.2,P8,Mobile App,Success,0
996,45,2025-06-28 00:00:00,853.77,P3,Mobile App,Failed,0
998,46,2025-01-18 00:00:00,2537.61,P1,Mobile App,Success,0
1002,46,2025-02-03 00:00:00,1792.15,P6,Web,Success,0
997,46,2025-03-02 00:00:00,3018.95,P2,Web,Success,0
1001,46,2025-03-23 00:00:00,1431.8,P10,Web,Success,0
999,46,2025-04-05 00:00:00,1710.79,P4,Mobile App,Success,0
1000,46,2025-05-01 00:00:00,1295.62,P10,Web,Success,0
1017,47,2025-01-03 00:00:00,1618.34,P4,Mobile App,Success,0
1009,47,2025-01-05 00:00:00,2561.09,P10,Web,Success,0
1020,47,2025-01-07 00:00:00,2994.95,P8,Mobile App,Success,0
1013,47,2025-01-09 00:00:00,2350.49,P6,Web,Success,0
1012,47,2025-01-14 00:00:00,2604.08,P2,Web,Success,0
1023,47,2025-01-26 00:00:00,2079.44,P9,POS,Success,0
1003,47,2025-02-05 00:00:00,2860.17,P7,Mobile App,Success,0
1021,47,2025-02-07 00:00:00,2959.76,P9,Mobile App,Success,0
1029,47,2025-02-10 00:00:00,1266.6,P3,Phone,Success,0
1005,47,2025-02-13 00:00:00,1257.39,P9,POS,Success,0
1026,47,2025-02-16 00:00:00,2600.05,P3,Mobile App,Success,0
1015,47,2025-02-18 00:00:00,2154.65,P7,POS,Success,0
1006,47,2025-02-26 00:00:00,1773.04,P9,Web,Failed,0
1011,47,2025-02-27 00:00:00,2245.78,P6,Mobile App,Success,0
1031,47,2025-02-28 00:00:00,2076.61,P2,Web,Success,0
1030,47,2025-03-08 00:00:00,2231.83,P4,Web,Success,0
1010,47,2025-03-12 00:00:00,2556.03,P6,Mobile App,Success,0
1018,47,2025-03-13 00:00:00,2996.76,P10,Mobile App,Success,0
1025,47,2025-03-20 00:00:00,1757.35,P4,POS,Failed,0
1027,47,2025-03-20 00:00:00,1074.42,P4,Web,Success,0
1028,47,2025-04-09 00:00:00,2582.95,P6,POS,Success,0
1016,47,2025-04-27 00:00:00,1827.59,P2,Web,Success,0
1024,47,2025-04-27 00:00:00,1908.54,P8,Mobile App,Success,0
1032,47,2025-05-09 00:00:00,1573.61,P7,Mobile App,Success,0
1022,47,2025-05-22 00:00:00,2244.9,P1,Web,Success,0
1008,47,2025-05-24 00:00:00,1924.41,P2,POS,Success,0
1004,47,2025-05-25 00:00:00,2421.28,P1,Mobile App,Success,0
1007,47,2025-05-31 00:00:00,1936.26,P9,POS,Success,0
1019,47,2025-06-14 00:00:00,2043.25,P4,Web,Success,0
1014,47,2025-06-27 00:00:00,2458.24,P3,Mobile App,Failed,0
1045,48,2025-01-04 00:00:00,2730.12,P10,Mobile App,Success,0
1038,48,2025-02-03 00:00:00,1886.55,P2,POS,Success,0
1050,48,2025-02-07 00:00:00,2379.77,P3,POS,Success,0
1039,48,2025-02-21 00:00:00,2648.71,P5,Mobile App,Success,0
1051,48,2025-02-27 00:00:00,3091.97,P9,Mobile App,Success,0
1052,48,2025-03-08 00:00:00,2323.95,P5,POS,Success,0
1041,48,2025-03-15 00:00:00,2646.67,P10,Web,Success,0
1043,48,2025-03-17 00:00:00,2539.87,P8,Web,Success,0
1049,48,2025-03-18 00:00:00,2714.27,P3,Mobile App,Success,0
1047,48,2025-03-21 00:00:00,2078.22,P3,POS,Success,0
1044,48,2025-04-16 00:00:00,4299.42,P8,Web,Success,0
1040,48,2025-04-21 00:00:00,3704.45,P8,Mobile App,Success,0
1033,48,2025-04-25 00:00:00,2590.47,P8,POS,Success,0
1035,48,2025-05-02 00:00:00,3203.37,P2,Web,Success,0
1053,48,2025-05-05 00:00:00,2366.2,P3,Web,Success,0
1037,48,2025-05-13 00:00:00,3243.57,P3,Mobile App,Success,0
1042,48,2025-05-15 00:00:00,1803.02,P4,Web,Success,0
1046,48,2025-05-23 00:00:00,2809.73,P5,POS,Success,0
1036,48,2025-05-25 00:00:00,2144.99,P1,Mobile App,Failed,0
1048,48,2025-06-04 00:00:00,2821.72,P10,Web,Success,0
1034,48,2025-06-12 00:00:00,3170.06,P5,Mobile App,Success,0
1064,49,2025-01-02 00:00:00,2384.93,P8,Mobile App,Failed,0
1058,49,2025-01-03 00:00:00,1983.91,P4,Mobile App,Success,0
1074,49,2025-01-10 00:00:00,2489.3,P10,Mobile App,Success,0
1090,49,2025-01-16 00:00:00,2367.71,P7,Mobile App,Success,0
1059,49,2025-01-29 00:00:00,1888.88,P7,Web,Success,0
1077,49,2025-01-31 00:00:00,3007.28,P10,Web,Success,0
1075,49,2025-02-05 00:00:00,1949.52,P8,Web,Success,0
1072,49,2025-02-06 00:00:00,2859.74,P9,Web,Success,0
1069,49,2025-02-09 00:00:00,1578.97,P7,Mobile App,Success,0
1065,49,2025-02-12 00:00:00,1788.32,P1,POS,Success,0
1091,49,2025-02-16 00:00:00,1159.55,P5,POS,Success,0
1089,49,2025-02-17 00:00:00,2971.09,P1,Mobile App,Success,0
1085,49,2025-02-20 00:00:00,2200.64,P10,Web,Success,0
1083,49,2025-03-02 00:00:00,2754.35,P3,Mobile App,Success,0
1068,49,2025-03-06 00:00:00,1440.02,P8,Mobile App,Success,0
1070,49,2025-03-10 00:00:00,3205.93,P8,Mobile App,Success,0
1087,49,2025-03-10 00:00:00,1764.57,P3,POS,Success,0
1054,49,2025-03-17 00:00:00,1996.61,P8,Web,Success,0
1079,49,2025-03-23 00:00:00,2176.63,P8,POS,Success,0
1067,49,2025-03-24 00:00:00,1601.99,P8,Web,Success,0
1057,49,2025-04-07 00:00:00,1496.87,P6,Web,Success,0
1071,49,2025-04-08 00:00:00,1657.95,P8,Mobile App,Success,0
1078,49,2025-04-08 00:00:00,2132.4,P2,Web,Success,0
1084,49,2025-04-08 00:00:00,1928.46,P6,POS,Success,0
1055,49,2025-04-28 00:00:00,1474.71,P5,Web,Failed,0
1066,49,2025-05-04 00:00:00,2102.27,P10,Web,Success,0
1082,49,2025-05-06 00:00:00,940.75,P7,Mobile App,Success,0
1081,49,2025-05-08 00:00:00,2294.43,P4,POS,Success,0
1076,49,2025-05-09 00:00:00,2154.9,P5,POS,Success,0
1056,49,2025-05-19 00:00:00,2096.88,P2,Mobile App,Success,0
1080,49,2025-05-21 00:00:00,2296.96,P6,Mobile App,Success,0
1062,49,2025-05-24 00:00:00,2978.66,P1,Web,Success,0
1060,49,2025-05-26 00:00:00,3036.37,P4,Web,Success,0
1073,49,2025-05-26 00:00:00,1408.85,P10,Mobile App,Success,0
1086,49,2025-05-31 00:00:00,2386.68,P1,Mobile App,Success,0
1092,49,2025-06-04 00:00:00,1846.07,P5,Web,Success,0
1061,49,2025-06-05 00:00:00,1195.09,P7,POS,Success,0
1088,49,2025-06-17 00:00:00,2720.23,P7,POS,Success,0
1063,49,2025-06-24 00:00:00,2320.54,P2,POS,Failed,0
1112,50,2025-01-04 00:00:00,2047.16,P1,Mobile App,Success,0
1104,50,2025-01-09 00:00:00,3395.76,P7,Web,Success,0
1100,50,2025-01-12 00:00:00,2743.76,P1,Mobile App,Success,0
1115,50,2025-01-20 00:00:00,2361.35,P2,Phone,Success,0
1109,50,2025-01-21 00:00:00,3033.54,P10,Mobile App,Success,0
1101,50,2025-01-29 00:00:00,3413.96,P10,Web,Success,0
1103,50,2025-01-29 00:00:00,2139.15,P2,Web,Failed,0
1106,50,2025-02-07 00:00:00,1509.79,P6,Web,Success,0
1113,50,2025-02-13 00:00:00,1177.11,P2,Web,Success,0
1095,50,2025-02-17 00:00:00,2301.35,P9,Mobile App,Success,0
1114,50,2025-02-21 00:00:00,1370.13,P9,Web,Failed,0
1098,50,2025-02-25 00:00:00,2826.78,P1,Web,Success,0
1099,50,2025-03-15 00:00:00,3156.43,P2,POS,Success,0
1096,50,2025-03-30 00:00:00,2704.27,P6,Web,Success,0
1110,50,2025-04-04 00:00:00,1926.81,P4,POS,Success,0
1097,50,2025-04-09 00:00:00,2982.69,P4,Web,Success,0
1105,50,2025-04-13 00:00:00,2052.09,P2,Mobile App,Success,0
1093,50,2025-04-17 00:00:00,2224.06,P1,Web,Success,0
1108,50,2025-05-02 00:00:00,2371.39,P9,Mobile App,Success,0
1111,50,2025-05-12 00:00:00,2971.58,P5,Mobile App,Success,0
1094,50,2025-05-14 00:00:00,2122.0,P6,Phone,Success,0
1116,50,2025-05-24 00:00:00,2255.76,P9,Phone,Success,0
1107,50,2025-05-27 00:00:00,1419.56,P5,Web,Success,0
1102,50,2025-06-08 00:00:00,2618.21,P10,Mobile App,Success,0
4747,50,2025-06-26 00:00:00,18477.08,P7,Web,Success,1
4748,50,2025-06-26 00:05:00,12996.69,P5,Web,Success,1
4749,50,2025-06-26 00:10:00,16211.83,P9,Web,Success,1
1122,51,2025-01-09 00:00:00,1085.53,P5,Web,Success,0
1126,51,2025-01-12 00:00:00,2897.78,P5,POS,Success,0
1120,51,2025-01-21 00:00:00,2688.82,P1,Web,Success,0
1121,51,2025-02-05 00:00:00,3258.23,P6,Mobile App,Success,0
1119,51,2025-02-13 00:00:00,2651.96,P7,Web,Success,0
1118,51,2025-02-19 00:00:00,2536.56,P10,Web,Success,0
1142,51,2025-03-09 00:00:00,3277.9,P9,Mobile App,Failed,0
1140,51,2025-03-15 00:00:00,1976.97,P4,Mobile App,Failed,0
1144,51,2025-03-21 00:00:00,2947.17,P9,Web,Success,0
1143,51,2025-03-26 00:00:00,2182.48,P1,Web,Success,0
1128,51,2025-04-05 00:00:00,3122.74,P8,Mobile App,Success,0
1136,51,2025-04-13 00:00:00,1598.64,P9,Mobile App,Failed,0
1141,51,2025-04-17 00:00:00,3223.4,P4,Web,Success,0
1127,51,2025-05-01 00:00:00,3326.59,P8,Mobile App,Success,0
1137,51,2025-05-02 00:00:00,1303.66,P5,Mobile App,Success,0
1133,51,2025-05-03 00:00:00,2437.38,P1,Mobile App,Success,0
1131,51,2025-05-16 00:00:00,1761.91,P8,Web,Success,0
1134,51,2025-05-23 00:00:00,2690.79,P3,Web,Success,0
1138,51,2025-05-24 00:00:00,1945.45,P1,Web,Success,0
1124,51,2025-05-31 00:00:00,2789.52,P5,Web,Success,0
1135,51,2025-05-31 00:00:00,2465.0,P5,POS,Success,0
1139,51,2025-06-01 00:00:00,2395.6,P7,Web,Success,0
1129,51,2025-06-09 00:00:00,2883.8,P10,Web,Success,0
1130,51,2025-06-09 00:00:00,3555.52,P1,Mobile App,Success,0
1132,51,2025-06-10 00:00:00,3166.6,P5,POS,Success,0
1125,51,2025-06-17 00:00:00,3350.13,P2,Web,Success,0
1123,51,2025-06-26 00:00:00,3552.96,P9,Web,Success,0
1117,51,2025-06-27 00:00:00,2854.43,P4,POS,Success,0
1152,52,2025-01-06 00:00:00,361.14,P1,Mobile App,Failed,0
1149,52,2025-01-31 00:00:00,398.64,P4,Mobile App,Success,0
1146,52,2025-02-17 00:00:00,389.0,P9,POS,Success,0
1147,52,2025-03-17 00:00:00,252.21,P8,Web,Success,0
1153,52,2025-03-17 00:00:00,339.38,P1,Web,Success,0
1151,52,2025-03-18 00:00:00,397.28,P3,Web,Success,0
1154,52,2025-03-25 00:00:00,385.3,P10,POS,Success,0
1150,52,2025-04-15 00:00:00,353.39,P2,POS,Success,0
1145,52,2025-04-21 00:00:00,396.23,P4,POS,Success,0
1155,52,2025-04-23 00:00:00,235.39,P3,Mobile App,Success,0
1148,52,2025-04-30 00:00:00,388.79,P1,Web,Success,0
1168,53,2025-01-04 00:00:00,4222.84,P9,Web,Success,0
1176,53,2025-01-06 00:00:00,2282.69,P3,Mobile App,Success,0
1174,53,2025-01-10 00:00:00,3341.19,P7,POS,Success,0
1157,53,2025-01-16 00:00:00,2976.52,P7,Phone,Success,0
1163,53,2025-01-18 00:00:00,2864.38,P5,Mobile App,Success,0
1161,53,2025-01-24 00:00:00,2994.88,P9,Mobile App,Success,0
1167,53,2025-02-04 00:00:00,3370.0,P1,Web,Success,0
1159,53,2025-02-06 00:00:00,2338.24,P1,POS,Success,0
1178,53,2025-02-14 00:00:00,2533.14,P1,POS,Success,0
1166,53,2025-02-16 00:00:00,2375.46,P10,Mobile App,Success,0
1189,53,2025-02-20 00:00:00,3342.1,P7,Mobile App,Success,0
1186,53,2025-02-23 00:00:00,2194.11,P1,Web,Success,0
1180,53,2025-03-04 00:00:00,2719.29,P3,POS,Success,0
1188,53,2025-03-10 00:00:00,2603.12,P1,POS,Success,0
1162,53,2025-03-12 00:00:00,4389.7,P5,POS,Success,0
1179,53,2025-03-12 00:00:00,2895.79,P3,Mobile App,Success,0
1173,53,2025-03-18 00:00:00,2867.51,P5,Web,Success,0
1184,53,2025-03-28 00:00:00,3195.03,P4,Mobile App,Success,0
1182,53,2025-03-29 00:00:00,4324.97,P9,Web,Success,0
1164,53,2025-04-02 00:00:00,3094.25,P1,Mobile App,Success,0
1177,53,2025-05-07 00:00:00,1355.43,P8,Mobile App,Success,0
1165,53,2025-05-13 00:00:00,2447.55,P4,POS,Success,0
1187,53,2025-05-15 00:00:00,1017.6,P3,Web,Success,0
1171,53,2025-05-26 00:00:00,2926.29,P2,Web,Success,0
1175,53,2025-05-27 00:00:00,1869.32,P5,Web,Success,0
1158,53,2025-06-01 00:00:00,2338.34,P6,POS,Success,0
1170,53,2025-06-01 00:00:00,2588.25,P2,Mobile App,Success,0
1185,53,2025-06-03 00:00:00,2473.47,P5,Mobile App,Success,0
1156,53,2025-06-04 00:00:00,3583.33,P1,Web,Success,0
1169,53,2025-06-04 00:00:00,3058.25,P9,Web,Success,0
1160,53,2025-06-09 00:00:00,3008.42,P4,Mobile App,Success,0
1181,53,2025-06-09 00:00:00,2429.27,P4,Mobile App,Success,0
1183,53,2025-06-19 00:00:00,2398.54,P5,Web,Success,0
1172,53,2025-06-20 00:00:00,3034.13,P5,Mobile App,Success,0
1219,54,2025-01-08 00:00:00,4129.31,P2,POS,Success,0
1225,54,2025-01-17 00:00:00,1970.77,P2,Mobile App,Success,0
1224,54,2025-01-21 00:00:00,2253.65,P2,Web,Success,0
1211,54,2025-01-29 00:00:00,3015.39,P2,Mobile App,Success,0
1218,54,2025-02-02 00:00:00,2349.07,P4,Web,Success,0
1202,54,2025-02-03 00:00:00,2941.23,P5,Mobile App,Success,0
1214,54,2025-02-06 00:00:00,1827.04,P1,Mobile App,Success,0
1199,54,2025-02-14 00:00:00,2708.26,P2,Mobile App,Success,0
1222,54,2025-02-14 00:00:00,1841.55,P2,Web,Success,0
1210,54,2025-02-17 00:00:00,1831.7,P3,Web,Success,0
1209,54,2025-02-21 00:00:00,2097.83,P4,Web,Success,0
1208,54,2025-02-25 00:00:00,2874.99,P2,Web,Success,0
1191,54,2025-03-08 00:00:00,3662.39,P9,Mobile App,Success,0
1206,54,2025-03-09 00:00:00,1945.27,P3,Mobile App,Success,0
1203,54,2025-03-11 00:00:00,2027.59,P4,Web,Success,0
1220,54,2025-03-12 00:00:00,1864.29,P1,Web,Success,0
1192,54,2025-03-13 00:00:00,3469.63,P9,Mobile App,Success,0
1194,54,2025-03-17 00:00:00,2721.92,P6,Mobile App,Failed,0
1216,54,2025-03-31 00:00:00,2780.71,P3,Mobile App,Success,0
1196,54,2025-04-09 00:00:00,2765.63,P3,Web,Success,0
1201,54,2025-04-19 00:00:00,3054.23,P3,Mobile App,Success,0
1193,54,2025-04-23 00:00:00,2232.48,P4,Mobile App,Failed,0
1213,54,2025-05-01 00:00:00,3116.53,P8,Web,Success,0
1190,54,2025-05-19 00:00:00,3245.97,P4,POS,Success,0
1198,54,2025-05-26 00:00:00,2421.21,P6,Mobile App,Success,0
1212,54,2025-05-28 00:00:00,3264.35,P5,Web,Success,0
1200,54,2025-06-01 00:00:00,2193.68,P7,Mobile App,Success,0
1215,54,2025-06-04 00:00:00,2985.68,P1,Mobile App,Success,0
1217,54,2025-06-04 00:00:00,1466.09,P4,Web,Success,0
1205,54,2025-06-09 00:00:00,2085.63,P4,Web,Success,0
1195,54,2025-06-16 00:00:00,2981.27,P1,POS,Failed,0
1197,54,2025-06-16 00:00:00,2789.17,P10,Phone,Failed,0
1223,54,2025-06-22 00:00:00,3013.68,P7,Mobile App,Success,0
1207,54,2025-06-25 00:00:00,3354.43,P6,Mobile App,Success,0
1204,54,2025-06-26 00:00:00,2171.87,P1,POS,Success,0
1221,54,2025-06-30 00:00:00,3214.09,P4,POS,Success,0
1230,55,2025-01-16 00:00:00,701.26,P4,Mobile App,Success,0
1241,55,2025-01-25 00:00:00,1999.79,P10,Mobile App,Success,0
1227,55,2025-02-07 00:00:00,1272.87,P5,Web,Success,0
1238,55,2025-02-18 00:00:00,852.87,P5,POS,Success,0
1242,55,2025-02-25 00:00:00,1370.47,P4,Mobile App,Success,0
1226,55,2025-03-11 00:00:00,1619.68,P6,Web,Success,0
1229,55,2025-03-22 00:00:00,2502.27,P9,Web,Failed,0
1232,55,2025-03-22 00:00:00,1133.4,P4,Web,Success,0
1237,55,2025-03-22 00:00:00,1923.95,P7,Mobile App,Failed,0
1233,55,2025-03-29 00:00:00,1880.33,P2,POS,Success,0
1240,55,2025-03-29 00:00:00,1525.45,P6,POS,Success,0
1231,55,2025-04-02 00:00:00,1520.44,P4,Mobile App,Success,0
1228,55,2025-05-21 00:00:00,1175.17,P1,Web,Success,0
1234,55,2025-06-21 00:00:00,954.14,P3,Web,Success,0
1235,55,2025-06-22 00:00:00,1722.04,P7,Phone,Success,0
1236,55,2025-06-29 00:00:00,1350.16,P5,Mobile App,Success,0
1239,55,2025-06-30 00:00:00,1351.3,P5,POS,Success,0
1244,56,2025-01-03 00:00:00,540.62,P1,Web,Success,0
1252,56,2025-01-14 00:00:00,805.46,P10,Web,Success,0
1251,56,2025-01-27 00:00:00,841.83,P9,Web,Success,0
1254,56,2025-01-27 00:00:00,568.9,P9,Mobile App,Success,0
1255,56,2025-01-28 00:00:00,612.2,P10,Mobile App,Success,0
1250,56,2025-02-01 00:00:00,597.05,P5,Mobile App,Success,0
1247,56,2025-02-09 00:00:00,959.98,P5,Web,Success,0
1249,56,2025-02-15 00:00:00,695.11,P4,Mobile App,Success,0
1243,56,2025-02-19 00:00:00,474.39,P7,POS,Success,0
1248,56,2025-02-27 00:00:00,481.01,P4,Web,Success,0
1253,56,2025-04-22 00:00:00,468.34,P8,Mobile App,Success,0
1246,56,2025-04-29 00:00:00,564.97,P2,Web,Success,0
1258,56,2025-05-07 00:00:00,741.13,P6,Web,Success,0
1257,56,2025-05-20 00:00:00,732.62,P10,Mobile App,Success,0
1256,56,2025-05-31 00:00:00,701.24,P4,Web,Success,0
1245,56,2025-06-08 00:00:00,712.59,P7,Mobile App,Success,0
1261,57,2025-01-14 00:00:00,4281.7,P3,POS,Success,0
1262,57,2025-01-17 00:00:00,3880.23,P1,Mobile App,Success,0
1290,57,2025-01-22 00:00:00,1676.18,P4,Web,Success,0
1281,57,2025-02-01 00:00:00,3501.62,P3,Mobile App,Failed,0
1280,57,2025-02-06 00:00:00,3376.67,P4,Web,Success,0
1274,57,2025-02-13 00:00:00,3938.22,P4,POS,Success,0
1291,57,2025-02-13 00:00:00,1986.9,P3,Web,Success,0
1266,57,2025-02-15 00:00:00,2843.41,P10,Phone,Success,0
1288,57,2025-02-23 00:00:00,2990.99,P3,Web,Success,0
1265,57,2025-02-24 00:00:00,2820.09,P8,POS,Success,0
1277,57,2025-03-02 00:00:00,2986.93,P8,Mobile App,Success,0
1285,57,2025-04-04 00:00:00,2912.27,P10,Mobile App,Success,0
1283,57,2025-04-08 00:00:00,2535.85,P2,Web,Success,0
1275,57,2025-04-09 00:00:00,4073.3,P1,Mobile App,Success,0
1276,57,2025-04-09 00:00:00,2992.89,P4,Mobile App,Success,0
1282,57,2025-04-13 00:00:00,2844.7,P7,Web,Success,0
1272,57,2025-04-18 00:00:00,3524.04,P9,Mobile App,Success,0
1267,57,2025-04-23 00:00:00,2074.09,P6,Web,Success,0
1278,57,2025-04-29 00:00:00,947.59,P4,Web,Success,0
1259,57,2025-04-30 00:00:00,1856.78,P9,POS,Success,0
1268,57,2025-05-03 00:00:00,3973.19,P9,POS,Success,0
1270,57,2025-05-03 00:00:00,4035.48,P5,Web,Success,0
1284,57,2025-05-09 00:00:00,2357.59,P7,Mobile App,Success,0
1263,57,2025-05-13 00:00:00,4270.44,P3,Mobile App,Failed,0
1269,57,2025-05-14 00:00:00,1835.52,P5,Web,Success,0
1286,57,2025-05-14 00:00:00,2559.03,P1,Web,Success,0
1289,57,2025-06-05 00:00:00,3281.86,P7,Mobile App,Failed,0
1287,57,2025-06-07 00:00:00,3836.29,P6,Web,Success,0
1279,57,2025-06-08 00:00:00,3445.14,P2,Mobile App,Success,0
1271,57,2025-06-20 00:00:00,3373.84,P7,POS,Success,0
1260,57,2025-06-24 00:00:00,3193.84,P2,Mobile App,Success,0
1292,57,2025-06-27 00:00:00,2828.81,P10,POS,Failed,0
1273,57,2025-06-28 00:00:00,3857.83,P2,Web,Failed,0
1264,57,2025-06-29 00:00:00,3438.59,P9,Mobile App,Success,0
1298,58,2025-01-03 00:00:00,542.23,P1,Web,Success,0
1294,58,2025-01-04 00:00:00,858.72,P4,Web,Success,0
1311,58,2025-01-07 00:00:00,918.09,P1,POS,Success,0
1305,58,2025-01-12 00:00:00,554.88,P3,Mobile App,Success,0
1319,58,2025-01-13 00:00:00,500.4,P5,Web,Success,0
1316,58,2025-01-14 00:00:00,91.52,P2,Web,Success,0
1309,58,2025-01-16 00:00:00,643.59,P9,POS,Success,0
1313,58,2025-01-23 00:00:00,831.61,P1,Web,Failed,0
1312,58,2025-01-24 00:00:00,633.65,P8,Mobile App,Success,0
1321,58,2025-01-29 00:00:00,674.11,P5,Mobile App,Success,0
1308,58,2025-02-01 00:00:00,636.36,P3,Mobile App,Success,0
1293,58,2025-02-04 00:00:00,589.91,P10,Web,Success,0
1318,58,2025-02-14 00:00:00,240.47,P6,Mobile App,Success,0
1306,58,2025-02-19 00:00:00,528.16,P8,Web,Failed,0
1303,58,2025-03-09 00:00:00,586.78,P4,POS,Success,0
1314,58,2025-03-10 00:00:00,782.33,P1,Web,Success,0
1304,58,2025-03-14 00:00:00,740.91,P5,Web,Success,0
1310,58,2025-03-15 00:00:00,558.38,P4,Web,Success,0
1307,58,2025-03-17 00:00:00,645.41,P2,POS,Success,0
1297,58,2025-03-20 00:00:00,979.3,P1,POS,Success,0
1300,58,2025-03-24 00:00:00,820.08,P4,Web,Failed,0
1315,58,2025-03-31 00:00:00,629.59,P2,Mobile App,Success,0
1322,58,2025-04-07 00:00:00,554.92,P5,Mobile App,Success,0
1299,58,2025-04-15 00:00:00,538.94,P5,Web,Success,0
1320,58,2025-04-23 00:00:00,672.47,P10,Mobile App,Failed,0
1296,58,2025-04-26 00:00:00,639.12,P4,POS,Success,0
1302,58,2025-05-31 00:00:00,899.32,P8,Web,Success,0
1295,58,2025-06-07 00:00:00,459.21,P4,Mobile App,Success,0
1317,58,2025-06-07 00:00:00,512.29,P8,POS,Success,0
1301,58,2025-06-24 00:00:00,720.17,P1,Mobile App,Success,0
1323,59,2025-01-10 00:00:00,1823.86,P2,Web,Failed,0
1341,59,2025-01-24 00:00:00,2560.55,P8,Mobile App,Success,0
1336,59,2025-02-14 00:00:00,2004.78,P4,Web,Failed,0
1324,59,2025-02-23 00:00:00,1978.34,P8,Phone,Success,0
1348,59,2025-02-27 00:00:00,3267.94,P10,Web,Success,0
1345,59,2025-03-03 00:00:00,3869.58,P1,Web,Success,0
1335,59,2025-03-07 00:00:00,2718.79,P8,Mobile App,Success,0
1339,59,2025-03-10 00:00:00,2915.6,P9,Mobile App,Success,0
1325,59,2025-03-13 00:00:00,2015.02,P8,Mobile App,Success,0
1330,59,2025-03-20 00:00:00,1668.85,P3,POS,Success,0
1349,59,2025-03-21 00:00:00,2748.42,P2,Mobile App,Success,0
1347,59,2025-03-23 00:00:00,3493.99,P4,Web,Success,0
1333,59,2025-03-28 00:00:00,1944.34,P5,Web,Success,0
1328,59,2025-03-30 00:00:00,2591.6,P8,Mobile App,Success,0
1337,59,2025-04-13 00:00:00,2823.54,P10,Web,Failed,0
1340,59,2025-04-14 00:00:00,2620.95,P5,Mobile App,Success,0
1332,59,2025-04-16 00:00:00,2160.2,P6,Web,Success,0
1351,59,2025-04-23 00:00:00,2566.56,P1,POS,Success,0
1334,59,2025-04-25 00:00:00,3584.13,P10,POS,Success,0
1344,59,2025-04-26 00:00:00,2955.08,P6,Mobile App,Success,0
1327,59,2025-05-07 00:00:00,2973.45,P6,POS,Success,0
1329,59,2025-05-08 00:00:00,2429.19,P5,Mobile App,Success,0
1346,59,2025-05-09 00:00:00,1814.8,P1,POS,Success,0
1342,59,2025-05-10 00:00:00,2229.98,P1,Mobile App,Success,0
1338,59,2025-05-20 00:00:00,3011.85,P6,Web,Success,0
1343,59,2025-05-21 00:00:00,2411.41,P6,POS,Success,0
1326,59,2025-05-28 00:00:00,2169.77,P5,Web,Success,0
1350,59,2025-06-07 00:00:00,827.51,P1,POS,Success,0
1331,59,2025-06-28 00:00:00,3307.63,P5,Web,Success,0
1370,60,2025-01-03 00:00:00,2614.74,P4,Mobile App,Success,0
1353,60,2025-01-04 00:00:00,1756.56,P5,Web,Success,0
1375,60,2025-01-15 00:00:00,1476.3,P2,Web,Success,0
1373,60,2025-01-24 00:00:00,2096.79,P9,Mobile App,Success,0
1365,60,2025-01-27 00:00:00,1845.99,P2,Mobile App,Success,0
1355,60,2025-01-29 00:00:00,1267.72,P4,Web,Success,0
1380,60,2025-02-02 00:00:00,1468.1,P6,Web,Success,0
1368,60,2025-02-14 00:00:00,1530.4,P7,Mobile App,Success,0
1376,60,2025-02-17 00:00:00,2322.91,P3,Web,Success,0
1354,60,2025-02-24 00:00:00,2239.19,P10,Web,Success,0
1361,60,2025-03-20 00:00:00,1571.45,P2,Mobile App,Success,0
1378,60,2025-03-24 00:00:00,1759.25,P10,Web,Success,0
1357,60,2025-03-27 00:00:00,2142.97,P4,Mobile App,Success,0
1358,60,2025-03-31 00:00:00,1684.01,P5,Mobile App,Success,0
1366,60,2025-04-02 00:00:00,1900.29,P4,POS,Success,0
1359,60,2025-04-05 00:00:00,1741.02,P6,POS,Success,0
1364,60,2025-04-14 00:00:00,2946.29,P9,POS,Success,0
1374,60,2025-04-14 00:00:00,1678.37,P1,Web,Success,0
1371,60,2025-04-15 00:00:00,2189.58,P3,Mobile App,Success,0
1352,60,2025-04-30 00:00:00,2572.75,P2,Web,Success,0
1377,60,2025-05-02 00:00:00,2603.85,P2,Mobile App,Success,0
1369,60,2025-05-05 00:00:00,1485.88,P7,Web,Success,0
1360,60,2025-05-06 00:00:00,1981.88,P6,Mobile App,Success,0
1356,60,2025-05-16 00:00:00,1691.8,P4,Mobile App,Success,0
1372,60,2025-06-09 00:00:00,1653.26,P1,Mobile App,Failed,0
1367,60,2025-06-15 00:00:00,1933.48,P10,Mobile App,Success,0
1379,60,2025-06-26 00:00:00,1913.95,P7,Web,Success,0
1363,60,2025-06-27 00:00:00,1904.39,P8,Web,Success,0
1362,60,2025-06-30 00:00:00,2146.41,P1,Web,Success,0
1401,61,2025-01-20 00:00:00,1716.29,P10,POS,Success,0
1395,61,2025-01-22 00:00:00,2430.0,P5,Mobile App,Success,0
1393,61,2025-01-28 00:00:00,1972.55,P5,Web,Success,0
1396,61,2025-01-28 00:00:00,1949.96,P1,Mobile App,Success,0
1410,61,2025-02-04 00:00:00,1833.18,P2,Mobile App,Success,0
1407,61,2025-02-06 00:00:00,1656.43,P2,Web,Success,0
1382,61,2025-03-04 00:00:00,2275.51,P9,Web,Success,0
1381,61,2025-03-08 00:00:00,1458.25,P6,Web,Success,0
1388,61,2025-03-09 00:00:00,1847.33,P7,Phone,Success,0
1403,61,2025-03-22 00:00:00,2529.5,P6,Web,Success,0
1392,61,2025-03-23 00:00:00,1551.27,P10,POS,Success,0
1404,61,2025-03-23 00:00:00,1802.15,P10,POS,Success,0
1394,61,2025-03-26 00:00:00,2792.31,P8,Mobile App,Success,0
1402,61,2025-03-26 00:00:00,1639.68,P9,Mobile App,Success,0
1399,61,2025-04-02 00:00:00,1407.74,P5,POS,Success,0
1383,61,2025-04-07 00:00:00,1514.48,P3,Web,Failed,0
1387,61,2025-04-12 00:00:00,1927.48,P5,Mobile App,Success,0
1411,61,2025-04-12 00:00:00,1382.29,P1,Mobile App,Success,0
1389,61,2025-05-03 00:00:00,1124.83,P7,POS,Success,0
1406,61,2025-05-07 00:00:00,1148.75,P4,POS,Success,0
1385,61,2025-05-09 00:00:00,1324.08,P6,Phone,Success,0
1400,61,2025-05-09 00:00:00,1837.0,P9,Web,Success,0
1386,61,2025-05-11 00:00:00,2292.85,P2,Mobile App,Success,0
1391,61,2025-05-13 00:00:00,2245.19,P10,Mobile App,Success,0
1409,61,2025-05-24 00:00:00,1570.48,P6,Web,Success,0
1397,61,2025-05-26 00:00:00,2210.64,P10,Web,Success,0
1405,61,2025-05-30 00:00:00,2148.18,P8,Mobile App,Success,0
1408,61,2025-05-31 00:00:00,1537.67,P2,Mobile App,Success,0
1398,61,2025-06-03 00:00:00,1542.87,P7,Phone,Success,0
1390,61,2025-06-06 00:00:00,1846.38,P4,POS,Success,0
1384,61,2025-06-30 00:00:00,1706.0,P9,Mobile App,Success,0
1416,62,2025-02-05 00:00:00,3344.59,P10,Phone,Success,0
1413,62,2025-03-17 00:00:00,1541.62,P1,Mobile App,Success,0
1414,62,2025-04-13 00:00:00,4021.92,P8,Web,Failed,0
1415,62,2025-04-14 00:00:00,3482.92,P4,Phone,Success,0
1412,62,2025-04-20 00:00:00,3325.53,P1,Web,Success,0
1428,63,2025-01-02 00:00:00,1565.03,P8,Web,Success,0
1424,63,2025-01-08 00:00:00,1133.69,P2,Mobile App,Success,0
1425,63,2025-01-21 00:00:00,1432.21,P7,POS,Success,0
1445,63,2025-01-25 00:00:00,1394.65,P5,Mobile App,Success,0
1435,63,2025-02-04 00:00:00,1211.2,P1,POS,Success,0
1421,63,2025-02-14 00:00:00,1406.18,P2,POS,Success,0
1442,63,2025-02-25 00:00:00,767.88,P10,Web,Success,0
1436,63,2025-03-12 00:00:00,1687.23,P1,Mobile App,Success,0
1433,63,2025-03-14 00:00:00,1063.07,P2,Web,Success,0
1439,63,2025-03-14 00:00:00,2007.12,P5,Mobile App,Success,0
1441,63,2025-03-25 00:00:00,1936.96,P1,Phone,Success,0
1444,63,2025-03-26 00:00:00,1674.63,P10,Mobile App,Success,0
1443,63,2025-04-01 00:00:00,758.27,P2,POS,Success,0
1426,63,2025-04-03 00:00:00,1726.52,P9,Mobile App,Success,0
1429,63,2025-04-09 00:00:00,597.42,P6,Mobile App,Success,0
1437,63,2025-04-10 00:00:00,1187.51,P6,Phone,Success,0
1430,63,2025-04-12 00:00:00,1122.05,P1,POS,Success,0
1427,63,2025-04-14 00:00:00,1171.89,P6,Web,Success,0
1434,63,2025-05-04 00:00:00,1314.33,P6,POS,Success,0
1440,63,2025-05-05 00:00:00,1056.85,P6,Web,Success,0
1438,63,2025-05-06 00:00:00,1187.57,P9,POS,Success,0
1418,63,2025-05-12 00:00:00,788.7,P6,Web,Success,0
1419,63,2025-05-17 00:00:00,1309.98,P7,Mobile App,Success,0
1420,63,2025-06-05 00:00:00,1436.23,P7,Mobile App,Success,0
1422,63,2025-06-05 00:00:00,1001.32,P3,Mobile App,Success,0
1423,63,2025-06-05 00:00:00,1434.65,P3,Mobile App,Success,0
1417,63,2025-06-09 00:00:00,1203.78,P10,POS,Success,0
1432,63,2025-06-14 00:00:00,1956.4,P6,Web,Success,0
1431,63,2025-06-30 00:00:00,1736.26,P8,Web,Success,0
1476,64,2025-01-02 00:00:00,1851.7,P4,POS,Success,0
1454,64,2025-01-03 00:00:00,1414.76,P2,Web,Success,0
1462,64,2025-01-03 00:00:00,2285.33,P1,POS,Success,0
1449,64,2025-01-10 00:00:00,1933.17,P4,Mobile App,Success,0
1459,64,2025-01-21 00:00:00,2182.2,P4,Phone,Success,0
1458,64,2025-02-01 00:00:00,2455.38,P6,Mobile App,Success,0
1473,64,2025-02-01 00:00:00,2176.58,P5,POS,Success,0
1464,64,2025-02-13 00:00:00,2664.57,P1,Web,Success,0
1467,64,2025-02-13 00:00:00,2165.3,P1,POS,Success,0
1470,64,2025-02-16 00:00:00,1514.53,P8,Mobile App,Success,0
1463,64,2025-02-21 00:00:00,1750.43,P8,Mobile App,Success,0
1446,64,2025-02-25 00:00:00,1731.85,P4,Web,Success,0
1460,64,2025-02-25 00:00:00,2037.12,P9,Phone,Success,0
1452,64,2025-02-27 00:00:00,2755.01,P7,Mobile App,Success,0
1453,64,2025-03-13 00:00:00,1727.41,P8,POS,Success,0
1456,64,2025-03-26 00:00:00,2329.7,P9,Web,Success,0
1477,64,2025-03-27 00:00:00,1885.45,P1,POS,Success,0
1455,64,2025-04-03 00:00:00,1715.54,P7,POS,Failed,0
1478,64,2025-04-06 00:00:00,1603.17,P4,Web,Success,0
1465,64,2025-04-21 00:00:00,2494.13,P8,Mobile App,Success,0
1474,64,2025-04-28 00:00:00,1876.95,P1,Mobile App,Success,0
1479,64,2025-05-07 00:00:00,1374.29,P8,Web,Success,0
1450,64,2025-05-23 00:00:00,2013.9,P1,Web,Success,0
1480,64,2025-05-24 00:00:00,2802.96,P7,Web,Success,0
1447,64,2025-05-30 00:00:00,2875.78,P3,Mobile App,Success,0
1448,64,2025-05-31 00:00:00,2159.42,P6,POS,Success,0
1472,64,2025-05-31 00:00:00,1725.49,P4,POS,Success,0
1461,64,2025-06-04 00:00:00,1477.7,P2,Mobile App,Success,0
1466,64,2025-06-04 00:00:00,2301.22,P1,Web,Success,0
1451,64,2025-06-07 00:00:00,1869.51,P5,Mobile App,Success,0
1471,64,2025-06-10 00:00:00,1430.47,P9,POS,Success,0
1475,64,2025-06-17 00:00:00,2251.88,P9,Mobile App,Success,0
1457,64,2025-06-18 00:00:00,2199.15,P1,Mobile App,Success,0
1469,64,2025-06-23 00:00:00,1967.2,P3,Mobile App,Success,0
1468,64,2025-06-29 00:00:00,1475.17,P2,POS,Success,0
1518,65,2025-01-02 00:00:00,2253.39,P4,Mobile App,Success,0
1500,65,2025-01-03 00:00:00,3408.27,P6,Web,Success,0
1488,65,2025-01-05 00:00:00,3355.6,P2,Web,Success,0
1509,65,2025-01-11 00:00:00,2914.73,P9,Mobile App,Success,0
1499,65,2025-01-17 00:00:00,3059.21,P1,Phone,Success,0
1490,65,2025-01-22 00:00:00,3373.35,P8,Mobile App,Success,0
1492,65,2025-01-29 00:00:00,2266.4,P3,Mobile App,Success,0
1506,65,2025-01-29 00:00:00,3143.84,P4,Mobile App,Success,0
1511,65,2025-01-29 00:00:00,2301.38,P8,Mobile App,Success,0
1489,65,2025-02-14 00:00:00,2921.96,P6,Web,Success,0
1486,65,2025-02-15 00:00:00,3351.55,P7,POS,Success,0
1519,65,2025-02-19 00:00:00,2828.58,P5,Web,Success,0
1508,65,2025-02-21 00:00:00,3151.13,P9,Mobile App,Success,0
1514,65,2025-02-25 00:00:00,2707.57,P4,Mobile App,Failed,0
1512,65,2025-02-26 00:00:00,3114.23,P10,Mobile App,Success,0
1481,65,2025-02-28 00:00:00,2813.44,P10,Web,Success,0
1515,65,2025-03-03 00:00:00,2550.8,P5,Web,Success,0
1491,65,2025-03-06 00:00:00,4306.53,P10,Mobile App,Success,0
1513,65,2025-03-11 00:00:00,3536.88,P3,Web,Success,0
1505,65,2025-03-18 00:00:00,2634.32,P7,Web,Success,0
1485,65,2025-03-22 00:00:00,2392.03,P8,Web,Success,0
1516,65,2025-03-24 00:00:00,3004.97,P10,Mobile App,Success,0
1517,65,2025-03-27 00:00:00,2299.93,P1,POS,Success,0
1482,65,2025-04-02 00:00:00,1702.56,P8,Web,Success,0
1496,65,2025-04-02 00:00:00,2250.71,P4,POS,Success,0
1495,65,2025-04-09 00:00:00,2726.98,P4,Mobile App,Success,0
1498,65,2025-04-10 00:00:00,2367.97,P1,Web,Success,0
1484,65,2025-04-21 00:00:00,3118.15,P5,Phone,Success,0
1483,65,2025-04-22 00:00:00,2344.88,P4,Mobile App,Success,0
1503,65,2025-04-28 00:00:00,2821.9,P9,POS,Success,0
1501,65,2025-05-04 00:00:00,3032.58,P8,Web,Success,0
1493,65,2025-05-23 00:00:00,2194.55,P3,Web,Success,0
1497,65,2025-05-24 00:00:00,3136.62,P3,Mobile App,Success,0
1502,65,2025-05-26 00:00:00,2244.25,P9,Mobile App,Success,0
1487,65,2025-05-30 00:00:00,2286.09,P2,Mobile App,Success,0
1510,65,2025-06-12 00:00:00,3056.58,P1,Mobile App,Success,0
1507,65,2025-06-19 00:00:00,2813.97,P6,Mobile App,Success,0
4750,65,2025-06-23 00:00:00,15549.51,P3,Web,Success,1
4751,65,2025-06-23 00:05:00,24666.38,P2,Web,Success,1
4752,65,2025-06-23 00:10:00,19589.66,P3,Web,Success,1
4753,65,2025-06-23 00:15:00,22333.6,P3,Web,Success,1
1504,65,2025-06-26 00:00:00,3778.46,P3,Mobile App,Success,0
1494,65,2025-06-28 00:00:00,2738.22,P8,Web,Success,0
1531,66,2025-01-04 00:00:00,666.19,P2,Mobile App,Failed,0
1526,66,2025-01-13 00:00:00,1104.38,P2,Mobile App,Success,0
1547,66,2025-01-26 00:00:00,908.67,P10,Phone,Success,0
1522,66,2025-01-28 00:00:00,1133.53,P10,POS,Success,0
1535,66,2025-01-29 00:00:00,1055.65,P4,POS,Success,0
1540,66,2025-01-29 00:00:00,1299.13,P5,Web,Success,0
1546,66,2025-02-05 00:00:00,1127.38,P5,Mobile App,Success,0
1532,66,2025-02-06 00:00:00,1192.49,P7,Web,Success,0
1549,66,2025-02-18 00:00:00,1222.76,P7,Mobile App,Success,0
1530,66,2025-03-01 00:00:00,1301.64,P10,Web,Success,0
1523,66,2025-03-03 00:00:00,1538.12,P1,POS,Success,0
1551,66,2025-03-12 00:00:00,839.48,P8,Web,Success,0
1527,66,2025-03-16 00:00:00,827.12,P3,Phone,Success,0
1539,66,2025-03-25 00:00:00,1260.1,P3,Web,Success,0
1534,66,2025-03-27 00:00:00,1255.36,P7,Web,Success,0
1521,66,2025-03-29 00:00:00,946.63,P1,Web,Success,0
1542,66,2025-03-30 00:00:00,1364.01,P6,Web,Success,0
1537,66,2025-04-04 00:00:00,1395.98,P2,Web,Success,0
1544,66,2025-04-04 00:00:00,735.98,P10,Mobile App,Success,0
1550,66,2025-04-29 00:00:00,1387.82,P1,Mobile App,Success,0
1529,66,2025-05-01 00:00:00,1235.85,P4,Mobile App,Success,0
1548,66,2025-05-04 00:00:00,1087.07,P7,Mobile App,Success,0
1528,66,2025-05-09 00:00:00,919.9,P7,Mobile App,Success,0
1533,66,2025-05-09 00:00:00,1060.89,P4,Web,Success,0
1524,66,2025-05-21 00:00:00,1536.38,P8,Mobile App,Success,0
1543,66,2025-05-26 00:00:00,874.28,P3,Mobile App,Success,0
1541,66,2025-06-04 00:00:00,807.58,P6,Mobile App,Failed,0
1552,66,2025-06-04 00:00:00,527.74,P3,Web,Success,0
1545,66,2025-06-09 00:00:00,712.66,P7,POS,Success,0
1536,66,2025-06-10 00:00:00,434.49,P3,Mobile App,Failed,0
1538,66,2025-06-11 00:00:00,729.91,P8,Web,Success,0
1520,66,2025-06-14 00:00:00,991.4,P8,POS,Failed,0
1525,66,2025-06-15 00:00:00,1166.68,P9,Mobile App,Success,0
4763,66,2025-06-27 00:00:00,8973.2,P8,Web,Success,1
4764,66,2025-06-27 00:05:00,6411.2,P8,Web,Success,1
4765,66,2025-06-27 00:10:00,9199.65,P8,Web,Success,1
1555,67,2025-01-13 00:00:00,3187.65,P5,Web,Success,0
1560,67,2025-02-20 00:00:00,4472.85,P8,Mobile App,Success,0
1561,67,2025-02-26 00:00:00,1904.75,P1,Web,Success,0
1554,67,2025-03-01 00:00:00,2266.41,P7,Mobile App,Success,0
1562,67,2025-03-04 00:00:00,2628.66,P6,Web,Success,0
1557,67,2025-03-17 00:00:00,4460.38,P4,Web,Success,0
1556,67,2025-04-03 00:00:00,3869.56,P9,Phone,Success,0
1553,67,2025-04-05 00:00:00,2803.65,P6,Web,Success,0
1558,67,2025-04-12 00:00:00,3545.61,P1,Web,Success,0
1559,67,2025-04-22 00:00:00,2420.75,P10,Mobile App,Success,0
1566,68,2025-01-02 00:00:00,661.79,P4,Mobile App,Success,0
1570,68,2025-01-06 00:00:00,660.74,P4,Web,Failed,0
1596,68,2025-01-17 00:00:00,1098.5,P10,Web,Success,0
1579,68,2025-01-18 00:00:00,1043.65,P4,Web,Success,0
1575,68,2025-01-28 00:00:00,865.73,P1,POS,Success,0
1576,68,2025-01-29 00:00:00,920.6,P4,POS,Success,0
1585,68,2025-02-02 00:00:00,1234.45,P5,Mobile App,Success,0
1580,68,2025-02-10 00:00:00,851.03,P6,Mobile App,Success,0
1564,68,2025-02-12 00:00:00,1090.96,P7,Mobile App,Success,0
1594,68,2025-02-15 00:00:00,896.08,P5,Mobile App,Failed,0
1565,68,2025-02-16 00:00:00,937.4,P6,Mobile App,Success,0
1597,68,2025-02-20 00:00:00,744.82,P5,Web,Success,0
1592,68,2025-02-22 00:00:00,947.39,P3,Web,Success,0
1591,68,2025-02-24 00:00:00,1124.35,P5,Web,Success,0
1598,68,2025-04-03 00:00:00,998.63,P9,Mobile App,Success,0
1589,68,2025-04-08 00:00:00,1035.02,P9,Mobile App,Success,0
1577,68,2025-04-10 00:00:00,1130.11,P7,Phone,Success,0
1582,68,2025-04-10 00:00:00,1225.1,P9,Mobile App,Success,0
1583,68,2025-04-11 00:00:00,757.8,P2,POS,Success,0
1573,68,2025-04-12 00:00:00,536.44,P1,Mobile App,Success,0
1574,68,2025-04-12 00:00:00,965.03,P8,Mobile App,Success,0
1590,68,2025-04-16 00:00:00,1264.66,P9,Phone,Failed,0
1572,68,2025-04-26 00:00:00,916.6,P10,POS,Success,0
1563,68,2025-04-27 00:00:00,612.55,P8,Mobile App,Success,0
1578,68,2025-05-04 00:00:00,1088.94,P10,Mobile App,Success,0
1595,68,2025-05-05 00:00:00,307.15,P10,Mobile App,Success,0
1567,68,2025-05-11 00:00:00,1039.73,P4,Mobile App,Success,0
1568,68,2025-05-24 00:00:00,914.81,P9,Mobile App,Success,0
1581,68,2025-05-24 00:00:00,639.87,P5,Mobile App,Success,0
1571,68,2025-05-27 00:00:00,1120.4,P2,Web,Success,0
1593,68,2025-06-01 00:00:00,935.26,P7,Web,Success,0
1587,68,2025-06-03 00:00:00,945.96,P7,POS,Success,0
1586,68,2025-06-04 00:00:00,1170.64,P5,Web,Success,0
1584,68,2025-06-16 00:00:00,1053.13,P6,Web,Success,0
1569,68,2025-06-18 00:00:00,539.26,P3,POS,Success,0
1588,68,2025-06-20 00:00:00,1224.8,P5,Mobile App,Success,0
1601,69,2025-01-15 00:00:00,3798.42,P8,Mobile App,Success,0
1606,69,2025-01-22 00:00:00,4826.37,P2,Web,Success,0
1605,69,2025-01-24 00:00:00,1942.73,P6,Mobile App,Success,0
1603,69,2025-02-09 00:00:00,3591.2,P4,Mobile App,Success,0
1600,69,2025-02-10 00:00:00,3292.09,P3,Mobile App,Success,0
1602,69,2025-02-10 00:00:00,3579.41,P5,Mobile App,Success,0
1599,69,2025-02-19 00:00:00,1944.05,P1,POS,Success,0
1610,69,2025-02-19 00:00:00,3214.22,P3,POS,Success,0
1607,69,2025-03-02 00:00:00,3541.87,P9,Mobile App,Success,0
1604,69,2025-03-03 00:00:00,3183.49,P1,POS,Success,0
1609,69,2025-03-12 00:00:00,3236.18,P10,Web,Success,0
1608,69,2025-04-16 00:00:00,1424.82,P8,Mobile App,Success,0
1643,70,2025-01-09 00:00:00,2619.06,P10,Web,Success,0
1641,70,2025-01-19 00:00:00,3465.16,P2,POS,Success,0
1628,70,2025-01-20 00:00:00,2082.17,P5,Web,Success,0
1621,70,2025-01-25 00:00:00,2928.57,P3,Web,Success,0
1611,70,2025-01-30 00:00:00,2964.23,P9,Mobile App,Success,0
1635,70,2025-02-03 00:00:00,2766.46,P6,Web,Success,0
1642,70,2025-02-03 00:00:00,3200.39,P9,Web,Success,0
1639,70,2025-02-04 00:00:00,3030.37,P5,Web,Success,0
1626,70,2025-02-08 00:00:00,3216.62,P5,Web,Success,0
1632,70,2025-02-08 00:00:00,3405.74,P6,Mobile App,Success,0
1640,70,2025-02-14 00:00:00,1604.08,P10,Phone,Success,0
1644,70,2025-02-17 00:00:00,2806.7,P8,Mobile App,Success,0
1631,70,2025-02-26 00:00:00,1946.87,P1,Phone,Success,0
1638,70,2025-03-16 00:00:00,4042.08,P7,Mobile App,Success,0
1624,70,2025-03-24 00:00:00,3540.54,P9,Web,Success,0
1629,70,2025-03-25 00:00:00,4452.84,P6,Mobile App,Success,0
1636,70,2025-04-02 00:00:00,2521.26,P9,Web,Success,0
1618,70,2025-04-06 00:00:00,2809.34,P3,Mobile App,Success,0
1627,70,2025-04-10 00:00:00,2047.93,P3,Web,Success,0
1630,70,2025-04-19 00:00:00,2576.1,P3,Mobile App,Success,0
1637,70,2025-04-20 00:00:00,3723.02,P1,POS,Success,0
1617,70,2025-04-24 00:00:00,2175.37,P2,Web,Success,0
1620,70,2025-04-28 00:00:00,1982.02,P1,POS,Success,0
1613,70,2025-04-29 00:00:00,1772.68,P10,Mobile App,Success,0
1625,70,2025-05-05 00:00:00,3089.79,P5,Mobile App,Success,0
1615,70,2025-05-25 00:00:00,3670.9,P5,Mobile App,Success,0
1616,70,2025-06-02 00:00:00,3282.39,P10,Mobile App,Success,0
1634,70,2025-06-03 00:00:00,2637.43,P3,Mobile App,Success,0
1614,70,2025-06-05 00:00:00,3021.19,P9,Web,Success,0
1645,70,2025-06-10 00:00:00,1788.03,P3,Mobile App,Success,0
1612,70,2025-06-11 00:00:00,3137.37,P6,Web,Success,0
1622,70,2025-06-17 00:00:00,2144.27,P3,Web,Success,0
1623,70,2025-06-23 00:00:00,2543.4,P2,Mobile App,Success,0
1619,70,2025-06-24 00:00:00,2606.31,P9,Mobile App,Success,0
1633,70,2025-06-24 00:00:00,2837.25,P3,Mobile App,Success,0
1662,71,2025-01-02 00:00:00,3146.15,P1,Web,Success,0
1657,71,2025-01-07 00:00:00,2787.0,P1,Mobile App,Success,0
1666,71,2025-01-09 00:00:00,3204.94,P3,Web,Success,0
1669,71,2025-01-10 00:00:00,3283.25,P6,Mobile App,Success,0
1668,71,2025-01-18 00:00:00,1389.93,P3,Web,Success,0
1658,71,2025-02-07 00:00:00,1837.22,P2,Mobile App,Success,0
1659,71,2025-02-16 00:00:00,3676.44,P8,Web,Success,0
1655,71,2025-02-22 00:00:00,3226.25,P2,Web,Success,0
1656,71,2025-02-28 00:00:00,2418.62,P5,Mobile App,Success,0
1661,71,2025-03-06 00:00:00,1938.33,P8,Mobile App,Success,0
1677,71,2025-03-15 00:00:00,2149.15,P1,Phone,Success,0
1647,71,2025-03-17 00:00:00,3186.53,P4,Mobile App,Success,0
1652,71,2025-03-28 00:00:00,2748.82,P3,Mobile App,Success,0
1667,71,2025-03-31 00:00:00,2588.18,P4,POS,Success,0
1675,71,2025-03-31 00:00:00,3870.21,P2,Mobile App,Success,0
1676,71,2025-04-01 00:00:00,2494.91,P8,Mobile App,Success,0
1670,71,2025-04-03 00:00:00,4502.69,P8,Mobile App,Success,0
1660,71,2025-04-12 00:00:00,3207.37,P2,Web,Success,0
1649,71,2025-04-21 00:00:00,3676.39,P6,Web,Success,0
1671,71,2025-04-24 00:00:00,2724.43,P7,Mobile App,Success,0
1665,71,2025-04-25 00:00:00,2528.53,P9,Web,Success,0
1650,71,2025-04-26 00:00:00,2070.73,P6,POS,Success,0
1678,71,2025-04-28 00:00:00,3132.33,P10,Phone,Success,0
1653,71,2025-05-01 00:00:00,3338.16,P6,Web,Failed,0
1651,71,2025-05-06 00:00:00,2712.0,P10,Web,Success,0
1672,71,2025-05-11 00:00:00,3649.16,P6,Web,Success,0
1674,71,2025-05-12 00:00:00,3817.23,P4,Phone,Success,0
1680,71,2025-05-14 00:00:00,2848.11,P6,Web,Success,0
1663,71,2025-05-25 00:00:00,1588.18,P9,Web,Success,0
1681,71,2025-05-28 00:00:00,2981.99,P3,Web,Success,0
1664,71,2025-06-06 00:00:00,2374.66,P4,Web,Success,0
1646,71,2025-06-07 00:00:00,3178.81,P6,Web,Success,0
1679,71,2025-06-10 00:00:00,2873.12,P9,POS,Success,0
1673,71,2025-06-13 00:00:00,1911.35,P1,Mobile App,Success,0
1654,71,2025-06-15 00:00:00,2440.33,P2,Web,Success,0
1648,71,2025-06-16 00:00:00,3367.6,P5,Web,Success,0
1693,72,2025-01-17 00:00:00,682.82,P1,POS,Success,0
1685,72,2025-02-03 00:00:00,743.65,P6,Mobile App,Success,0
1700,72,2025-02-06 00:00:00,567.07,P2,Web,Success,0
1696,72,2025-02-24 00:00:00,702.44,P8,Web,Success,0
1701,72,2025-02-27 00:00:00,437.39,P6,Web,Success,0
1687,72,2025-02-28 00:00:00,552.63,P6,Mobile App,Success,0
1698,72,2025-03-05 00:00:00,635.73,P3,POS,Success,0
1703,72,2025-03-10 00:00:00,620.31,P1,Web,Success,0
1692,72,2025-03-13 00:00:00,442.05,P9,Web,Success,0
1695,72,2025-03-30 00:00:00,463.02,P10,Mobile App,Success,0
1688,72,2025-04-05 00:00:00,530.07,P4,Web,Success,0
1684,72,2025-04-09 00:00:00,642.01,P4,Web,Success,0
1699,72,2025-04-09 00:00:00,582.35,P9,Mobile App,Success,0
1682,72,2025-04-17 00:00:00,597.21,P7,POS,Success,0
1691,72,2025-04-26 00:00:00,579.65,P6,Mobile App,Success,0
1697,72,2025-05-02 00:00:00,736.21,P8,Web,Success,0
1702,72,2025-05-25 00:00:00,570.6,P1,Mobile App,Success,0
1689,72,2025-05-26 00:00:00,439.09,P5,Mobile App,Success,0
1686,72,2025-05-28 00:00:00,528.2,P1,Web,Success,0
1690,72,2025-06-01 00:00:00,684.18,P5,Web,Success,0
1694,72,2025-06-06 00:00:00,624.37,P4,Web,Success,0
1683,72,2025-06-23 00:00:00,661.36,P5,Web,Success,0
1716,73,2025-01-31 00:00:00,3192.99,P5,Mobile App,Success,0
1718,73,2025-02-06 00:00:00,3094.56,P2,Mobile App,Success,0
1713,73,2025-02-12 00:00:00,2681.86,P9,Phone,Success,0
1723,73,2025-02-21 00:00:00,3605.44,P8,Mobile App,Success,0
1726,73,2025-02-21 00:00:00,3342.65,P9,Mobile App,Success,0
1707,73,2025-02-24 00:00:00,3152.61,P9,Web,Success,0
1708,73,2025-03-06 00:00:00,2023.79,P10,POS,Failed,0
1712,73,2025-03-07 00:00:00,2665.38,P3,Mobile App,Success,0
1720,73,2025-03-12 00:00:00,3756.79,P6,Mobile App,Success,0
1710,73,2025-03-14 00:00:00,3959.63,P9,POS,Success,0
1724,73,2025-03-21 00:00:00,2425.47,P3,POS,Success,0
1705,73,2025-04-10 00:00:00,2485.61,P10,Phone,Success,0
1727,73,2025-04-25 00:00:00,3439.48,P4,Web,Success,0
1719,73,2025-04-26 00:00:00,2780.72,P9,Mobile App,Failed,0
1722,73,2025-04-27 00:00:00,3204.64,P5,POS,Success,0
1711,73,2025-04-28 00:00:00,1258.71,P10,Web,Success,0
1704,73,2025-05-19 00:00:00,2003.74,P6,Mobile App,Success,0
1709,73,2025-06-06 00:00:00,2022.37,P3,Phone,Success,0
1721,73,2025-06-09 00:00:00,2409.98,P1,Mobile App,Success,0
1706,73,2025-06-11 00:00:00,3423.83,P4,Web,Success,0
1714,73,2025-06-11 00:00:00,1974.34,P2,Web,Success,0
1717,73,2025-06-21 00:00:00,1989.84,P7,Mobile App,Success,0
1725,73,2025-06-21 00:00:00,1836.05,P3,Mobile App,Success,0
1715,73,2025-06-29 00:00:00,3625.26,P5,Web,Success,0
1728,73,2025-06-29 00:00:00,2287.38,P9,POS,Success,0
1729,74,2025-01-22 00:00:00,3509.61,P7,Web,Success,0
1732,74,2025-01-24 00:00:00,854.2,P4,Web,Failed,0
1736,74,2025-02-24 00:00:00,1431.07,P7,Mobile App,Success,0
1737,74,2025-03-15 00:00:00,2587.44,P1,Mobile App,Success,0
1734,74,2025-03-20 00:00:00,4573.46,P1,Mobile App,Success,0
1735,74,2025-03-22 00:00:00,2165.74,P8,POS,Success,0
1731,74,2025-03-26 00:00:00,3225.23,P2,Web,Success,0
1733,74,2025-04-07 00:00:00,3746.57,P1,POS,Success,0
1730,74,2025-04-22 00:00:00,1459.35,P7,Mobile App,Success,0
1742,75,2025-01-04 00:00:00,3689.13,P10,Web,Success,0
1751,75,2025-01-04 00:00:00,1943.87,P3,Mobile App,Failed,0
1763,75,2025-01-04 00:00:00,3412.54,P4,Mobile App,Success,0
1759,75,2025-01-19 00:00:00,3159.3,P4,Web,Success,0
1770,75,2025-01-26 00:00:00,3232.57,P5,Mobile App,Success,0
1740,75,2025-02-01 00:00:00,4518.75,P5,Mobile App,Success,0
1755,75,2025-02-01 00:00:00,3351.9,P5,Web,Success,0
1764,75,2025-02-14 00:00:00,2953.88,P4,Web,Success,0
1773,75,2025-02-14 00:00:00,2668.74,P5,POS,Success,0
1746,75,2025-02-26 00:00:00,1861.02,P2,Web,Success,0
1752,75,2025-03-03 00:00:00,4256.61,P10,Web,Success,0
1769,75,2025-03-19 00:00:00,2388.07,P9,Mobile App,Success,0
1774,75,2025-03-21 00:00:00,2773.53,P6,Web,Success,0
1753,75,2025-03-23 00:00:00,3629.65,P8,Web,Success,0
1757,75,2025-03-30 00:00:00,2902.48,P9,Web,Success,0
1762,75,2025-04-01 00:00:00,2029.31,P6,Web,Success,0
1771,75,2025-04-03 00:00:00,3977.4,P8,Web,Success,0
1767,75,2025-04-08 00:00:00,2041.84,P3,Mobile App,Success,0
1756,75,2025-04-09 00:00:00,3379.01,P1,Mobile App,Success,0
1739,75,2025-04-21 00:00:00,3469.04,P4,POS,Success,0
1748,75,2025-04-22 00:00:00,1431.07,P3,Web,Success,0
1741,75,2025-05-01 00:00:00,2124.45,P1,Mobile App,Success,0
1754,75,2025-05-06 00:00:00,2191.81,P4,Web,Success,0
1768,75,2025-05-07 00:00:00,2848.6,P9,Web,Success,0
1765,75,2025-05-08 00:00:00,2051.08,P7,Mobile App,Success,0
1750,75,2025-05-10 00:00:00,2415.51,P2,POS,Success,0
1747,75,2025-05-12 00:00:00,2779.22,P3,Mobile App,Success,0
1743,75,2025-05-20 00:00:00,3413.24,P3,Web,Success,0
1772,75,2025-05-20 00:00:00,2627.7,P9,Mobile App,Success,0
1745,75,2025-06-04 00:00:00,2141.58,P4,Web,Success,0
1760,75,2025-06-06 00:00:00,2658.16,P5,Mobile App,Success,0
1766,75,2025-06-08 00:00:00,3820.38,P8,Web,Success,0
1758,75,2025-06-10 00:00:00,2668.54,P4,Mobile App,Success,0
1749,75,2025-06-11 00:00:00,3169.81,P1,Web,Success,0
1761,75,2025-06-19 00:00:00,2794.61,P9,POS,Success,0
1744,75,2025-06-20 00:00:00,3975.91,P9,POS,Success,0
1775,75,2025-06-22 00:00:00,2237.66,P5,Phone,Failed,0
1738,75,2025-06-23 00:00:00,3651.0,P4,Mobile App,Success,0
1785,76,2025-01-02 00:00:00,3245.06,P5,POS,Success,0
1783,76,2025-01-04 00:00:00,1795.08,P4,POS,Success,0
1780,76,2025-01-07 00:00:00,2985.86,P1,Phone,Success,0
1805,76,2025-02-04 00:00:00,3551.48,P2,Mobile App,Success,0
1801,76,2025-02-10 00:00:00,1795.18,P2,Web,Success,0
1794,76,2025-02-15 00:00:00,2430.74,P8,POS,Success,0
1800,76,2025-02-18 00:00:00,3200.97,P5,Web,Success,0
1787,76,2025-02-25 00:00:00,2482.54,P7,Phone,Success,0
1804,76,2025-03-02 00:00:00,2628.21,P4,POS,Success,0
1793,76,2025-03-04 00:00:00,2771.98,P5,Web,Success,0
1777,76,2025-03-14 00:00:00,2084.65,P9,Mobile App,Success,0
1776,76,2025-03-18 00:00:00,2053.33,P6,POS,Success,0
1781,76,2025-03-23 00:00:00,2360.3,P4,POS,Failed,0
1791,76,2025-03-23 00:00:00,2375.74,P4,Web,Success,0
1779,76,2025-03-29 00:00:00,2918.43,P4,Web,Success,0
1792,76,2025-04-06 00:00:00,2512.52,P3,POS,Success,0
1789,76,2025-04-07 00:00:00,1805.76,P9,Web,Success,0
1778,76,2025-04-18 00:00:00,1342.8,P8,Mobile App,Success,0
1782,76,2025-04-21 00:00:00,3104.74,P3,Mobile App,Success,0
1788,76,2025-04-26 00:00:00,2308.31,P9,Mobile App,Success,0
1784,76,2025-04-30 00:00:00,2826.66,P2,Phone,Success,0
1786,76,2025-05-01 00:00:00,2373.35,P5,Web,Success,0
1795,76,2025-05-09 00:00:00,2358.13,P2,POS,Success,0
1798,76,2025-05-12 00:00:00,1884.66,P8,Web,Success,0
1803,76,2025-05-20 00:00:00,2812.8,P7,Mobile App,Success,0
1797,76,2025-06-01 00:00:00,2721.57,P1,Mobile App,Success,0
1799,76,2025-06-03 00:00:00,2316.71,P7,Phone,Success,0
1806,76,2025-06-04 00:00:00,1935.21,P3,Web,Success,0
1796,76,2025-06-18 00:00:00,2180.82,P9,Web,Success,0
1802,76,2025-06-19 00:00:00,1507.46,P10,Mobile App,Success,0
1790,76,2025-06-24 00:00:00,1937.99,P3,Mobile App,Success,0
1816,77,2025-01-18 00:00:00,3449.68,P5,POS,Success,0
1814,77,2025-01-22 00:00:00,1866.81,P2,Web,Success,0
1812,77,2025-02-25 00:00:00,2043.52,P10,POS,Failed,0
1808,77,2025-03-02 00:00:00,2030.04,P2,Web,Success,0
1811,77,2025-03-02 00:00:00,2654.24,P2,Mobile App,Success,0
1815,77,2025-03-02 00:00:00,3348.83,P10,Mobile App,Failed,0
1810,77,2025-03-05 00:00:00,3897.88,P4,POS,Failed,0
1818,77,2025-04-07 00:00:00,3154.47,P6,Mobile App,Success,0
1817,77,2025-04-12 00:00:00,3231.1,P1,Mobile App,Success,0
1809,77,2025-04-18 00:00:00,2384.19,P2,Mobile App,Success,0
1807,77,2025-04-30 00:00:00,4646.32,P4,Mobile App,Success,0
1813,77,2025-05-01 00:00:00,2688.43,P3,Web,Success,0
1826,78,2025-01-14 00:00:00,783.41,P1,Mobile App,Success,0
1824,78,2025-01-26 00:00:00,639.59,P9,Mobile App,Success,0
1844,78,2025-01-30 00:00:00,697.61,P9,POS,Success,0
1821,78,2025-02-13 00:00:00,861.75,P4,Web,Success,0
1842,78,2025-02-13 00:00:00,861.36,P6,Mobile App,Success,0
1820,78,2025-02-18 00:00:00,966.98,P1,Phone,Success,0
1831,78,2025-02-19 00:00:00,791.72,P4,Mobile App,Success,0
1832,78,2025-02-25 00:00:00,868.27,P8,Mobile App,Success,0
1830,78,2025-03-21 00:00:00,403.86,P4,POS,Success,0
1835,78,2025-03-31 00:00:00,1025.98,P2,Web,Success,0
1834,78,2025-04-01 00:00:00,824.83,P1,Mobile App,Success,0
1843,78,2025-04-10 00:00:00,943.3,P1,Mobile App,Success,0
1828,78,2025-04-11 00:00:00,1076.74,P8,Web,Success,0
1822,78,2025-04-12 00:00:00,1091.62,P8,Mobile App,Success,0
1839,78,2025-04-21 00:00:00,735.61,P9,Web,Failed,0
1838,78,2025-05-01 00:00:00,664.18,P6,Phone,Success,0
1819,78,2025-05-03 00:00:00,928.62,P2,Web,Success,0
1836,78,2025-05-06 00:00:00,929.69,P4,Mobile App,Success,0
1827,78,2025-05-18 00:00:00,569.85,P6,Web,Failed,0
1841,78,2025-05-21 00:00:00,717.13,P3,Mobile App,Success,0
1837,78,2025-05-22 00:00:00,759.96,P3,Mobile App,Success,0
1840,78,2025-05-25 00:00:00,833.63,P8,Mobile App,Success,0
1829,78,2025-05-29 00:00:00,775.62,P2,Mobile App,Success,0
1823,78,2025-06-01 00:00:00,656.26,P6,Web,Success,0
1833,78,2025-06-10 00:00:00,522.2,P1,POS,Success,0
1825,78,2025-06-22 00:00:00,820.66,P3,Web,Failed,0
1847,79,2025-01-12 00:00:00,1776.37,P3,Mobile App,Success,0
1848,79,2025-01-16 00:00:00,1821.79,P3,Mobile App,Failed,0
1851,79,2025-01-16 00:00:00,1780.72,P8,Mobile App,Success,0
1849,79,2025-01-31 00:00:00,2296.52,P9,POS,Success,0
1853,79,2025-02-17 00:00:00,2011.7,P2,POS,Success,0
1855,79,2025-03-02 00:00:00,1853.55,P2,Web,Success,0
1846,79,2025-03-07 00:00:00,1776.59,P3,Mobile App,Success,0
1845,79,2025-03-30 00:00:00,1602.31,P10,POS,Success,0
1856,79,2025-04-04 00:00:00,1290.42,P3,Web,Success,0
1854,79,2025-04-09 00:00:00,1556.57,P4,Mobile App,Success,0
1852,79,2025-04-13 00:00:00,1630.51,P7,Mobile App,Success,0
1850,79,2025-04-16 00:00:00,1480.57,P6,POS,Success,0
1875,80,2025-01-08 00:00:00,447.24,P1,Mobile App,Success,0
1864,80,2025-01-15 00:00:00,397.44,P5,Mobile App,Success,0
1866,80,2025-01-21 00:00:00,342.01,P4,Web,Success,0
1857,80,2025-01-26 00:00:00,265.89,P3,Mobile App,Success,0
1874,80,2025-02-13 00:00:00,225.31,P5,POS,Success,0
1889,80,2025-02-13 00:00:00,580.4,P10,Web,Success,0
1882,80,2025-02-18 00:00:00,389.56,P10,POS,Success,0
1877,80,2025-02-19 00:00:00,351.28,P7,Web,Success,0
1863,80,2025-02-20 00:00:00,507.16,P7,Web,Success,0
1883,80,2025-02-22 00:00:00,458.17,P2,Mobile App,Success,0
1886,80,2025-02-22 00:00:00,241.42,P8,Web,Success,0
1869,80,2025-03-19 00:00:00,258.66,P6,Mobile App,Success,0
1884,80,2025-03-23 00:00:00,292.02,P2,Web,Success,0
1876,80,2025-03-24 00:00:00,492.13,P6,Web,Success,0
1860,80,2025-04-11 00:00:00,227.75,P10,Web,Success,0
1879,80,2025-04-11 00:00:00,384.47,P4,Mobile App,Success,0
1858,80,2025-04-16 00:00:00,350.2,P9,Phone,Success,0
1865,80,2025-04-18 00:00:00,342.8,P1,Mobile App,Success,0
1868,80,2025-04-27 00:00:00,388.34,P7,Mobile App,Success,0
1888,80,2025-04-29 00:00:00,434.77,P4,Mobile App,Success,0
1872,80,2025-04-30 00:00:00,424.42,P5,Phone,Success,0
1880,80,2025-05-09 00:00:00,397.52,P2,POS,Failed,0
1871,80,2025-05-11 00:00:00,272.08,P10,Web,Success,0
1881,80,2025-05-17 00:00:00,454.85,P9,Mobile App,Success,0
1861,80,2025-05-22 00:00:00,382.73,P6,POS,Success,0
1859,80,2025-05-25 00:00:00,387.52,P2,Phone,Success,0
1862,80,2025-05-28 00:00:00,509.12,P5,Phone,Success,0
1867,80,2025-06-04 00:00:00,469.59,P10,Web,Success,0
1887,80,2025-06-08 00:00:00,425.58,P7,Web,Success,0
1878,80,2025-06-10 00:00:00,471.83,P2,Web,Success,0
1873,80,2025-06-11 00:00:00,464.54,P4,Mobile App,Success,0
1885,80,2025-06-19 00:00:00,368.16,P5,Mobile App,Success,0
1870,80,2025-06-22 00:00:00,390.97,P2,Mobile App,Success,0
1896,81,2025-01-05 00:00:00,975.1,P4,Mobile App,Success,0
1895,81,2025-01-11 00:00:00,956.04,P6,POS,Success,0
1894,81,2025-01-14 00:00:00,289.64,P2,Web,Success,0
1891,81,2025-01-17 00:00:00,1128.49,P9,Web,Success,0
1897,81,2025-01-30 00:00:00,847.4,P4,Web,Success,0
1893,81,2025-03-01 00:00:00,913.85,P4,Web,Success,0
1890,81,2025-04-10 00:00:00,722.99,P10,Mobile App,Success,0
1898,81,2025-04-25 00:00:00,929.07,P6,Mobile App,Success,0
1892,81,2025-04-28 00:00:00,1078.7,P2,Web,Failed,0
1914,82,2025-01-27 00:00:00,425.88,P1,Mobile App,Success,0
1899,82,2025-01-31 00:00:00,644.78,P4,Mobile App,Success,0
1909,82,2025-02-22 00:00:00,893.31,P3,Web,Success,0
1902,82,2025-02-27 00:00:00,296.28,P1,Mobile App,Success,0
1911,82,2025-02-27 00:00:00,690.27,P1,POS,Success,0
1908,82,2025-03-27 00:00:00,540.11,P6,Web,Success,0
1901,82,2025-04-04 00:00:00,344.23,P6,Web,Success,0
1915,82,2025-04-13 00:00:00,323.26,P3,POS,Success,0
1913,82,2025-04-16 00:00:00,778.57,P3,Web,Success,0
1907,82,2025-04-17 00:00:00,734.64,P9,Web,Success,0
1904,82,2025-04-18 00:00:00,545.74,P3,POS,Success,0
1912,82,2025-04-26 00:00:00,625.08,P9,Web,Success,0
1910,82,2025-04-30 00:00:00,653.14,P2,Mobile App,Success,0
1906,82,2025-05-09 00:00:00,570.57,P5,Web,Success,0
1905,82,2025-05-18 00:00:00,647.0,P1,Mobile App,Success,0
1900,82,2025-05-25 00:00:00,783.52,P7,Mobile App,Success,0
1903,82,2025-06-04 00:00:00,415.51,P9,Mobile App,Success,0
4759,82,2025-06-23 00:00:00,3554.31,P10,Web,Success,1
4760,82,2025-06-23 00:05:00,4242.41,P9,Web,Success,1
4761,82,2025-06-23 00:10:00,3626.81,P7,Web,Success,1
4762,82,2025-06-23 00:15:00,4374.17,P4,Web,Success,1
1917,83,2025-01-11 00:00:00,1694.67,P8,POS,Success,0
1920,83,2025-01-13 00:00:00,2510.89,P3,Mobile App,Success,0
1916,83,2025-01-25 00:00:00,1979.06,P2,Mobile App,Success,0
1919,83,2025-03-06 00:00:00,4237.71,P3,Mobile App,Success,0
1921,83,2025-04-07 00:00:00,3320.46,P8,Web,Success,0
1918,83,2025-04-13 00:00:00,2196.99,P8,Web,Success,0
1949,84,2025-01-05 00:00:00,2507.55,P2,Web,Success,0
1934,84,2025-01-28 00:00:00,2151.95,P1,Mobile App,Success,0
1938,84,2025-01-28 00:00:00,2114.79,P5,Mobile App,Success,0
1940,84,2025-01-30 00:00:00,2308.63,P4,POS,Success,0
1928,84,2025-01-31 00:00:00,2283.78,P3,Web,Success,0
1935,84,2025-02-27 00:00:00,2959.56,P10,Mobile App,Success,0
1924,84,2025-03-01 00:00:00,2234.45,P5,POS,Success,0
1932,84,2025-03-01 00:00:00,2954.61,P5,POS,Success,0
1926,84,2025-03-02 00:00:00,1012.8,P1,Mobile App,Success,0
1929,84,2025-03-24 00:00:00,2713.81,P8,Web,Success,0
1943,84,2025-03-29 00:00:00,1191.58,P1,POS,Success,0
1933,84,2025-03-30 00:00:00,3147.45,P5,Phone,Success,0
1925,84,2025-03-31 00:00:00,1655.55,P9,Web,Success,0
1936,84,2025-04-14 00:00:00,1623.04,P4,Web,Success,0
1922,84,2025-04-23 00:00:00,2328.47,P6,Mobile App,Success,0
1947,84,2025-04-28 00:00:00,2651.38,P10,POS,Success,0
1942,84,2025-04-30 00:00:00,1071.4,P9,Mobile App,Success,0
1931,84,2025-05-03 00:00:00,1889.63,P8,POS,Success,0
1945,84,2025-05-03 00:00:00,991.3,P8,Mobile App,Failed,0
1937,84,2025-05-11 00:00:00,3319.61,P7,Mobile App,Success,0
1946,84,2025-05-11 00:00:00,2847.45,P2,Mobile App,Success,0
1927,84,2025-05-14 00:00:00,2603.56,P8,Mobile App,Failed,0
1923,84,2025-05-19 00:00:00,1508.5,P5,Mobile App,Failed,0
1941,84,2025-05-24 00:00:00,2331.82,P1,POS,Success,0
1948,84,2025-05-24 00:00:00,1711.33,P4,Mobile App,Success,0
1944,84,2025-06-17 00:00:00,2861.32,P5,Web,Success,0
1930,84,2025-06-19 00:00:00,1537.13,P5,Web,Success,0
1939,84,2025-06-26 00:00:00,1932.56,P7,Web,Success,0
1984,85,2025-01-09 00:00:00,356.67,P3,Mobile App,Success,0
1980,85,2025-01-10 00:00:00,237.66,P3,Web,Failed,0
1964,85,2025-01-11 00:00:00,301.83,P1,Mobile App,Success,0
1970,85,2025-01-17 00:00:00,391.77,P10,Mobile App,Success,0
1979,85,2025-01-17 00:00:00,348.87,P3,Web,Success,0
1961,85,2025-01-20 00:00:00,291.71,P9,Phone,Success,0
1967,85,2025-01-23 00:00:00,315.01,P9,Web,Success,0
1974,85,2025-01-24 00:00:00,341.49,P2,POS,Success,0
1959,85,2025-01-31 00:00:00,338.68,P7,Mobile App,Failed,0
1968,85,2025-02-06 00:00:00,245.31,P6,POS,Success,0
1954,85,2025-02-10 00:00:00,317.71,P6,Mobile App,Success,0
1987,85,2025-02-10 00:00:00,427.89,P10,Mobile App,Success,0
1958,85,2025-02-11 00:00:00,297.36,P2,Web,Success,0
1976,85,2025-02-16 00:00:00,245.71,P3,Mobile App,Success,0
1969,85,2025-02-20 00:00:00,254.39,P2,Web,Success,0
1960,85,2025-03-01 00:00:00,323.43,P9,POS,Success,0
1981,85,2025-03-02 00:00:00,227.54,P10,Web,Success,0
1962,85,2025-03-05 00:00:00,294.68,P8,Web,Success,0
1955,85,2025-03-07 00:00:00,354.3,P5,Mobile App,Success,0
1963,85,2025-03-17 00:00:00,274.65,P4,Phone,Success,0
1952,85,2025-03-19 00:00:00,254.82,P5,Web,Success,0
1982,85,2025-03-20 00:00:00,246.85,P10,POS,Success,0
1975,85,2025-03-23 00:00:00,257.04,P6,Web,Success,0
1986,85,2025-03-24 00:00:00,297.63,P5,POS,Success,0
1972,85,2025-03-26 00:00:00,222.03,P8,Web,Success,0
1983,85,2025-04-06 00:00:00,254.51,P4,Mobile App,Failed,0
1978,85,2025-04-07 00:00:00,226.21,P2,Mobile App,Success,0
1953,85,2025-04-17 00:00:00,461.05,P8,Web,Success,0
1971,85,2025-05-02 00:00:00,304.53,P4,Web,Failed,0
1977,85,2025-05-06 00:00:00,315.88,P1,Web,Success,0
1973,85,2025-05-16 00:00:00,211.14,P6,Web,Success,0
1966,85,2025-05-24 00:00:00,242.03,P4,POS,Success,0
1957,85,2025-05-27 00:00:00,316.24,P4,Mobile App,Success,0
1965,85,2025-05-28 00:00:00,386.22,P4,Web,Success,0
1985,85,2025-05-28 00:00:00,362.53,P8,Mobile App,Success,0
1950,85,2025-06-14 00:00:00,323.94,P2,Mobile App,Success,0
1951,85,2025-06-18 00:00:00,264.68,P7,Web,Success,0
1956,85,2025-06-26 00:00:00,189.88,P5,POS,Success,0
1988,86,2025-01-04 00:00:00,2670.54,P6,POS,Success,0
2005,86,2025-02-03 00:00:00,2203.73,P8,POS,Success,0
2003,86,2025-02-04 00:00:00,2035.86,P9,Web,Success,0
1989,86,2025-02-08 00:00:00,2279.13,P9,POS,Success,0
1990,86,2025-02-08 00:00:00,2429.44,P1,Web,Success,0
1991,86,2025-02-08 00:00:00,2850.98,P5,Web,Success,0
1992,86,2025-02-17 00:00:00,2865.93,P7,Mobile App,Success,0
2001,86,2025-03-12 00:00:00,2124.07,P2,Web,Success,0
1995,86,2025-03-21 00:00:00,2083.41,P9,Web,Success,0
1997,86,2025-04-17 00:00:00,1910.42,P6,Web,Success,0
1994,86,2025-04-18 00:00:00,2912.62,P4,Mobile App,Success,0
2006,86,2025-04-27 00:00:00,1484.83,P8,POS,Success,0
1996,86,2025-04-29 00:00:00,3140.57,P3,Web,Success,0
2000,86,2025-04-30 00:00:00,2092.8,P4,Web,Success,0
2002,86,2025-05-05 00:00:00,2361.44,P9,Mobile App,Success,0
2004,86,2025-05-05 00:00:00,1068.79,P9,Mobile App,Failed,0
1999,86,2025-05-19 00:00:00,1468.14,P8,Web,Success,0
2007,86,2025-05-22 00:00:00,2501.32,P2,Web,Success,0
1998,86,2025-06-06 00:00:00,2076.41,P2,Web,Success,0
1993,86,2025-06-15 00:00:00,2776.44,P1,Web,Success,0
2024,87,2025-01-07 00:00:00,1235.86,P7,Web,Success,0
2013,87,2025-01-08 00:00:00,2299.18,P3,Mobile App,Success,0
2020,87,2025-01-08 00:00:00,2062.8,P8,Mobile App,Success,0
2012,87,2025-01-11 00:00:00,2183.18,P10,POS,Success,0
2022,87,2025-01-16 00:00:00,2028.2,P6,Web,Success,0
2026,87,2025-01-24 00:00:00,1800.63,P3,Web,Success,0
2021,87,2025-01-29 00:00:00,1422.75,P6,Web,Success,0
2014,87,2025-02-16 00:00:00,2782.61,P6,Web,Success,0
2010,87,2025-02-19 00:00:00,1655.14,P5,Web,Success,0
2028,87,2025-02-20 00:00:00,2508.22,P1,POS,Success,0
2025,87,2025-02-27 00:00:00,1829.8,P8,Mobile App,Success,0
2008,87,2025-03-01 00:00:00,2607.27,P8,Mobile App,Success,0
2019,87,2025-03-16 00:00:00,1834.63,P8,Mobile App,Success,0
2023,87,2025-03-28 00:00:00,2545.71,P2,Web,Success,0
2011,87,2025-03-29 00:00:00,2943.88,P9,Mobile App,Success,0
2016,87,2025-04-20 00:00:00,1367.29,P10,Web,Success,0
2009,87,2025-04-28 00:00:00,2091.6,P4,Web,Success,0
2018,87,2025-06-02 00:00:00,1229.21,P10,Web,Success,0
2017,87,2025-06-04 00:00:00,2178.5,P1,Mobile App,Success,0
2027,87,2025-06-04 00:00:00,1795.72,P8,Web,Success,0
2015,87,2025-06-23 00:00:00,1810.34,P8,Mobile App,Success,0
2059,88,2025-01-08 00:00:00,1886.64,P10,Mobile App,Success,0
2050,88,2025-01-09 00:00:00,2723.55,P10,Mobile App,Success,0
2029,88,2025-01-10 00:00:00,2698.63,P4,Mobile App,Success,0
2041,88,2025-01-13 00:00:00,2135.82,P10,Web,Success,0
2038,88,2025-01-14 00:00:00,2470.36,P3,Web,Success,0
2035,88,2025-01-15 00:00:00,2182.16,P7,Web,Success,0
2045,88,2025-01-19 00:00:00,1857.17,P9,POS,Success,0
2040,88,2025-01-20 00:00:00,1850.21,P10,Mobile App,Success,0
2039,88,2025-02-06 00:00:00,2946.56,P5,Mobile App,Success,0
2055,88,2025-02-11 00:00:00,2670.95,P10,POS,Success,0
2034,88,2025-02-23 00:00:00,2708.91,P10,POS,Success,0
2058,88,2025-02-26 00:00:00,2321.78,P6,Mobile App,Success,0
2044,88,2025-03-01 00:00:00,2349.31,P7,Mobile App,Success,0
2042,88,2025-03-12 00:00:00,1880.96,P3,Mobile App,Success,0
2056,88,2025-03-21 00:00:00,1398.37,P8,Mobile App,Success,0
2030,88,2025-04-16 00:00:00,2304.71,P7,Mobile App,Success,0
2043,88,2025-04-17 00:00:00,2438.66,P3,Web,Success,0
2054,88,2025-04-19 00:00:00,1919.19,P9,Mobile App,Success,0
2049,88,2025-04-26 00:00:00,1761.8,P3,POS,Success,0
2033,88,2025-04-30 00:00:00,3657.96,P2,Mobile App,Success,0
2046,88,2025-05-01 00:00:00,1697.77,P7,POS,Success,0
2062,88,2025-05-02 00:00:00,1514.6,P8,Mobile App,Success,0
2031,88,2025-05-08 00:00:00,1638.87,P9,Mobile App,Success,0
2051,88,2025-05-21 00:00:00,1636.72,P2,POS,Success,0
2037,88,2025-05-22 00:00:00,2056.46,P6,Mobile App,Success,0
2047,88,2025-05-26 00:00:00,2101.54,P2,Mobile App,Success,0
2052,88,2025-05-31 00:00:00,2294.11,P3,Phone,Success,0
2063,88,2025-05-31 00:00:00,3066.56,P6,POS,Success,0
2032,88,2025-06-03 00:00:00,3119.27,P10,POS,Success,0
2057,88,2025-06-25 00:00:00,1508.71,P1,Web,Success,0
2036,88,2025-06-26 00:00:00,1650.82,P8,Phone,Failed,0
2053,88,2025-06-28 00:00:00,2073.72,P1,Mobile App,Success,0
2048,88,2025-06-30 00:00:00,2711.65,P9,Phone,Success,0
2060,88,2025-06-30 00:00:00,2521.94,P7,Web,Success,0
2061,88,2025-06-30 00:00:00,2036.42,P1,POS,Success,0
2080,89,2025-01-02 00:00:00,365.71,P2,Mobile App,Success,0
2087,89,2025-01-07 00:00:00,774.42,P3,Web,Success,0
2079,89,2025-01-25 00:00:00,731.63,P7,POS,Success,0
2066,89,2025-01-27 00:00:00,403.57,P4,Web,Success,0
2072,89,2025-02-03 00:00:00,829.5,P7,Phone,Success,0
2064,89,2025-02-18 00:00:00,744.99,P1,Mobile App,Success,0
2065,89,2025-02-19 00:00:00,540.04,P7,Mobile App,Success,0
2092,89,2025-02-22 00:00:00,549.03,P2,Mobile App,Success,0
2075,89,2025-02-26 00:00:00,860.65,P1,Web,Success,0
2078,89,2025-03-09 00:00:00,443.31,P3,POS,Success,0
2091,89,2025-03-15 00:00:00,594.11,P3,Web,Success,0
2081,89,2025-03-16 00:00:00,777.75,P8,POS,Success,0
2074,89,2025-03-19 00:00:00,657.89,P4,Web,Success,0
2090,89,2025-03-20 00:00:00,543.89,P8,POS,Success,0
2083,89,2025-03-23 00:00:00,689.55,P1,POS,Success,0
2071,89,2025-03-25 00:00:00,468.85,P3,Phone,Success,0
2068,89,2025-03-29 00:00:00,647.7,P5,Web,Success,0
2076,89,2025-04-07 00:00:00,747.62,P10,Web,Success,0
2086,89,2025-04-09 00:00:00,606.95,P7,Phone,Success,0
2082,89,2025-04-12 00:00:00,533.22,P5,Mobile App,Success,0
2070,89,2025-04-30 00:00:00,442.09,P1,Mobile App,Success,0
2069,89,2025-05-10 00:00:00,538.16,P3,Mobile App,Success,0
2077,89,2025-05-18 00:00:00,549.59,P10,Mobile App,Failed,0
2085,89,2025-05-20 00:00:00,505.03,P3,Mobile App,Success,0
2089,89,2025-05-23 00:00:00,546.91,P8,Web,Success,0
2094,89,2025-05-27 00:00:00,661.39,P4,Web,Success,0
2093,89,2025-06-09 00:00:00,707.26,P2,Mobile App,Failed,0
2084,89,2025-06-17 00:00:00,646.02,P2,POS,Success,0
2088,89,2025-06-21 00:00:00,510.99,P5,Web,Success,0
2073,89,2025-06-23 00:00:00,484.95,P4,Web,Success,0
2067,89,2025-06-26 00:00:00,553.28,P8,Mobile App,Success,0
2102,90,2025-01-26 00:00:00,1593.65,P4,Web,Success,0
2096,90,2025-02-19 00:00:00,965.34,P1,Web,Success,0
2097,90,2025-02-20 00:00:00,1248.71,P10,Mobile App,Success,0
2099,90,2025-02-21 00:00:00,1550.12,P4,Mobile App,Success,0
2095,90,2025-03-10 00:00:00,1825.47,P5,Mobile App,Success,0
2098,90,2025-04-05 00:00:00,969.7,P3,Web,Success,0
2100,90,2025-04-19 00:00:00,925.39,P10,Web,Success,0
2101,90,2025-05-01 00:00:00,1805.93,P5,Mobile App,Success,0
2104,91,2025-01-03 00:00:00,1174.53,P2,Mobile App,Success,0
2105,91,2025-01-05 00:00:00,1122.5,P3,Web,Success,0
2117,91,2025-01-10 00:00:00,1402.81,P9,Web,Success,0
2115,91,2025-01-11 00:00:00,1012.89,P6,Mobile App,Success,0
2116,91,2025-01-25 00:00:00,1104.7,P7,Web,Success,0
2114,91,2025-01-27 00:00:00,939.05,P8,Mobile App,Success,0
2112,91,2025-02-13 00:00:00,945.36,P10,Web,Success,0
2108,91,2025-02-20 00:00:00,969.96,P5,Web,Success,0
2107,91,2025-02-26 00:00:00,840.19,P8,POS,Success,0
2103,91,2025-03-05 00:00:00,1098.75,P9,Phone,Success,0
2113,91,2025-03-07 00:00:00,822.7,P8,Phone,Success,0
2109,91,2025-03-20 00:00:00,991.37,P5,Mobile App,Success,0
2110,91,2025-05-17 00:00:00,1211.54,P2,Mobile App,Failed,0
2111,91,2025-05-19 00:00:00,1382.49,P6,Web,Success,0
2106,91,2025-06-18 00:00:00,1010.15,P2,POS,Success,0
2132,92,2025-01-08 00:00:00,1184.18,P1,Mobile App,Success,0
2122,92,2025-01-19 00:00:00,1255.82,P3,Mobile App,Success,0
2129,92,2025-01-26 00:00:00,1237.47,P4,POS,Success,0
2133,92,2025-01-30 00:00:00,1225.75,P8,Mobile App,Success,0
2121,92,2025-02-08 00:00:00,1500.7,P8,Web,Success,0
2125,92,2025-02-18 00:00:00,1010.03,P5,Mobile App,Success,0
2134,92,2025-03-02 00:00:00,576.58,P8,Web,Success,0
2138,92,2025-03-06 00:00:00,1793.58,P1,Web,Success,0
2118,92,2025-03-10 00:00:00,1493.33,P1,Web,Success,0
2127,92,2025-03-24 00:00:00,1280.31,P4,POS,Success,0
2141,92,2025-03-31 00:00:00,1389.59,P6,Web,Success,0
2131,92,2025-04-03 00:00:00,1989.29,P8,Mobile App,Success,0
2136,92,2025-04-10 00:00:00,2007.09,P5,POS,Success,0
2139,92,2025-04-21 00:00:00,1711.43,P5,Mobile App,Success,0
2135,92,2025-05-01 00:00:00,1264.71,P5,Web,Failed,0
2137,92,2025-05-02 00:00:00,1689.42,P9,POS,Success,0
2140,92,2025-05-14 00:00:00,1312.17,P3,Mobile App,Success,0
2120,92,2025-05-16 00:00:00,1531.49,P10,Web,Success,0
2130,92,2025-05-20 00:00:00,1712.66,P4,POS,Success,0
2123,92,2025-06-03 00:00:00,1226.13,P7,POS,Success,0
2124,92,2025-06-14 00:00:00,1475.13,P1,Mobile App,Success,0
2119,92,2025-06-17 00:00:00,1368.72,P2,Mobile App,Success,0
2128,92,2025-06-19 00:00:00,1270.27,P8,Mobile App,Success,0
2126,92,2025-06-25 00:00:00,1409.32,P6,Phone,Success,0
2149,93,2025-01-07 00:00:00,1396.11,P3,Web,Success,0
2148,93,2025-01-08 00:00:00,1309.97,P6,Web,Success,0
2150,93,2025-01-11 00:00:00,1682.06,P2,Web,Success,0
2146,93,2025-01-25 00:00:00,1536.19,P10,POS,Success,0
2142,93,2025-02-03 00:00:00,956.77,P6,Web,Success,0
2143,93,2025-02-04 00:00:00,1393.45,P1,POS,Success,0
2154,93,2025-02-06 00:00:00,800.33,P8,POS,Success,0
2147,93,2025-03-08 00:00:00,1269.33,P6,Mobile App,Success,0
2144,93,2025-03-12 00:00:00,1174.49,P8,Mobile App,Success,0
2151,93,2025-03-20 00:00:00,1400.64,P6,Mobile App,Success,0
2152,93,2025-03-21 00:00:00,1327.38,P4,Mobile App,Success,0
2155,93,2025-04-16 00:00:00,1017.44,P1,Phone,Success,0
2145,93,2025-04-20 00:00:00,1537.6,P1,Web,Success,0
2153,93,2025-04-25 00:00:00,1364.82,P5,Mobile App,Success,0
2165,94,2025-01-06 00:00:00,635.66,P6,Web,Success,0
2167,94,2025-01-15 00:00:00,1665.44,P9,POS,Success,0
2168,94,2025-01-19 00:00:00,1902.78,P3,POS,Success,0
2166,94,2025-02-14 00:00:00,2251.7,P6,POS,Success,0
2156,94,2025-02-15 00:00:00,1327.58,P2,Mobile App,Success,0
2163,94,2025-02-21 00:00:00,1732.11,P2,Web,Success,0
2169,94,2025-02-24 00:00:00,2208.92,P8,Web,Success,0
2157,94,2025-02-26 00:00:00,2399.42,P2,Mobile App,Success,0
2158,94,2025-02-27 00:00:00,1794.29,P9,POS,Success,0
2159,94,2025-03-05 00:00:00,2423.99,P6,Web,Success,0
2160,94,2025-03-08 00:00:00,1728.46,P5,Web,Success,0
2164,94,2025-03-09 00:00:00,1070.7,P2,Mobile App,Success,0
2161,94,2025-03-16 00:00:00,1760.3,P4,POS,Success,0
2162,94,2025-04-28 00:00:00,2098.75,P5,POS,Success,0
2182,95,2025-01-11 00:00:00,933.3,P2,POS,Success,0
2184,95,2025-01-21 00:00:00,1036.95,P6,Mobile App,Success,0
2172,95,2025-01-31 00:00:00,1282.99,P10,Web,Success,0
2178,95,2025-02-02 00:00:00,1624.18,P5,Mobile App,Success,0
2179,95,2025-02-24 00:00:00,861.36,P8,POS,Success,0
2171,95,2025-03-01 00:00:00,1511.99,P7,Mobile App,Success,0
2183,95,2025-03-06 00:00:00,1714.47,P5,Mobile App,Success,0
2174,95,2025-03-08 00:00:00,1441.96,P3,POS,Failed,0
2170,95,2025-03-13 00:00:00,1296.71,P2,Mobile App,Success,0
2188,95,2025-04-06 00:00:00,861.3,P6,POS,Success,0
2187,95,2025-04-10 00:00:00,1240.6,P8,POS,Success,0
2175,95,2025-04-15 00:00:00,1144.86,P10,Mobile App,Success,0
2181,95,2025-04-17 00:00:00,1720.16,P7,Phone,Success,0
2186,95,2025-04-26 00:00:00,1017.5,P8,Web,Success,0
2180,95,2025-05-25 00:00:00,938.5,P8,Web,Success,0
2185,95,2025-06-12 00:00:00,1478.51,P9,POS,Success,0
2177,95,2025-06-17 00:00:00,1197.81,P4,Mobile App,Success,0
2173,95,2025-06-23 00:00:00,1028.97,P4,Mobile App,Success,0
2176,95,2025-06-29 00:00:00,661.98,P10,Web,Success,0
2191,96,2025-01-10 00:00:00,2688.66,P7,Mobile App,Success,0
2194,96,2025-01-15 00:00:00,3369.39,P2,Web,Success,0
2193,96,2025-01-31 00:00:00,1534.64,P9,Mobile App,Success,0
2195,96,2025-02-01 00:00:00,3222.11,P1,Web,Success,0
2189,96,2025-02-20 00:00:00,3384.0,P6,POS,Success,0
2199,96,2025-03-11 00:00:00,2302.17,P6,Mobile App,Success,0
2203,96,2025-03-13 00:00:00,3560.44,P6,Web,Success,0
2198,96,2025-04-05 00:00:00,2562.68,P6,POS,Success,0
2196,96,2025-04-14 00:00:00,1918.26,P2,POS,Success,0
2192,96,2025-05-01 00:00:00,1829.29,P3,Mobile App,Success,0
2190,96,2025-05-03 00:00:00,2406.35,P8,POS,Success,0
2200,96,2025-05-26 00:00:00,2424.96,P8,Phone,Success,0
2201,96,2025-05-30 00:00:00,3152.2,P7,Mobile App,Success,0
2202,96,2025-06-06 00:00:00,2614.63,P1,Phone,Failed,0
2197,96,2025-06-16 00:00:00,3315.73,P6,Web,Success,0
2215,97,2025-01-03 00:00:00,1243.28,P3,Web,Success,0
2212,97,2025-01-04 00:00:00,1239.8,P4,Mobile App,Success,0
2237,97,2025-01-06 00:00:00,1422.84,P4,Mobile App,Success,0
2208,97,2025-01-09 00:00:00,1683.94,P4,Mobile App,Failed,0
2223,97,2025-01-13 00:00:00,1602.07,P2,POS,Success,0
2227,97,2025-01-17 00:00:00,1154.6,P7,Web,Success,0
2228,97,2025-01-20 00:00:00,1124.17,P1,Mobile App,Success,0
2230,97,2025-01-21 00:00:00,1489.46,P10,Web,Success,0
2214,97,2025-01-22 00:00:00,859.29,P2,Web,Success,0
2224,97,2025-01-25 00:00:00,1627.49,P10,Mobile App,Success,0
2222,97,2025-01-26 00:00:00,1264.19,P2,Web,Success,0
2221,97,2025-02-05 00:00:00,1869.6,P2,Web,Success,0
2240,97,2025-02-24 00:00:00,1906.8,P5,Web,Success,0
2209,97,2025-02-28 00:00:00,1276.19,P4,Mobile App,Success,0
2211,97,2025-03-06 00:00:00,1735.99,P5,POS,Success,0
2218,97,2025-03-24 00:00:00,958.79,P5,Web,Success,0
2204,97,2025-03-25 00:00:00,1483.45,P2,POS,Success,0
2206,97,2025-03-25 00:00:00,1523.65,P9,Web,Success,0
2210,97,2025-03-30 00:00:00,1082.82,P6,Mobile App,Success,0
2205,97,2025-03-31 00:00:00,2222.22,P3,Mobile App,Failed,0
2213,97,2025-04-01 00:00:00,1881.31,P4,Web,Success,0
2236,97,2025-04-01 00:00:00,1544.11,P6,Mobile App,Success,0
2220,97,2025-04-04 00:00:00,1933.81,P9,POS,Success,0
2225,97,2025-04-05 00:00:00,1292.18,P5,Web,Success,0
2219,97,2025-04-08 00:00:00,1394.61,P3,Phone,Success,0
2207,97,2025-04-14 00:00:00,952.05,P5,Mobile App,Success,0
2226,97,2025-04-20 00:00:00,1176.2,P9,POS,Success,0
2229,97,2025-04-22 00:00:00,930.4,P9,Mobile App,Success,0
2235,97,2025-05-17 00:00:00,1542.3,P2,Mobile App,Success,0
2217,97,2025-05-19 00:00:00,1395.45,P6,Web,Success,0
2238,97,2025-05-23 00:00:00,1131.17,P7,POS,Success,0
2234,97,2025-06-10 00:00:00,1459.74,P3,Mobile App,Success,0
2216,97,2025-06-13 00:00:00,1596.79,P4,Web,Success,0
2233,97,2025-06-14 00:00:00,1440.9,P8,Web,Success,0
2239,97,2025-06-25 00:00:00,1682.13,P4,Mobile App,Success,0
2232,97,2025-06-28 00:00:00,900.88,P10,Mobile App,Success,0
2231,97,2025-06-29 00:00:00,1436.32,P4,Web,Success,0
2260,98,2025-01-04 00:00:00,2136.79,P6,Web,Success,0
2246,98,2025-01-06 00:00:00,1566.34,P5,POS,Success,0
2244,98,2025-01-17 00:00:00,976.76,P7,Web,Success,0
2258,98,2025-01-19 00:00:00,1916.69,P3,Web,Success,0
2265,98,2025-01-20 00:00:00,1634.47,P8,Mobile App,Failed,0
2263,98,2025-01-22 00:00:00,1244.23,P6,POS,Success,0
2269,98,2025-02-08 00:00:00,1666.91,P9,Mobile App,Success,0
2272,98,2025-02-17 00:00:00,1616.44,P2,Web,Success,0
2264,98,2025-02-24 00:00:00,1689.87,P4,Mobile App,Success,0
2245,98,2025-03-10 00:00:00,2441.7,P1,Mobile App,Failed,0
2247,98,2025-03-18 00:00:00,1449.79,P9,Web,Success,0
2268,98,2025-03-18 00:00:00,897.16,P1,Mobile App,Success,0
2243,98,2025-03-29 00:00:00,1575.99,P6,Mobile App,Success,0
2256,98,2025-03-29 00:00:00,1456.81,P10,Web,Success,0
2251,98,2025-04-05 00:00:00,2198.29,P10,Web,Success,0
2242,98,2025-04-07 00:00:00,1970.43,P7,Web,Success,0
2274,98,2025-04-13 00:00:00,2015.8,P4,Mobile App,Success,0
2257,98,2025-04-19 00:00:00,1128.58,P7,Mobile App,Success,0
2254,98,2025-04-20 00:00:00,1179.65,P7,Phone,Success,0
2270,98,2025-04-24 00:00:00,2062.97,P10,Mobile App,Success,0
2267,98,2025-04-26 00:00:00,1687.8,P8,Web,Success,0
2273,98,2025-04-29 00:00:00,1105.88,P3,Mobile App,Success,0
2262,98,2025-05-03 00:00:00,2018.93,P9,Mobile App,Success,0
2252,98,2025-05-10 00:00:00,1776.39,P9,Web,Success,0
2248,98,2025-05-13 00:00:00,2150.31,P8,Web,Success,0
2255,98,2025-05-21 00:00:00,1804.11,P1,Web,Success,0
2250,98,2025-05-27 00:00:00,1666.81,P9,Mobile App,Success,0
2241,98,2025-06-02 00:00:00,50.0,P7,POS,Success,0
2266,98,2025-06-07 00:00:00,1882.71,P5,Mobile App,Success,0
2271,98,2025-06-07 00:00:00,1978.0,P6,POS,Success,0
2253,98,2025-06-16 00:00:00,1543.4,P6,Mobile App,Success,0
2259,98,2025-06-16 00:00:00,1345.77,P9,Mobile App,Success,0
2249,98,2025-06-19 00:00:00,2396.09,P7,Web,Success,0
2261,98,2025-06-28 00:00:00,1222.89,P10,Mobile App,Success,0
2275,98,2025-06-30 00:00:00,2450.08,P5,Web,Success,0
2294,99,2025-01-04 00:00:00,350.17,P4,Web,Success,0
2312,99,2025-01-05 00:00:00,759.17,P9,Mobile App,Success,0
2281,99,2025-01-06 00:00:00,250.03,P4,Web,Success,0
2303,99,2025-01-07 00:00:00,524.35,P4,Web,Success,0
2313,99,2025-01-09 00:00:00,509.34,P10,Phone,Success,0
2290,99,2025-01-10 00:00:00,623.06,P4,Web,Success,0
2306,99,2025-01-17 00:00:00,518.33,P10,Web,Success,0
2289,99,2025-01-20 00:00:00,672.4,P5,Mobile App,Success,0
2291,99,2025-01-20 00:00:00,592.41,P3,Mobile App,Success,0
2297,99,2025-01-25 00:00:00,796.93,P8,Web,Success,0
2296,99,2025-02-02 00:00:00,586.7,P10,Web,Success,0
2299,99,2025-02-08 00:00:00,485.33,P1,Mobile App,Success,0
2282,99,2025-02-19 00:00:00,584.34,P4,POS,Success,0
2286,99,2025-02-21 00:00:00,432.87,P2,Mobile App,Success,0
2279,99,2025-02-22 00:00:00,439.47,P4,Web,Success,0
2278,99,2025-02-26 00:00:00,597.32,P9,Web,Success,0
2277,99,2025-03-18 00:00:00,517.45,P7,POS,Success,0
2301,99,2025-03-29 00:00:00,619.03,P7,Mobile App,Success,0
2288,99,2025-04-01 00:00:00,315.17,P1,Web,Success,0
2305,99,2025-04-15 00:00:00,543.0,P2,Web,Success,0
2304,99,2025-04-20 00:00:00,393.91,P5,Mobile App,Success,0
2295,99,2025-04-27 00:00:00,545.71,P6,Mobile App,Success,0
2309,99,2025-04-29 00:00:00,629.28,P7,Web,Success,0
2284,99,2025-05-01 00:00:00,470.9,P7,Mobile App,Success,0
2276,99,2025-05-08 00:00:00,650.47,P7,Web,Success,0
2307,99,2025-05-15 00:00:00,615.54,P6,Mobile App,Success,0
2285,99,2025-05-18 00:00:00,742.39,P3,Mobile App,Success,0
2287,99,2025-05-20 00:00:00,373.72,P5,Web,Success,0
2300,99,2025-05-20 00:00:00,566.75,P10,Mobile App,Success,0
2283,99,2025-05-23 00:00:00,797.35,P10,Web,Success,0
2308,99,2025-05-23 00:00:00,659.43,P4,Mobile App,Success,0
2298,99,2025-05-29 00:00:00,233.5,P2,Web,Success,0
2311,99,2025-06-04 00:00:00,501.96,P1,Mobile App,Success,0
2310,99,2025-06-05 00:00:00,676.53,P3,POS,Success,0
2293,99,2025-06-19 00:00:00,395.18,P4,POS,Success,0
2302,99,2025-06-21 00:00:00,616.74,P10,Web,Success,0
2280,99,2025-06-26 00:00:00,375.2,P6,Web,Success,0
2292,99,2025-06-26 00:00:00,310.86,P6,Web,Success,0
2317,100,2025-01-02 00:00:00,1164.2,P8,Mobile App,Success,0
2326,100,2025-01-09 00:00:00,1269.82,P3,Web,Failed,0
2328,100,2025-01-09 00:00:00,1972.67,P6,POS,Success,0
2323,100,2025-01-17 00:00:00,1304.71,P6,POS,Success,0
2339,100,2025-01-23 00:00:00,1583.52,P2,POS,Success,0
2329,100,2025-02-05 00:00:00,1402.91,P4,Web,Success,0
2336,100,2025-02-19 00:00:00,1767.02,P1,Mobile App,Success,0
2334,100,2025-02-20 00:00:00,1508.44,P8,Web,Success,0
2325,100,2025-02-23 00:00:00,1568.48,P3,Web,Success,0
2327,100,2025-02-23 00:00:00,2060.96,P1,POS,Success,0
2341,100,2025-03-12 00:00:00,2019.02,P3,Web,Success,0
2330,100,2025-03-14 00:00:00,832.12,P6,POS,Success,0
2331,100,2025-03-21 00:00:00,1931.32,P6,Mobile App,Success,0
2318,100,2025-04-04 00:00:00,1903.3,P7,Web,Success,0
2333,100,2025-04-04 00:00:00,1994.55,P7,Phone,Success,0
2324,100,2025-04-14 00:00:00,1230.13,P5,Web,Success,0
2338,100,2025-04-21 00:00:00,1686.23,P3,Web,Success,0
2337,100,2025-04-29 00:00:00,1467.32,P7,Web,Success,0
2321,100,2025-05-04 00:00:00,2034.13,P3,Phone,Success,0
2315,100,2025-05-11 00:00:00,2454.31,P1,POS,Success,0
2332,100,2025-05-12 00:00:00,1989.67,P10,POS,Success,0
2316,100,2025-05-14 00:00:00,1100.21,P9,Phone,Failed,0
2342,100,2025-05-21 00:00:00,1200.04,P7,POS,Success,0
2340,100,2025-05-22 00:00:00,1462.32,P8,Mobile App,Success,0
2314,100,2025-05-26 00:00:00,2533.83,P2,Web,Success,0
2322,100,2025-06-01 00:00:00,1769.99,P8,Web,Success,0
2335,100,2025-06-16 00:00:00,2147.65,P4,POS,Success,0
2319,100,2025-06-27 00:00:00,1385.41,P8,Mobile App,Success,0
2320,100,2025-06-30 00:00:00,1694.75,P7,Web,Success,0
2368,101,2025-01-02 00:00:00,2251.68,P3,POS,Success,0
2343,101,2025-01-03 00:00:00,3525.94,P7,Web,Success,0
2355,101,2025-01-07 00:00:00,2777.36,P8,Mobile App,Success,0
2346,101,2025-01-08 00:00:00,2589.41,P1,Mobile App,Success,0
2361,101,2025-01-08 00:00:00,2065.68,P1,Mobile App,Success,0
2380,101,2025-01-14 00:00:00,2185.6,P5,POS,Success,0
2357,101,2025-01-16 00:00:00,2568.0,P1,POS,Success,0
2365,101,2025-01-18 00:00:00,603.48,P4,Mobile App,Success,0
2356,101,2025-01-24 00:00:00,2590.9,P6,Web,Success,0
2371,101,2025-01-27 00:00:00,4005.19,P7,Mobile App,Success,0
2379,101,2025-02-05 00:00:00,1584.79,P10,Mobile App,Success,0
2363,101,2025-02-09 00:00:00,1907.11,P4,Mobile App,Success,0
2348,101,2025-02-10 00:00:00,3371.75,P8,Web,Success,0
2352,101,2025-02-15 00:00:00,2902.95,P4,Mobile App,Success,0
2349,101,2025-02-20 00:00:00,2487.54,P4,Mobile App,Success,0
2344,101,2025-02-25 00:00:00,1868.4,P7,POS,Success,0
2375,101,2025-03-07 00:00:00,2406.79,P7,Phone,Success,0
2364,101,2025-03-11 00:00:00,3146.53,P1,Web,Success,0
2370,101,2025-03-11 00:00:00,3751.82,P6,POS,Success,0
2373,101,2025-03-12 00:00:00,3201.44,P1,Mobile App,Success,0
2347,101,2025-03-15 00:00:00,2915.01,P9,Web,Success,0
2359,101,2025-03-17 00:00:00,2830.41,P9,Phone,Success,0
2362,101,2025-03-20 00:00:00,2294.72,P1,Mobile App,Success,0
2354,101,2025-03-21 00:00:00,2818.78,P2,Web,Success,0
2351,101,2025-03-27 00:00:00,2906.05,P8,Mobile App,Success,0
2374,101,2025-04-10 00:00:00,1264.07,P10,Mobile App,Success,0
2358,101,2025-04-16 00:00:00,3678.46,P3,Mobile App,Success,0
2350,101,2025-04-18 00:00:00,3164.52,P5,Web,Success,0
2345,101,2025-04-24 00:00:00,2025.21,P4,Web,Success,0
2367,101,2025-05-04 00:00:00,2932.78,P6,Mobile App,Success,0
2372,101,2025-05-05 00:00:00,2912.52,P8,Mobile App,Success,0
2360,101,2025-05-07 00:00:00,2683.97,P9,Web,Success,0
2376,101,2025-05-13 00:00:00,2807.62,P4,Web,Success,0
2377,101,2025-05-16 00:00:00,3380.58,P8,POS,Success,0
2369,101,2025-06-13 00:00:00,3618.16,P5,Mobile App,Success,0
2366,101,2025-06-23 00:00:00,2701.76,P5,Mobile App,Success,0
2353,101,2025-06-30 00:00:00,3049.4,P8,Mobile App,Success,0
2378,101,2025-06-30 00:00:00,1906.21,P3,Mobile App,Success,0
2385,102,2025-01-09 00:00:00,1960.95,P10,Web,Success,0
2399,102,2025-01-12 00:00:00,2873.1,P9,Web,Success,0
2394,102,2025-01-17 00:00:00,2957.88,P1,Mobile App,Success,0
2389,102,2025-02-06 00:00:00,2173.4,P10,Web,Success,0
2404,102,2025-02-14 00:00:00,3674.41,P6,Mobile App,Success,0
2401,102,2025-02-19 00:00:00,2600.79,P9,Phone,Success,0
2402,102,2025-02-25 00:00:00,2548.03,P10,Web,Success,0
2397,102,2025-03-05 00:00:00,3944.75,P8,Mobile App,Success,0
2395,102,2025-03-11 00:00:00,1864.1,P7,Mobile App,Success,0
2393,102,2025-03-19 00:00:00,2702.06,P1,Web,Failed,0
2403,102,2025-03-23 00:00:00,2601.12,P3,Phone,Success,0
2387,102,2025-04-01 00:00:00,3941.37,P5,Web,Success,0
2381,102,2025-04-06 00:00:00,2199.68,P3,Web,Failed,0
2383,102,2025-04-21 00:00:00,2511.6,P8,Web,Success,0
2386,102,2025-04-25 00:00:00,1873.82,P5,Mobile App,Success,0
2392,102,2025-04-28 00:00:00,2575.16,P4,Web,Success,0
2398,102,2025-04-30 00:00:00,2003.73,P1,POS,Success,0
2396,102,2025-05-19 00:00:00,2993.22,P1,Mobile App,Success,0
2382,102,2025-05-21 00:00:00,2361.03,P10,Mobile App,Success,0
2388,102,2025-05-22 00:00:00,3156.23,P2,Web,Success,0
2391,102,2025-05-31 00:00:00,1956.99,P1,Web,Success,0
2400,102,2025-06-02 00:00:00,2689.25,P4,Mobile App,Success,0
2390,102,2025-06-19 00:00:00,2550.27,P10,Mobile App,Success,0
2384,102,2025-06-26 00:00:00,3238.79,P3,Mobile App,Failed,0
2411,103,2025-01-19 00:00:00,1502.98,P8,Web,Success,0
2410,103,2025-02-08 00:00:00,1147.28,P1,POS,Success,0
2416,103,2025-02-14 00:00:00,1627.0,P9,Mobile App,Success,0
2407,103,2025-03-05 00:00:00,1194.3,P7,Web,Success,0
2409,103,2025-03-10 00:00:00,473.07,P5,POS,Success,0
2413,103,2025-03-16 00:00:00,1540.23,P4,Mobile App,Success,0
2415,103,2025-03-20 00:00:00,1837.61,P4,Mobile App,Success,0
2412,103,2025-03-29 00:00:00,2323.91,P9,POS,Failed,0
2408,103,2025-04-02 00:00:00,2144.46,P9,Web,Success,0
2406,103,2025-04-18 00:00:00,2226.3,P1,Web,Success,0
2405,103,2025-04-22 00:00:00,2349.39,P2,Web,Success,0
2414,103,2025-04-29 00:00:00,1900.18,P2,Mobile App,Success,0
4769,103,2025-06-29 00:00:00,8694.96,P9,Web,Success,1
4770,103,2025-06-29 00:05:00,14152.57,P3,Web,Success,1
4771,103,2025-06-29 00:10:00,7518.99,P5,Web,Success,1
4772,103,2025-06-29 00:15:00,6933.26,P2,Web,Success,1
4773,103,2025-06-29 00:20:00,7571.8,P1,Web,Success,1
2424,104,2025-01-03 00:00:00,1596.01,P5,POS,Success,0
2429,104,2025-01-04 00:00:00,1065.07,P9,Mobile App,Success,0
2417,104,2025-01-12 00:00:00,1081.68,P8,Phone,Success,0
2425,104,2025-02-01 00:00:00,1058.88,P5,Mobile App,Success,0
2422,104,2025-02-02 00:00:00,1745.85,P6,Mobile App,Success,0
2419,104,2025-02-04 00:00:00,1490.39,P5,Mobile App,Success,0
2426,104,2025-02-23 00:00:00,1283.91,P1,POS,Success,0
2427,104,2025-03-20 00:00:00,1566.21,P8,Mobile App,Success,0
2420,104,2025-03-24 00:00:00,1905.67,P9,Mobile App,Success,0
2428,104,2025-03-29 00:00:00,917.75,P2,Web,Success,0
2418,104,2025-04-14 00:00:00,2064.0,P3,Web,Success,0
2423,104,2025-04-14 00:00:00,1668.48,P1,Web,Success,0
2421,104,2025-04-26 00:00:00,1387.08,P7,Mobile App,Success,0
2447,105,2025-01-08 00:00:00,3275.48,P5,POS,Success,0
2440,105,2025-01-09 00:00:00,2533.2,P7,POS,Success,0
2448,105,2025-01-23 00:00:00,2077.46,P7,Mobile App,Success,0
2434,105,2025-01-30 00:00:00,3306.82,P9,Web,Success,0
2437,105,2025-03-09 00:00:00,2621.69,P4,Web,Success,0
2446,105,2025-03-16 00:00:00,2135.75,P2,Mobile App,Success,0
2431,105,2025-03-28 00:00:00,2724.26,P5,Web,Success,0
2441,105,2025-03-29 00:00:00,2892.09,P8,POS,Success,0
2443,105,2025-04-04 00:00:00,2199.33,P1,POS,Success,0
2433,105,2025-04-16 00:00:00,2276.8,P8,Mobile App,Success,0
2439,105,2025-04-18 00:00:00,2958.49,P2,Mobile App,Success,0
2432,105,2025-05-01 00:00:00,2595.16,P2,POS,Success,0
2444,105,2025-05-06 00:00:00,3050.34,P3,POS,Success,0
2430,105,2025-05-15 00:00:00,2369.5,P10,Mobile App,Success,0
2436,105,2025-05-16 00:00:00,2452.78,P5,Mobile App,Success,0
2445,105,2025-06-04 00:00:00,3680.81,P10,Web,Success,0
2435,105,2025-06-23 00:00:00,2961.47,P2,Web,Success,0
2438,105,2025-06-25 00:00:00,1825.53,P1,POS,Success,0
2442,105,2025-06-28 00:00:00,2802.35,P7,Web,Success,0
2481,106,2025-01-07 00:00:00,2202.56,P3,POS,Success,0
2452,106,2025-01-09 00:00:00,2674.03,P3,POS,Success,0
2453,106,2025-01-10 00:00:00,1182.71,P8,Mobile App,Success,0
2461,106,2025-01-13 00:00:00,2243.11,P10,Mobile App,Success,0
2487,106,2025-01-14 00:00:00,2260.56,P4,Mobile App,Success,0
2457,106,2025-01-16 00:00:00,1391.29,P5,POS,Success,0
2484,106,2025-01-20 00:00:00,1855.33,P7,Mobile App,Success,0
2467,106,2025-01-22 00:00:00,2599.38,P1,POS,Success,0
2451,106,2025-01-23 00:00:00,1577.25,P8,Mobile App,Success,0
2470,106,2025-01-26 00:00:00,1592.4,P7,Mobile App,Success,0
2462,106,2025-01-28 00:00:00,1952.7,P5,Mobile App,Failed,0
2480,106,2025-02-05 00:00:00,1541.43,P10,Web,Success,0
2477,106,2025-02-10 00:00:00,510.62,P6,Web,Success,0
2479,106,2025-02-11 00:00:00,2122.39,P10,Mobile App,Success,0
2483,106,2025-02-23 00:00:00,1943.04,P2,Mobile App,Success,0
2464,106,2025-02-25 00:00:00,1694.21,P9,Phone,Success,0
2465,106,2025-03-07 00:00:00,1933.16,P2,Web,Success,0
2469,106,2025-03-09 00:00:00,1837.84,P8,Mobile App,Success,0
2474,106,2025-03-14 00:00:00,2200.66,P7,Mobile App,Success,0
2475,106,2025-03-19 00:00:00,2469.05,P4,Mobile App,Success,0
2459,106,2025-03-21 00:00:00,2206.92,P10,Phone,Success,0
2450,106,2025-03-25 00:00:00,1299.13,P10,Web,Success,0
2478,106,2025-04-03 00:00:00,1430.42,P9,Mobile App,Failed,0
2463,106,2025-04-10 00:00:00,2404.69,P9,Web,Success,0
2455,106,2025-04-13 00:00:00,1376.36,P3,Web,Success,0
2456,106,2025-04-26 00:00:00,2552.27,P10,Web,Success,0
2472,106,2025-04-27 00:00:00,2556.81,P6,Web,Success,0
2454,106,2025-05-10 00:00:00,1725.67,P5,Mobile App,Success,0
2486,106,2025-05-11 00:00:00,1809.2,P9,Mobile App,Success,0
2466,106,2025-05-16 00:00:00,2433.66,P2,POS,Success,0
2449,106,2025-05-23 00:00:00,1649.44,P4,Mobile App,Success,0
2458,106,2025-05-24 00:00:00,2079.12,P10,Web,Success,0
2471,106,2025-05-24 00:00:00,2127.78,P8,Web,Success,0
2460,106,2025-05-25 00:00:00,1851.83,P3,Web,Failed,0
2485,106,2025-05-26 00:00:00,1691.63,P7,Web,Success,0
2476,106,2025-06-02 00:00:00,2274.79,P3,POS,Success,0
2482,106,2025-06-09 00:00:00,1625.8,P7,Web,Success,0
2473,106,2025-06-10 00:00:00,2084.02,P1,POS,Success,0
2468,106,2025-06-23 00:00:00,1470.78,P4,Mobile App,Success,0
2492,107,2025-01-02 00:00:00,2152.8,P6,POS,Success,0
2494,107,2025-02-02 00:00:00,1416.19,P1,POS,Success,0
2491,107,2025-02-28 00:00:00,2965.86,P8,Mobile App,Success,0
2489,107,2025-03-09 00:00:00,1909.78,P4,Web,Success,0
2493,107,2025-03-11 00:00:00,1339.18,P6,Web,Success,0
2490,107,2025-04-26 00:00:00,3571.69,P4,POS,Success,0
2488,107,2025-04-30 00:00:00,1861.51,P8,POS,Success,0
2497,108,2025-01-04 00:00:00,3857.03,P8,Web,Success,0
2500,108,2025-01-07 00:00:00,1027.57,P5,Mobile App,Failed,0
2499,108,2025-02-16 00:00:00,3772.02,P2,Mobile App,Failed,0
2495,108,2025-03-03 00:00:00,2293.31,P1,Mobile App,Success,0
2498,108,2025-03-09 00:00:00,1892.62,P4,Mobile App,Success,0
2501,108,2025-03-23 00:00:00,2958.34,P2,Mobile App,Success,0
2496,108,2025-04-20 00:00:00,2687.76,P5,Web,Success,0
4754,108,2025-06-25 00:00:00,18676.0,P5,Web,Success,1
4755,108,2025-06-25 00:05:00,21768.51,P4,Web,Success,1
4756,108,2025-06-25 00:10:00,21447.76,P9,Web,Success,1
4757,108,2025-06-25 00:15:00,19173.47,P9,Web,Success,1
4758,108,2025-06-25 00:20:00,16399.54,P2,Web,Success,1
2512,109,2025-01-04 00:00:00,3406.21,P3,Phone,Success,0
2506,109,2025-01-05 00:00:00,3198.02,P1,Mobile App,Success,0
2516,109,2025-01-31 00:00:00,2601.35,P4,Web,Success,0
2504,109,2025-02-09 00:00:00,3581.99,P6,POS,Success,0
2518,109,2025-02-12 00:00:00,2385.77,P6,POS,Success,0
2523,109,2025-02-13 00:00:00,3970.32,P8,Mobile App,Success,0
2530,109,2025-02-20 00:00:00,2084.77,P2,Mobile App,Success,0
2521,109,2025-02-24 00:00:00,4221.83,P5,Phone,Success,0
2505,109,2025-03-08 00:00:00,2768.12,P5,Web,Success,0
2529,109,2025-03-11 00:00:00,4276.38,P9,Web,Success,0
2524,109,2025-03-15 00:00:00,3174.16,P3,POS,Success,0
2508,109,2025-03-21 00:00:00,3196.06,P6,Mobile App,Success,0
2522,109,2025-03-24 00:00:00,2383.67,P4,Mobile App,Success,0
2525,109,2025-03-25 00:00:00,3335.32,P5,Web,Success,0
2517,109,2025-03-31 00:00:00,2177.95,P10,Phone,Success,0
2526,109,2025-03-31 00:00:00,3248.68,P3,Mobile App,Success,0
2531,109,2025-04-05 00:00:00,3152.1,P4,Phone,Success,0
2520,109,2025-04-07 00:00:00,679.18,P4,Mobile App,Success,0
2532,109,2025-04-10 00:00:00,3318.56,P9,Mobile App,Success,0
2509,109,2025-04-13 00:00:00,3354.32,P8,Mobile App,Success,0
2519,109,2025-04-17 00:00:00,3061.41,P5,Web,Success,0
2510,109,2025-04-19 00:00:00,3009.36,P8,Web,Success,0
2503,109,2025-05-07 00:00:00,3702.44,P4,POS,Success,0
2515,109,2025-05-10 00:00:00,2724.41,P4,Web,Success,0
2527,109,2025-05-13 00:00:00,3729.97,P4,Web,Success,0
2511,109,2025-06-03 00:00:00,3689.43,P7,Mobile App,Success,0
2513,109,2025-06-09 00:00:00,3601.27,P7,POS,Success,0
2514,109,2025-06-15 00:00:00,3559.35,P8,POS,Success,0
2502,109,2025-06-17 00:00:00,3422.11,P3,Web,Success,0
2507,109,2025-06-21 00:00:00,3557.12,P2,Mobile App,Success,0
2528,109,2025-06-30 00:00:00,3771.91,P2,Mobile App,Success,0
2553,110,2025-01-03 00:00:00,1638.59,P10,Mobile App,Success,0
2564,110,2025-01-04 00:00:00,1505.19,P4,POS,Success,0
2556,110,2025-01-05 00:00:00,1791.51,P8,Web,Success,0
2563,110,2025-01-10 00:00:00,1903.09,P3,Mobile App,Success,0
2535,110,2025-01-11 00:00:00,1845.83,P2,POS,Success,0
2559,110,2025-01-16 00:00:00,1717.38,P1,Web,Success,0
2551,110,2025-01-28 00:00:00,1260.6,P7,Mobile App,Success,0
2538,110,2025-01-31 00:00:00,1746.19,P10,Web,Success,0
2544,110,2025-02-01 00:00:00,994.39,P3,Mobile App,Success,0
2547,110,2025-02-15 00:00:00,1977.32,P6,POS,Success,0
2533,110,2025-02-18 00:00:00,901.9,P8,Web,Success,0
2541,110,2025-03-09 00:00:00,1256.53,P8,Mobile App,Success,0
2536,110,2025-03-14 00:00:00,1740.99,P4,POS,Success,0
2554,110,2025-03-14 00:00:00,999.4,P1,POS,Success,0
2555,110,2025-03-19 00:00:00,2196.35,P6,Web,Success,0
2549,110,2025-03-20 00:00:00,1663.87,P7,Web,Success,0
2534,110,2025-03-25 00:00:00,1919.15,P6,Web,Failed,0
2546,110,2025-04-01 00:00:00,2066.13,P3,Web,Success,0
2565,110,2025-04-10 00:00:00,1370.69,P7,Web,Success,0
2540,110,2025-04-22 00:00:00,1162.32,P4,Mobile App,Success,0
2537,110,2025-05-09 00:00:00,725.98,P1,POS,Success,0
2558,110,2025-05-19 00:00:00,1165.87,P3,Web,Success,0
2545,110,2025-05-20 00:00:00,909.96,P3,Web,Success,0
2560,110,2025-05-29 00:00:00,1381.81,P10,Web,Success,0
2561,110,2025-06-05 00:00:00,1655.64,P10,Web,Failed,0
2550,110,2025-06-09 00:00:00,1289.13,P6,Web,Success,0
2542,110,2025-06-11 00:00:00,1516.95,P8,POS,Success,0
2562,110,2025-06-14 00:00:00,1663.02,P5,Web,Success,0
2552,110,2025-06-17 00:00:00,1377.99,P8,Web,Success,0
2548,110,2025-06-20 00:00:00,1779.87,P8,Web,Success,0
2557,110,2025-06-20 00:00:00,2116.76,P8,POS,Success,0
2543,110,2025-06-26 00:00:00,1317.24,P6,Mobile App,Success,0
2539,110,2025-06-28 00:00:00,1326.01,P6,Web,Success,0
2575,111,2025-01-06 00:00:00,2042.47,P4,Mobile App,Success,0
2566,111,2025-01-10 00:00:00,2235.0,P7,Phone,Success,0
2571,111,2025-01-18 00:00:00,1981.13,P1,Phone,Success,0
2572,111,2025-01-30 00:00:00,1170.86,P1,Web,Success,0
2574,111,2025-02-03 00:00:00,1729.48,P9,POS,Success,0
2585,111,2025-02-08 00:00:00,2065.08,P5,Mobile App,Failed,0
2573,111,2025-02-11 00:00:00,1402.6,P7,Mobile App,Success,0
2588,111,2025-02-11 00:00:00,1518.89,P8,Web,Success,0
2591,111,2025-02-16 00:00:00,1982.75,P2,Web,Success,0
2595,111,2025-02-24 00:00:00,789.48,P1,POS,Success,0
2589,111,2025-03-09 00:00:00,2383.61,P5,Web,Success,0
2569,111,2025-03-10 00:00:00,1490.93,P5,Mobile App,Failed,0
2576,111,2025-03-20 00:00:00,1827.04,P9,POS,Success,0
2579,111,2025-04-01 00:00:00,1981.33,P10,Web,Success,0
2593,111,2025-04-06 00:00:00,1020.28,P10,Mobile App,Success,0
2590,111,2025-04-12 00:00:00,2193.05,P6,Web,Success,0
2578,111,2025-04-27 00:00:00,3114.56,P1,Web,Success,0
2582,111,2025-04-27 00:00:00,1966.41,P8,Mobile App,Success,0
2580,111,2025-04-30 00:00:00,2399.1,P8,Mobile App,Success,0
2567,111,2025-05-08 00:00:00,1800.34,P10,Mobile App,Success,0
2594,111,2025-05-14 00:00:00,2398.71,P4,Phone,Success,0
2584,111,2025-05-20 00:00:00,1984.9,P3,Web,Failed,0
2583,111,2025-05-24 00:00:00,2096.89,P4,Mobile App,Success,0
2570,111,2025-05-29 00:00:00,1471.91,P1,Mobile App,Success,0
2596,111,2025-06-05 00:00:00,1976.12,P4,Web,Success,0
2597,111,2025-06-08 00:00:00,2623.64,P3,POS,Success,0
2568,111,2025-06-15 00:00:00,982.97,P2,Mobile App,Success,0
2581,111,2025-06-19 00:00:00,731.12,P7,Mobile App,Success,0
2577,111,2025-06-23 00:00:00,784.77,P3,Web,Success,0
2586,111,2025-06-24 00:00:00,1587.56,P6,POS,Success,0
2592,111,2025-06-25 00:00:00,1954.77,P8,POS,Success,0
2587,111,2025-06-28 00:00:00,2507.67,P7,POS,Success,0
2613,112,2025-01-02 00:00:00,585.6,P7,Web,Success,0
2607,112,2025-01-08 00:00:00,566.5,P8,Mobile App,Success,0
2598,112,2025-01-17 00:00:00,438.66,P1,POS,Success,0
2609,112,2025-01-19 00:00:00,469.03,P3,Mobile App,Success,0
2604,112,2025-01-30 00:00:00,668.94,P2,Web,Success,0
2600,112,2025-02-05 00:00:00,353.96,P1,Mobile App,Success,0
2611,112,2025-02-13 00:00:00,696.77,P5,Phone,Success,0
2602,112,2025-02-14 00:00:00,648.63,P4,Web,Success,0
2599,112,2025-03-28 00:00:00,325.7,P4,POS,Success,0
2608,112,2025-04-01 00:00:00,564.35,P5,Phone,Success,0
2601,112,2025-04-04 00:00:00,574.02,P7,Mobile App,Success,0
2612,112,2025-04-19 00:00:00,448.53,P6,Mobile App,Success,0
2603,112,2025-05-20 00:00:00,532.43,P4,Web,Success,0
2610,112,2025-05-24 00:00:00,577.64,P3,Web,Success,0
2615,112,2025-06-05 00:00:00,810.83,P5,Mobile App,Success,0
2605,112,2025-06-15 00:00:00,391.15,P8,POS,Success,0
2606,112,2025-06-21 00:00:00,522.34,P1,Mobile App,Success,0
2614,112,2025-06-21 00:00:00,403.06,P9,Mobile App,Success,0
2630,113,2025-01-07 00:00:00,441.43,P8,Web,Success,0
2621,113,2025-01-10 00:00:00,1052.15,P4,Web,Success,0
2639,113,2025-01-13 00:00:00,649.36,P1,Mobile App,Success,0
2636,113,2025-01-17 00:00:00,984.78,P6,Mobile App,Success,0
2637,113,2025-01-23 00:00:00,1018.04,P7,Mobile App,Success,0
2626,113,2025-02-09 00:00:00,1001.82,P9,Phone,Success,0
2633,113,2025-02-11 00:00:00,874.28,P5,Phone,Failed,0
2623,113,2025-02-16 00:00:00,495.98,P9,Mobile App,Success,0
2642,113,2025-02-26 00:00:00,1074.6,P5,Web,Success,0
2629,113,2025-02-28 00:00:00,398.84,P3,Phone,Success,0
2619,113,2025-03-05 00:00:00,839.25,P5,POS,Success,0
2641,113,2025-03-18 00:00:00,807.06,P10,Web,Success,0
2638,113,2025-04-06 00:00:00,397.77,P6,Web,Success,0
2620,113,2025-04-09 00:00:00,987.84,P5,Phone,Success,0
2624,113,2025-04-16 00:00:00,758.37,P3,Phone,Success,0
2631,113,2025-04-30 00:00:00,824.28,P8,Web,Success,0
2632,113,2025-05-07 00:00:00,471.36,P10,Mobile App,Success,0
2622,113,2025-05-20 00:00:00,1080.0,P9,Mobile App,Failed,0
2640,113,2025-05-22 00:00:00,827.82,P10,POS,Success,0
2627,113,2025-05-26 00:00:00,594.25,P9,Mobile App,Success,0
2628,113,2025-05-27 00:00:00,855.41,P3,Mobile App,Success,0
2618,113,2025-06-04 00:00:00,934.91,P10,Phone,Success,0
2617,113,2025-06-06 00:00:00,808.61,P5,Mobile App,Success,0
2635,113,2025-06-08 00:00:00,1004.52,P3,POS,Success,0
2625,113,2025-06-11 00:00:00,668.71,P5,Web,Success,0
2616,113,2025-06-24 00:00:00,808.25,P2,Web,Success,0
2634,113,2025-06-24 00:00:00,692.82,P9,Mobile App,Success,0
2668,114,2025-01-06 00:00:00,1274.91,P2,Web,Failed,0
2653,114,2025-01-17 00:00:00,1928.52,P2,Web,Success,0
2667,114,2025-01-20 00:00:00,976.33,P8,POS,Success,0
2665,114,2025-01-21 00:00:00,1223.09,P10,Mobile App,Success,0
2652,114,2025-01-22 00:00:00,2537.06,P4,POS,Success,0
2645,114,2025-01-29 00:00:00,1419.7,P7,Mobile App,Success,0
2664,114,2025-02-18 00:00:00,2050.32,P9,Mobile App,Success,0
2655,114,2025-02-24 00:00:00,2010.97,P9,Mobile App,Success,0
2658,114,2025-02-28 00:00:00,1547.02,P2,Web,Success,0
2659,114,2025-02-28 00:00:00,2615.47,P1,Web,Success,0
2646,114,2025-03-11 00:00:00,1519.55,P7,Web,Failed,0
2649,114,2025-03-27 00:00:00,1976.84,P6,Mobile App,Success,0
2647,114,2025-03-31 00:00:00,1443.18,P4,Web,Failed,0
2656,114,2025-04-02 00:00:00,2455.72,P5,POS,Failed,0
2648,114,2025-04-10 00:00:00,2185.84,P6,POS,Success,0
2650,114,2025-04-18 00:00:00,1484.93,P6,Mobile App,Success,0
2666,114,2025-04-30 00:00:00,2195.88,P5,POS,Success,0
2643,114,2025-05-14 00:00:00,1739.11,P1,Web,Success,0
2644,114,2025-05-24 00:00:00,1966.11,P5,Mobile App,Success,0
2651,114,2025-05-26 00:00:00,1968.32,P7,Mobile App,Success,0
2663,114,2025-05-27 00:00:00,1404.99,P8,POS,Success,0
2661,114,2025-06-02 00:00:00,1909.69,P8,POS,Success,0
2660,114,2025-06-10 00:00:00,2532.96,P10,Web,Success,0
2662,114,2025-06-10 00:00:00,2125.03,P9,POS,Success,0
2654,114,2025-06-13 00:00:00,1351.45,P5,Mobile App,Success,0
2657,114,2025-06-13 00:00:00,2545.57,P2,Phone,Success,0
2684,115,2025-01-06 00:00:00,2855.55,P10,POS,Success,0
2674,115,2025-01-14 00:00:00,799.83,P8,Web,Success,0
2687,115,2025-01-20 00:00:00,2029.06,P8,Web,Success,0
2702,115,2025-01-29 00:00:00,1184.66,P2,Phone,Success,0
2685,115,2025-03-07 00:00:00,2142.55,P9,Web,Failed,0
2679,115,2025-03-12 00:00:00,1502.96,P9,Web,Success,0
2689,115,2025-03-23 00:00:00,1735.44,P6,Mobile App,Success,0
2697,115,2025-03-24 00:00:00,1578.78,P4,Web,Success,0
2678,115,2025-03-25 00:00:00,1620.43,P5,Mobile App,Success,0
2673,115,2025-04-01 00:00:00,1825.77,P4,POS,Success,0
2672,115,2025-04-09 00:00:00,1784.62,P5,Web,Success,0
2700,115,2025-04-14 00:00:00,1893.89,P2,Mobile App,Failed,0
2682,115,2025-04-16 00:00:00,1533.74,P2,Mobile App,Success,0
2686,115,2025-04-20 00:00:00,1543.35,P10,Web,Success,0
2690,115,2025-04-20 00:00:00,1971.63,P3,Mobile App,Success,0
2677,115,2025-04-21 00:00:00,2257.56,P2,Mobile App,Failed,0
2701,115,2025-04-23 00:00:00,2145.02,P8,Web,Success,0
2694,115,2025-04-25 00:00:00,2359.15,P5,Web,Success,0
2670,115,2025-04-28 00:00:00,2169.98,P8,POS,Success,0
2691,115,2025-04-28 00:00:00,2656.93,P3,POS,Success,0
2693,115,2025-04-30 00:00:00,1525.0,P1,Web,Success,0
2683,115,2025-05-02 00:00:00,2420.33,P10,Web,Success,0
2671,115,2025-05-14 00:00:00,1563.5,P3,Mobile App,Success,0
2692,115,2025-05-16 00:00:00,1324.3,P2,Mobile App,Success,0
2698,115,2025-05-21 00:00:00,1649.87,P9,Web,Success,0
2699,115,2025-05-30 00:00:00,1711.12,P5,Web,Success,0
2696,115,2025-06-08 00:00:00,1995.25,P9,POS,Failed,0
2680,115,2025-06-09 00:00:00,1797.04,P7,Phone,Success,0
2695,115,2025-06-17 00:00:00,2027.77,P7,Mobile App,Success,0
2681,115,2025-06-20 00:00:00,1110.96,P8,Mobile App,Success,0
2669,115,2025-06-22 00:00:00,2303.02,P6,Mobile App,Success,0
2676,115,2025-06-25 00:00:00,1939.82,P8,Mobile App,Success,0
2688,115,2025-06-28 00:00:00,1638.6,P2,Mobile App,Success,0
2675,115,2025-06-29 00:00:00,1862.12,P7,Mobile App,Success,0
2713,116,2025-01-03 00:00:00,800.2,P1,POS,Success,0
2706,116,2025-01-08 00:00:00,707.35,P6,Mobile App,Failed,0
2709,116,2025-01-29 00:00:00,1033.47,P7,Mobile App,Success,0
2703,116,2025-02-10 00:00:00,466.16,P5,Phone,Success,0
2708,116,2025-02-21 00:00:00,1338.47,P3,Mobile App,Success,0
2714,116,2025-02-22 00:00:00,1065.98,P4,POS,Success,0
2704,116,2025-02-23 00:00:00,905.42,P6,POS,Success,0
2712,116,2025-02-28 00:00:00,479.04,P9,Web,Success,0
2711,116,2025-03-15 00:00:00,546.99,P1,POS,Success,0
2707,116,2025-04-09 00:00:00,866.35,P9,Mobile App,Success,0
2710,116,2025-04-20 00:00:00,1306.34,P1,Web,Success,0
2705,116,2025-04-30 00:00:00,771.84,P8,POS,Failed,0
2715,117,2025-01-05 00:00:00,528.47,P3,POS,Success,0
2718,117,2025-01-06 00:00:00,655.0,P10,Mobile App,Success,0
2716,117,2025-01-12 00:00:00,444.05,P7,Web,Success,0
2717,117,2025-02-17 00:00:00,630.87,P2,Web,Success,0
2719,117,2025-02-17 00:00:00,556.21,P8,Mobile App,Success,0
2720,117,2025-02-21 00:00:00,602.29,P3,Web,Success,0
2726,118,2025-01-04 00:00:00,717.96,P1,Web,Success,0
2723,118,2025-01-07 00:00:00,625.53,P9,POS,Success,0
2730,118,2025-01-20 00:00:00,658.91,P2,POS,Success,0
2733,118,2025-01-31 00:00:00,579.03,P4,Web,Success,0
2727,118,2025-02-05 00:00:00,518.72,P4,Mobile App,Success,0
2722,118,2025-02-12 00:00:00,677.0,P7,Mobile App,Success,0
2731,118,2025-02-16 00:00:00,500.75,P1,Web,Success,0
2724,118,2025-03-05 00:00:00,490.38,P3,Mobile App,Success,0
2734,118,2025-03-21 00:00:00,441.43,P7,Web,Success,0
2725,118,2025-03-26 00:00:00,751.67,P10,Mobile App,Success,0
2732,118,2025-03-26 00:00:00,823.29,P10,Web,Success,0
2728,118,2025-04-13 00:00:00,649.58,P3,Mobile App,Success,0
2729,118,2025-04-19 00:00:00,607.06,P3,Mobile App,Success,0
2721,118,2025-04-21 00:00:00,672.2,P8,Web,Success,0
4774,118,2025-06-27 00:00:00,3211.93,P9,Web,Success,1
4775,118,2025-06-27 00:05:00,4421.93,P7,Web,Success,1
4776,118,2025-06-27 00:10:00,2894.26,P7,Web,Success,1
4777,118,2025-06-27 00:15:00,2623.22,P9,Web,Success,1
4778,118,2025-06-27 00:20:00,3545.29,P6,Web,Success,1
2735,119,2025-01-04 00:00:00,2488.3,P5,Mobile App,Success,0
2745,119,2025-01-06 00:00:00,2962.27,P4,Web,Success,0
2737,119,2025-02-03 00:00:00,3111.64,P1,Web,Success,0
2746,119,2025-02-06 00:00:00,2005.64,P6,POS,Success,0
2741,119,2025-02-09 00:00:00,3088.38,P10,Mobile App,Success,0
2739,119,2025-02-16 00:00:00,2455.33,P4,POS,Success,0
2740,119,2025-03-07 00:00:00,1981.49,P1,Web,Success,0
2744,119,2025-03-12 00:00:00,2636.77,P4,Web,Success,0
2742,119,2025-03-25 00:00:00,2394.42,P6,Web,Success,0
2743,119,2025-03-27 00:00:00,2287.96,P8,Mobile App,Success,0
2736,119,2025-04-22 00:00:00,2285.21,P4,Web,Failed,0
2738,119,2025-04-27 00:00:00,2823.54,P6,POS,Success,0
2774,120,2025-01-10 00:00:00,3633.83,P5,Mobile App,Success,0
2763,120,2025-01-19 00:00:00,3510.22,P9,Web,Success,0
2771,120,2025-01-24 00:00:00,3111.48,P8,Mobile App,Success,0
2765,120,2025-02-01 00:00:00,1733.82,P9,Mobile App,Success,0
2756,120,2025-02-16 00:00:00,1679.38,P4,Web,Success,0
2773,120,2025-02-24 00:00:00,3094.62,P4,Mobile App,Success,0
2770,120,2025-02-27 00:00:00,3246.01,P1,Web,Success,0
2766,120,2025-03-05 00:00:00,3393.03,P6,Web,Success,0
2761,120,2025-03-06 00:00:00,2871.19,P4,Web,Success,0
2762,120,2025-03-22 00:00:00,2334.32,P9,POS,Success,0
2754,120,2025-03-23 00:00:00,3170.11,P6,Mobile App,Success,0
2767,120,2025-03-23 00:00:00,3225.04,P7,Mobile App,Success,0
2757,120,2025-03-24 00:00:00,2113.14,P9,POS,Success,0
2750,120,2025-03-29 00:00:00,2870.23,P4,Mobile App,Success,0
2748,120,2025-03-31 00:00:00,2874.03,P6,POS,Success,0
2753,120,2025-04-01 00:00:00,2647.59,P2,POS,Success,0
2772,120,2025-04-06 00:00:00,3308.58,P3,POS,Failed,0
2751,120,2025-04-18 00:00:00,2154.78,P8,POS,Success,0
2749,120,2025-04-23 00:00:00,4107.0,P3,Mobile App,Success,0
2759,120,2025-04-23 00:00:00,2643.5,P5,Mobile App,Success,0
2764,120,2025-04-26 00:00:00,2959.12,P4,Web,Failed,0
2769,120,2025-04-30 00:00:00,3059.21,P7,Mobile App,Success,0
2752,120,2025-05-01 00:00:00,2615.34,P1,POS,Success,0
2776,120,2025-05-08 00:00:00,1228.17,P7,Mobile App,Success,0
2768,120,2025-05-24 00:00:00,1483.7,P10,Web,Success,0
2760,120,2025-05-25 00:00:00,2440.56,P7,Mobile App,Success,0
2747,120,2025-05-27 00:00:00,3527.12,P4,Web,Success,0
2755,120,2025-06-24 00:00:00,2133.78,P8,Mobile App,Success,0
2775,120,2025-06-26 00:00:00,3052.56,P9,Mobile App,Success,0
2758,120,2025-06-29 00:00:00,2165.16,P1,Web,Success,0
2781,121,2025-01-11 00:00:00,2810.46,P7,POS,Success,0
2783,121,2025-01-21 00:00:00,3470.06,P1,Mobile App,Success,0
2777,121,2025-01-24 00:00:00,1629.23,P10,POS,Success,0
2782,121,2025-01-25 00:00:00,2424.58,P3,POS,Success,0
2780,121,2025-01-29 00:00:00,3160.83,P5,Mobile App,Success,0
2784,121,2025-02-07 00:00:00,2824.01,P1,Web,Success,0
2779,121,2025-03-28 00:00:00,1635.24,P6,Mobile App,Success,0
2785,121,2025-04-09 00:00:00,1027.13,P4,Mobile App,Success,0
2778,121,2025-04-23 00:00:00,3348.21,P6,Mobile App,Success,0
2810,122,2025-01-09 00:00:00,2363.96,P1,Phone,Success,0
2811,122,2025-01-25 00:00:00,3515.2,P5,Mobile App,Success,0
2806,122,2025-02-11 00:00:00,1425.39,P6,Mobile App,Success,0
2788,122,2025-02-20 00:00:00,2367.39,P2,Web,Success,0
2809,122,2025-02-20 00:00:00,2543.77,P6,POS,Success,0
2791,122,2025-02-25 00:00:00,3470.46,P1,Mobile App,Success,0
2790,122,2025-03-01 00:00:00,2131.39,P4,Web,Success,0
2794,122,2025-03-15 00:00:00,3261.77,P7,Mobile App,Success,0
2798,122,2025-03-17 00:00:00,3422.73,P8,Mobile App,Success,0
2795,122,2025-03-22 00:00:00,2032.83,P1,Mobile App,Success,0
2787,122,2025-03-28 00:00:00,2901.69,P3,POS,Success,0
2802,122,2025-04-01 00:00:00,2690.13,P3,Mobile App,Success,0
2807,122,2025-04-01 00:00:00,1923.36,P4,POS,Success,0
2816,122,2025-04-01 00:00:00,2186.44,P2,Web,Success,0
2812,122,2025-04-04 00:00:00,4096.44,P9,Web,Success,0
2793,122,2025-04-09 00:00:00,1583.11,P4,Web,Success,0
2789,122,2025-04-12 00:00:00,2960.99,P2,Web,Success,0
2796,122,2025-04-14 00:00:00,2590.01,P4,POS,Success,0
2800,122,2025-04-14 00:00:00,3147.28,P5,Mobile App,Success,0
2808,122,2025-04-20 00:00:00,3889.17,P8,Mobile App,Success,0
2813,122,2025-04-23 00:00:00,2544.36,P9,Web,Failed,0
2803,122,2025-04-26 00:00:00,4239.49,P7,POS,Success,0
2799,122,2025-05-01 00:00:00,3109.62,P9,Web,Success,0
2817,122,2025-05-06 00:00:00,2687.33,P4,Phone,Success,0
2818,122,2025-05-07 00:00:00,2236.21,P2,Mobile App,Success,0
2786,122,2025-05-11 00:00:00,2085.95,P8,POS,Success,0
2819,122,2025-05-15 00:00:00,3611.04,P3,POS,Success,0
2797,122,2025-05-17 00:00:00,3014.47,P4,POS,Success,0
2801,122,2025-05-17 00:00:00,2141.94,P2,Mobile App,Success,0
2805,122,2025-05-22 00:00:00,1347.4,P7,Web,Success,0
2815,122,2025-05-24 00:00:00,2623.45,P9,POS,Failed,0
2804,122,2025-05-31 00:00:00,2493.71,P8,Phone,Success,0
2814,122,2025-06-13 00:00:00,3130.74,P4,POS,Success,0
2792,122,2025-06-22 00:00:00,2617.34,P3,POS,Success,0
2823,123,2025-01-15 00:00:00,2203.4,P6,Mobile App,Success,0
2828,123,2025-02-01 00:00:00,1941.93,P6,Mobile App,Success,0
2832,123,2025-02-23 00:00:00,2104.92,P3,Mobile App,Success,0
2833,123,2025-02-26 00:00:00,3812.37,P6,POS,Success,0
2835,123,2025-02-27 00:00:00,2098.37,P1,Phone,Success,0
2821,123,2025-03-23 00:00:00,2683.71,P8,Web,Success,0
2830,123,2025-03-27 00:00:00,3533.47,P4,Web,Success,0
2829,123,2025-04-08 00:00:00,2082.35,P5,Web,Success,0
2826,123,2025-04-17 00:00:00,2537.63,P9,Phone,Success,0
2831,123,2025-04-23 00:00:00,2029.21,P7,Mobile App,Success,0
2836,123,2025-04-28 00:00:00,2260.38,P5,POS,Success,0
2834,123,2025-04-30 00:00:00,2118.22,P5,POS,Success,0
2825,123,2025-05-09 00:00:00,1806.21,P9,Mobile App,Success,0
2824,123,2025-05-10 00:00:00,2619.06,P2,Mobile App,Success,0
2820,123,2025-06-16 00:00:00,2101.35,P8,Phone,Success,0
2827,123,2025-06-25 00:00:00,2580.83,P9,Web,Success,0
2822,123,2025-06-26 00:00:00,2223.14,P9,Web,Success,0
2837,123,2025-06-29 00:00:00,2565.79,P9,Mobile App,Success,0
2838,124,2025-01-06 00:00:00,791.1,P6,POS,Success,0
2844,124,2025-01-24 00:00:00,932.67,P10,Web,Success,0
2855,124,2025-02-02 00:00:00,943.35,P3,Mobile App,Success,0
2846,124,2025-02-20 00:00:00,1386.39,P3,Web,Success,0
2839,124,2025-02-25 00:00:00,1034.88,P6,Web,Success,0
2840,124,2025-03-06 00:00:00,1189.22,P3,Mobile App,Success,0
2857,124,2025-03-29 00:00:00,982.71,P5,Mobile App,Success,0
2856,124,2025-04-01 00:00:00,1245.88,P5,Web,Success,0
2860,124,2025-04-04 00:00:00,1234.31,P7,Mobile App,Success,0
2861,124,2025-04-09 00:00:00,1096.09,P4,POS,Success,0
2847,124,2025-04-13 00:00:00,376.59,P8,Mobile App,Success,0
2859,124,2025-04-13 00:00:00,1108.62,P6,POS,Success,0
2842,124,2025-04-25 00:00:00,1270.17,P5,Mobile App,Success,0
2843,124,2025-05-15 00:00:00,821.75,P4,Web,Success,0
2848,124,2025-05-27 00:00:00,864.66,P2,Mobile App,Success,0
2853,124,2025-05-28 00:00:00,891.88,P2,Web,Success,0
2850,124,2025-05-29 00:00:00,1113.19,P10,Web,Success,0
2849,124,2025-06-08 00:00:00,1407.34,P6,POS,Success,0
2841,124,2025-06-09 00:00:00,1522.02,P2,Web,Success,0
2862,124,2025-06-09 00:00:00,606.35,P1,POS,Success,0
2852,124,2025-06-12 00:00:00,711.51,P10,Web,Success,0
2854,124,2025-06-12 00:00:00,1346.54,P5,Mobile App,Success,0
2845,124,2025-06-16 00:00:00,657.64,P2,Mobile App,Success,0
2851,124,2025-06-18 00:00:00,950.3,P6,Mobile App,Success,0
2858,124,2025-06-20 00:00:00,1259.04,P1,POS,Success,0
2869,125,2025-01-05 00:00:00,687.9,P9,Mobile App,Success,0
2874,125,2025-01-11 00:00:00,627.29,P3,Mobile App,Success,0
2880,125,2025-01-13 00:00:00,785.77,P3,Mobile App,Failed,0
2876,125,2025-01-27 00:00:00,546.47,P3,Web,Success,0
2871,125,2025-01-28 00:00:00,183.24,P7,Web,Success,0
2886,125,2025-01-29 00:00:00,559.77,P7,Web,Success,0
2887,125,2025-01-29 00:00:00,691.01,P9,POS,Success,0
2870,125,2025-02-10 00:00:00,804.54,P3,Web,Success,0
2882,125,2025-02-11 00:00:00,778.37,P8,Mobile App,Success,0
2863,125,2025-02-26 00:00:00,712.14,P5,Web,Success,0
2866,125,2025-03-03 00:00:00,769.31,P1,POS,Success,0
2888,125,2025-03-04 00:00:00,569.65,P4,Mobile App,Success,0
2864,125,2025-03-30 00:00:00,599.68,P1,Mobile App,Success,0
2873,125,2025-04-14 00:00:00,941.42,P10,Web,Success,0
2879,125,2025-04-17 00:00:00,526.31,P4,POS,Success,0
2885,125,2025-04-21 00:00:00,466.11,P7,Mobile App,Success,0
2884,125,2025-04-22 00:00:00,764.05,P8,Mobile App,Success,0
2872,125,2025-04-27 00:00:00,762.18,P4,POS,Success,0
2868,125,2025-04-28 00:00:00,961.88,P9,Mobile App,Success,0
2875,125,2025-05-06 00:00:00,647.43,P9,POS,Success,0
2881,125,2025-05-08 00:00:00,742.48,P9,Mobile App,Success,0
2867,125,2025-05-21 00:00:00,722.56,P6,Web,Success,0
2883,125,2025-05-31 00:00:00,660.04,P7,POS,Success,0
2865,125,2025-06-09 00:00:00,493.39,P1,POS,Success,0
2878,125,2025-06-10 00:00:00,841.39,P6,Web,Success,0
2877,125,2025-06-25 00:00:00,804.56,P10,Mobile App,Success,0
2900,126,2025-01-04 00:00:00,1674.35,P4,Mobile App,Success,0
2908,126,2025-01-11 00:00:00,2236.63,P7,POS,Success,0
2895,126,2025-01-16 00:00:00,1415.4,P1,Web,Success,0
2894,126,2025-02-22 00:00:00,3280.32,P5,Mobile App,Success,0
2903,126,2025-03-08 00:00:00,2000.7,P2,Web,Success,0
2893,126,2025-03-11 00:00:00,2127.5,P3,POS,Success,0
2890,126,2025-03-15 00:00:00,2506.14,P3,Mobile App,Success,0
2891,126,2025-03-21 00:00:00,2201.41,P1,Web,Success,0
2910,126,2025-03-23 00:00:00,1939.85,P10,Web,Success,0
2896,126,2025-03-28 00:00:00,2223.87,P6,Mobile App,Success,0
2901,126,2025-03-29 00:00:00,2245.99,P8,Mobile App,Success,0
2907,126,2025-04-03 00:00:00,3008.89,P6,POS,Success,0
2889,126,2025-04-09 00:00:00,2678.03,P4,POS,Failed,0
2899,126,2025-04-14 00:00:00,3423.37,P9,Mobile App,Failed,0
2904,126,2025-04-25 00:00:00,2539.74,P5,Mobile App,Success,0
2906,126,2025-04-25 00:00:00,2922.12,P9,Web,Success,0
2902,126,2025-05-10 00:00:00,2403.43,P4,Mobile App,Success,0
2892,126,2025-05-14 00:00:00,2485.72,P7,Web,Success,0
2898,126,2025-05-17 00:00:00,2838.31,P9,POS,Success,0
2905,126,2025-06-02 00:00:00,3253.85,P9,Mobile App,Success,0
2909,126,2025-06-06 00:00:00,2290.29,P4,Web,Success,0
2897,126,2025-06-23 00:00:00,2599.35,P4,Mobile App,Success,0
2914,127,2025-01-05 00:00:00,2453.09,P1,Web,Success,0
2918,127,2025-01-05 00:00:00,2475.73,P4,Phone,Success,0
2921,127,2025-01-16 00:00:00,1429.66,P7,Web,Success,0
2911,127,2025-02-03 00:00:00,2759.43,P4,Web,Success,0
2913,127,2025-03-10 00:00:00,3309.34,P9,Mobile App,Success,0
2924,127,2025-04-01 00:00:00,2356.56,P6,Phone,Success,0
2917,127,2025-04-10 00:00:00,1716.79,P2,Web,Success,0
2916,127,2025-04-22 00:00:00,2432.28,P9,Mobile App,Success,0
2919,127,2025-04-28 00:00:00,2566.16,P3,Web,Success,0
2923,127,2025-04-30 00:00:00,2334.93,P9,Web,Success,0
2925,127,2025-05-07 00:00:00,1508.29,P2,POS,Success,0
2915,127,2025-05-18 00:00:00,1789.88,P8,Phone,Success,0
2920,127,2025-06-01 00:00:00,2639.59,P1,Web,Success,0
2912,127,2025-06-03 00:00:00,2050.29,P7,Web,Success,0
2922,127,2025-06-15 00:00:00,2562.06,P2,Web,Success,0
2939,128,2025-01-05 00:00:00,2783.9,P10,Web,Success,0
2952,128,2025-01-07 00:00:00,3695.26,P7,Web,Success,0
2937,128,2025-01-08 00:00:00,2889.64,P8,Mobile App,Success,0
2940,128,2025-01-10 00:00:00,1071.36,P10,Mobile App,Success,0
2944,128,2025-01-14 00:00:00,1839.02,P8,Mobile App,Success,0
2935,128,2025-01-19 00:00:00,1909.47,P5,Phone,Success,0
2953,128,2025-01-21 00:00:00,2752.54,P7,Web,Success,0
2954,128,2025-01-22 00:00:00,1695.65,P9,Mobile App,Success,0
2934,128,2025-01-23 00:00:00,1918.78,P2,Web,Success,0
2929,128,2025-02-02 00:00:00,3234.05,P6,Web,Success,0
2945,128,2025-02-05 00:00:00,2959.39,P6,Web,Success,0
2942,128,2025-02-11 00:00:00,2307.96,P10,Mobile App,Success,0
2949,128,2025-02-12 00:00:00,2801.21,P3,Mobile App,Success,0
2928,128,2025-02-20 00:00:00,1097.72,P3,Web,Failed,0
2933,128,2025-02-25 00:00:00,2924.23,P1,Mobile App,Success,0
2948,128,2025-02-25 00:00:00,2341.81,P1,POS,Success,0
2931,128,2025-03-02 00:00:00,1989.85,P5,Web,Success,0
2950,128,2025-03-07 00:00:00,2796.54,P4,Phone,Success,0
2955,128,2025-03-15 00:00:00,3585.46,P4,Mobile App,Success,0
2938,128,2025-03-18 00:00:00,2545.59,P5,Mobile App,Failed,0
2941,128,2025-03-25 00:00:00,3460.9,P3,Phone,Success,0
2930,128,2025-04-16 00:00:00,1969.78,P7,POS,Success,0
2936,128,2025-04-23 00:00:00,2042.66,P5,Web,Success,0
2932,128,2025-04-29 00:00:00,3102.03,P8,Mobile App,Success,0
2943,128,2025-05-13 00:00:00,3049.46,P7,Web,Failed,0
2946,128,2025-05-13 00:00:00,3574.39,P2,POS,Success,0
2951,128,2025-05-17 00:00:00,3776.54,P8,POS,Success,0
2926,128,2025-06-06 00:00:00,2535.21,P1,POS,Success,0
2927,128,2025-06-07 00:00:00,2560.44,P9,Web,Success,0
2947,128,2025-06-19 00:00:00,2944.5,P4,Web,Success,0
2958,129,2025-01-10 00:00:00,1201.65,P8,Web,Success,0
2982,129,2025-01-14 00:00:00,2001.46,P9,Mobile App,Success,0
2993,129,2025-01-16 00:00:00,1780.54,P3,Mobile App,Success,0
2972,129,2025-01-17 00:00:00,1584.16,P9,POS,Success,0
2956,129,2025-01-18 00:00:00,1323.75,P7,Mobile App,Success,0
2980,129,2025-01-31 00:00:00,1397.21,P2,Mobile App,Success,0
2974,129,2025-02-08 00:00:00,2025.27,P1,Phone,Success,0
2957,129,2025-02-09 00:00:00,1496.15,P2,Web,Success,0
2968,129,2025-02-11 00:00:00,1532.98,P2,Mobile App,Success,0
2985,129,2025-02-12 00:00:00,2047.66,P6,Mobile App,Success,0
2978,129,2025-02-17 00:00:00,1335.5,P2,Web,Success,0
2986,129,2025-02-20 00:00:00,632.15,P4,POS,Success,0
2988,129,2025-02-20 00:00:00,1159.69,P10,Mobile App,Success,0
2966,129,2025-02-26 00:00:00,1609.53,P7,Mobile App,Success,0
2969,129,2025-03-03 00:00:00,1587.61,P2,Mobile App,Success,0
2981,129,2025-03-06 00:00:00,2402.94,P10,Mobile App,Success,0
2992,129,2025-03-11 00:00:00,2021.51,P8,Web,Failed,0
2971,129,2025-03-12 00:00:00,1650.35,P10,Mobile App,Success,0
2963,129,2025-03-16 00:00:00,1595.02,P8,Mobile App,Success,0
2960,129,2025-03-20 00:00:00,1486.18,P7,Mobile App,Success,0
2970,129,2025-03-22 00:00:00,1706.94,P5,Web,Success,0
2977,129,2025-03-24 00:00:00,1204.22,P4,Mobile App,Success,0
2975,129,2025-04-01 00:00:00,1675.38,P8,Mobile App,Success,0
2959,129,2025-04-05 00:00:00,1954.37,P6,POS,Success,0
2964,129,2025-04-07 00:00:00,1340.48,P8,Web,Success,0
2976,129,2025-04-11 00:00:00,1513.91,P4,Web,Success,0
2990,129,2025-04-12 00:00:00,1858.32,P2,Phone,Failed,0
2984,129,2025-04-19 00:00:00,1433.28,P5,Web,Success,0
2989,129,2025-04-20 00:00:00,1674.7,P3,Web,Success,0
2983,129,2025-05-01 00:00:00,649.75,P10,Web,Success,0
2991,129,2025-05-03 00:00:00,1622.41,P7,Mobile App,Success,0
2979,129,2025-05-09 00:00:00,1236.92,P2,Mobile App,Success,0
2967,129,2025-05-16 00:00:00,1807.55,P3,Web,Success,0
2987,129,2025-05-23 00:00:00,2003.21,P6,Web,Success,0
2965,129,2025-06-07 00:00:00,2148.14,P10,Mobile App,Success,0
2961,129,2025-06-13 00:00:00,1370.94,P4,POS,Success,0
2962,129,2025-06-20 00:00:00,1363.45,P10,Web,Success,0
2973,129,2025-06-20 00:00:00,1431.3,P4,Mobile App,Success,0
3013,130,2025-01-15 00:00:00,891.09,P9,Phone,Success,0
3014,130,2025-01-21 00:00:00,634.34,P5,Mobile App,Success,0
3001,130,2025-02-02 00:00:00,892.93,P2,POS,Success,0
3003,130,2025-02-02 00:00:00,421.15,P10,Mobile App,Success,0
3009,130,2025-02-23 00:00:00,731.39,P8,Mobile App,Success,0
3007,130,2025-02-24 00:00:00,598.25,P1,Web,Success,0
3008,130,2025-02-25 00:00:00,392.54,P6,POS,Success,0
2994,130,2025-03-11 00:00:00,557.75,P4,Web,Success,0
2995,130,2025-03-16 00:00:00,684.69,P6,Mobile App,Failed,0
2996,130,2025-03-25 00:00:00,960.45,P4,Web,Success,0
3011,130,2025-03-29 00:00:00,920.51,P7,Mobile App,Success,0
2999,130,2025-04-03 00:00:00,1085.82,P9,Web,Success,0
3004,130,2025-04-24 00:00:00,817.39,P8,Phone,Success,0
3002,130,2025-05-01 00:00:00,680.77,P9,Web,Success,0
2998,130,2025-05-10 00:00:00,664.34,P8,Mobile App,Success,0
3005,130,2025-05-14 00:00:00,645.2,P6,Mobile App,Success,0
3000,130,2025-06-10 00:00:00,728.03,P8,Web,Success,0
3012,130,2025-06-12 00:00:00,589.49,P3,Mobile App,Success,0
2997,130,2025-06-14 00:00:00,1046.75,P10,Web,Success,0
3010,130,2025-06-17 00:00:00,640.44,P3,Mobile App,Success,0
3006,130,2025-06-20 00:00:00,727.12,P9,POS,Success,0
3018,131,2025-01-02 00:00:00,1502.5,P4,Web,Success,0
3017,131,2025-01-14 00:00:00,1359.68,P5,Mobile App,Success,0
3021,131,2025-01-29 00:00:00,1040.11,P2,Mobile App,Success,0
3016,131,2025-02-21 00:00:00,966.05,P8,Web,Success,0
3015,131,2025-03-05 00:00:00,752.09,P2,Web,Success,0
3019,131,2025-03-27 00:00:00,1285.36,P8,POS,Success,0
3020,131,2025-04-16 00:00:00,603.16,P1,Mobile App,Success,0
3035,132,2025-01-06 00:00:00,1080.82,P3,Web,Success,0
3038,132,2025-01-06 00:00:00,829.67,P4,Mobile App,Success,0
3031,132,2025-01-24 00:00:00,1115.75,P1,Mobile App,Success,0
3036,132,2025-02-01 00:00:00,1283.85,P9,POS,Success,0
3039,132,2025-02-01 00:00:00,902.72,P5,Mobile App,Success,0
3022,132,2025-02-03 00:00:00,2132.71,P3,Web,Success,0
3029,132,2025-02-03 00:00:00,1387.18,P7,POS,Success,0
3027,132,2025-02-12 00:00:00,1328.58,P8,POS,Success,0
3034,132,2025-02-15 00:00:00,1248.75,P2,POS,Success,0
3037,132,2025-02-20 00:00:00,1204.88,P8,Web,Success,0
3026,132,2025-03-03 00:00:00,1516.18,P9,Mobile App,Success,0
3028,132,2025-03-26 00:00:00,1279.01,P4,Mobile App,Success,0
3023,132,2025-03-27 00:00:00,781.89,P1,Mobile App,Success,0
3032,132,2025-04-23 00:00:00,1237.83,P7,Mobile App,Success,0
3024,132,2025-04-27 00:00:00,1237.31,P5,Mobile App,Success,0
3025,132,2025-05-16 00:00:00,1122.91,P9,Mobile App,Success,0
3030,132,2025-05-25 00:00:00,1526.94,P6,Mobile App,Success,0
3041,132,2025-06-03 00:00:00,1018.72,P4,Mobile App,Success,0
3033,132,2025-06-10 00:00:00,1225.95,P2,Web,Success,0
3042,132,2025-06-12 00:00:00,1310.94,P4,Web,Success,0
3040,132,2025-06-18 00:00:00,1110.84,P6,Web,Success,0
3053,133,2025-01-03 00:00:00,3288.78,P9,Mobile App,Success,0
3043,133,2025-01-23 00:00:00,3235.93,P2,POS,Success,0
3069,133,2025-01-27 00:00:00,2925.14,P3,Web,Success,0
3074,133,2025-01-31 00:00:00,2554.43,P2,POS,Success,0
3054,133,2025-02-20 00:00:00,3033.0,P9,Mobile App,Success,0
3044,133,2025-02-21 00:00:00,3645.84,P7,Web,Success,0
3056,133,2025-02-28 00:00:00,2842.04,P2,Web,Failed,0
3059,133,2025-02-28 00:00:00,2680.34,P7,POS,Success,0
3046,133,2025-03-01 00:00:00,2065.85,P1,Mobile App,Success,0
3062,133,2025-03-03 00:00:00,2001.61,P4,Phone,Success,0
3047,133,2025-03-15 00:00:00,3530.22,P9,Mobile App,Success,0
3055,133,2025-03-16 00:00:00,2440.86,P6,Web,Success,0
3073,133,2025-03-18 00:00:00,2301.26,P4,Web,Success,0
3051,133,2025-03-19 00:00:00,2219.98,P2,Web,Success,0
3060,133,2025-03-20 00:00:00,2211.49,P9,Mobile App,Success,0
3071,133,2025-03-26 00:00:00,2893.0,P3,Mobile App,Success,0
3058,133,2025-03-27 00:00:00,2336.15,P8,Web,Success,0
3066,133,2025-03-31 00:00:00,3061.33,P3,Web,Success,0
3061,133,2025-04-08 00:00:00,3264.16,P6,POS,Success,0
3052,133,2025-04-12 00:00:00,3197.59,P6,Mobile App,Success,0
3063,133,2025-04-16 00:00:00,2961.62,P1,POS,Success,0
3068,133,2025-04-21 00:00:00,3095.68,P3,Web,Success,0
3065,133,2025-04-29 00:00:00,2466.21,P2,Mobile App,Success,0
3070,133,2025-05-08 00:00:00,2626.58,P4,POS,Success,0
3064,133,2025-05-22 00:00:00,1795.37,P6,Mobile App,Success,0
3049,133,2025-05-26 00:00:00,3278.2,P9,POS,Success,0
3045,133,2025-06-03 00:00:00,2851.75,P9,Web,Success,0
3072,133,2025-06-08 00:00:00,1574.01,P4,Web,Success,0
3050,133,2025-06-13 00:00:00,3144.9,P2,Mobile App,Success,0
3067,133,2025-06-19 00:00:00,3642.75,P7,Mobile App,Success,0
3057,133,2025-06-23 00:00:00,1486.11,P4,Web,Success,0
3048,133,2025-06-27 00:00:00,3244.63,P5,Mobile App,Success,0
3076,134,2025-01-10 00:00:00,1128.09,P3,Web,Success,0
3082,134,2025-01-14 00:00:00,1717.86,P9,Mobile App,Success,0
3087,134,2025-01-14 00:00:00,2236.02,P4,POS,Success,0
3089,134,2025-01-14 00:00:00,2242.15,P7,Mobile App,Success,0
3080,134,2025-01-26 00:00:00,1604.98,P2,Mobile App,Success,0
3086,134,2025-02-02 00:00:00,2262.48,P7,Web,Success,0
3079,134,2025-02-08 00:00:00,1306.96,P2,POS,Success,0
3078,134,2025-02-14 00:00:00,1082.66,P1,Mobile App,Success,0
3084,134,2025-02-15 00:00:00,1844.64,P7,Web,Success,0
3083,134,2025-02-25 00:00:00,1522.05,P10,POS,Success,0
3091,134,2025-03-08 00:00:00,1432.47,P3,POS,Success,0
3081,134,2025-03-14 00:00:00,1199.1,P5,Web,Success,0
3075,134,2025-03-16 00:00:00,1335.49,P4,Web,Failed,0
3085,134,2025-03-23 00:00:00,1297.58,P8,Mobile App,Success,0
3088,134,2025-04-23 00:00:00,1900.62,P8,Phone,Success,0
3090,134,2025-04-24 00:00:00,1697.16,P2,Web,Success,0
3077,134,2025-05-11 00:00:00,3037.62,P7,POS,Success,0
3099,135,2025-01-06 00:00:00,984.44,P8,Mobile App,Success,0
3105,135,2025-01-13 00:00:00,1498.47,P9,Mobile App,Success,0
3094,135,2025-01-20 00:00:00,1633.54,P7,POS,Success,0
3101,135,2025-01-20 00:00:00,1641.75,P1,Web,Success,0
3103,135,2025-01-20 00:00:00,1031.72,P1,Mobile App,Success,0
3107,135,2025-02-01 00:00:00,995.06,P6,POS,Success,0
3116,135,2025-02-10 00:00:00,1159.22,P10,Web,Success,0
3108,135,2025-02-18 00:00:00,1338.66,P2,POS,Success,0
3106,135,2025-02-26 00:00:00,1258.97,P6,Mobile App,Success,0
3096,135,2025-03-04 00:00:00,1203.76,P2,Mobile App,Success,0
3110,135,2025-03-24 00:00:00,1234.7,P10,Web,Success,0
3114,135,2025-03-30 00:00:00,1458.04,P2,Web,Success,0
3104,135,2025-04-03 00:00:00,914.16,P6,Mobile App,Success,0
3097,135,2025-04-07 00:00:00,1365.99,P4,Web,Success,0
3102,135,2025-04-07 00:00:00,1034.08,P9,Phone,Success,0
3109,135,2025-04-20 00:00:00,1469.45,P6,Web,Success,0
3113,135,2025-05-05 00:00:00,1050.88,P10,Web,Success,0
3100,135,2025-05-08 00:00:00,1600.13,P7,Mobile App,Success,0
3111,135,2025-05-10 00:00:00,1322.62,P8,Web,Success,0
3095,135,2025-05-22 00:00:00,1794.27,P9,Mobile App,Success,0
3115,135,2025-05-24 00:00:00,1202.29,P7,Mobile App,Success,0
3112,135,2025-06-11 00:00:00,1059.23,P2,Mobile App,Success,0
3098,135,2025-06-12 00:00:00,1393.59,P2,Web,Success,0
3093,135,2025-06-13 00:00:00,1375.46,P9,POS,Success,0
3092,135,2025-06-27 00:00:00,1654.43,P9,Web,Success,0
3122,136,2025-01-05 00:00:00,470.05,P1,POS,Success,0
3121,136,2025-01-13 00:00:00,604.87,P1,Web,Success,0
3118,136,2025-02-14 00:00:00,578.06,P5,POS,Success,0
3124,136,2025-02-17 00:00:00,508.33,P10,Mobile App,Success,0
3120,136,2025-03-23 00:00:00,518.44,P3,Mobile App,Success,0
3119,136,2025-03-25 00:00:00,536.46,P1,Phone,Failed,0
3123,136,2025-03-26 00:00:00,899.03,P4,Web,Success,0
3117,136,2025-04-13 00:00:00,637.66,P10,Mobile App,Success,0
3142,137,2025-01-05 00:00:00,1095.66,P9,POS,Success,0
3148,137,2025-01-11 00:00:00,726.7,P7,Web,Success,0
3147,137,2025-01-20 00:00:00,1074.28,P1,Web,Success,0
3125,137,2025-01-24 00:00:00,1159.34,P9,Web,Success,0
3130,137,2025-01-24 00:00:00,1141.33,P9,Phone,Success,0
3132,137,2025-01-25 00:00:00,763.06,P3,Phone,Success,0
3133,137,2025-01-28 00:00:00,1066.47,P8,Mobile App,Success,0
3126,137,2025-02-08 00:00:00,829.64,P1,Web,Success,0
3127,137,2025-02-11 00:00:00,1077.07,P9,Web,Success,0
3139,137,2025-02-25 00:00:00,1683.94,P8,Web,Success,0
3134,137,2025-02-28 00:00:00,922.32,P4,Web,Success,0
3136,137,2025-03-05 00:00:00,1708.45,P10,Web,Success,0
3128,137,2025-03-22 00:00:00,886.47,P10,Web,Success,0
3149,137,2025-03-26 00:00:00,1095.74,P5,Mobile App,Success,0
3140,137,2025-03-29 00:00:00,1292.13,P5,Web,Success,0
3144,137,2025-04-02 00:00:00,898.06,P4,Mobile App,Success,0
3135,137,2025-04-03 00:00:00,1181.25,P10,Web,Success,0
3131,137,2025-05-17 00:00:00,1104.0,P4,Mobile App,Success,0
3129,137,2025-05-18 00:00:00,876.72,P2,Mobile App,Success,0
3146,137,2025-05-29 00:00:00,1191.71,P9,Web,Success,0
3141,137,2025-06-02 00:00:00,1474.36,P1,Web,Success,0
3143,137,2025-06-02 00:00:00,1776.24,P8,Web,Success,0
3145,137,2025-06-09 00:00:00,979.35,P5,Web,Success,0
3137,137,2025-06-20 00:00:00,624.44,P1,Mobile App,Success,0
3138,137,2025-06-23 00:00:00,1548.24,P8,Mobile App,Success,0
3159,138,2025-01-06 00:00:00,1085.13,P7,Web,Success,0
3153,138,2025-01-16 00:00:00,1149.45,P7,Web,Success,0
3166,138,2025-01-26 00:00:00,1314.99,P9,Mobile App,Success,0
3157,138,2025-02-11 00:00:00,1371.23,P9,Mobile App,Success,0
3165,138,2025-02-20 00:00:00,1250.93,P3,Web,Success,0
3156,138,2025-03-02 00:00:00,1173.27,P7,Mobile App,Success,0
3170,138,2025-03-17 00:00:00,1873.08,P8,Web,Success,0
3150,138,2025-03-27 00:00:00,1377.42,P9,Web,Success,0
3158,138,2025-03-27 00:00:00,812.53,P1,Mobile App,Success,0
3160,138,2025-03-27 00:00:00,1336.5,P9,POS,Success,0
3163,138,2025-04-07 00:00:00,1280.79,P4,Mobile App,Success,0
3151,138,2025-04-11 00:00:00,1382.41,P4,POS,Success,0
3161,138,2025-04-11 00:00:00,1511.64,P3,Web,Success,0
3164,138,2025-04-19 00:00:00,1429.59,P5,Mobile App,Success,0
3152,138,2025-04-21 00:00:00,1261.44,P2,Mobile App,Success,0
3167,138,2025-04-24 00:00:00,1871.69,P10,Mobile App,Success,0
3155,138,2025-05-11 00:00:00,1272.19,P10,Mobile App,Success,0
3169,138,2025-05-13 00:00:00,1589.84,P4,Phone,Success,0
3168,138,2025-05-22 00:00:00,1061.03,P10,Mobile App,Success,0
3162,138,2025-05-25 00:00:00,1525.73,P7,Mobile App,Success,0
3171,138,2025-06-06 00:00:00,1503.06,P3,Web,Success,0
3154,138,2025-06-17 00:00:00,1247.89,P10,POS,Success,0
3172,139,2025-01-23 00:00:00,705.08,P5,Web,Success,0
3176,139,2025-03-01 00:00:00,593.47,P2,Web,Success,0
3174,139,2025-03-10 00:00:00,628.37,P5,Web,Success,0
3173,139,2025-03-14 00:00:00,719.62,P10,Phone,Success,0
3175,139,2025-03-22 00:00:00,516.04,P3,Web,Success,0
3181,140,2025-02-13 00:00:00,390.18,P7,Mobile App,Success,0
3179,140,2025-02-23 00:00:00,229.73,P8,POS,Success,0
3178,140,2025-03-06 00:00:00,153.06,P9,Mobile App,Success,0
3177,140,2025-04-04 00:00:00,422.02,P6,Mobile App,Success,0
3180,140,2025-04-27 00:00:00,233.42,P9,POS,Failed,0
3214,141,2025-01-04 00:00:00,2112.44,P10,POS,Success,0
3212,141,2025-01-08 00:00:00,2520.0,P4,Web,Success,0
3188,141,2025-01-14 00:00:00,1922.55,P9,Web,Success,0
3211,141,2025-01-19 00:00:00,2133.1,P1,Mobile App,Failed,0
3204,141,2025-02-15 00:00:00,2306.18,P9,POS,Failed,0
3196,141,2025-02-18 00:00:00,2127.23,P2,Web,Success,0
3206,141,2025-02-25 00:00:00,1704.96,P4,POS,Failed,0
3197,141,2025-02-27 00:00:00,1039.93,P8,POS,Success,0
3189,141,2025-03-02 00:00:00,2122.07,P10,Web,Success,0
3187,141,2025-03-05 00:00:00,1771.64,P4,Mobile App,Success,0
3193,141,2025-03-07 00:00:00,1789.7,P7,Phone,Success,0
3198,141,2025-03-12 00:00:00,1540.48,P3,POS,Success,0
3216,141,2025-03-18 00:00:00,1635.22,P6,Web,Success,0
3203,141,2025-03-20 00:00:00,1442.57,P1,Web,Success,0
3199,141,2025-03-22 00:00:00,2347.18,P5,Mobile App,Success,0
3185,141,2025-03-26 00:00:00,1964.12,P1,Web,Success,0
3210,141,2025-04-01 00:00:00,1792.16,P4,POS,Success,0
3192,141,2025-04-18 00:00:00,1983.33,P8,Web,Success,0
3209,141,2025-04-23 00:00:00,1802.95,P10,Mobile App,Success,0
3190,141,2025-05-01 00:00:00,2426.11,P10,Mobile App,Success,0
3200,141,2025-05-06 00:00:00,1143.85,P4,Mobile App,Success,0
3208,141,2025-05-14 00:00:00,1959.37,P1,Web,Success,0
3194,141,2025-05-17 00:00:00,2195.03,P1,Mobile App,Success,0
3183,141,2025-05-25 00:00:00,2227.75,P2,Mobile App,Success,0
3205,141,2025-05-25 00:00:00,1890.8,P4,Mobile App,Success,0
3215,141,2025-05-29 00:00:00,1869.16,P1,Web,Success,0
3182,141,2025-05-30 00:00:00,2057.73,P2,Web,Success,0
3207,141,2025-06-02 00:00:00,3175.74,P5,Web,Success,0
3195,141,2025-06-04 00:00:00,2554.86,P1,POS,Success,0
3213,141,2025-06-07 00:00:00,2485.08,P1,Web,Success,0
3191,141,2025-06-12 00:00:00,1215.07,P4,Mobile App,Success,0
3202,141,2025-06-13 00:00:00,1556.82,P6,Web,Failed,0
3201,141,2025-06-17 00:00:00,2110.5,P7,Web,Success,0
3184,141,2025-06-20 00:00:00,1209.68,P3,Web,Success,0
3186,141,2025-06-29 00:00:00,1708.01,P8,Mobile App,Success,0
3249,142,2025-01-05 00:00:00,1578.85,P4,Mobile App,Success,0
3234,142,2025-01-09 00:00:00,1815.16,P2,POS,Success,0
3236,142,2025-01-13 00:00:00,2067.6,P8,Mobile App,Success,0
3231,142,2025-01-20 00:00:00,990.84,P8,POS,Success,0
3239,142,2025-01-21 00:00:00,1802.36,P9,Mobile App,Success,0
3233,142,2025-01-24 00:00:00,940.39,P4,Mobile App,Success,0
3223,142,2025-02-01 00:00:00,1718.19,P8,Mobile App,Success,0
3224,142,2025-02-09 00:00:00,1086.45,P2,POS,Success,0
3217,142,2025-02-11 00:00:00,1211.41,P6,Mobile App,Success,0
3241,142,2025-02-21 00:00:00,2476.27,P10,POS,Success,0
3221,142,2025-02-24 00:00:00,1503.66,P6,POS,Success,0
3229,142,2025-02-25 00:00:00,1507.18,P1,Web,Success,0
3240,142,2025-03-02 00:00:00,1134.32,P7,Mobile App,Success,0
3247,142,2025-03-04 00:00:00,1463.67,P3,Mobile App,Success,0
3226,142,2025-03-13 00:00:00,1458.31,P9,Mobile App,Success,0
3225,142,2025-03-18 00:00:00,1843.16,P9,Web,Success,0
3245,142,2025-03-21 00:00:00,1665.95,P5,POS,Success,0
3218,142,2025-03-27 00:00:00,1683.26,P1,Mobile App,Success,0
3248,142,2025-04-02 00:00:00,1138.52,P5,Web,Success,0
3242,142,2025-04-12 00:00:00,1387.6,P9,POS,Success,0
3250,142,2025-04-13 00:00:00,1845.91,P8,Web,Success,0
3227,142,2025-04-23 00:00:00,1132.95,P6,Mobile App,Success,0
3246,142,2025-04-25 00:00:00,2037.05,P9,Web,Success,0
3243,142,2025-04-26 00:00:00,1920.72,P4,Web,Success,0
3237,142,2025-04-30 00:00:00,1657.69,P4,POS,Success,0
3235,142,2025-05-09 00:00:00,1595.83,P10,Mobile App,Success,0
3228,142,2025-05-14 00:00:00,1751.67,P7,Mobile App,Success,0
3222,142,2025-05-16 00:00:00,1715.49,P2,Web,Success,0
3219,142,2025-05-23 00:00:00,1740.94,P2,Mobile App,Success,0
3220,142,2025-05-23 00:00:00,1261.13,P4,Mobile App,Success,0
3238,142,2025-05-25 00:00:00,1123.73,P9,Mobile App,Success,0
3230,142,2025-05-28 00:00:00,1204.64,P6,Web,Success,0
3244,142,2025-06-02 00:00:00,1059.54,P9,POS,Success,0
3232,142,2025-06-12 00:00:00,1338.06,P6,Web,Success,0
3251,142,2025-06-12 00:00:00,1163.13,P8,Mobile App,Success,0
3264,143,2025-01-06 00:00:00,1457.05,P3,Mobile App,Success,0
3255,143,2025-01-07 00:00:00,1090.8,P9,Web,Success,0
3253,143,2025-01-15 00:00:00,1112.13,P1,Mobile App,Success,0
3282,143,2025-01-16 00:00:00,700.26,P10,Mobile App,Failed,0
3260,143,2025-01-22 00:00:00,1347.51,P9,Mobile App,Success,0
3258,143,2025-01-25 00:00:00,1031.32,P1,Mobile App,Success,0
3252,143,2025-01-27 00:00:00,894.73,P3,Web,Success,0
3267,143,2025-03-14 00:00:00,904.49,P10,Web,Success,0
3272,143,2025-03-21 00:00:00,1510.73,P8,POS,Success,0
3286,143,2025-03-24 00:00:00,650.53,P3,Web,Success,0
3265,143,2025-03-25 00:00:00,909.43,P6,Web,Success,0
3263,143,2025-03-27 00:00:00,864.52,P3,Mobile App,Success,0
3283,143,2025-03-29 00:00:00,959.79,P8,Web,Success,0
3284,143,2025-03-29 00:00:00,918.56,P9,POS,Success,0
3275,143,2025-04-01 00:00:00,1102.52,P1,Mobile App,Success,0
3278,143,2025-04-24 00:00:00,1133.7,P2,POS,Success,0
3279,143,2025-04-25 00:00:00,1227.49,P6,Mobile App,Success,0
3270,143,2025-04-30 00:00:00,678.39,P8,Web,Success,0
3268,143,2025-05-02 00:00:00,870.17,P7,Mobile App,Success,0
3277,143,2025-05-04 00:00:00,1579.55,P3,Web,Success,0
3274,143,2025-05-06 00:00:00,979.65,P8,Mobile App,Success,0
3273,143,2025-05-07 00:00:00,1318.16,P7,Web,Success,0
3257,143,2025-05-08 00:00:00,1134.85,P7,POS,Success,0
3261,143,2025-05-14 00:00:00,1337.35,P4,POS,Success,0
3269,143,2025-05-15 00:00:00,874.95,P4,Mobile App,Failed,0
3262,143,2025-05-18 00:00:00,1421.4,P4,POS,Success,0
3281,143,2025-05-25 00:00:00,1652.06,P10,Mobile App,Success,0
3259,143,2025-05-31 00:00:00,992.71,P2,Web,Success,0
3276,143,2025-06-02 00:00:00,933.15,P8,POS,Success,0
3254,143,2025-06-13 00:00:00,715.12,P4,POS,Success,0
3285,143,2025-06-15 00:00:00,939.51,P2,Mobile App,Success,0
3256,143,2025-06-17 00:00:00,1016.55,P4,Web,Success,0
3266,143,2025-06-19 00:00:00,1530.5,P3,Mobile App,Success,0
3280,143,2025-06-19 00:00:00,1179.81,P6,Web,Success,0
3271,143,2025-06-24 00:00:00,672.32,P7,POS,Success,0
3304,144,2025-01-06 00:00:00,1346.75,P2,Mobile App,Success,0
3319,144,2025-01-07 00:00:00,1695.67,P7,Mobile App,Success,0
3289,144,2025-01-16 00:00:00,1392.44,P8,Mobile App,Success,0
3300,144,2025-01-25 00:00:00,1643.36,P4,Web,Success,0
3303,144,2025-01-25 00:00:00,2084.9,P4,Mobile App,Success,0
3311,144,2025-01-30 00:00:00,2167.32,P8,Web,Success,0
3296,144,2025-02-01 00:00:00,2444.01,P3,Mobile App,Success,0
3302,144,2025-02-01 00:00:00,1710.31,P10,POS,Success,0
3291,144,2025-02-15 00:00:00,1284.11,P2,POS,Success,0
3313,144,2025-02-21 00:00:00,1339.74,P1,Phone,Success,0
3310,144,2025-02-27 00:00:00,1361.8,P4,POS,Success,0
3295,144,2025-03-04 00:00:00,1824.02,P9,Mobile App,Success,0
3312,144,2025-03-04 00:00:00,1757.94,P3,Mobile App,Success,0
3315,144,2025-03-27 00:00:00,2096.16,P5,Mobile App,Success,0
3320,144,2025-03-28 00:00:00,1012.42,P5,Mobile App,Success,0
3307,144,2025-04-02 00:00:00,1587.18,P3,Mobile App,Success,0
3292,144,2025-04-15 00:00:00,1704.23,P9,Web,Success,0
3301,144,2025-04-15 00:00:00,1778.75,P3,Mobile App,Success,0
3288,144,2025-04-23 00:00:00,2370.4,P5,Web,Success,0
3297,144,2025-04-23 00:00:00,1794.61,P10,Mobile App,Success,0
3290,144,2025-04-26 00:00:00,1285.7,P4,POS,Success,0
3299,144,2025-04-30 00:00:00,2648.74,P8,POS,Success,0
3317,144,2025-05-07 00:00:00,1013.57,P1,Mobile App,Success,0
3316,144,2025-05-11 00:00:00,577.82,P2,Mobile App,Success,0
3305,144,2025-05-16 00:00:00,1888.95,P4,Mobile App,Success,0
3298,144,2025-06-02 00:00:00,1767.94,P3,POS,Failed,0
3309,144,2025-06-02 00:00:00,1835.15,P5,Web,Success,0
3294,144,2025-06-05 00:00:00,1463.96,P1,Mobile App,Success,0
3308,144,2025-06-12 00:00:00,1049.15,P10,Mobile App,Success,0
3314,144,2025-06-19 00:00:00,1507.93,P1,Mobile App,Success,0
3306,144,2025-06-20 00:00:00,1939.99,P10,Mobile App,Success,0
3287,144,2025-06-23 00:00:00,946.12,P4,POS,Success,0
3318,144,2025-06-23 00:00:00,1735.53,P5,Mobile App,Success,0
3293,144,2025-06-24 00:00:00,2075.0,P10,Mobile App,Success,0
3326,145,2025-01-05 00:00:00,1913.34,P2,Web,Success,0
3342,145,2025-01-15 00:00:00,3313.04,P3,Web,Success,0
3327,145,2025-01-19 00:00:00,2047.99,P8,POS,Success,0
3336,145,2025-01-29 00:00:00,1622.33,P3,Mobile App,Success,0
3349,145,2025-02-02 00:00:00,3467.26,P1,Mobile App,Success,0
3328,145,2025-02-04 00:00:00,3472.74,P2,Mobile App,Success,0
3321,145,2025-02-06 00:00:00,2662.06,P3,Web,Success,0
3334,145,2025-02-10 00:00:00,3514.01,P8,Web,Success,0
3330,145,2025-02-12 00:00:00,1838.32,P10,Web,Success,0
3340,145,2025-02-14 00:00:00,4097.57,P2,POS,Success,0
3347,145,2025-02-18 00:00:00,2680.98,P8,Web,Success,0
3344,145,2025-03-02 00:00:00,2197.97,P1,Mobile App,Success,0
3337,145,2025-03-25 00:00:00,3110.19,P5,Mobile App,Success,0
3323,145,2025-03-27 00:00:00,3032.84,P9,Mobile App,Failed,0
3325,145,2025-04-04 00:00:00,1967.13,P5,Web,Failed,0
3331,145,2025-04-04 00:00:00,1739.0,P4,Mobile App,Success,0
3338,145,2025-04-04 00:00:00,3573.98,P10,POS,Success,0
3348,145,2025-04-06 00:00:00,2908.65,P4,Web,Success,0
3351,145,2025-04-06 00:00:00,2723.86,P8,POS,Failed,0
3329,145,2025-04-20 00:00:00,1215.3,P3,Web,Success,0
3341,145,2025-04-24 00:00:00,2451.45,P7,Mobile App,Success,0
3346,145,2025-05-06 00:00:00,3319.88,P10,Web,Success,0
3345,145,2025-05-07 00:00:00,1393.79,P6,Phone,Success,0
3332,145,2025-05-12 00:00:00,2520.63,P10,Mobile App,Success,0
3322,145,2025-05-13 00:00:00,1786.12,P4,Web,Success,0
3343,145,2025-05-17 00:00:00,3485.8,P5,Mobile App,Success,0
3324,145,2025-05-18 00:00:00,2075.49,P3,Web,Failed,0
3350,145,2025-05-21 00:00:00,2936.2,P9,Web,Success,0
3333,145,2025-05-30 00:00:00,4256.24,P5,Phone,Success,0
3339,145,2025-06-14 00:00:00,2654.45,P6,POS,Success,0
3335,145,2025-06-26 00:00:00,2397.98,P2,Web,Success,0
3371,146,2025-01-23 00:00:00,2476.79,P1,Mobile App,Success,0
3352,146,2025-01-24 00:00:00,1491.13,P1,Mobile App,Success,0
3369,146,2025-02-16 00:00:00,1152.82,P7,Web,Success,0
3370,146,2025-02-19 00:00:00,2508.11,P5,Mobile App,Success,0
3365,146,2025-02-28 00:00:00,1213.3,P4,Mobile App,Success,0
3359,146,2025-03-22 00:00:00,2848.83,P10,Mobile App,Success,0
3366,146,2025-03-27 00:00:00,1858.25,P2,Web,Success,0
3357,146,2025-03-29 00:00:00,1967.79,P7,POS,Success,0
3354,146,2025-03-31 00:00:00,1783.02,P8,Mobile App,Success,0
3363,146,2025-03-31 00:00:00,1795.94,P9,Web,Success,0
3355,146,2025-04-13 00:00:00,1590.53,P2,POS,Success,0
3372,146,2025-04-20 00:00:00,1628.85,P3,Web,Success,0
3375,146,2025-04-26 00:00:00,1658.57,P3,POS,Success,0
3376,146,2025-05-03 00:00:00,1932.28,P5,Web,Success,0
3361,146,2025-05-08 00:00:00,2108.35,P4,POS,Success,0
3368,146,2025-05-13 00:00:00,2308.41,P3,Mobile App,Success,0
3374,146,2025-05-14 00:00:00,1741.98,P7,POS,Success,0
3353,146,2025-05-20 00:00:00,1962.6,P4,POS,Success,0
3356,146,2025-05-20 00:00:00,1731.89,P5,Mobile App,Success,0
3362,146,2025-05-23 00:00:00,1787.52,P7,Web,Success,0
3360,146,2025-06-06 00:00:00,1781.46,P4,Mobile App,Success,0
3373,146,2025-06-11 00:00:00,1835.44,P9,Web,Failed,0
3364,146,2025-06-23 00:00:00,2157.22,P7,Mobile App,Success,0
3358,146,2025-06-27 00:00:00,2699.09,P7,POS,Success,0
3367,146,2025-06-29 00:00:00,2866.14,P8,Mobile App,Success,0
3379,147,2025-01-05 00:00:00,1245.01,P5,Mobile App,Failed,0
3382,147,2025-01-10 00:00:00,2120.64,P6,Web,Success,0
3381,147,2025-02-05 00:00:00,1296.15,P2,Web,Success,0
3380,147,2025-02-11 00:00:00,2528.93,P7,Mobile App,Success,0
3377,147,2025-02-21 00:00:00,1684.11,P2,POS,Success,0
3384,147,2025-02-21 00:00:00,1692.64,P2,Web,Success,0
3383,147,2025-04-25 00:00:00,1628.94,P5,Mobile App,Success,0
3378,147,2025-05-01 00:00:00,1473.91,P2,POS,Success,0
3403,148,2025-01-07 00:00:00,177.06,P7,Mobile App,Success,0
3386,148,2025-01-13 00:00:00,478.23,P7,Web,Success,0
3410,148,2025-01-22 00:00:00,424.24,P7,Web,Success,0
3416,148,2025-01-25 00:00:00,312.08,P5,Mobile App,Success,0
3394,148,2025-01-29 00:00:00,292.11,P6,Web,Success,0
3409,148,2025-02-08 00:00:00,269.75,P1,Mobile App,Success,0
3401,148,2025-02-21 00:00:00,319.72,P8,Mobile App,Success,0
3418,148,2025-03-09 00:00:00,477.58,P4,POS,Success,0
3395,148,2025-03-10 00:00:00,339.06,P1,Mobile App,Success,0
3399,148,2025-03-10 00:00:00,200.32,P10,Mobile App,Success,0
3420,148,2025-03-13 00:00:00,301.56,P5,Mobile App,Success,0
3385,148,2025-03-18 00:00:00,388.83,P6,POS,Success,0
3405,148,2025-04-01 00:00:00,408.9,P4,Web,Success,0
3406,148,2025-04-01 00:00:00,232.3,P5,Web,Failed,0
3392,148,2025-04-03 00:00:00,293.42,P2,Mobile App,Success,0
3397,148,2025-04-07 00:00:00,472.47,P10,Mobile App,Success,0
3400,148,2025-04-07 00:00:00,391.26,P3,POS,Success,0
3390,148,2025-04-08 00:00:00,264.02,P8,Mobile App,Success,0
3419,148,2025-04-10 00:00:00,466.33,P2,POS,Success,0
3398,148,2025-04-16 00:00:00,307.08,P9,Web,Success,0
3414,148,2025-04-16 00:00:00,433.87,P7,Mobile App,Success,0
3412,148,2025-04-17 00:00:00,353.81,P4,Mobile App,Success,0
3417,148,2025-04-17 00:00:00,442.22,P2,Web,Success,0
3415,148,2025-04-22 00:00:00,359.08,P6,POS,Success,0
3413,148,2025-05-06 00:00:00,327.42,P3,POS,Success,0
3396,148,2025-05-11 00:00:00,347.74,P6,Web,Failed,0
3393,148,2025-05-27 00:00:00,328.27,P6,Mobile App,Success,0
3408,148,2025-05-29 00:00:00,276.26,P4,Mobile App,Success,0
3411,148,2025-05-30 00:00:00,437.61,P4,POS,Success,0
3389,148,2025-06-04 00:00:00,190.6,P9,Web,Success,0
3391,148,2025-06-08 00:00:00,191.15,P3,Mobile App,Success,0
3402,148,2025-06-15 00:00:00,252.52,P6,Phone,Success,0
3404,148,2025-06-17 00:00:00,244.73,P2,POS,Success,0
3388,148,2025-06-23 00:00:00,282.7,P1,POS,Success,0
3387,148,2025-06-24 00:00:00,481.06,P10,Mobile App,Success,0
3407,148,2025-06-27 00:00:00,279.35,P7,Phone,Success,0
3441,149,2025-01-02 00:00:00,948.28,P1,Mobile App,Success,0
3424,149,2025-01-05 00:00:00,1216.35,P2,Phone,Success,0
3449,149,2025-01-08 00:00:00,1441.17,P2,Web,Success,0
3427,149,2025-01-24 00:00:00,1513.34,P10,Web,Success,0
3434,149,2025-01-28 00:00:00,1651.09,P1,Mobile App,Success,0
3448,149,2025-02-03 00:00:00,1677.19,P10,Web,Success,0
3440,149,2025-02-07 00:00:00,949.27,P6,POS,Success,0
3446,149,2025-02-10 00:00:00,455.24,P4,Mobile App,Success,0
3429,149,2025-02-26 00:00:00,1493.87,P2,Mobile App,Failed,0
3443,149,2025-02-28 00:00:00,1247.4,P4,Mobile App,Success,0
3423,149,2025-03-01 00:00:00,878.5,P3,Mobile App,Success,0
3431,149,2025-03-04 00:00:00,1121.74,P5,Web,Success,0
3425,149,2025-03-10 00:00:00,1589.0,P9,Mobile App,Success,0
3421,149,2025-03-19 00:00:00,1186.49,P9,Web,Success,0
3436,149,2025-03-26 00:00:00,1633.19,P9,Web,Success,0
3453,149,2025-03-26 00:00:00,981.94,P8,POS,Success,0
3452,149,2025-04-01 00:00:00,1282.55,P8,Mobile App,Success,0
3428,149,2025-04-02 00:00:00,1197.72,P3,Mobile App,Success,0
3442,149,2025-04-03 00:00:00,1206.51,P5,POS,Success,0
3450,149,2025-04-03 00:00:00,1104.84,P7,Mobile App,Success,0
3438,149,2025-04-16 00:00:00,1591.17,P5,POS,Success,0
3430,149,2025-04-23 00:00:00,1525.08,P2,Web,Success,0
3437,149,2025-05-08 00:00:00,1441.62,P6,Mobile App,Success,0
3433,149,2025-05-10 00:00:00,1533.66,P4,Web,Success,0
3435,149,2025-05-19 00:00:00,1808.14,P4,Web,Success,0
3444,149,2025-05-22 00:00:00,1102.72,P1,Mobile App,Success,0
3426,149,2025-05-26 00:00:00,1427.19,P5,Web,Success,0
3422,149,2025-05-29 00:00:00,1578.95,P6,POS,Success,0
3447,149,2025-06-10 00:00:00,1240.73,P5,Mobile App,Success,0
3432,149,2025-06-11 00:00:00,1508.12,P1,Phone,Success,0
3445,149,2025-06-15 00:00:00,1075.91,P4,Mobile App,Success,0
3451,149,2025-06-20 00:00:00,1408.34,P7,POS,Success,0
3439,149,2025-06-22 00:00:00,1363.18,P1,POS,Success,0
3457,150,2025-01-02 00:00:00,4066.4,P2,Phone,Success,0
3467,150,2025-01-02 00:00:00,3111.69,P10,Mobile App,Success,0
3481,150,2025-01-05 00:00:00,2223.14,P2,POS,Success,0
3454,150,2025-01-07 00:00:00,2508.01,P6,Web,Success,0
3479,150,2025-01-14 00:00:00,1867.45,P1,POS,Success,0
3455,150,2025-01-16 00:00:00,1968.38,P10,Web,Success,0
3461,150,2025-01-20 00:00:00,2475.82,P3,Mobile App,Success,0
3471,150,2025-01-23 00:00:00,2639.93,P10,Web,Success,0
3477,150,2025-01-25 00:00:00,1279.59,P10,Mobile App,Success,0
3472,150,2025-01-31 00:00:00,1956.55,P3,Web,Success,0
3473,150,2025-01-31 00:00:00,2169.06,P3,Web,Failed,0
3484,150,2025-02-10 00:00:00,1866.86,P1,Web,Success,0
3470,150,2025-02-14 00:00:00,2132.82,P9,Web,Success,0
3482,150,2025-02-14 00:00:00,1240.7,P5,Mobile App,Success,0
3485,150,2025-02-25 00:00:00,1653.51,P9,Mobile App,Success,0
3480,150,2025-02-27 00:00:00,2480.41,P1,Mobile App,Success,0
3460,150,2025-03-02 00:00:00,2449.28,P5,Mobile App,Success,0
3465,150,2025-03-10 00:00:00,2206.7,P6,POS,Success,0
3466,150,2025-03-19 00:00:00,3024.17,P5,Mobile App,Success,0
3464,150,2025-03-31 00:00:00,2126.98,P6,Mobile App,Success,0
3468,150,2025-03-31 00:00:00,2769.62,P2,POS,Success,0
3459,150,2025-04-28 00:00:00,3215.88,P6,Phone,Success,0
3474,150,2025-04-29 00:00:00,2372.43,P7,Phone,Success,0
3458,150,2025-05-04 00:00:00,1920.03,P3,Mobile App,Success,0
3478,150,2025-05-09 00:00:00,2865.71,P8,Web,Success,0
3475,150,2025-05-16 00:00:00,3812.5,P4,POS,Success,0
3483,150,2025-05-31 00:00:00,2115.91,P7,Web,Success,0
3476,150,2025-06-02 00:00:00,1965.85,P1,Web,Success,0
3463,150,2025-06-03 00:00:00,2378.63,P9,Mobile App,Success,0
3456,150,2025-06-10 00:00:00,2616.47,P5,Web,Success,0
3462,150,2025-06-18 00:00:00,3470.83,P9,POS,Success,0
3469,150,2025-06-25 00:00:00,1627.88,P7,Mobile App,Success,0
3505,151,2025-01-09 00:00:00,632.98,P5,Web,Success,0
3487,151,2025-01-15 00:00:00,345.66,P6,Web,Success,0
3499,151,2025-01-16 00:00:00,579.26,P6,Web,Success,0
3498,151,2025-01-25 00:00:00,545.88,P6,Web,Success,0
3486,151,2025-02-10 00:00:00,696.92,P10,Web,Success,0
3489,151,2025-02-16 00:00:00,470.17,P6,Mobile App,Success,0
3494,151,2025-02-16 00:00:00,485.48,P6,POS,Success,0
3500,151,2025-03-03 00:00:00,516.83,P9,POS,Success,0
3491,151,2025-03-17 00:00:00,449.14,P3,Mobile App,Success,0
3495,151,2025-03-19 00:00:00,656.84,P1,Mobile App,Success,0
3502,151,2025-03-21 00:00:00,609.9,P6,Mobile App,Success,0
3493,151,2025-04-11 00:00:00,354.57,P6,Mobile App,Success,0
3506,151,2025-04-22 00:00:00,365.07,P3,POS,Success,0
3501,151,2025-04-24 00:00:00,641.47,P9,Mobile App,Success,0
3490,151,2025-05-06 00:00:00,516.11,P3,POS,Success,0
3508,151,2025-05-06 00:00:00,571.15,P6,Web,Failed,0
3504,151,2025-05-07 00:00:00,511.95,P2,Mobile App,Success,0
3492,151,2025-05-12 00:00:00,476.32,P10,Mobile App,Success,0
3503,151,2025-05-17 00:00:00,602.58,P4,Mobile App,Success,0
3496,151,2025-05-22 00:00:00,352.09,P10,Mobile App,Success,0
3488,151,2025-06-13 00:00:00,691.84,P9,Mobile App,Success,0
4766,151,2025-06-22 00:00:00,3004.66,P7,Web,Success,1
4767,151,2025-06-22 00:05:00,2471.65,P7,Web,Success,1
4768,151,2025-06-22 00:10:00,3522.94,P6,Web,Success,1
3507,151,2025-06-27 00:00:00,602.46,P9,POS,Success,0
3497,151,2025-06-30 00:00:00,414.92,P5,Web,Success,0
3520,152,2025-01-05 00:00:00,1600.97,P6,Mobile App,Failed,0
3534,152,2025-01-09 00:00:00,1592.28,P7,Mobile App,Success,0
3514,152,2025-01-17 00:00:00,2081.29,P9,POS,Success,0
3531,152,2025-01-19 00:00:00,1465.59,P5,Mobile App,Success,0
3522,152,2025-01-31 00:00:00,2167.25,P3,Web,Success,0
3527,152,2025-02-04 00:00:00,2048.33,P6,Web,Success,0
3515,152,2025-02-25 00:00:00,525.82,P10,Web,Failed,0
3519,152,2025-03-02 00:00:00,1613.23,P2,Web,Success,0
3528,152,2025-03-15 00:00:00,1447.67,P2,Mobile App,Success,0
3521,152,2025-03-19 00:00:00,2004.37,P6,Mobile App,Success,0
3523,152,2025-03-20 00:00:00,2296.73,P6,Web,Success,0
3509,152,2025-03-28 00:00:00,1777.78,P5,Mobile App,Success,0
3532,152,2025-04-02 00:00:00,1603.6,P3,Web,Success,0
3510,152,2025-04-05 00:00:00,1059.08,P3,Mobile App,Success,0
3512,152,2025-04-05 00:00:00,1223.31,P8,Web,Success,0
3516,152,2025-04-15 00:00:00,2264.48,P2,Web,Success,0
3511,152,2025-05-12 00:00:00,1183.7,P1,Web,Success,0
3517,152,2025-05-13 00:00:00,1166.86,P5,Web,Success,0
3530,152,2025-05-18 00:00:00,1509.2,P2,Mobile App,Success,0
3533,152,2025-05-18 00:00:00,1979.55,P8,Web,Success,0
3518,152,2025-05-20 00:00:00,2051.87,P10,Web,Success,0
3513,152,2025-06-08 00:00:00,2171.22,P6,Mobile App,Success,0
3524,152,2025-06-08 00:00:00,1157.52,P4,Web,Success,0
3526,152,2025-06-09 00:00:00,1292.23,P3,POS,Success,0
3529,152,2025-06-10 00:00:00,1804.62,P3,Web,Failed,0
3525,152,2025-06-24 00:00:00,2017.98,P9,Web,Success,0
3564,153,2025-01-09 00:00:00,2877.25,P10,POS,Success,0
3554,153,2025-01-12 00:00:00,3519.91,P5,Mobile App,Success,0
3557,153,2025-01-12 00:00:00,2695.92,P10,Mobile App,Success,0
3549,153,2025-01-13 00:00:00,3182.28,P8,POS,Success,0
3558,153,2025-01-13 00:00:00,1529.63,P1,Web,Success,0
3569,153,2025-01-21 00:00:00,2835.59,P7,Web,Success,0
3539,153,2025-01-24 00:00:00,2692.55,P6,Mobile App,Success,0
3548,153,2025-01-25 00:00:00,1611.71,P8,POS,Success,0
3544,153,2025-02-03 00:00:00,3334.88,P3,Mobile App,Success,0
3552,153,2025-02-03 00:00:00,1321.68,P7,POS,Failed,0
3561,153,2025-02-05 00:00:00,2852.51,P10,Mobile App,Success,0
3550,153,2025-02-06 00:00:00,4285.54,P4,Web,Success,0
3551,153,2025-02-07 00:00:00,2613.22,P9,Mobile App,Success,0
3540,153,2025-02-15 00:00:00,3128.98,P9,Mobile App,Failed,0
3565,153,2025-03-12 00:00:00,3015.56,P9,Mobile App,Success,0
3536,153,2025-03-22 00:00:00,3022.18,P1,Mobile App,Success,0
3559,153,2025-04-01 00:00:00,1549.33,P3,Web,Success,0
3538,153,2025-04-09 00:00:00,2169.11,P5,Mobile App,Success,0
3570,153,2025-04-09 00:00:00,3066.27,P6,Mobile App,Success,0
3543,153,2025-04-16 00:00:00,4220.48,P3,Web,Success,0
3553,153,2025-04-17 00:00:00,2319.78,P1,Web,Success,0
3566,153,2025-04-25 00:00:00,2741.17,P7,Mobile App,Success,0
3555,153,2025-05-13 00:00:00,4079.0,P4,Web,Success,0
3562,153,2025-05-16 00:00:00,3119.91,P10,Mobile App,Success,0
3568,153,2025-05-20 00:00:00,3766.67,P6,POS,Success,0
3546,153,2025-05-24 00:00:00,2192.2,P5,Web,Success,0
3542,153,2025-05-31 00:00:00,3649.45,P3,Web,Success,0
3537,153,2025-06-01 00:00:00,3564.15,P4,POS,Failed,0
3547,153,2025-06-04 00:00:00,3574.49,P7,POS,Success,0
3567,153,2025-06-09 00:00:00,2318.14,P7,POS,Success,0
3541,153,2025-06-15 00:00:00,3062.23,P1,Web,Success,0
3545,153,2025-06-17 00:00:00,1707.97,P3,POS,Success,0
3563,153,2025-06-17 00:00:00,2773.93,P1,Mobile App,Success,0
3535,153,2025-06-24 00:00:00,2557.68,P9,Mobile App,Success,0
3560,153,2025-06-24 00:00:00,4358.47,P4,Mobile App,Success,0
3556,153,2025-06-29 00:00:00,4107.14,P8,Mobile App,Success,0
3593,154,2025-01-05 00:00:00,714.26,P4,Web,Success,0
3591,154,2025-01-07 00:00:00,745.77,P9,POS,Success,0
3586,154,2025-01-08 00:00:00,609.45,P6,Mobile App,Success,0
3582,154,2025-01-10 00:00:00,368.49,P1,Mobile App,Success,0
3579,154,2025-01-17 00:00:00,365.1,P7,Mobile App,Success,0
3577,154,2025-01-30 00:00:00,623.95,P8,POS,Success,0
3578,154,2025-02-04 00:00:00,675.03,P1,POS,Success,0
3584,154,2025-02-11 00:00:00,534.89,P8,Phone,Success,0
3585,154,2025-02-21 00:00:00,726.25,P2,Mobile App,Success,0
3576,154,2025-02-28 00:00:00,1028.84,P1,Mobile App,Success,0
3583,154,2025-03-02 00:00:00,744.19,P8,Mobile App,Success,0
3595,154,2025-03-24 00:00:00,830.49,P2,Mobile App,Success,0
3588,154,2025-04-01 00:00:00,783.69,P10,Web,Success,0
3575,154,2025-04-07 00:00:00,675.45,P7,Web,Success,0
3580,154,2025-05-09 00:00:00,669.13,P4,Mobile App,Success,0
3592,154,2025-05-09 00:00:00,401.6,P5,POS,Success,0
3573,154,2025-05-17 00:00:00,508.09,P2,Mobile App,Success,0
3581,154,2025-05-18 00:00:00,710.76,P6,POS,Success,0
3572,154,2025-05-20 00:00:00,325.98,P5,Web,Success,0
3587,154,2025-05-26 00:00:00,752.94,P9,Mobile App,Failed,0
3594,154,2025-06-02 00:00:00,772.39,P3,POS,Success,0
3574,154,2025-06-09 00:00:00,597.98,P8,Mobile App,Success,0
3590,154,2025-06-09 00:00:00,917.3,P2,Web,Success,0
3571,154,2025-06-23 00:00:00,702.31,P3,Mobile App,Success,0
3589,154,2025-06-23 00:00:00,793.3,P6,POS,Success,0
3612,155,2025-01-14 00:00:00,696.63,P3,POS,Success,0
3596,155,2025-01-16 00:00:00,845.11,P2,Web,Success,0
3622,155,2025-01-16 00:00:00,596.54,P3,Mobile App,Success,0
3608,155,2025-02-03 00:00:00,808.57,P2,POS,Success,0
3614,155,2025-02-03 00:00:00,800.86,P9,Mobile App,Failed,0
3598,155,2025-02-05 00:00:00,789.56,P8,POS,Success,0
3604,155,2025-02-06 00:00:00,367.88,P3,Phone,Success,0
3610,155,2025-02-06 00:00:00,501.13,P8,POS,Success,0
3600,155,2025-02-07 00:00:00,839.85,P9,Mobile App,Success,0
3605,155,2025-02-10 00:00:00,912.15,P2,Web,Success,0
3618,155,2025-02-25 00:00:00,724.57,P7,Mobile App,Success,0
3609,155,2025-02-26 00:00:00,475.3,P6,POS,Success,0
3619,155,2025-03-05 00:00:00,941.65,P9,Mobile App,Success,0
3606,155,2025-03-21 00:00:00,732.67,P7,Mobile App,Success,0
3620,155,2025-03-28 00:00:00,540.41,P8,Web,Success,0
3613,155,2025-04-02 00:00:00,826.1,P3,Web,Success,0
3599,155,2025-04-04 00:00:00,868.87,P6,Mobile App,Success,0
3597,155,2025-04-09 00:00:00,602.68,P9,Mobile App,Success,0
3615,155,2025-04-09 00:00:00,542.68,P2,Web,Success,0
3602,155,2025-04-14 00:00:00,795.16,P3,Web,Success,0
3603,155,2025-04-19 00:00:00,587.51,P9,Web,Success,0
3617,155,2025-05-02 00:00:00,921.7,P4,POS,Failed,0
3611,155,2025-05-07 00:00:00,672.97,P1,Web,Success,0
3607,155,2025-05-10 00:00:00,645.92,P9,POS,Success,0
3616,155,2025-05-11 00:00:00,780.87,P9,Mobile App,Success,0
3621,155,2025-05-12 00:00:00,1170.88,P10,Web,Success,0
3601,155,2025-06-17 00:00:00,902.42,P8,POS,Success,0
3630,156,2025-01-12 00:00:00,1816.21,P6,Web,Success,0
3625,156,2025-01-20 00:00:00,1227.09,P5,Mobile App,Success,0
3638,156,2025-01-24 00:00:00,1340.31,P10,Mobile App,Success,0
3631,156,2025-02-02 00:00:00,1475.03,P2,POS,Success,0
3629,156,2025-02-15 00:00:00,1539.21,P1,Mobile App,Success,0
3635,156,2025-03-12 00:00:00,1440.87,P3,Mobile App,Success,0
3632,156,2025-03-22 00:00:00,1256.63,P9,Web,Success,0
3634,156,2025-03-28 00:00:00,1123.55,P3,POS,Success,0
3623,156,2025-04-13 00:00:00,1158.22,P3,Mobile App,Success,0
3624,156,2025-04-29 00:00:00,816.16,P7,Web,Success,0
3633,156,2025-05-06 00:00:00,1624.73,P7,Mobile App,Success,0
3626,156,2025-05-18 00:00:00,1989.73,P6,Mobile App,Success,0
3628,156,2025-05-31 00:00:00,1237.46,P4,Mobile App,Success,0
3639,156,2025-06-05 00:00:00,890.34,P7,Mobile App,Success,0
3627,156,2025-06-11 00:00:00,1241.86,P5,Web,Success,0
3640,156,2025-06-13 00:00:00,1515.39,P9,POS,Success,0
3637,156,2025-06-20 00:00:00,2019.02,P9,Mobile App,Success,0
3636,156,2025-06-25 00:00:00,1218.21,P3,Mobile App,Success,0
3651,157,2025-01-07 00:00:00,2105.0,P9,Web,Success,0
3649,157,2025-01-10 00:00:00,1707.13,P10,Web,Success,0
3650,157,2025-01-14 00:00:00,1254.76,P8,POS,Success,0
3652,157,2025-01-14 00:00:00,1261.66,P6,Mobile App,Success,0
3642,157,2025-01-17 00:00:00,1873.08,P10,POS,Success,0
3658,157,2025-01-18 00:00:00,1843.95,P10,POS,Success,0
3671,157,2025-01-19 00:00:00,1174.2,P5,Mobile App,Success,0
3676,157,2025-01-26 00:00:00,2043.53,P2,Mobile App,Success,0
3670,157,2025-02-01 00:00:00,1007.31,P6,Web,Success,0
3659,157,2025-02-05 00:00:00,1888.24,P4,Mobile App,Success,0
3653,157,2025-02-08 00:00:00,1384.82,P2,Mobile App,Success,0
3656,157,2025-02-08 00:00:00,1792.39,P10,Phone,Success,0
3655,157,2025-02-24 00:00:00,1085.01,P1,POS,Success,0
3644,157,2025-03-15 00:00:00,1639.32,P1,Mobile App,Success,0
3660,157,2025-03-15 00:00:00,1794.73,P7,POS,Success,0
3669,157,2025-03-16 00:00:00,1890.81,P9,Mobile App,Success,0
3675,157,2025-03-16 00:00:00,2339.77,P2,Phone,Success,0
3666,157,2025-03-27 00:00:00,2221.67,P3,Web,Success,0
3663,157,2025-04-02 00:00:00,1532.84,P8,Web,Success,0
3662,157,2025-04-05 00:00:00,1211.91,P7,Web,Success,0
3641,157,2025-04-09 00:00:00,1775.12,P4,Web,Success,0
3664,157,2025-04-13 00:00:00,1323.65,P1,Web,Success,0
3654,157,2025-04-22 00:00:00,1801.82,P10,Web,Success,0
3668,157,2025-05-07 00:00:00,1961.98,P3,Mobile App,Success,0
3657,157,2025-05-12 00:00:00,1777.76,P8,Phone,Success,0
3672,157,2025-06-16 00:00:00,1856.1,P2,Mobile App,Success,0
3648,157,2025-06-18 00:00:00,2238.94,P2,Web,Success,0
3665,157,2025-06-18 00:00:00,1595.62,P5,Web,Success,0
3673,157,2025-06-19 00:00:00,1430.72,P5,Mobile App,Success,0
3643,157,2025-06-21 00:00:00,2238.29,P2,Mobile App,Success,0
3647,157,2025-06-21 00:00:00,1061.99,P3,POS,Success,0
3674,157,2025-06-24 00:00:00,1986.62,P8,Mobile App,Success,0
3667,157,2025-06-25 00:00:00,1139.06,P1,Phone,Success,0
3645,157,2025-06-30 00:00:00,1376.85,P6,Phone,Success,0
3646,157,2025-06-30 00:00:00,1417.02,P10,Web,Success,0
3661,157,2025-06-30 00:00:00,1589.32,P4,POS,Success,0
3712,158,2025-01-05 00:00:00,1081.45,P3,Mobile App,Success,0
3700,158,2025-01-09 00:00:00,1636.1,P5,Web,Success,0
3682,158,2025-01-17 00:00:00,2309.22,P10,Phone,Success,0
3711,158,2025-01-19 00:00:00,2922.16,P5,Web,Success,0
3689,158,2025-01-22 00:00:00,2364.42,P6,Mobile App,Success,0
3705,158,2025-01-25 00:00:00,2756.9,P4,Mobile App,Success,0
3697,158,2025-01-30 00:00:00,3943.68,P4,Mobile App,Success,0
3690,158,2025-01-31 00:00:00,3010.93,P7,Web,Success,0
3707,158,2025-02-03 00:00:00,2422.75,P4,Web,Success,0
3679,158,2025-02-12 00:00:00,3776.62,P9,Mobile App,Failed,0
3702,158,2025-02-19 00:00:00,3307.0,P3,Mobile App,Success,0
3706,158,2025-02-24 00:00:00,3783.88,P9,Web,Success,0
3708,158,2025-02-25 00:00:00,2528.14,P5,POS,Success,0
3680,158,2025-02-26 00:00:00,3455.95,P6,Phone,Success,0
3709,158,2025-02-26 00:00:00,2299.64,P6,Web,Success,0
3701,158,2025-02-27 00:00:00,3524.37,P7,Phone,Success,0
3696,158,2025-03-08 00:00:00,1184.9,P2,Mobile App,Success,0
3683,158,2025-03-14 00:00:00,2587.69,P3,Phone,Failed,0
3693,158,2025-03-15 00:00:00,2864.75,P7,Web,Success,0
3699,158,2025-03-19 00:00:00,3054.69,P8,POS,Failed,0
3710,158,2025-03-31 00:00:00,2294.04,P8,Web,Success,0
3703,158,2025-04-12 00:00:00,3140.87,P6,Mobile App,Success,0
3695,158,2025-04-16 00:00:00,1840.88,P10,Mobile App,Success,0
3684,158,2025-04-17 00:00:00,2906.99,P5,Mobile App,Success,0
3704,158,2025-04-26 00:00:00,2955.85,P5,Mobile App,Success,0
3688,158,2025-05-12 00:00:00,2905.25,P7,Web,Success,0
3681,158,2025-05-13 00:00:00,2784.22,P7,POS,Failed,0
3687,158,2025-05-18 00:00:00,2182.19,P2,Web,Success,0
3694,158,2025-05-30 00:00:00,2749.96,P2,Mobile App,Success,0
3677,158,2025-06-14 00:00:00,2072.91,P10,Mobile App,Success,0
3698,158,2025-06-14 00:00:00,3197.54,P10,Web,Success,0
3686,158,2025-06-18 00:00:00,2344.31,P4,POS,Success,0
3678,158,2025-06-19 00:00:00,1845.77,P1,Mobile App,Failed,0
3691,158,2025-06-22 00:00:00,3367.05,P2,POS,Success,0
3685,158,2025-06-25 00:00:00,3173.98,P7,Mobile App,Success,0
3692,158,2025-06-29 00:00:00,2534.61,P5,Mobile App,Success,0
3719,159,2025-01-05 00:00:00,1615.21,P3,Mobile App,Success,0
3740,159,2025-01-08 00:00:00,916.58,P4,POS,Success,0
3722,159,2025-01-10 00:00:00,1780.48,P10,Web,Success,0
3726,159,2025-01-18 00:00:00,1335.05,P5,Mobile App,Success,0
3744,159,2025-01-22 00:00:00,2864.96,P2,POS,Success,0
3724,159,2025-01-29 00:00:00,1794.73,P9,Web,Success,0
3739,159,2025-02-03 00:00:00,1003.8,P9,Web,Success,0
3732,159,2025-02-07 00:00:00,2045.88,P6,Web,Success,0
3737,159,2025-02-10 00:00:00,1765.21,P8,POS,Success,0
3743,159,2025-02-22 00:00:00,1590.57,P7,Mobile App,Success,0
3738,159,2025-02-25 00:00:00,1417.82,P7,POS,Failed,0
3728,159,2025-03-15 00:00:00,1649.75,P8,POS,Success,0
3731,159,2025-03-31 00:00:00,1765.19,P1,Mobile App,Success,0
3734,159,2025-04-02 00:00:00,1686.24,P10,Web,Success,0
3733,159,2025-04-05 00:00:00,1840.78,P6,Web,Success,0
3736,159,2025-04-12 00:00:00,1634.58,P4,POS,Success,0
3720,159,2025-04-15 00:00:00,1879.6,P8,Mobile App,Success,0
3717,159,2025-04-24 00:00:00,2121.77,P1,Mobile App,Success,0
3725,159,2025-04-29 00:00:00,2086.79,P10,Web,Success,0
3735,159,2025-04-30 00:00:00,1013.3,P10,Mobile App,Success,0
3716,159,2025-05-04 00:00:00,2405.68,P9,Mobile App,Success,0
3723,159,2025-05-07 00:00:00,1840.87,P1,POS,Success,0
3745,159,2025-05-08 00:00:00,2042.69,P7,Mobile App,Success,0
3727,159,2025-05-09 00:00:00,1502.39,P9,Mobile App,Failed,0
3718,159,2025-05-14 00:00:00,2107.24,P2,Web,Success,0
3742,159,2025-05-24 00:00:00,2337.35,P9,Mobile App,Success,0
3713,159,2025-05-26 00:00:00,1711.58,P4,Mobile App,Success,0
3741,159,2025-06-01 00:00:00,1664.09,P9,Web,Success,0
3729,159,2025-06-02 00:00:00,1747.36,P7,Mobile App,Failed,0
3714,159,2025-06-13 00:00:00,1563.75,P6,Web,Success,0
3715,159,2025-06-18 00:00:00,1668.58,P4,POS,Success,0
3730,159,2025-06-27 00:00:00,2146.59,P8,POS,Success,0
3721,159,2025-06-29 00:00:00,2398.86,P9,Mobile App,Success,0
3746,160,2025-01-06 00:00:00,2046.33,P9,Mobile App,Success,0
3777,160,2025-02-10 00:00:00,2512.66,P2,POS,Success,0
3755,160,2025-02-15 00:00:00,2681.85,P9,Web,Success,0
3752,160,2025-02-16 00:00:00,3902.03,P9,Mobile App,Success,0
3775,160,2025-02-16 00:00:00,3221.15,P5,Mobile App,Success,0
3751,160,2025-03-03 00:00:00,2405.31,P7,Web,Success,0
3778,160,2025-03-15 00:00:00,2332.53,P2,Mobile App,Success,0
3765,160,2025-03-16 00:00:00,2777.79,P9,Web,Success,0
3747,160,2025-03-17 00:00:00,3997.48,P2,POS,Success,0
3764,160,2025-03-30 00:00:00,2264.14,P7,Mobile App,Success,0
3768,160,2025-03-30 00:00:00,2599.49,P10,Mobile App,Success,0
3776,160,2025-03-31 00:00:00,2481.54,P1,POS,Success,0
3772,160,2025-04-24 00:00:00,1922.88,P6,POS,Success,0
3748,160,2025-05-02 00:00:00,2994.85,P2,Mobile App,Success,0
3770,160,2025-05-03 00:00:00,2119.12,P5,Mobile App,Success,0
3774,160,2025-05-05 00:00:00,3128.3,P2,Mobile App,Success,0
3759,160,2025-05-07 00:00:00,2112.74,P5,Web,Success,0
3773,160,2025-05-07 00:00:00,1487.85,P7,Mobile App,Success,0
3749,160,2025-05-08 00:00:00,2455.02,P7,POS,Success,0
3766,160,2025-05-11 00:00:00,3415.85,P5,Mobile App,Success,0
3754,160,2025-05-12 00:00:00,2353.18,P9,Mobile App,Success,0
3756,160,2025-05-14 00:00:00,1521.55,P6,Mobile App,Success,0
3763,160,2025-05-15 00:00:00,3466.7,P8,Web,Success,0
3760,160,2025-05-18 00:00:00,2396.84,P6,Web,Success,0
3771,160,2025-05-21 00:00:00,2791.43,P10,Web,Success,0
3761,160,2025-05-22 00:00:00,2869.07,P3,Web,Success,0
3757,160,2025-05-29 00:00:00,3002.59,P3,Mobile App,Success,0
3762,160,2025-05-31 00:00:00,3542.02,P7,POS,Success,0
3750,160,2025-06-04 00:00:00,2711.94,P9,Web,Success,0
3758,160,2025-06-15 00:00:00,2932.84,P7,Web,Success,0
3767,160,2025-06-15 00:00:00,2059.82,P10,Web,Success,0
3753,160,2025-06-17 00:00:00,3206.81,P3,Mobile App,Success,0
3769,160,2025-06-21 00:00:00,2890.71,P1,Mobile App,Success,0
3780,161,2025-01-10 00:00:00,370.46,P10,POS,Success,0
3804,161,2025-01-19 00:00:00,395.31,P9,Web,Success,0
3795,161,2025-02-08 00:00:00,580.58,P3,Mobile App,Success,0
3787,161,2025-02-09 00:00:00,387.61,P9,Mobile App,Success,0
3800,161,2025-02-11 00:00:00,219.41,P4,Mobile App,Success,0
3799,161,2025-02-20 00:00:00,142.88,P10,Web,Success,0
3801,161,2025-02-24 00:00:00,395.67,P4,POS,Success,0
3790,161,2025-03-11 00:00:00,489.75,P4,Mobile App,Success,0
3803,161,2025-03-21 00:00:00,376.72,P2,Web,Success,0
3808,161,2025-03-24 00:00:00,584.41,P9,Mobile App,Success,0
3806,161,2025-03-27 00:00:00,322.03,P5,Mobile App,Success,0
3792,161,2025-04-02 00:00:00,300.76,P10,Mobile App,Success,0
3793,161,2025-04-09 00:00:00,453.51,P10,Web,Success,0
3779,161,2025-04-17 00:00:00,459.91,P5,Web,Success,0
3784,161,2025-04-17 00:00:00,236.15,P5,Mobile App,Success,0
3796,161,2025-04-21 00:00:00,291.46,P3,POS,Success,0
3786,161,2025-05-03 00:00:00,319.37,P2,Web,Success,0
3794,161,2025-05-05 00:00:00,311.06,P6,POS,Success,0
3783,161,2025-05-14 00:00:00,250.89,P8,Web,Success,0
3788,161,2025-05-19 00:00:00,497.85,P4,Mobile App,Success,0
3789,161,2025-05-20 00:00:00,233.44,P7,Mobile App,Success,0
3805,161,2025-05-20 00:00:00,540.46,P3,Mobile App,Success,0
3785,161,2025-05-26 00:00:00,508.65,P7,Phone,Success,0
3807,161,2025-06-04 00:00:00,244.27,P7,Web,Success,0
3809,161,2025-06-04 00:00:00,334.65,P9,Web,Success,0
3782,161,2025-06-13 00:00:00,335.65,P6,Mobile App,Success,0
3802,161,2025-06-14 00:00:00,248.28,P2,Mobile App,Success,0
3798,161,2025-06-21 00:00:00,343.56,P3,Mobile App,Success,0
3791,161,2025-06-23 00:00:00,344.2,P4,Web,Success,0
3797,161,2025-06-23 00:00:00,405.25,P4,Web,Success,0
3781,161,2025-06-29 00:00:00,448.33,P4,Mobile App,Success,0
3817,162,2025-01-10 00:00:00,792.33,P4,POS,Success,0
3835,162,2025-01-12 00:00:00,1284.56,P4,Web,Success,0
3810,162,2025-01-16 00:00:00,1163.03,P10,Web,Success,0
3820,162,2025-01-17 00:00:00,812.63,P9,Mobile App,Success,0
3837,162,2025-02-07 00:00:00,1422.89,P10,Mobile App,Success,0
3832,162,2025-02-14 00:00:00,522.36,P5,POS,Success,0
3836,162,2025-02-17 00:00:00,1528.51,P8,POS,Success,0
3824,162,2025-02-19 00:00:00,1083.89,P8,Web,Success,0
3816,162,2025-03-07 00:00:00,728.21,P4,Phone,Success,0
3827,162,2025-03-08 00:00:00,1330.53,P7,Web,Success,0
3829,162,2025-03-10 00:00:00,1405.47,P6,Phone,Success,0
3833,162,2025-03-19 00:00:00,1325.08,P9,Web,Success,0
3831,162,2025-03-21 00:00:00,1358.77,P3,POS,Success,0
3819,162,2025-03-27 00:00:00,1069.81,P7,Web,Failed,0
3818,162,2025-03-29 00:00:00,896.12,P4,Mobile App,Failed,0
3825,162,2025-03-29 00:00:00,1543.99,P2,Mobile App,Success,0
3834,162,2025-03-30 00:00:00,748.77,P2,Phone,Success,0
3826,162,2025-04-06 00:00:00,1209.49,P2,Phone,Success,0
3828,162,2025-04-10 00:00:00,1007.09,P4,POS,Success,0
3815,162,2025-04-22 00:00:00,1333.46,P5,Mobile App,Success,0
3823,162,2025-05-06 00:00:00,1119.05,P6,Mobile App,Success,0
3811,162,2025-05-17 00:00:00,1117.64,P2,Phone,Failed,0
3830,162,2025-05-24 00:00:00,1115.86,P7,Mobile App,Success,0
3812,162,2025-05-27 00:00:00,1310.04,P5,Web,Success,0
3814,162,2025-06-14 00:00:00,1127.46,P10,Web,Success,0
3813,162,2025-06-25 00:00:00,1191.37,P6,Mobile App,Success,0
3821,162,2025-06-27 00:00:00,1415.44,P2,Phone,Success,0
3822,162,2025-06-28 00:00:00,679.93,P7,Mobile App,Success,0
3839,163,2025-02-22 00:00:00,1151.36,P3,Mobile App,Success,0
3841,163,2025-03-14 00:00:00,1068.84,P8,POS,Success,0
3842,163,2025-03-27 00:00:00,1706.16,P4,Web,Success,0
3840,163,2025-04-08 00:00:00,659.22,P6,Mobile App,Success,0
3838,163,2025-04-11 00:00:00,1830.55,P2,Mobile App,Success,0
3843,163,2025-04-18 00:00:00,1367.89,P1,Web,Success,0
3845,164,2025-01-09 00:00:00,3244.35,P1,Web,Success,0
3844,164,2025-01-19 00:00:00,1709.46,P2,POS,Success,0
3847,164,2025-01-25 00:00:00,3076.26,P6,Web,Success,0
3852,164,2025-01-25 00:00:00,2606.43,P8,Mobile App,Success,0
3849,164,2025-02-17 00:00:00,2710.92,P6,Mobile App,Success,0
3850,164,2025-02-28 00:00:00,2723.88,P8,Web,Success,0
3846,164,2025-03-01 00:00:00,2216.03,P5,Mobile App,Success,0
3851,164,2025-03-16 00:00:00,2205.55,P6,POS,Success,0
3859,164,2025-03-21 00:00:00,2038.86,P5,Mobile App,Success,0
3848,164,2025-03-27 00:00:00,1693.36,P4,Mobile App,Success,0
3864,164,2025-04-06 00:00:00,1682.72,P7,Mobile App,Success,0
3855,164,2025-04-10 00:00:00,2319.16,P4,Web,Success,0
3862,164,2025-04-21 00:00:00,3227.45,P6,POS,Success,0
3854,164,2025-05-06 00:00:00,2155.52,P4,POS,Success,0
3857,164,2025-05-06 00:00:00,2974.86,P5,Web,Success,0
3858,164,2025-05-07 00:00:00,2726.61,P5,Web,Success,0
3863,164,2025-05-12 00:00:00,3289.62,P4,Web,Success,0
3861,164,2025-05-15 00:00:00,1288.87,P4,POS,Success,0
3856,164,2025-06-07 00:00:00,2666.74,P3,POS,Success,0
3853,164,2025-06-11 00:00:00,2394.2,P4,POS,Success,0
3860,164,2025-06-15 00:00:00,2421.83,P5,Mobile App,Success,0
3865,164,2025-06-21 00:00:00,2552.21,P10,Mobile App,Success,0
3875,165,2025-01-06 00:00:00,395.66,P10,Mobile App,Success,0
3871,165,2025-01-07 00:00:00,461.13,P2,POS,Success,0
3885,165,2025-01-09 00:00:00,514.1,P6,Web,Success,0
3868,165,2025-01-18 00:00:00,640.23,P5,Web,Success,0
3877,165,2025-01-28 00:00:00,414.49,P3,Mobile App,Success,0
3883,165,2025-01-28 00:00:00,412.72,P2,Mobile App,Success,0
3867,165,2025-02-02 00:00:00,401.01,P4,Mobile App,Success,0
3876,165,2025-02-19 00:00:00,402.23,P9,Mobile App,Success,0
3879,165,2025-03-08 00:00:00,474.9,P3,POS,Success,0
3881,165,2025-03-14 00:00:00,422.03,P8,Web,Success,0
3869,165,2025-03-20 00:00:00,283.25,P3,Mobile App,Success,0
3882,165,2025-03-30 00:00:00,352.13,P9,POS,Success,0
3870,165,2025-04-01 00:00:00,394.0,P10,POS,Success,0
3874,165,2025-04-29 00:00:00,318.6,P8,POS,Success,0
3880,165,2025-05-05 00:00:00,532.3,P10,Web,Success,0
3872,165,2025-05-17 00:00:00,355.88,P10,Mobile App,Success,0
3866,165,2025-06-01 00:00:00,315.0,P9,Mobile App,Success,0
3873,165,2025-06-06 00:00:00,527.67,P7,Mobile App,Success,0
3884,165,2025-06-11 00:00:00,442.27,P9,Web,Success,0
3878,165,2025-06-12 00:00:00,344.92,P7,POS,Success,0
3891,166,2025-01-16 00:00:00,775.97,P6,Web,Failed,0
3903,166,2025-01-21 00:00:00,1365.19,P7,Web,Success,0
3897,166,2025-02-03 00:00:00,2127.8,P10,POS,Success,0
3907,166,2025-02-09 00:00:00,2299.49,P2,Mobile App,Success,0
3896,166,2025-02-19 00:00:00,2145.48,P7,Web,Success,0
3904,166,2025-02-21 00:00:00,1191.97,P6,Mobile App,Success,0
3915,166,2025-03-06 00:00:00,2462.15,P10,Web,Success,0
3917,166,2025-03-12 00:00:00,2652.67,P10,Mobile App,Success,0
3910,166,2025-03-15 00:00:00,987.24,P3,Phone,Success,0
3905,166,2025-03-21 00:00:00,2951.2,P9,Mobile App,Failed,0
3908,166,2025-03-22 00:00:00,3031.29,P6,POS,Success,0
3895,166,2025-03-27 00:00:00,1931.0,P1,Phone,Success,0
3909,166,2025-04-02 00:00:00,2363.25,P3,Mobile App,Success,0
3889,166,2025-04-17 00:00:00,1888.27,P5,POS,Success,0
3916,166,2025-04-21 00:00:00,2950.4,P9,POS,Success,0
3912,166,2025-04-24 00:00:00,2922.59,P9,POS,Success,0
3886,166,2025-04-27 00:00:00,1782.48,P6,Phone,Success,0
3900,166,2025-04-30 00:00:00,2051.69,P10,Web,Success,0
3898,166,2025-05-07 00:00:00,2511.25,P8,POS,Success,0
3906,166,2025-05-13 00:00:00,2032.9,P3,Mobile App,Success,0
3888,166,2025-05-17 00:00:00,2372.73,P3,Mobile App,Success,0
3913,166,2025-05-18 00:00:00,2280.46,P8,Web,Success,0
3893,166,2025-05-24 00:00:00,2035.23,P1,Mobile App,Success,0
3914,166,2025-05-24 00:00:00,2068.88,P10,Web,Failed,0
3901,166,2025-05-25 00:00:00,3133.01,P7,Web,Failed,0
3892,166,2025-05-26 00:00:00,2323.73,P3,POS,Success,0
3894,166,2025-06-02 00:00:00,1762.91,P5,Web,Success,0
3902,166,2025-06-06 00:00:00,1406.38,P5,Mobile App,Success,0
3887,166,2025-06-13 00:00:00,1398.87,P7,Web,Success,0
3899,166,2025-06-14 00:00:00,1663.53,P3,Mobile App,Success,0
3890,166,2025-06-27 00:00:00,3539.98,P8,Mobile App,Success,0
3911,166,2025-06-28 00:00:00,1103.8,P6,Web,Success,0
3943,167,2025-01-20 00:00:00,2014.78,P8,Web,Success,0
3929,167,2025-01-26 00:00:00,1005.67,P6,Mobile App,Success,0
3924,167,2025-01-31 00:00:00,1716.65,P10,POS,Success,0
3951,167,2025-02-03 00:00:00,2231.39,P3,Mobile App,Success,0
3939,167,2025-02-06 00:00:00,2871.73,P1,Mobile App,Success,0
3926,167,2025-02-12 00:00:00,1722.96,P6,Mobile App,Success,0
3921,167,2025-02-15 00:00:00,1116.77,P4,Web,Success,0
3945,167,2025-02-26 00:00:00,2375.57,P4,POS,Success,0
3919,167,2025-03-02 00:00:00,1135.04,P9,POS,Success,0
3923,167,2025-03-06 00:00:00,1531.25,P2,Web,Success,0
3932,167,2025-03-10 00:00:00,2009.47,P3,POS,Failed,0
3940,167,2025-03-12 00:00:00,1852.34,P8,Mobile App,Failed,0
3922,167,2025-03-16 00:00:00,1594.3,P2,Web,Success,0
3930,167,2025-03-26 00:00:00,2104.02,P10,POS,Success,0
3950,167,2025-03-31 00:00:00,2597.9,P5,POS,Success,0
3954,167,2025-04-05 00:00:00,1985.99,P10,Mobile App,Success,0
3937,167,2025-04-12 00:00:00,1578.91,P8,Mobile App,Success,0
3931,167,2025-04-14 00:00:00,1472.83,P8,Web,Success,0
3952,167,2025-04-16 00:00:00,2061.65,P7,Web,Success,0
3949,167,2025-05-06 00:00:00,2124.95,P6,Mobile App,Success,0
3933,167,2025-05-08 00:00:00,1505.78,P9,Web,Success,0
3953,167,2025-05-08 00:00:00,2667.65,P1,Mobile App,Success,0
3925,167,2025-05-11 00:00:00,1964.65,P3,Mobile App,Success,0
3948,167,2025-05-12 00:00:00,1598.29,P2,Mobile App,Success,0
3928,167,2025-05-15 00:00:00,1471.82,P3,Mobile App,Success,0
3918,167,2025-05-19 00:00:00,2249.56,P6,Mobile App,Success,0
3934,167,2025-05-19 00:00:00,1688.74,P6,Web,Success,0
3936,167,2025-05-19 00:00:00,2261.59,P1,Phone,Success,0
3938,167,2025-05-19 00:00:00,2059.28,P7,POS,Success,0
3941,167,2025-05-23 00:00:00,2281.71,P2,POS,Success,0
3947,167,2025-05-24 00:00:00,2199.06,P6,Web,Success,0
3935,167,2025-05-28 00:00:00,1096.98,P5,Mobile App,Failed,0
3946,167,2025-06-01 00:00:00,1252.98,P3,Web,Success,0
3920,167,2025-06-12 00:00:00,1108.54,P5,Mobile App,Success,0
3942,167,2025-06-14 00:00:00,1741.96,P10,Mobile App,Success,0
3944,167,2025-06-20 00:00:00,2059.07,P5,Mobile App,Success,0
3927,167,2025-06-25 00:00:00,1433.23,P2,Web,Success,0
3957,168,2025-01-07 00:00:00,1781.67,P5,Mobile App,Success,0
3955,168,2025-01-11 00:00:00,2432.59,P4,Mobile App,Success,0
3966,168,2025-01-25 00:00:00,3097.45,P1,POS,Success,0
3961,168,2025-01-26 00:00:00,2155.73,P2,POS,Success,0
3963,168,2025-01-26 00:00:00,2005.37,P5,Mobile App,Success,0
3964,168,2025-01-31 00:00:00,3094.95,P2,POS,Success,0
3965,168,2025-02-15 00:00:00,2197.86,P4,Mobile App,Success,0
3962,168,2025-02-18 00:00:00,1731.66,P4,Mobile App,Success,0
3960,168,2025-03-06 00:00:00,2043.54,P1,Web,Failed,0
3959,168,2025-03-11 00:00:00,1731.86,P10,Web,Success,0
3958,168,2025-04-01 00:00:00,2931.68,P4,Web,Success,0
3956,168,2025-04-03 00:00:00,2345.91,P3,POS,Success,0
3988,169,2025-01-12 00:00:00,635.47,P6,Web,Success,0
3977,169,2025-01-13 00:00:00,894.23,P10,POS,Success,0
3980,169,2025-01-25 00:00:00,744.55,P7,Web,Failed,0
3982,169,2025-02-01 00:00:00,1115.69,P5,Mobile App,Success,0
3992,169,2025-02-01 00:00:00,1225.59,P5,Mobile App,Success,0
3969,169,2025-02-07 00:00:00,830.35,P6,Web,Success,0
3970,169,2025-02-08 00:00:00,1034.95,P6,Web,Success,0
3971,169,2025-02-10 00:00:00,826.52,P10,Web,Success,0
3981,169,2025-02-14 00:00:00,975.88,P5,POS,Success,0
3973,169,2025-02-18 00:00:00,1202.73,P9,Web,Success,0
3978,169,2025-02-25 00:00:00,821.66,P6,Web,Success,0
3984,169,2025-03-20 00:00:00,901.77,P8,Mobile App,Success,0
3976,169,2025-03-22 00:00:00,1145.71,P2,POS,Success,0
3989,169,2025-03-26 00:00:00,888.43,P4,Web,Success,0
3983,169,2025-04-01 00:00:00,1204.8,P2,Web,Success,0
3974,169,2025-04-16 00:00:00,824.63,P7,Web,Success,0
3987,169,2025-04-27 00:00:00,1076.62,P4,Mobile App,Success,0
3993,169,2025-04-27 00:00:00,1220.38,P10,Web,Success,0
3975,169,2025-04-28 00:00:00,615.32,P9,Mobile App,Success,0
3972,169,2025-05-03 00:00:00,303.17,P3,POS,Success,0
3967,169,2025-05-12 00:00:00,850.21,P6,POS,Success,0
3990,169,2025-05-16 00:00:00,1043.3,P9,POS,Success,0
3991,169,2025-05-22 00:00:00,1055.48,P5,POS,Success,0
3979,169,2025-05-27 00:00:00,1089.36,P8,POS,Success,0
3986,169,2025-05-27 00:00:00,801.13,P3,Web,Success,0
3985,169,2025-06-11 00:00:00,694.18,P7,Mobile App,Success,0
3968,169,2025-06-19 00:00:00,1183.3,P6,POS,Failed,0
4009,170,2025-01-31 00:00:00,2331.17,P2,Mobile App,Success,0
4014,170,2025-02-05 00:00:00,1508.49,P8,Web,Success,0
4005,170,2025-02-06 00:00:00,1970.91,P8,POS,Success,0
3998,170,2025-02-10 00:00:00,2265.39,P10,POS,Success,0
3997,170,2025-02-11 00:00:00,1503.67,P4,Mobile App,Success,0
4006,170,2025-02-12 00:00:00,2306.5,P6,Mobile App,Success,0
4007,170,2025-02-19 00:00:00,1791.99,P7,Mobile App,Success,0
3995,170,2025-02-22 00:00:00,2141.49,P5,Mobile App,Success,0
4015,170,2025-02-24 00:00:00,1806.29,P6,Mobile App,Success,0
4008,170,2025-02-27 00:00:00,2060.71,P5,Web,Success,0
3999,170,2025-03-10 00:00:00,2414.83,P8,Web,Success,0
4003,170,2025-03-31 00:00:00,2388.92,P5,Mobile App,Success,0
4010,170,2025-04-07 00:00:00,1573.06,P3,Web,Failed,0
4013,170,2025-04-28 00:00:00,1754.65,P7,Web,Success,0
4002,170,2025-05-02 00:00:00,1577.52,P5,Mobile App,Success,0
4001,170,2025-05-09 00:00:00,2216.46,P10,Mobile App,Success,0
4004,170,2025-05-09 00:00:00,2152.68,P6,Web,Success,0
4016,170,2025-05-29 00:00:00,1555.38,P1,POS,Success,0
3994,170,2025-06-07 00:00:00,1311.51,P9,Mobile App,Success,0
4012,170,2025-06-13 00:00:00,1836.5,P1,POS,Success,0
4011,170,2025-06-18 00:00:00,2103.22,P3,Web,Success,0
4000,170,2025-06-24 00:00:00,2563.52,P6,Web,Success,0
3996,170,2025-06-28 00:00:00,1653.7,P8,Mobile App,Success,0
4052,171,2025-01-04 00:00:00,1433.38,P8,Mobile App,Success,0
4054,171,2025-01-07 00:00:00,2334.03,P8,Mobile App,Success,0
4022,171,2025-01-12 00:00:00,2937.67,P8,POS,Success,0
4017,171,2025-01-15 00:00:00,2816.05,P6,Mobile App,Success,0
4029,171,2025-01-18 00:00:00,1726.91,P9,Web,Success,0
4037,171,2025-01-23 00:00:00,2883.97,P6,Mobile App,Success,0
4028,171,2025-01-27 00:00:00,1855.92,P10,Mobile App,Success,0
4032,171,2025-01-27 00:00:00,2185.58,P6,POS,Success,0
4030,171,2025-01-29 00:00:00,2408.55,P4,POS,Success,0
4031,171,2025-01-31 00:00:00,2254.01,P3,Web,Failed,0
4038,171,2025-02-04 00:00:00,1009.75,P9,Phone,Success,0
4026,171,2025-02-15 00:00:00,1616.87,P3,Web,Success,0
4050,171,2025-02-16 00:00:00,1537.08,P9,Mobile App,Success,0
4027,171,2025-02-22 00:00:00,1847.44,P9,Mobile App,Success,0
4048,171,2025-03-08 00:00:00,2326.8,P1,Mobile App,Success,0
4053,171,2025-03-11 00:00:00,2435.41,P3,Web,Success,0
4045,171,2025-03-15 00:00:00,1990.59,P8,Mobile App,Success,0
4036,171,2025-03-16 00:00:00,2442.95,P8,Mobile App,Success,0
4024,171,2025-03-21 00:00:00,1914.61,P7,Web,Success,0
4019,171,2025-03-24 00:00:00,1665.42,P3,Mobile App,Success,0
4021,171,2025-03-29 00:00:00,2149.62,P1,Web,Success,0
4039,171,2025-03-31 00:00:00,1912.01,P1,Mobile App,Success,0
4033,171,2025-04-02 00:00:00,2042.07,P7,Web,Success,0
4025,171,2025-04-05 00:00:00,2038.48,P4,POS,Success,0
4051,171,2025-04-05 00:00:00,2473.6,P10,Web,Success,0
4042,171,2025-04-07 00:00:00,2032.66,P5,Mobile App,Success,0
4041,171,2025-04-18 00:00:00,1806.88,P9,Mobile App,Failed,0
4044,171,2025-04-29 00:00:00,2452.72,P2,Mobile App,Success,0
4034,171,2025-05-02 00:00:00,2028.11,P8,POS,Success,0
4018,171,2025-05-08 00:00:00,1089.36,P5,Web,Success,0
4040,171,2025-05-17 00:00:00,2872.45,P4,POS,Success,0
4047,171,2025-05-21 00:00:00,1582.08,P4,Mobile App,Success,0
4046,171,2025-05-23 00:00:00,1858.77,P7,POS,Failed,0
4043,171,2025-05-28 00:00:00,3069.82,P3,POS,Success,0
4049,171,2025-05-28 00:00:00,1435.62,P4,Mobile App,Success,0
4035,171,2025-05-30 00:00:00,1948.77,P3,POS,Success,0
4023,171,2025-06-01 00:00:00,2088.69,P10,Mobile App,Success,0
4020,171,2025-06-07 00:00:00,2055.56,P2,Web,Success,0
4082,172,2025-01-06 00:00:00,2443.03,P1,POS,Success,0
4067,172,2025-01-08 00:00:00,1904.92,P4,POS,Success,0
4070,172,2025-01-20 00:00:00,1854.86,P3,Web,Success,0
4059,172,2025-01-27 00:00:00,1841.06,P8,POS,Success,0
4086,172,2025-01-30 00:00:00,1654.86,P9,Web,Success,0
4078,172,2025-01-31 00:00:00,1440.78,P10,Web,Success,0
4058,172,2025-02-01 00:00:00,2346.69,P2,Mobile App,Success,0
4063,172,2025-02-03 00:00:00,1465.38,P2,Mobile App,Success,0
4072,172,2025-02-03 00:00:00,2042.88,P10,Mobile App,Failed,0
4083,172,2025-02-05 00:00:00,2020.06,P3,Mobile App,Success,0
4068,172,2025-02-06 00:00:00,2862.7,P7,Web,Success,0
4060,172,2025-02-07 00:00:00,1932.21,P4,Web,Success,0
4073,172,2025-02-13 00:00:00,1540.19,P6,POS,Success,0
4075,172,2025-02-21 00:00:00,1747.56,P5,Phone,Success,0
4079,172,2025-03-05 00:00:00,1098.68,P9,POS,Success,0
4057,172,2025-03-07 00:00:00,1648.04,P1,Web,Success,0
4061,172,2025-03-12 00:00:00,1924.86,P3,Mobile App,Success,0
4084,172,2025-03-12 00:00:00,2577.27,P1,POS,Success,0
4088,172,2025-03-14 00:00:00,2128.92,P10,Mobile App,Success,0
4065,172,2025-03-24 00:00:00,1311.31,P1,Web,Success,0
4071,172,2025-03-30 00:00:00,1597.09,P2,Mobile App,Success,0
4087,172,2025-04-11 00:00:00,2416.63,P7,Mobile App,Success,0
4062,172,2025-04-21 00:00:00,1125.06,P3,Mobile App,Success,0
4066,172,2025-04-30 00:00:00,1945.51,P6,POS,Success,0
4076,172,2025-05-04 00:00:00,1477.94,P7,Mobile App,Failed,0
4081,172,2025-05-07 00:00:00,2682.39,P1,POS,Success,0
4077,172,2025-05-17 00:00:00,1202.78,P10,Web,Success,0
4064,172,2025-05-19 00:00:00,2405.91,P1,Web,Success,0
4069,172,2025-06-01 00:00:00,2474.18,P7,Web,Success,0
4055,172,2025-06-08 00:00:00,1599.13,P5,Mobile App,Success,0
4056,172,2025-06-13 00:00:00,1715.16,P5,POS,Success,0
4074,172,2025-06-19 00:00:00,1724.92,P9,Mobile App,Success,0
4080,172,2025-06-20 00:00:00,1303.25,P2,POS,Success,0
4085,172,2025-06-26 00:00:00,2080.79,P10,Web,Success,0
4096,173,2025-01-21 00:00:00,1123.15,P2,Web,Success,0
4111,173,2025-01-23 00:00:00,1076.83,P7,Web,Success,0
4095,173,2025-02-09 00:00:00,548.65,P5,Web,Success,0
4099,173,2025-02-13 00:00:00,1036.51,P2,Mobile App,Success,0
4107,173,2025-02-18 00:00:00,916.03,P5,Web,Success,0
4094,173,2025-02-21 00:00:00,880.07,P10,Web,Success,0
4115,173,2025-02-28 00:00:00,786.57,P4,Mobile App,Success,0
4109,173,2025-03-01 00:00:00,1100.29,P5,POS,Success,0
4098,173,2025-03-06 00:00:00,706.57,P3,Phone,Success,0
4091,173,2025-03-08 00:00:00,1312.94,P8,POS,Success,0
4100,173,2025-03-12 00:00:00,908.89,P6,Web,Success,0
4110,173,2025-03-15 00:00:00,1077.64,P1,POS,Success,0
4092,173,2025-03-22 00:00:00,789.19,P6,Mobile App,Success,0
4113,173,2025-03-25 00:00:00,1279.17,P2,Phone,Success,0
4116,173,2025-03-30 00:00:00,520.01,P7,Web,Success,0
4102,173,2025-03-31 00:00:00,1016.13,P8,Phone,Success,0
4101,173,2025-04-05 00:00:00,886.18,P3,Mobile App,Success,0
4106,173,2025-04-05 00:00:00,635.21,P8,Mobile App,Success,0
4105,173,2025-04-08 00:00:00,832.61,P8,Web,Success,0
4090,173,2025-04-13 00:00:00,659.02,P5,Mobile App,Success,0
4093,173,2025-04-14 00:00:00,1158.91,P6,Web,Success,0
4108,173,2025-04-25 00:00:00,828.1,P7,Mobile App,Success,0
4103,173,2025-05-03 00:00:00,986.3,P8,POS,Success,0
4097,173,2025-05-06 00:00:00,792.44,P2,Mobile App,Success,0
4112,173,2025-06-06 00:00:00,731.89,P3,Mobile App,Success,0
4114,173,2025-06-12 00:00:00,960.97,P7,Mobile App,Success,0
4089,173,2025-06-26 00:00:00,728.37,P4,POS,Success,0
4104,173,2025-06-26 00:00:00,1218.76,P2,POS,Success,0
4128,174,2025-01-18 00:00:00,843.24,P10,Web,Success,0
4117,174,2025-01-26 00:00:00,871.2,P1,Web,Success,0
4132,174,2025-01-28 00:00:00,905.16,P10,POS,Success,0
4118,174,2025-02-01 00:00:00,694.29,P7,Phone,Success,0
4125,174,2025-03-09 00:00:00,1068.22,P4,Web,Failed,0
4138,174,2025-03-19 00:00:00,723.14,P1,Web,Success,0
4126,174,2025-03-25 00:00:00,824.06,P2,Mobile App,Success,0
4121,174,2025-04-04 00:00:00,1375.01,P8,Mobile App,Success,0
4133,174,2025-04-06 00:00:00,1246.84,P4,Mobile App,Success,0
4135,174,2025-04-09 00:00:00,152.4,P6,Mobile App,Success,0
4134,174,2025-04-19 00:00:00,1401.69,P10,Phone,Success,0
4131,174,2025-04-24 00:00:00,863.6,P4,Web,Failed,0
4120,174,2025-04-26 00:00:00,485.87,P3,Mobile App,Success,0
4136,174,2025-04-27 00:00:00,1187.2,P4,Web,Success,0
4122,174,2025-05-06 00:00:00,713.44,P9,POS,Success,0
4129,174,2025-05-12 00:00:00,1520.68,P7,Mobile App,Success,0
4127,174,2025-05-18 00:00:00,411.95,P4,Mobile App,Success,0
4124,174,2025-06-01 00:00:00,825.75,P2,Web,Success,0
4123,174,2025-06-03 00:00:00,1053.98,P2,Web,Success,0
4137,174,2025-06-06 00:00:00,1037.45,P7,Web,Success,0
4140,174,2025-06-13 00:00:00,682.66,P1,POS,Success,0
4130,174,2025-06-16 00:00:00,798.36,P8,POS,Success,0
4119,174,2025-06-26 00:00:00,983.11,P1,Web,Success,0
4139,174,2025-06-28 00:00:00,465.0,P5,Web,Success,0
4153,175,2025-01-14 00:00:00,1851.94,P6,POS,Success,0
4144,175,2025-01-16 00:00:00,1585.35,P7,Mobile App,Success,0
4141,175,2025-01-28 00:00:00,2436.36,P4,Mobile App,Success,0
4142,175,2025-01-29 00:00:00,637.64,P10,Web,Success,0
4148,175,2025-02-11 00:00:00,2147.11,P10,POS,Success,0
4146,175,2025-02-27 00:00:00,1905.98,P5,Web,Success,0
4154,175,2025-02-28 00:00:00,2555.19,P7,Mobile App,Success,0
4158,175,2025-03-03 00:00:00,2464.61,P2,Mobile App,Success,0
4157,175,2025-03-08 00:00:00,1708.06,P3,Mobile App,Success,0
4145,175,2025-03-13 00:00:00,1859.12,P10,Mobile App,Success,0
4147,175,2025-03-19 00:00:00,2241.57,P1,Web,Success,0
4163,175,2025-03-23 00:00:00,1794.69,P2,Web,Success,0
4149,175,2025-03-31 00:00:00,2429.78,P9,Mobile App,Success,0
4150,175,2025-04-06 00:00:00,1959.9,P8,Web,Success,0
4155,175,2025-05-04 00:00:00,1482.99,P5,POS,Success,0
4161,175,2025-05-09 00:00:00,2390.92,P9,POS,Success,0
4162,175,2025-05-09 00:00:00,2487.34,P9,Mobile App,Success,0
4152,175,2025-05-12 00:00:00,1940.77,P8,Web,Success,0
4160,175,2025-05-19 00:00:00,1569.52,P3,Web,Success,0
4159,175,2025-06-02 00:00:00,2024.64,P5,Mobile App,Success,0
4156,175,2025-06-04 00:00:00,1374.26,P4,Web,Success,0
4143,175,2025-06-16 00:00:00,2737.59,P4,POS,Success,0
4164,175,2025-06-23 00:00:00,2497.36,P7,POS,Success,0
4151,175,2025-06-30 00:00:00,1509.94,P8,POS,Success,0
4180,176,2025-01-05 00:00:00,1619.85,P7,Mobile App,Success,0
4179,176,2025-01-09 00:00:00,1886.9,P7,POS,Success,0
4170,176,2025-01-16 00:00:00,1794.59,P6,POS,Success,0
4184,176,2025-01-18 00:00:00,1462.08,P10,POS,Success,0
4176,176,2025-01-21 00:00:00,1578.95,P6,Web,Success,0
4193,176,2025-01-23 00:00:00,1717.16,P7,Web,Success,0
4185,176,2025-01-25 00:00:00,1502.49,P1,POS,Success,0
4197,176,2025-01-25 00:00:00,1369.9,P2,Mobile App,Success,0
4165,176,2025-02-12 00:00:00,1685.54,P8,Web,Success,0
4182,176,2025-02-17 00:00:00,1401.27,P9,Mobile App,Success,0
4181,176,2025-02-19 00:00:00,982.61,P2,POS,Failed,0
4178,176,2025-02-27 00:00:00,1620.14,P4,Mobile App,Success,0
4190,176,2025-03-01 00:00:00,1086.86,P3,POS,Success,0
4195,176,2025-03-06 00:00:00,1316.8,P5,Mobile App,Success,0
4194,176,2025-03-07 00:00:00,1622.32,P4,POS,Success,0
4167,176,2025-03-15 00:00:00,1218.21,P4,Mobile App,Success,0
4198,176,2025-03-22 00:00:00,1545.1,P3,Mobile App,Success,0
4166,176,2025-04-06 00:00:00,1714.28,P10,Mobile App,Success,0
4177,176,2025-04-18 00:00:00,1543.26,P2,Mobile App,Success,0
4191,176,2025-04-18 00:00:00,1723.52,P10,Mobile App,Success,0
4183,176,2025-04-29 00:00:00,1694.41,P1,Web,Success,0
4192,176,2025-05-03 00:00:00,1674.4,P9,POS,Success,0
4188,176,2025-05-04 00:00:00,1723.37,P7,POS,Failed,0
4171,176,2025-05-05 00:00:00,2134.82,P10,Mobile App,Success,0
4172,176,2025-05-09 00:00:00,1464.98,P4,Web,Failed,0
4189,176,2025-05-15 00:00:00,854.1,P6,Mobile App,Success,0
4186,176,2025-05-22 00:00:00,1549.06,P9,Web,Success,0
4196,176,2025-05-28 00:00:00,1005.67,P8,Mobile App,Success,0
4168,176,2025-06-02 00:00:00,1452.92,P7,Web,Success,0
4175,176,2025-06-07 00:00:00,1700.7,P10,Mobile App,Success,0
4173,176,2025-06-13 00:00:00,781.1,P1,POS,Success,0
4169,176,2025-06-17 00:00:00,941.15,P5,Mobile App,Success,0
4174,176,2025-06-24 00:00:00,952.36,P1,Mobile App,Success,0
4187,176,2025-06-29 00:00:00,941.86,P2,POS,Success,0
4202,177,2025-01-15 00:00:00,480.7,P2,Web,Success,0
4203,177,2025-01-21 00:00:00,401.26,P8,Mobile App,Success,0
4210,177,2025-01-21 00:00:00,415.03,P3,Web,Failed,0
4211,177,2025-02-23 00:00:00,289.49,P8,Mobile App,Success,0
4209,177,2025-02-27 00:00:00,187.78,P6,Phone,Success,0
4201,177,2025-03-02 00:00:00,309.67,P10,Web,Success,0
4208,177,2025-03-14 00:00:00,331.2,P1,Web,Success,0
4215,177,2025-03-30 00:00:00,389.88,P2,POS,Failed,0
4199,177,2025-04-14 00:00:00,359.04,P9,Mobile App,Success,0
4204,177,2025-04-25 00:00:00,304.79,P4,POS,Success,0
4205,177,2025-05-29 00:00:00,312.37,P4,Mobile App,Success,0
4213,177,2025-06-04 00:00:00,294.71,P8,Mobile App,Success,0
4206,177,2025-06-17 00:00:00,354.21,P3,Web,Success,0
4200,177,2025-06-19 00:00:00,254.86,P2,POS,Success,0
4214,177,2025-06-21 00:00:00,113.8,P1,Web,Success,0
4212,177,2025-06-22 00:00:00,305.44,P1,Mobile App,Success,0
4207,177,2025-06-28 00:00:00,346.34,P7,POS,Success,0
4217,178,2025-01-08 00:00:00,2512.09,P2,Mobile App,Success,0
4231,178,2025-01-08 00:00:00,1540.68,P1,Mobile App,Success,0
4226,178,2025-01-18 00:00:00,2651.68,P9,Phone,Success,0
4220,178,2025-01-25 00:00:00,2501.99,P1,Phone,Success,0
4223,178,2025-01-25 00:00:00,2451.73,P4,Web,Success,0
4222,178,2025-02-03 00:00:00,2210.04,P6,POS,Success,0
4219,178,2025-02-16 00:00:00,2753.25,P7,Web,Success,0
4227,178,2025-02-19 00:00:00,3252.58,P1,Mobile App,Success,0
4232,178,2025-02-19 00:00:00,2950.63,P3,Mobile App,Success,0
4237,178,2025-02-25 00:00:00,1745.17,P6,Web,Success,0
4230,178,2025-03-11 00:00:00,2350.21,P8,Mobile App,Failed,0
4238,178,2025-03-11 00:00:00,2978.28,P6,POS,Success,0
4229,178,2025-03-12 00:00:00,4163.7,P3,Web,Success,0
4224,178,2025-03-19 00:00:00,3040.36,P1,Web,Success,0
4218,178,2025-03-25 00:00:00,1079.09,P7,Mobile App,Success,0
4236,178,2025-04-16 00:00:00,2000.26,P4,POS,Success,0
4234,178,2025-05-01 00:00:00,2771.51,P9,Mobile App,Success,0
4228,178,2025-05-09 00:00:00,3291.91,P9,POS,Success,0
4225,178,2025-05-18 00:00:00,2636.24,P7,Web,Success,0
4221,178,2025-05-22 00:00:00,2358.81,P2,Web,Success,0
4235,178,2025-06-09 00:00:00,2372.15,P8,Web,Success,0
4216,178,2025-06-13 00:00:00,2897.8,P1,Mobile App,Success,0
4233,178,2025-06-13 00:00:00,1836.9,P3,Mobile App,Success,0
4239,178,2025-06-24 00:00:00,2474.01,P4,POS,Failed,0
4259,179,2025-01-04 00:00:00,1870.58,P3,Web,Success,0
4240,179,2025-01-26 00:00:00,2335.95,P7,Mobile App,Success,0
4243,179,2025-01-27 00:00:00,2907.41,P1,Mobile App,Success,0
4258,179,2025-02-03 00:00:00,1885.82,P8,POS,Success,0
4249,179,2025-02-22 00:00:00,1931.72,P6,Web,Success,0
4244,179,2025-03-07 00:00:00,2396.54,P8,POS,Success,0
4256,179,2025-03-09 00:00:00,1873.91,P7,POS,Success,0
4255,179,2025-03-13 00:00:00,2674.36,P8,Web,Success,0
4260,179,2025-03-15 00:00:00,2438.33,P9,POS,Success,0
4242,179,2025-03-30 00:00:00,3530.22,P4,Mobile App,Success,0
4241,179,2025-04-09 00:00:00,1844.14,P1,Web,Success,0
4250,179,2025-04-10 00:00:00,2888.5,P1,Web,Success,0
4254,179,2025-04-22 00:00:00,2891.28,P3,POS,Success,0
4247,179,2025-05-09 00:00:00,3004.1,P10,Web,Success,0
4251,179,2025-05-13 00:00:00,2869.24,P3,Web,Success,0
4263,179,2025-05-13 00:00:00,794.69,P1,Mobile App,Success,0
4246,179,2025-05-17 00:00:00,3523.16,P7,Web,Success,0
4248,179,2025-05-17 00:00:00,3160.3,P8,Web,Success,0
4245,179,2025-05-20 00:00:00,3051.76,P6,Mobile App,Success,0
4253,179,2025-05-20 00:00:00,1475.6,P5,Mobile App,Success,0
4261,179,2025-06-05 00:00:00,1290.23,P2,POS,Success,0
4262,179,2025-06-12 00:00:00,2419.15,P3,Mobile App,Success,0
4252,179,2025-06-13 00:00:00,1897.96,P1,Mobile App,Failed,0
4257,179,2025-06-22 00:00:00,3733.22,P7,POS,Success,0
4277,180,2025-01-02 00:00:00,564.52,P9,Phone,Success,0
4278,180,2025-01-10 00:00:00,487.14,P4,Web,Success,0
4283,180,2025-01-10 00:00:00,468.87,P6,Mobile App,Success,0
4268,180,2025-01-16 00:00:00,828.41,P6,Mobile App,Success,0
4264,180,2025-01-22 00:00:00,600.58,P9,POS,Success,0
4271,180,2025-02-01 00:00:00,735.12,P6,Mobile App,Success,0
4288,180,2025-02-15 00:00:00,692.06,P7,Mobile App,Success,0
4276,180,2025-03-21 00:00:00,919.02,P1,Mobile App,Success,0
4270,180,2025-03-24 00:00:00,824.87,P2,Web,Success,0
4266,180,2025-03-27 00:00:00,588.66,P1,Mobile App,Success,0
4289,180,2025-03-27 00:00:00,466.83,P3,Web,Success,0
4279,180,2025-04-08 00:00:00,592.02,P4,POS,Success,0
4281,180,2025-04-12 00:00:00,851.35,P8,Web,Success,0
4280,180,2025-04-18 00:00:00,601.08,P9,Mobile App,Success,0
4274,180,2025-05-03 00:00:00,686.92,P2,POS,Success,0
4273,180,2025-05-06 00:00:00,671.07,P6,Phone,Success,0
4287,180,2025-05-11 00:00:00,860.03,P3,Phone,Success,0
4285,180,2025-05-21 00:00:00,631.27,P2,Web,Success,0
4267,180,2025-05-29 00:00:00,611.54,P4,POS,Success,0
4284,180,2025-05-29 00:00:00,762.9,P7,Web,Success,0
4290,180,2025-06-01 00:00:00,584.46,P6,Web,Success,0
4275,180,2025-06-03 00:00:00,960.51,P2,Mobile App,Success,0
4286,180,2025-06-04 00:00:00,631.12,P2,Phone,Success,0
4282,180,2025-06-08 00:00:00,396.72,P7,Mobile App,Success,0
4265,180,2025-06-10 00:00:00,400.45,P9,Mobile App,Success,0
4269,180,2025-06-19 00:00:00,669.71,P8,POS,Success,0
4272,180,2025-06-27 00:00:00,916.96,P3,Web,Success,0
4302,181,2025-01-11 00:00:00,2365.39,P9,Phone,Success,0
4304,181,2025-01-20 00:00:00,2396.77,P6,Web,Success,0
4303,181,2025-01-21 00:00:00,1853.88,P10,POS,Success,0
4307,181,2025-01-24 00:00:00,1917.08,P1,POS,Success,0
4315,181,2025-01-24 00:00:00,1483.57,P6,Web,Failed,0
4292,181,2025-02-16 00:00:00,1574.27,P4,Web,Success,0
4306,181,2025-03-09 00:00:00,2825.3,P9,Web,Success,0
4297,181,2025-03-15 00:00:00,3330.41,P1,POS,Success,0
4295,181,2025-03-21 00:00:00,1867.45,P4,Web,Success,0
4293,181,2025-03-22 00:00:00,2418.45,P2,Web,Success,0
4312,181,2025-04-01 00:00:00,3269.42,P5,Web,Success,0
4310,181,2025-04-15 00:00:00,3234.32,P2,POS,Success,0
4314,181,2025-04-25 00:00:00,1668.18,P9,POS,Success,0
4300,181,2025-05-07 00:00:00,2458.24,P7,Mobile App,Success,0
4296,181,2025-05-13 00:00:00,3910.97,P6,Web,Success,0
4298,181,2025-05-14 00:00:00,1549.43,P2,Mobile App,Success,0
4301,181,2025-05-16 00:00:00,1496.68,P10,POS,Success,0
4305,181,2025-05-16 00:00:00,2907.72,P6,Web,Success,0
4308,181,2025-05-31 00:00:00,1736.42,P9,Mobile App,Success,0
4311,181,2025-06-11 00:00:00,2329.51,P7,POS,Success,0
4313,181,2025-06-11 00:00:00,1387.7,P8,Mobile App,Success,0
4299,181,2025-06-13 00:00:00,2640.91,P3,Mobile App,Success,0
4291,181,2025-06-15 00:00:00,1756.6,P3,Mobile App,Success,0
4294,181,2025-06-16 00:00:00,2688.07,P3,POS,Success,0
4309,181,2025-06-25 00:00:00,1859.57,P2,Web,Success,0
4320,182,2025-01-06 00:00:00,1847.49,P3,Mobile App,Success,0
4329,182,2025-01-06 00:00:00,1779.59,P10,Web,Success,0
4328,182,2025-01-09 00:00:00,3184.31,P10,Web,Success,0
4319,182,2025-02-03 00:00:00,3001.83,P2,POS,Success,0
4325,182,2025-02-08 00:00:00,1882.43,P10,Web,Success,0
4323,182,2025-03-12 00:00:00,2506.57,P9,POS,Success,0
4330,182,2025-04-11 00:00:00,2476.51,P2,Mobile App,Success,0
4324,182,2025-04-13 00:00:00,2719.9,P10,Mobile App,Success,0
4326,182,2025-04-18 00:00:00,3766.92,P2,Web,Success,0
4327,182,2025-04-22 00:00:00,2512.1,P2,Phone,Success,0
4318,182,2025-05-28 00:00:00,1831.09,P8,Phone,Failed,0
4317,182,2025-06-03 00:00:00,3087.92,P9,Web,Success,0
4322,182,2025-06-04 00:00:00,3591.31,P8,POS,Success,0
4316,182,2025-06-22 00:00:00,2984.16,P7,Mobile App,Success,0
4321,182,2025-06-25 00:00:00,2942.59,P4,Mobile App,Success,0
4353,183,2025-01-02 00:00:00,1880.2,P6,POS,Success,0
4333,183,2025-01-03 00:00:00,2160.34,P2,Phone,Failed,0
4336,183,2025-01-10 00:00:00,2062.56,P4,Web,Success,0
4345,183,2025-01-12 00:00:00,3098.99,P2,Mobile App,Success,0
4331,183,2025-01-13 00:00:00,2069.42,P9,Web,Success,0
4352,183,2025-01-13 00:00:00,3214.81,P3,POS,Success,0
4338,183,2025-01-15 00:00:00,2895.46,P6,Web,Success,0
4357,183,2025-01-29 00:00:00,2061.8,P8,POS,Success,0
4364,183,2025-02-11 00:00:00,2037.54,P3,POS,Success,0
4351,183,2025-02-15 00:00:00,2183.42,P6,Mobile App,Success,0
4334,183,2025-03-06 00:00:00,2202.92,P4,Mobile App,Success,0
4337,183,2025-03-19 00:00:00,1842.29,P1,Web,Success,0
4359,183,2025-03-21 00:00:00,2159.33,P2,Web,Failed,0
4355,183,2025-03-23 00:00:00,1785.88,P5,Web,Success,0
4356,183,2025-03-24 00:00:00,2344.97,P2,Mobile App,Success,0
4332,183,2025-03-26 00:00:00,1571.49,P7,Web,Success,0
4350,183,2025-03-26 00:00:00,1749.45,P1,Phone,Success,0
4339,183,2025-04-04 00:00:00,2966.93,P1,Web,Success,0
4365,183,2025-04-04 00:00:00,2389.84,P6,POS,Success,0
4348,183,2025-04-06 00:00:00,2170.8,P4,Mobile App,Failed,0
4341,183,2025-04-13 00:00:00,1983.55,P10,Web,Success,0
4358,183,2025-04-17 00:00:00,2781.36,P7,Mobile App,Success,0
4342,183,2025-04-21 00:00:00,2780.19,P1,POS,Success,0
4354,183,2025-04-21 00:00:00,2361.57,P7,Web,Success,0
4349,183,2025-04-30 00:00:00,1674.4,P1,Mobile App,Success,0
4367,183,2025-05-07 00:00:00,3468.48,P2,POS,Success,0
4362,183,2025-05-10 00:00:00,2699.8,P7,Web,Success,0
4346,183,2025-05-13 00:00:00,2602.89,P3,POS,Success,0
4340,183,2025-05-14 00:00:00,2202.43,P6,POS,Success,0
4335,183,2025-05-30 00:00:00,2846.15,P6,Mobile App,Success,0
4343,183,2025-06-16 00:00:00,1773.14,P2,Web,Success,0
4344,183,2025-06-20 00:00:00,1601.03,P2,Web,Success,0
4366,183,2025-06-23 00:00:00,1858.82,P2,Mobile App,Success,0
4360,183,2025-06-26 00:00:00,2960.25,P10,POS,Success,0
4347,183,2025-06-27 00:00:00,1680.59,P10,POS,Success,0
4361,183,2025-06-27 00:00:00,1802.73,P6,POS,Success,0
4363,183,2025-06-27 00:00:00,2313.45,P1,Web,Success,0
4372,184,2025-01-27 00:00:00,1771.49,P9,Mobile App,Success,0
4368,184,2025-03-09 00:00:00,1552.83,P4,Mobile App,Success,0
4371,184,2025-04-04 00:00:00,2004.98,P8,Web,Success,0
4370,184,2025-04-21 00:00:00,1469.2,P5,Mobile App,Success,0
4369,184,2025-04-29 00:00:00,1321.62,P2,Mobile App,Success,0
4374,185,2025-01-04 00:00:00,503.1,P10,Web,Success,0
4396,185,2025-01-08 00:00:00,690.58,P2,POS,Success,0
4383,185,2025-01-14 00:00:00,600.04,P2,Web,Success,0
4399,185,2025-01-17 00:00:00,293.02,P8,Web,Success,0
4406,185,2025-01-21 00:00:00,600.13,P6,POS,Success,0
4387,185,2025-02-03 00:00:00,425.88,P5,Mobile App,Success,0
4393,185,2025-02-07 00:00:00,388.95,P2,POS,Failed,0
4398,185,2025-02-16 00:00:00,386.59,P8,POS,Success,0
4397,185,2025-02-22 00:00:00,604.83,P10,Mobile App,Success,0
4389,185,2025-02-24 00:00:00,329.39,P3,Mobile App,Success,0
4378,185,2025-03-18 00:00:00,424.94,P1,POS,Success,0
4375,185,2025-03-21 00:00:00,496.18,P6,Mobile App,Success,0
4386,185,2025-03-23 00:00:00,526.11,P10,Phone,Success,0
4390,185,2025-03-29 00:00:00,412.76,P9,Mobile App,Success,0
4391,185,2025-03-29 00:00:00,542.34,P6,Mobile App,Success,0
4376,185,2025-03-30 00:00:00,405.42,P9,Web,Failed,0
4382,185,2025-04-07 00:00:00,533.35,P6,POS,Success,0
4408,185,2025-04-08 00:00:00,383.53,P8,Mobile App,Success,0
4373,185,2025-04-11 00:00:00,578.71,P6,Mobile App,Success,0
4401,185,2025-04-13 00:00:00,519.73,P7,Web,Success,0
4392,185,2025-04-22 00:00:00,497.57,P3,Web,Success,0
4388,185,2025-04-24 00:00:00,530.5,P6,Mobile App,Success,0
4400,185,2025-05-16 00:00:00,465.54,P5,Web,Success,0
4402,185,2025-05-19 00:00:00,458.25,P2,Mobile App,Success,0
4407,185,2025-05-19 00:00:00,512.05,P4,Mobile App,Success,0
4404,185,2025-05-25 00:00:00,626.68,P9,Web,Success,0
4395,185,2025-05-26 00:00:00,527.58,P4,Web,Success,0
4380,185,2025-05-28 00:00:00,473.75,P2,Web,Success,0
4394,185,2025-06-05 00:00:00,318.22,P4,Web,Success,0
4403,185,2025-06-05 00:00:00,450.1,P4,Mobile App,Success,0
4377,185,2025-06-09 00:00:00,377.34,P8,Web,Success,0
4381,185,2025-06-18 00:00:00,352.8,P2,POS,Success,0
4385,185,2025-06-18 00:00:00,586.66,P7,Mobile App,Success,0
4405,185,2025-06-22 00:00:00,413.65,P1,Mobile App,Success,0
4384,185,2025-06-26 00:00:00,352.07,P9,Mobile App,Success,0
4379,185,2025-06-29 00:00:00,660.14,P1,Mobile App,Success,0
4409,186,2025-01-05 00:00:00,2053.18,P4,Web,Success,0
4411,186,2025-01-10 00:00:00,2012.27,P2,Mobile App,Success,0
4413,186,2025-01-15 00:00:00,1058.54,P2,Web,Failed,0
4412,186,2025-02-10 00:00:00,1317.56,P10,Web,Success,0
4414,186,2025-03-31 00:00:00,1937.05,P6,Mobile App,Success,0
4415,186,2025-04-23 00:00:00,2042.12,P7,POS,Success,0
4410,186,2025-04-24 00:00:00,2391.05,P8,Web,Success,0
4435,187,2025-01-12 00:00:00,461.47,P4,Mobile App,Success,0
4436,187,2025-01-20 00:00:00,440.85,P4,POS,Success,0
4433,187,2025-01-26 00:00:00,354.94,P5,POS,Success,0
4426,187,2025-02-01 00:00:00,237.71,P9,Mobile App,Success,0
4417,187,2025-02-06 00:00:00,399.03,P1,Web,Success,0
4432,187,2025-02-17 00:00:00,371.98,P8,Web,Success,0
4419,187,2025-03-12 00:00:00,257.25,P8,POS,Success,0
4422,187,2025-03-19 00:00:00,313.12,P8,Mobile App,Success,0
4439,187,2025-03-19 00:00:00,445.53,P2,Web,Success,0
4424,187,2025-03-23 00:00:00,380.12,P2,POS,Success,0
4425,187,2025-03-26 00:00:00,347.22,P4,POS,Success,0
4428,187,2025-04-03 00:00:00,278.11,P8,Mobile App,Success,0
4441,187,2025-04-06 00:00:00,346.32,P10,Mobile App,Success,0
4431,187,2025-04-10 00:00:00,452.61,P10,Mobile App,Success,0
4416,187,2025-04-17 00:00:00,265.85,P4,Mobile App,Success,0
4421,187,2025-04-19 00:00:00,419.8,P3,Web,Success,0
4427,187,2025-04-29 00:00:00,504.93,P1,POS,Success,0
4418,187,2025-05-04 00:00:00,388.73,P6,Mobile App,Success,0
4423,187,2025-05-20 00:00:00,383.94,P7,Mobile App,Success,0
4420,187,2025-05-27 00:00:00,417.13,P9,Mobile App,Success,0
4438,187,2025-05-27 00:00:00,327.56,P6,POS,Success,0
4434,187,2025-06-07 00:00:00,400.87,P4,Web,Success,0
4429,187,2025-06-11 00:00:00,332.13,P2,Mobile App,Success,0
4437,187,2025-06-17 00:00:00,375.24,P3,Web,Success,0
4430,187,2025-06-18 00:00:00,235.74,P4,Mobile App,Success,0
4440,187,2025-06-22 00:00:00,181.39,P10,Mobile App,Success,0
4476,188,2025-01-21 00:00:00,2391.92,P2,POS,Success,0
4447,188,2025-01-25 00:00:00,2594.41,P6,Mobile App,Success,0
4458,188,2025-01-25 00:00:00,1282.79,P8,Mobile App,Success,0
4444,188,2025-01-30 00:00:00,963.9,P1,Mobile App,Success,0
4443,188,2025-02-01 00:00:00,1932.44,P10,Mobile App,Success,0
4475,188,2025-02-10 00:00:00,2361.83,P4,Phone,Success,0
4468,188,2025-02-12 00:00:00,560.37,P3,Mobile App,Success,0
4460,188,2025-02-14 00:00:00,2046.34,P7,Mobile App,Success,0
4472,188,2025-02-16 00:00:00,1402.28,P6,Mobile App,Success,0
4464,188,2025-02-18 00:00:00,2385.27,P7,Web,Success,0
4446,188,2025-03-04 00:00:00,1909.68,P8,Mobile App,Success,0
4449,188,2025-03-04 00:00:00,1752.48,P1,Web,Failed,0
4456,188,2025-03-09 00:00:00,1964.92,P3,Mobile App,Success,0
4465,188,2025-03-22 00:00:00,1376.45,P3,Web,Success,0
4455,188,2025-03-23 00:00:00,1973.71,P3,Mobile App,Success,0
4462,188,2025-03-28 00:00:00,1716.68,P7,Web,Success,0
4474,188,2025-03-31 00:00:00,1850.99,P6,Web,Success,0
4473,188,2025-04-06 00:00:00,1447.5,P10,Mobile App,Success,0
4461,188,2025-04-07 00:00:00,1430.74,P6,Mobile App,Success,0
4445,188,2025-04-08 00:00:00,2236.56,P1,POS,Success,0
4457,188,2025-04-08 00:00:00,2114.56,P9,Mobile App,Failed,0
4454,188,2025-04-10 00:00:00,1864.79,P8,Mobile App,Success,0
4451,188,2025-04-22 00:00:00,775.28,P5,Mobile App,Success,0
4448,188,2025-05-01 00:00:00,2212.94,P4,Mobile App,Success,0
4442,188,2025-05-15 00:00:00,2232.23,P4,Mobile App,Success,0
4469,188,2025-05-15 00:00:00,1720.08,P4,Web,Success,0
4467,188,2025-05-21 00:00:00,1965.24,P9,Web,Success,0
4471,188,2025-05-24 00:00:00,1843.36,P8,Mobile App,Success,0
4466,188,2025-05-25 00:00:00,1862.0,P8,Mobile App,Success,0
4452,188,2025-05-30 00:00:00,2690.36,P5,Mobile App,Success,0
4463,188,2025-06-10 00:00:00,1879.99,P6,Web,Success,0
4459,188,2025-06-16 00:00:00,2407.66,P9,Mobile App,Success,0
4450,188,2025-06-23 00:00:00,2152.26,P5,Mobile App,Success,0
4453,188,2025-06-27 00:00:00,1792.04,P4,POS,Success,0
4470,188,2025-06-29 00:00:00,1872.8,P3,Web,Success,0
4488,189,2025-01-24 00:00:00,2033.01,P4,POS,Success,0
4485,189,2025-02-01 00:00:00,1484.24,P2,Mobile App,Success,0
4481,189,2025-02-06 00:00:00,1131.19,P2,Web,Success,0
4480,189,2025-02-20 00:00:00,1601.08,P3,Mobile App,Success,0
4478,189,2025-02-27 00:00:00,1519.1,P7,Mobile App,Success,0
4487,189,2025-03-02 00:00:00,1448.91,P5,Web,Success,0
4482,189,2025-03-19 00:00:00,1176.44,P3,Mobile App,Success,0
4483,189,2025-03-22 00:00:00,886.45,P9,Mobile App,Success,0
4484,189,2025-04-09 00:00:00,1743.85,P5,Phone,Success,0
4477,189,2025-04-20 00:00:00,1403.1,P10,POS,Success,0
4479,189,2025-04-24 00:00:00,2069.19,P10,Mobile App,Success,0
4486,189,2025-04-28 00:00:00,1265.14,P4,POS,Success,0
4510,190,2025-01-03 00:00:00,2389.58,P10,Mobile App,Success,0
4489,190,2025-01-05 00:00:00,2991.85,P5,Web,Success,0
4518,190,2025-01-05 00:00:00,2524.62,P9,POS,Success,0
4526,190,2025-01-08 00:00:00,1381.84,P9,POS,Success,0
4517,190,2025-01-09 00:00:00,2274.08,P8,Web,Success,0
4500,190,2025-01-11 00:00:00,1471.46,P5,Web,Success,0
4504,190,2025-01-22 00:00:00,2172.45,P6,Web,Success,0
4498,190,2025-02-02 00:00:00,889.82,P9,Mobile App,Success,0
4514,190,2025-02-06 00:00:00,1829.06,P3,Mobile App,Success,0
4512,190,2025-02-12 00:00:00,1435.81,P3,Web,Success,0
4523,190,2025-02-19 00:00:00,1542.42,P8,POS,Success,0
4521,190,2025-02-21 00:00:00,1775.49,P9,POS,Success,0
4525,190,2025-03-04 00:00:00,1406.48,P9,Mobile App,Success,0
4519,190,2025-03-06 00:00:00,1798.06,P3,Web,Success,0
4515,190,2025-03-18 00:00:00,2067.01,P6,Web,Success,0
4491,190,2025-03-22 00:00:00,1665.51,P10,POS,Success,0
4493,190,2025-04-01 00:00:00,2401.43,P3,POS,Success,0
4495,190,2025-04-01 00:00:00,1504.89,P1,POS,Success,0
4496,190,2025-04-15 00:00:00,2263.91,P8,POS,Success,0
4524,190,2025-04-20 00:00:00,1464.26,P10,Web,Success,0
4516,190,2025-05-03 00:00:00,2651.55,P9,Mobile App,Success,0
4506,190,2025-05-08 00:00:00,1700.14,P8,Web,Success,0
4505,190,2025-05-11 00:00:00,1783.52,P8,Web,Success,0
4499,190,2025-05-15 00:00:00,1874.35,P3,Mobile App,Success,0
4502,190,2025-05-16 00:00:00,1688.28,P1,Mobile App,Success,0
4522,190,2025-05-16 00:00:00,1366.65,P1,POS,Success,0
4492,190,2025-05-22 00:00:00,2129.33,P7,POS,Success,0
4513,190,2025-05-22 00:00:00,1757.98,P4,Mobile App,Success,0
4490,190,2025-05-27 00:00:00,2343.2,P7,Mobile App,Success,0
4511,190,2025-05-27 00:00:00,1479.05,P5,POS,Success,0
4507,190,2025-05-28 00:00:00,1965.36,P6,POS,Failed,0
4494,190,2025-05-31 00:00:00,2155.7,P8,Web,Success,0
4497,190,2025-06-11 00:00:00,1567.12,P1,Web,Success,0
4503,190,2025-06-16 00:00:00,2489.22,P3,Mobile App,Success,0
4509,190,2025-06-18 00:00:00,1894.69,P7,Web,Success,0
4501,190,2025-06-20 00:00:00,1893.87,P1,POS,Success,0
4520,190,2025-06-23 00:00:00,1529.76,P1,Mobile App,Success,0
4527,190,2025-06-24 00:00:00,2245.44,P2,Web,Success,0
4508,190,2025-06-26 00:00:00,1838.13,P3,POS,Success,0
4533,191,2025-01-05 00:00:00,1428.03,P5,Web,Success,0
4528,191,2025-01-23 00:00:00,1671.75,P2,Mobile App,Success,0
4537,191,2025-01-25 00:00:00,2977.5,P10,Mobile App,Success,0
4536,191,2025-02-01 00:00:00,2072.03,P3,POS,Success,0
4531,191,2025-02-11 00:00:00,1378.19,P6,Web,Success,0
4534,191,2025-03-14 00:00:00,1646.55,P4,Web,Success,0
4535,191,2025-03-27 00:00:00,1474.58,P5,Mobile App,Success,0
4529,191,2025-03-29 00:00:00,2350.43,P8,Web,Success,0
4530,191,2025-04-15 00:00:00,2379.46,P2,Web,Success,0
4532,191,2025-04-24 00:00:00,2409.9,P9,Mobile App,Success,0
4567,192,2025-01-04 00:00:00,770.33,P7,POS,Success,0
4541,192,2025-01-15 00:00:00,948.18,P9,Phone,Success,0
4552,192,2025-01-16 00:00:00,696.75,P2,Mobile App,Success,0
4562,192,2025-01-18 00:00:00,940.75,P3,Mobile App,Success,0
4572,192,2025-01-21 00:00:00,889.49,P3,Web,Success,0
4538,192,2025-01-26 00:00:00,563.48,P2,Mobile App,Success,0
4557,192,2025-01-26 00:00:00,1260.66,P3,Mobile App,Success,0
4556,192,2025-02-01 00:00:00,988.36,P7,POS,Success,0
4549,192,2025-02-11 00:00:00,1199.16,P8,Web,Success,0
4560,192,2025-02-15 00:00:00,501.11,P10,Mobile App,Success,0
4569,192,2025-02-25 00:00:00,1072.26,P3,Web,Success,0
4563,192,2025-02-26 00:00:00,991.84,P10,Mobile App,Success,0
4565,192,2025-02-28 00:00:00,719.27,P2,Web,Success,0
4539,192,2025-03-04 00:00:00,577.33,P2,Mobile App,Success,0
4542,192,2025-03-12 00:00:00,640.96,P6,Web,Success,0
4546,192,2025-03-18 00:00:00,995.07,P2,Web,Success,0
4547,192,2025-03-18 00:00:00,1069.37,P7,Web,Success,0
4543,192,2025-03-30 00:00:00,776.83,P3,Web,Success,0
4551,192,2025-04-01 00:00:00,996.65,P9,POS,Success,0
4570,192,2025-04-02 00:00:00,1064.4,P9,Web,Success,0
4554,192,2025-04-05 00:00:00,582.95,P8,Mobile App,Failed,0
4561,192,2025-04-07 00:00:00,1082.07,P4,Web,Success,0
4564,192,2025-04-07 00:00:00,615.85,P2,Web,Success,0
4558,192,2025-04-23 00:00:00,569.29,P9,POS,Success,0
4568,192,2025-04-24 00:00:00,621.37,P1,Mobile App,Success,0
4559,192,2025-04-27 00:00:00,1126.05,P9,Web,Success,0
4571,192,2025-04-27 00:00:00,676.78,P5,Phone,Success,0
4555,192,2025-05-11 00:00:00,930.54,P1,Web,Success,0
4545,192,2025-05-16 00:00:00,921.4,P9,POS,Failed,0
4540,192,2025-05-19 00:00:00,533.26,P1,Mobile App,Success,0
4548,192,2025-05-25 00:00:00,1461.29,P7,Web,Success,0
4553,192,2025-05-28 00:00:00,1095.02,P4,Web,Success,0
4550,192,2025-06-06 00:00:00,739.5,P9,Web,Success,0
4566,192,2025-06-20 00:00:00,835.97,P3,Mobile App,Success,0
4544,192,2025-06-26 00:00:00,863.96,P2,Mobile App,Success,0
4573,193,2025-01-07 00:00:00,803.27,P3,POS,Success,0
4600,193,2025-02-05 00:00:00,436.33,P1,POS,Failed,0
4574,193,2025-02-09 00:00:00,564.42,P9,Mobile App,Success,0
4585,193,2025-02-13 00:00:00,1030.37,P5,POS,Success,0
4586,193,2025-02-13 00:00:00,625.06,P6,POS,Failed,0
4583,193,2025-02-17 00:00:00,695.89,P7,Mobile App,Success,0
4577,193,2025-02-24 00:00:00,832.35,P1,Web,Success,0
4587,193,2025-03-01 00:00:00,849.58,P4,Web,Success,0
4589,193,2025-03-27 00:00:00,736.19,P10,Mobile App,Success,0
4590,193,2025-04-02 00:00:00,817.54,P9,Mobile App,Success,0
4581,193,2025-04-10 00:00:00,582.36,P1,POS,Success,0
4578,193,2025-04-13 00:00:00,557.41,P2,Web,Success,0
4580,193,2025-04-16 00:00:00,654.41,P3,Mobile App,Success,0
4595,193,2025-04-21 00:00:00,789.45,P1,Web,Success,0
4579,193,2025-04-23 00:00:00,831.9,P10,Web,Failed,0
4597,193,2025-04-27 00:00:00,861.86,P3,Web,Success,0
4599,193,2025-05-04 00:00:00,473.31,P4,Web,Success,0
4596,193,2025-05-10 00:00:00,721.29,P6,Web,Success,0
4584,193,2025-05-14 00:00:00,799.04,P3,Web,Success,0
4593,193,2025-05-16 00:00:00,647.28,P5,Mobile App,Success,0
4594,193,2025-05-18 00:00:00,719.64,P6,Phone,Success,0
4582,193,2025-05-19 00:00:00,857.32,P4,Phone,Success,0
4598,193,2025-05-19 00:00:00,512.91,P3,Mobile App,Success,0
4592,193,2025-05-28 00:00:00,523.36,P10,Web,Success,0
4591,193,2025-06-17 00:00:00,651.97,P10,POS,Success,0
4575,193,2025-06-20 00:00:00,932.38,P6,Mobile App,Success,0
4576,193,2025-06-23 00:00:00,680.35,P5,Mobile App,Success,0
4588,193,2025-06-30 00:00:00,793.3,P9,Web,Success,0
4615,194,2025-01-14 00:00:00,2764.02,P2,Web,Success,0
4603,194,2025-01-23 00:00:00,1860.54,P10,Mobile App,Success,0
4616,194,2025-01-31 00:00:00,2199.01,P2,POS,Success,0
4614,194,2025-02-26 00:00:00,1561.07,P6,Web,Success,0
4608,194,2025-03-05 00:00:00,2661.76,P3,Web,Success,0
4611,194,2025-03-08 00:00:00,1092.82,P2,POS,Success,0
4612,194,2025-03-16 00:00:00,1735.99,P4,Web,Success,0
4606,194,2025-03-28 00:00:00,2670.74,P6,Web,Success,0
4609,194,2025-03-29 00:00:00,2249.01,P4,Web,Success,0
4605,194,2025-05-24 00:00:00,2347.95,P9,Mobile App,Success,0
4613,194,2025-05-25 00:00:00,2102.64,P10,Web,Success,0
4601,194,2025-06-03 00:00:00,3044.66,P2,Web,Success,0
4607,194,2025-06-06 00:00:00,2733.17,P6,Mobile App,Success,0
4602,194,2025-06-11 00:00:00,1836.22,P5,Web,Success,0
4604,194,2025-06-27 00:00:00,2290.24,P4,Web,Success,0
4610,194,2025-06-27 00:00:00,1266.67,P5,Phone,Success,0
4617,194,2025-06-27 00:00:00,1296.45,P4,Web,Success,0
4646,195,2025-01-03 00:00:00,1187.59,P8,Mobile App,Success,0
4631,195,2025-01-20 00:00:00,800.62,P2,Mobile App,Success,0
4626,195,2025-01-22 00:00:00,1248.9,P6,Mobile App,Success,0
4644,195,2025-01-24 00:00:00,803.12,P6,Web,Success,0
4630,195,2025-01-31 00:00:00,544.42,P3,Web,Success,0
4623,195,2025-02-09 00:00:00,848.84,P6,Mobile App,Success,0
4622,195,2025-02-21 00:00:00,1251.67,P9,POS,Success,0
4641,195,2025-02-26 00:00:00,691.09,P6,Mobile App,Success,0
4647,195,2025-03-09 00:00:00,895.72,P8,Mobile App,Success,0
4642,195,2025-03-18 00:00:00,1017.5,P9,Web,Success,0
4632,195,2025-03-21 00:00:00,976.77,P5,Web,Success,0
4640,195,2025-03-22 00:00:00,1044.56,P8,Mobile App,Success,0
4633,195,2025-03-24 00:00:00,788.25,P7,Web,Success,0
4651,195,2025-03-31 00:00:00,1016.96,P6,POS,Failed,0
4636,195,2025-04-03 00:00:00,1033.46,P2,POS,Success,0
4621,195,2025-04-06 00:00:00,646.84,P6,Mobile App,Success,0
4637,195,2025-04-14 00:00:00,827.51,P1,Mobile App,Success,0
4634,195,2025-04-15 00:00:00,828.99,P9,POS,Success,0
4620,195,2025-04-16 00:00:00,539.33,P5,POS,Success,0
4635,195,2025-04-20 00:00:00,1051.39,P2,POS,Success,0
4638,195,2025-04-23 00:00:00,922.89,P2,Web,Success,0
4648,195,2025-05-07 00:00:00,460.82,P10,Mobile App,Success,0
4628,195,2025-05-10 00:00:00,804.27,P8,POS,Success,0
4650,195,2025-05-13 00:00:00,612.33,P8,Mobile App,Success,0
4645,195,2025-05-24 00:00:00,1312.98,P8,Mobile App,Success,0
4624,195,2025-05-25 00:00:00,1076.19,P9,Mobile App,Success,0
4625,195,2025-05-26 00:00:00,1037.61,P7,Web,Success,0
4618,195,2025-06-01 00:00:00,1034.27,P3,POS,Success,0
4639,195,2025-06-07 00:00:00,640.02,P2,Web,Success,0
4643,195,2025-06-09 00:00:00,1038.39,P5,Web,Success,0
4619,195,2025-06-17 00:00:00,944.24,P5,POS,Success,0
4629,195,2025-06-20 00:00:00,562.03,P9,Mobile App,Success,0
4627,195,2025-06-24 00:00:00,835.71,P6,Web,Success,0
4649,195,2025-06-24 00:00:00,971.34,P5,Web,Success,0
4652,196,2025-01-08 00:00:00,2656.29,P1,Web,Success,0
4659,196,2025-01-13 00:00:00,1547.85,P8,Mobile App,Success,0
4665,196,2025-01-13 00:00:00,1778.27,P10,POS,Success,0
4668,196,2025-02-05 00:00:00,2091.82,P6,Web,Success,0
4670,196,2025-02-09 00:00:00,2186.81,P8,Web,Success,0
4663,196,2025-02-12 00:00:00,2196.32,P7,Web,Success,0
4676,196,2025-02-20 00:00:00,3244.59,P3,POS,Success,0
4664,196,2025-02-21 00:00:00,1856.79,P4,Mobile App,Success,0
4661,196,2025-03-01 00:00:00,1869.74,P7,POS,Success,0
4672,196,2025-03-03 00:00:00,2568.66,P3,Web,Success,0
4667,196,2025-03-09 00:00:00,2297.13,P2,Mobile App,Success,0
4674,196,2025-03-10 00:00:00,1774.52,P9,Mobile App,Success,0
4677,196,2025-03-10 00:00:00,2451.06,P7,Mobile App,Success,0
4673,196,2025-03-15 00:00:00,1729.6,P3,POS,Success,0
4654,196,2025-03-23 00:00:00,2139.58,P3,POS,Success,0
4656,196,2025-03-26 00:00:00,1378.48,P7,Web,Success,0
4658,196,2025-04-06 00:00:00,2088.1,P6,Mobile App,Success,0
4653,196,2025-04-08 00:00:00,2922.27,P1,Mobile App,Success,0
4666,196,2025-04-20 00:00:00,1924.69,P5,Mobile App,Success,0
4657,196,2025-04-22 00:00:00,1800.35,P7,Web,Success,0
4675,196,2025-04-22 00:00:00,2381.1,P4,Mobile App,Success,0
4655,196,2025-05-11 00:00:00,2354.42,P4,Web,Success,0
4671,196,2025-05-21 00:00:00,2097.61,P8,Web,Success,0
4662,196,2025-05-23 00:00:00,1955.82,P4,Mobile App,Success,0
4678,196,2025-05-31 00:00:00,2364.2,P2,Mobile App,Success,0
4660,196,2025-06-11 00:00:00,2870.85,P7,Mobile App,Success,0
4669,196,2025-06-29 00:00:00,1771.63,P9,POS,Success,0
4682,197,2025-01-03 00:00:00,433.53,P5,Web,Success,0
4691,197,2025-01-05 00:00:00,545.04,P6,Web,Success,0
4685,197,2025-01-06 00:00:00,606.62,P7,Mobile App,Success,0
4679,197,2025-01-12 00:00:00,513.82,P9,Mobile App,Success,0
4690,197,2025-01-13 00:00:00,333.54,P5,Mobile App,Success,0
4686,197,2025-01-14 00:00:00,581.59,P7,POS,Success,0
4688,197,2025-01-29 00:00:00,426.83,P3,Mobile App,Success,0
4681,197,2025-02-06 00:00:00,452.79,P4,Mobile App,Success,0
4692,197,2025-02-19 00:00:00,574.64,P5,Mobile App,Failed,0
4687,197,2025-03-03 00:00:00,558.76,P2,Mobile App,Success,0
4689,197,2025-03-26 00:00:00,335.98,P8,POS,Success,0
4680,197,2025-04-01 00:00:00,480.21,P2,Mobile App,Success,0
4684,197,2025-04-02 00:00:00,436.54,P1,Mobile App,Success,0
4683,197,2025-04-17 00:00:00,290.83,P6,Mobile App,Success,0
4706,198,2025-01-06 00:00:00,362.96,P8,Mobile App,Success,0
4699,198,2025-01-08 00:00:00,167.14,P2,Phone,Success,0
4703,198,2025-01-27 00:00:00,463.82,P7,Mobile App,Success,0
4695,198,2025-02-02 00:00:00,401.61,P5,POS,Success,0
4697,198,2025-02-26 00:00:00,501.97,P5,Mobile App,Success,0
4693,198,2025-03-19 00:00:00,334.06,P2,POS,Success,0
4694,198,2025-03-29 00:00:00,459.76,P7,Mobile App,Success,0
4704,198,2025-03-30 00:00:00,380.99,P7,Web,Success,0
4696,198,2025-04-02 00:00:00,284.33,P6,Mobile App,Success,0
4702,198,2025-04-03 00:00:00,436.72,P2,Web,Success,0
4701,198,2025-04-05 00:00:00,304.58,P10,Web,Failed,0
4698,198,2025-04-22 00:00:00,425.38,P2,Mobile App,Success,0
4705,198,2025-04-25 00:00:00,245.66,P5,POS,Success,0
4700,198,2025-04-26 00:00:00,384.17,P3,POS,Success,0
4711,199,2025-01-04 00:00:00,2621.32,P1,Web,Success,0
4710,199,2025-01-19 00:00:00,2900.15,P8,Mobile App,Success,0
4708,199,2025-02-03 00:00:00,3423.76,P2,Mobile App,Success,0
4709,199,2025-03-05 00:00:00,1869.05,P10,Web,Success,0
4707,199,2025-03-21 00:00:00,2636.26,P6,Mobile App,Success,0
4719,200,2025-01-06 00:00:00,522.65,P8,Mobile App,Success,0
4735,200,2025-01-09 00:00:00,688.38,P3,Web,Success,0
4740,200,2025-01-10 00:00:00,621.73,P6,Web,Success,0
4725,200,2025-01-11 00:00:00,676.35,P2,Mobile App,Success,0
4733,200,2025-01-20 00:00:00,514.63,P1,POS,Success,0
4738,200,2025-01-31 00:00:00,697.64,P8,Mobile App,Success,0
4743,200,2025-02-11 00:00:00,601.88,P4,Mobile App,Success,0
4727,200,2025-02-21 00:00:00,571.41,P4,Mobile App,Success,0
4726,200,2025-02-22 00:00:00,873.9,P9,Web,Success,0
4724,200,2025-02-27 00:00:00,704.19,P3,POS,Success,0
4717,200,2025-03-06 00:00:00,552.92,P9,Web,Failed,0
4716,200,2025-03-07 00:00:00,811.49,P6,POS,Success,0
4730,200,2025-03-07 00:00:00,629.47,P8,Phone,Success,0
4715,200,2025-03-12 00:00:00,551.96,P10,Mobile App,Success,0
4745,200,2025-03-14 00:00:00,677.41,P10,Web,Success,0
4736,200,2025-03-16 00:00:00,514.43,P9,POS,Success,0
4744,200,2025-03-23 00:00:00,533.77,P3,Web,Success,0
4737,200,2025-03-28 00:00:00,576.8,P7,POS,Success,0
4741,200,2025-03-29 00:00:00,631.64,P2,Web,Success,0
4732,200,2025-04-14 00:00:00,767.24,P7,POS,Success,0
4746,200,2025-04-19 00:00:00,643.04,P5,Mobile App,Success,0
4721,200,2025-04-30 00:00:00,904.27,P4,Mobile App,Success,0
4742,200,2025-05-04 00:00:00,826.91,P8,Web,Success,0
4731,200,2025-05-05 00:00:00,622.5,P10,Phone,Success,0
4729,200,2025-05-07 00:00:00,467.8,P9,POS,Success,0
4739,200,2025-05-07 00:00:00,534.72,P3,Mobile App,Success,0
4713,200,2025-05-08 00:00:00,708.17,P8,Mobile App,Success,0
4723,200,2025-05-10 00:00:00,613.26,P8,Web,Success,0
4728,200,2025-05-10 00:00:00,688.83,P8,Web,Success,0
4734,200,2025-05-23 00:00:00,863.33,P2,Web,Success,0
4712,200,2025-06-01 00:00:00,573.73,P3,POS,Success,0
4718,200,2025-06-05 00:00:00,1026.14,P10,Web,Success,0
4720,200,2025-06-07 00:00:00,692.7,P10,Mobile App,Success,0
4722,200,2025-06-11 00:00:00,478.11,P1,Web,Success,0
4714,200,2025-06-27 00:00:00,766.21,P5,POS,Failed,0
