student_id,feature_1,feature_2,feature_3,feature_4,feature_5,feature_6,feature_7,feature_8,feature_9,feature_10,feature_11,feature_12,feature_13,feature_14,feature_15,feature_16,feature_17,feature_18,feature_19,feature_20,feature_21,feature_22,feature_23,feature_24,feature_25,feature_26,feature_27,feature_28,feature_29,feature_30,feature_31,feature_32,feature_33,feature_34,feature_35,feature_36,feature_37,feature_38,feature_39,feature_40,feature_41,feature_42,feature_43,feature_44,feature_45,feature_46,feature_47,feature_48,feature_49,feature_50,feature_51,feature_52,feature_53,feature_54,feature_55,feature_56,feature_57,feature_58,feature_59,feature_60,score
1,1.0061030601410474,2.6250899249047035,-0.021036467116291258,6.231392316140133,3.147998157425586,-0.04466523622429608,-3.4204418509671943,1.5678737469890496,0.18911824464265772,-2.6266254911940847,-1.3048141481778053,-2.5422635704773713,1.8053473085116838,-0.14198124062453776,-3.0145860011230585,-2.265383465595124,-1.6405022320909057,0.41810130139334756,2.502966861535798,-3.1457499095651693,0.6509138150672669,0.2673280583568707,-0.18893609317293658,-3.2967133585095296,0.4980715750003002,-0.6427668257640149,1.1601468915699613,1.106436669553998,0.7007874149501228,-0.147699023630027,-2.8380517090611694,1.1347974659431963,2.802358025715022,0.5378373570162676,1.2401402460338176,-1.0870542884603633,0.48797569225694876,2.9324432828101195,-1.399363831736647,-0.013644949403359585,0.3989009582578123,-0.03527546172393034,0.3879142695792896,-0.49694735770784615,5.66617612153784,1.2846201909973274,-3.44241261353406,1.3550891486978338,1.0694391347753962,-1.9323595243898954,-0.8683015281526133,3.5157935412040695,-1.3457116901080362,1.0383611294371664,1.3588212272777223,4.5101624457647835,-0.34540609741444234,3.255827001873681,0.6073552872900482,1.1264824325463496,-0.31922468114683944
2,4.442870574366944,-2.006559636364129,-1.1818176931650866,1.695413202213811,-3.1684594980701037,-5.989657539859671,-2.6628356536488216,-4.174474774650779,-2.3229995925574136,4.380455565930712,2.8728377718172555,0.4716881286203767,-3.497984372404683,1.505252013166315,1.3968320237947809,-2.8230933520280566,-2.398480007119657,3.2802434718046762,-5.847436691616108,-2.7233551255470383,-3.2659343645090257,-3.864886012140588,4.233312619619406,-2.6385322161567246,-2.872767558679701,2.5953485184200673,-0.16938391425825197,-0.3461485399145904,7.12132158231163,-2.411343387109264,1.3644105299637013,3.1890645051338553,0.09175506631460284,0.5564821302096538,-1.7741842119390303,-1.8149852056847942,2.5344612223351026,-3.8951976644071116,-0.41704759707287303,-0.4784071932682848,-0.949089888607697,1.9953056457954599,0.3206693711547616,3.699394196265829,0.291945740815867,-2.1376574193680105,6.029132763071294,1.8709923827972725,2.66539238584491,-0.3066794329962773,4.140024891899568,1.6401060834351888,4.207556447111793,-3.36738907481442,1.3981707525140281,1.1625809887831862,0.6817623154155139,-4.742942820744063,2.150910511136422,-5.587529066551689,3.4185357873042386
3,1.7237203269613919,-3.3527535939731377,1.0206133357896157,0.5339179983938984,3.7697662870122692,-0.0046833966522208115,-0.01934456540397614,0.5155421841374348,-0.22592204115812686,-0.41423175736844947,0.3832962327510521,-0.15577881433134735,4.246810277886913,1.1928091372251775,-0.40250111292310664,0.7356677606713165,-2.8612969446526444,3.1018576962723237,-0.7100638973309619,2.7160048964726573,-0.7608520819940525,-0.5335888358671164,-3.8685510973075035,-0.49653798934149973,1.0450112349761653,0.12375523878490444,-1.493124824115212,3.001905764307634,0.6709601891992982,-0.5541885608673013,-1.0147347270072418,0.03844847354051237,0.8064727664238793,1.1586144079920042,-2.7256312459906207,0.7392833580472953,3.430627980219125,3.133591214061086,-0.17055623492246752,-0.7662025433962816,1.5108062575687193,1.8226604279311307,1.5701174864711134,3.1390872434878156,0.05934253488612329,-1.882663755879912,1.1037263300151479,1.9377076556144144,-1.2486198065441878,1.248437599371746,5.614803919006188,0.8743271429583598,-0.868329048867619,1.7696082534450164,-1.165895379840953,1.1895526066117923,3.3247184438062947,-1.8588285905743964,2.9809392976118216,1.1219971535208995,2.6184708133887473
4,0.41114031933495676,2.0252210650282305,-2.6219139444388024,-5.890727982316244,-1.0685671017793084,3.413866116259873,3.243599549496954,4.476142046946362,2.650462615648773,-1.7918478117423429,1.0839800619915603,0.08304226049327901,-1.5517945067925845,-1.5885127329988105,1.5562354431425045,-0.47289787735790023,-2.30932069572662,0.20631993908516222,2.6270991646888397,0.4967838937784456,0.8868186451815021,3.112424505200587,-1.5909874321022608,1.784715167226892,4.551132316399127,-3.195577795370628,-1.5530172400165247,0.25154891272585217,0.02286755364137007,2.328112864720247,2.8094170862127306,-2.678858540075493,3.3482004534364194,-1.4828546343198044,0.21039705047635504,3.001571807639685,-1.9439246601292752,-0.4179864173316488,-5.818843978991959,0.5269188516127052,0.1535945052218861,-1.5846871041566848,-1.1810599724508133,-2.7767974085907445,-2.4339306433810584,-2.01918305990429,-1.0109001602971925,6.486530503626411,-2.5116938466917302,1.3745216913727791,-0.5458011186784889,-0.9671991404205402,-1.8486419390423041,1.5350454462101188,-4.300282246637624,-5.457053450332976,1.0662260602345675,2.9963324137883958,4.766362260542313,1.312600320780511,-3.7409922201687125
5,1.011854554244859,3.0295836720004683,-2.574027288811715,-1.9831556331360447,-1.6964834598745056,-2.2581178573090956,-1.7357683084843198,0.68937273565462,-0.8497697947722479,0.14724696440115984,0.49565507240979156,1.0186684956432734,-3.364812602872423,0.8574981682362272,-1.4832071200491947,0.5056654455558252,-1.1687761045731573,-1.8289968080438448,0.5582569014681045,-1.601015479316187,-0.536533981920453,0.11526877984930994,0.0860539845537608,0.750256899309753,1.7047888239515383,-0.049982023198977654,-0.14245102984462232,0.5431189377633081,-0.9438816053852157,-1.2495709892343005,-1.9477154111268749,-0.1026366549653181,3.0722889851105504,1.4247375200438261,-1.2260947110424665,-2.5505332276479478,-3.070281973820521,-1.5465940059663814,-1.0826142482421064,0.0808744947240079,-0.9928738595107796,-1.045933594835435,-0.30904450769226743,-0.8175601535849941,-0.039598961290668616,2.019016920683415,0.3136240889006767,-3.3719101174925985,0.5064649122297574,-0.9725825774998857,-1.2800739251206876,-1.1852521917501773,-0.883210220894968,0.022222514158553558,-1.3365994985468372,2.028197419378949,-2.4906198089899783,1.414215518832704,-1.3920507550882921,0.6113561524020203,1.2947472059621608
6,4.605983142844006,-1.0346585390419438,-4.626311540527762,1.139893215711422,2.5819281930309605,-0.586513130868122,-0.36180527180370653,-0.15591486800286272,2.0599095042295152,0.2992600993006951,0.755574911274967,-1.1297077585841189,-1.8026375732281774,-3.6562169581095647,-1.4710172129401944,-3.2113724607101584,-0.20088205396509662,-0.04131498708542741,0.8951427308265472,-3.167643733060026,-4.504846043738642,-1.1829542419472163,1.091886689621584,-0.9056667468335751,-3.293803636302794,-0.5992045157796205,1.3201956825443282,-2.6369039104777188,0.8554571064739713,-3.0200054721046197,0.9682641812372373,0.7790120857873776,4.336794326135781,-0.42173941588296915,4.3107537378990255,1.627228214014536,-1.5405813270701396,1.2442697791769126,3.828704469373738,-2.1200454010526792,0.9561918248764469,1.2306244546178768,1.0720516866950365,-0.15009287355861575,2.5654315380446833,-0.623923820079902,2.1305612475571922,5.732146024033631,-5.059985793136931,-4.3630759714890965,-1.5204835353763309,6.358501704869853,-2.298387209584923,-3.150498452406557,-0.48669904913470025,-0.7849767873593465,-1.6585582682473907,0.6155154383959553,1.2109225784825015,-3.2657624916128603,1.2072524567747889
7,1.951407383777266,0.6355142961340041,0.5642869441432792,0.7793619046035627,-1.0175535124363144,-5.812585099096567,-4.508518933452202,-1.317225499512328,-5.035866182708163,1.9069077395273717,2.2553096466850646,2.4317488791646253,0.008325420413459794,4.958805084784501,-0.22947938393730388,0.33207959379213114,-5.030790075748414,2.7988602107024185,-4.236971883571153,0.646968947288529,-1.000021197503007,-1.5155377200065345,-1.0030321474210115,-1.0173421635027937,2.216351917646083,0.8776092781966458,-1.65303237339302,5.383250769366005,4.518588095737228,-1.5763276156465595,-3.5302277460208846,2.523266300855674,1.7421365802772757,4.25705755320664,-7.147663274977566,-3.723863572541133,2.2127051824517125,-0.5998897708620721,-3.038140270227793,1.0893654791329697,-0.996033014541873,1.8739011894626567,1.4876901213081517,4.022342261833915,-0.5468311783735625,0.8192057857304776,4.005050478407294,-4.2679458835475526,4.668926412487198,1.2010016160047297,6.527355622315548,-2.0707537859261542,2.0379145813684434,0.47093829930590625,-0.5026344941163268,5.727349642789249,1.7413544039388564,-2.7834771025234684,1.406433906446105,-0.7005492635730409,4.807443379258588
8,-1.8641354060369042,-1.6443558538222904,3.6894225664958813,-0.5669777333532261,1.451370237753516,3.359624389468291,3.796115122496119,-0.0013988238263720268,3.179428812017561,-2.3437357455215375,-1.399166215543228,1.217175077889157,4.0563730432520995,-2.3795858740035176,0.5806265803662909,2.3326577931557204,5.750521391896596,-2.0202699353945284,-0.07948005226422872,0.9957571632724871,2.3580579975415965,2.46167997885427,-0.5526528841733122,3.900771192529313,0.2649576389892377,-1.895573073935093,0.7695177871450808,-1.4342329951578268,-6.422251011170138,2.472088098879507,1.282728743830021,-1.4546054587314594,-2.7059138533807543,-1.0097486342654989,1.7542327966290416,2.98235352511726,-2.069578124117844,1.6054868049310782,2.5706983419672427,1.700129849498062,0.37528116198991024,-2.006362438238019,-0.33584150697429577,-1.009573633595041,-2.8563091778555045,2.217030477758648,-2.0928852492259757,-4.499306035800034,-3.7117046244173566,1.1163832375065255,-2.577884309787522,-1.2438870251545726,-2.0289403942047834,0.33652097415640814,-0.18712890711233154,-1.924506985576082,0.09428233471894817,-0.4960754830594237,-4.20790908979502,1.7274936166707469,-0.6425874115689466
9,0.5389852924608103,0.3739476127731238,2.070718651660563,3.1059229091404346,-2.1443238571954018,-1.9541671341906595,-0.9129604485623513,-1.6148377733096604,-2.9401190841771956,0.5451230927016759,0.9360963121557518,-2.1617648199007315,-0.6924448201078668,1.1817173856173877,0.7361009757715444,-0.896494808526533,-0.6639374353288705,2.3848075805026134,-1.950283534149166,-0.6160304826139964,0.10319759826784608,-2.248533464292699,1.6995114810807488,-2.139675115242753,-0.8708431679126012,0.5611344518532981,0.2919745607397951,0.0725135985402787,4.87620622532894,0.3016172208939273,-1.0185621194837962,1.8835865544063093,-1.6379190990777097,0.051779018845195035,-1.5127363581170552,-1.3894042422864743,2.768825380073424,-1.6270045402420394,-2.347428622528981,0.20040219756550415,0.3055880117727459,0.9574949351533267,-0.13552417980294879,0.7053929668481803,2.671186705586993,-2.2719990611275778,-0.562446854762139,1.1650447209536225,3.9779261396629257,0.9078725023937452,2.989086585650718,-0.12777814184871034,3.380118087164058,-0.4229522469198783,1.619429937400248,0.07247001717063817,1.5347789611138052,-0.1680239831198902,2.0207421092718825,-3.042274623970347,1.6078082337795045
10,-1.3448490561959991,-1.541633696432215,1.6767340802100363,1.9176040622549624,8.528339427281864,0.4990297927506883,-6.352257074942741,-1.1649285749491414,0.53005193576451,0.1704345447143279,-2.8307167844660817,4.403070235743633,5.2267679071825,4.147315034807526,-0.3615189909703991,-1.8919077681239067,-7.911216497776603,-0.819370448107832,-1.3655018259185785,-2.0469298654045787,1.7509608968000099,5.501957668870869,-1.3656272506244365,-4.949717137923014,1.8574476060702438,2.083628924152476,2.0098647442313555,5.135941918841191,-0.12105225865059299,2.0020587585361445,0.9816587918291292,1.7094102624125869,3.216194952197713,-1.073043018430239,-0.12772494938375983,-1.1063531012468721,3.2391159605597553,6.871289965915486,-5.151994759036728,-0.38248069621425596,-5.790624721369747,-0.12733577447620953,-2.2253842682472733,6.031762766083027,-1.5962517619500698,4.44013734121592,4.155094665421341,0.9948670069902085,4.783179525024053,2.6544979121388934,2.4106084055276185,3.6877617927050665,0.8751056972346842,2.9002063193838827,-1.0961192987385424,7.268950458738463,1.473615612255989,-3.3438103373056203,3.535910798389936,7.7142047854222175,2.2336714473652006
11,-3.259347147299668,0.3544337292137777,-4.668595958306463,-5.095235122155814,-2.658513551059545,-0.9512410747028635,1.1756431218411822,3.6768859453170304,-2.6979429656314413,0.31474391899154014,0.08291372943729203,-2.0292151568876244,-3.078739795083259,2.4898945376232975,-3.7507610286421795,6.235122380802209,0.7638815058749948,-1.8868781846621856,5.022623345491181,8.583305696598178,-1.7577716551240616,-2.6715948429548377,-6.680143052622302,3.988501521282781,2.893201202275889,-0.19656661597898636,-2.1857041694580137,1.6723998380971967,-3.032469704183684,-3.929356370933747,-5.863677447797218,-4.640378667177834,-0.1829251329030874,2.873525619539693,-1.9443162163000411,-2.4343018975564825,-2.3037060808993934,-0.10702801394692446,5.734562739089432,-2.2249933713033503,3.8445320540940435,2.946989276948779,2.140013079810247,-4.376663977494566,0.21781545703040028,-2.2513434076486285,-4.825264689953399,-1.7446395967100785,-0.9829346726306676,-0.6562485722630493,-0.6699641536040684,-6.405807465736239,-2.945145818497924,4.601260998012197,-0.2048738267209651,-0.7907602519571131,-1.2940768485109855,3.435908886707923,-2.3077527920832916,0.9686153853588764,-2.9382839069473663
12,2.5897493529757045,7.101865092372212,3.1981536074122894,11.799688659094377,2.085413440115789,1.4009471418302546,-4.1245093459461915,0.19492732248488853,1.479363280375465,-5.456156154383438,-1.7194465004369754,-3.506903493117806,3.593370895832596,-2.3803357876883458,-1.7511887609386034,-6.305270864844957,-0.531778535484715,0.9337220753976551,1.9768392236275,-9.38358778652198,4.36893971088849,1.405055853667643,2.6224640888622397,-3.267135095212411,0.5472155530862018,-2.2989622721123864,2.774683747406115,-0.3147116088336916,2.624313973939445,2.8222463882905426,-1.7813992628405289,3.5843261767822425,4.23474826466474,0.4331306176150896,0.5957435578054264,0.6320618430588276,-0.6956489564510585,2.350307466454506,-5.846895110393144,2.0108615021439578,-0.20262783312235733,-2.1795490349694555,-0.2816602541017699,-1.762162025313216,9.939113457341904,3.0798170293200746,-5.547294215372462,0.6274859483474143,1.3597943361393912,-1.674284075294563,-3.602701993555335,7.239057156817206,-1.8215788941292939,-1.6924233603154886,1.1631848356162915,4.566015415530062,-0.8751176554129325,7.081320983493692,-0.2456511897529598,0.3497415683220202,1.8749778019101953
13,-1.1109968830784152,2.109038073333261,-0.576867726081628,-0.9317288754272104,1.2450097766614494,1.7266119783924752,0.186962343308708,1.6828142519126268,1.2634842207372472,-1.441270879036132,-0.655133626966561,0.559137102364031,0.6373462844622343,-0.6538476666259848,-0.20399965602230766,0.15872808535423694,-1.4542947314984402,-0.506576173575743,1.4722476271817087,-0.6938709293127323,0.9587814481457564,1.8645215280927232,-0.9696105449482891,0.34643760735661155,2.1826473211964297,-0.6499760593749921,-0.12322769660203226,0.2654282000440473,-1.7232918239742263,1.5867063674630209,1.145370240906146,-0.6290683076724668,1.737253042251027,-0.8013377233045708,0.7086054247560339,1.2377914544400117,-1.1738927339270675,1.3825656013691134,-2.6778589483447313,-0.038900640440111905,-1.7574084295018877,-1.0214989547763864,-0.8173563435626048,-1.0398358814529058,-0.10311125577146324,1.2823021473102352,-0.29416512215791457,1.334032583156633,-0.5005317631432894,0.4265683843737731,-1.1781389441579821,0.8596498137237497,-1.6832836511066942,0.9174659051083512,-1.8586490337197787,-0.394441645584208,0.10594628684460264,1.5901079336066133,1.8228823819191933,2.457198118412945,-3.207971565151766
14,-2.764356174677744,-3.2573324786123847,1.354595235536039,-1.1391702174186389,-1.1194944523148807,-0.2700036517084522,0.4426065600721813,-0.31843034100922535,-2.6507364922317227,2.41926790237971,0.354649716756588,-0.41353056121819737,0.6749627776238177,4.4844985580571874,1.278899983401272,0.37707011408408375,-3.950121167055757,2.7235659633336353,-1.2242867909030057,4.745410403075292,0.386215462899874,-1.0247779292258947,-1.956272139397343,-2.331003466861591,1.0463824883180546,1.3890232031614265,-2.41692644050008,2.2492002475479698,4.204584440472711,0.7746647006680164,-0.4711971874359014,-0.9719640130735566,-2.9184654707199753,-0.19251242597383067,-3.1556269074645558,-0.7143206966628962,5.691161511547164,-0.2636937343136292,-2.3341051335316574,-1.5750775033849815,0.49780474474211056,1.9573879873077895,-0.28683350730000867,1.6937665313927477,-1.8009371180535618,-4.083497388574045,0.5681383309491825,4.655373032775428,4.004809096319434,3.014655372260509,5.927527684196484,-2.307596961138912,3.6580569310257003,2.284663199060054,-0.1858329807606639,-0.6582694307997121,4.5245477351174515,-3.4715095409451497,4.253157064641095,1.0004686362134674,-1.449774752614304
15,4.496763075820537,2.5811626867836868,5.636316138488853,3.106049981155732,-4.2184976883560585,-1.8047794880539427,3.1521943946041584,-2.8898654350949156,1.9222490848163103,-3.176753564906879,1.3142527533357722,-0.3409308456763355,0.7513545079423816,-5.950094413933842,1.7069709257775652,0.19050426763938805,10.684642664898416,-0.7434169807474355,-4.036583803585518,-4.118775364878247,1.7668859863530866,-1.2783708939318439,4.610937724359378,5.84861941022553,-1.9054342850852837,-2.8268791796337758,1.6295246533873253,-3.158055833456755,-3.518406683486663,0.9800304422161561,0.09900269874914686,3.5148159535272363,-3.235414551457264,1.7294882143884345,-0.903206916373479,0.6333400702621467,-5.550014339807029,-4.41915385256123,3.350858328220626,4.492991541984912,1.5029555838137565,-3.7704612457508624,1.3909614349177448,-2.1892111875306632,0.3737695389947215,3.978477263854839,0.8804266000593947,-13.232355912169313,-5.743048876059319,-2.396229017933449,-3.1676858552036125,-0.35278286535544345,-2.0090392522721663,-6.013317977973168,0.5360596614578195,-0.8704980802498454,-1.9360764931921142,1.9506923341962945,-9.55158383602367,-5.422843538497118,6.04103935874137
16,0.8118765368849842,-0.10355200930342326,3.7201827430860566,0.9709343025157386,-1.9393948643977208,0.45461790087836285,1.4393384917992578,-2.497404649714168,0.8446772452107334,-0.022716746501809243,0.2566681897264755,0.43457806926552933,-0.1697058159884795,-2.619244665782199,2.807408621484899,-0.9026142101876361,3.884248968195559,-0.2654510480709979,-2.516674868023366,-2.44453631081886,1.9405258097866105,0.8369435294382006,4.580256606136529,-0.7493288069230916,-1.9028588827358972,-0.29496276050245873,0.6413760546149236,-3.3140039470459532,0.2551734059992813,2.1075216915318773,3.450753873513679,1.8135963081212316,-2.7345936998814055,-1.3106891132920087,0.9300343560058832,0.9760800388627245,0.35359313943920084,-2.518399060954277,-1.1107581324914944,2.178906739692107,-1.333214740492558,-1.221780988779557,-1.741682599278246,-0.25025067697516995,-0.6086216683530843,0.723796986514146,0.8688911465117537,-1.7149102202662214,0.3132862552422284,0.5752859444533214,-1.0748171074892625,0.4606143619071832,2.285397016628708,-2.955464794135043,0.8299748483942748,-2.4374100043915607,0.12445771597878919,-1.2722324683087745,-1.2845635620650975,-1.5811461512035954,1.6213553784346704
17,-2.859443559209623,2.1803488934154904,1.8373636181998727,-0.6758823467269828,-5.713934578442914,4.021504589767454,6.891634422631758,2.7896227154151587,2.2151949261760633,-2.9758027226161303,0.3924054873642951,-5.8211576876784825,-1.0503585139789045,-4.003035365542849,0.2821732535960266,1.8814350068110157,8.507318203040843,-0.09469169426937307,4.277723867754463,2.898141289495928,2.7003895783612206,-2.4451581340350748,-0.8617232996052502,5.120851374160503,0.5479584204365593,-2.9112344824742826,-1.938267631951067,-4.544718534808333,-2.53230264995477,2.0300306124067333,-0.3457477156176009,-2.8701337785005854,-4.491126054227196,-0.9194331419503365,1.797583090856462,2.3513153939660207,-2.580941755830912,-3.8105957464993807,2.308603286943886,1.326050573431256,5.406772675418696,-1.7275021872139806,0.734296424423278,-7.975678824062013,2.1851086578160923,-2.2008658714943303,-8.109362534472027,-0.8623826474983016,-3.1568340632594727,-0.3987689125087389,-4.523009994158954,-4.966400686511056,-1.9351833772537936,0.787090629401333,0.862673813013392,-7.639742985724751,-0.5726344288721326,6.130588298815277,-3.1740377100996477,-2.493980034524724,-6.460336265701739
18,4.203973316050691,-1.2016543998774218,0.03950453348906273,4.455460353669453,5.276334236667637,-1.1538683320578702,-1.5740901500079147,-0.06286910249606509,0.2229784660511694,-1.4796081248229114,-0.26131153953884956,-0.10999097694224272,4.021133355078542,-0.7100993883374249,-2.208960866804344,-1.0766435786490631,-1.8562393607874628,1.589255686284829,-0.44214801095574613,-1.1585686895774083,-2.3573880628808928,-0.29746067600037224,-2.526095947263292,-0.14673054162337013,0.3449659811911192,-1.1918692855071842,1.0696675724314888,2.5194355594956677,0.11258461165849307,-1.8150185877401996,-1.6992315581842483,2.6370729618145483,3.326979740267555,2.7736507027859343,-1.0984647403321537,0.26420304683673085,1.0172550990495777,4.431151343307703,1.3409449669570521,-0.1981939000199805,1.4710419785611712,0.8354309727828465,2.6285687989908024,2.462677512197306,2.47728676070152,0.18907820959989485,1.3206790278223588,-0.43688547216570905,-3.2801934764712364,-1.6832393388716655,3.259369217984154,4.646830735658041,-2.82816186545709,-0.8568734711734676,-1.241493548048665,4.577501877593606,0.6786446789566812,0.15358326629726107,-0.3311251468208044,0.22564103047526124,4.656969176729994
19,-0.44577530791552067,-0.8091490539268147,0.7766242435817907,1.2240723412757446,4.059509892839939,4.5498501153950155,-0.09186975856935795,-0.004241377056555917,4.4044727498357945,-0.9548893930440542,-1.5267609758368423,0.47791356070304236,2.6804326938330654,-1.8362455060730039,1.2189701999437146,-3.5182444655911382,-2.5140776826581677,-0.8166582882295207,1.511561846077231,-3.781648904097323,0.9329283405971291,3.8037475254731783,1.6939799514175382,-3.150014747218161,-0.12974499143427204,-0.9751610740424597,0.7664520442549982,-1.4054455839801132,0.23168055731453077,3.6423018894328814,4.586994204687328,0.4385280979319134,2.1756708452291784,-4.005742772251906,3.4124241169286025,3.4738025490251943,1.4623664791011182,3.229917735215635,-4.132417725143013,-0.5763271436126806,-2.472927487775874,-1.6100450280058938,-2.051312295079995,1.1986098212401959,0.5783635752513563,0.6072669257960865,0.27078729445622574,7.404934294898357,-0.39667411791737667,0.28656944574431686,-1.0500009545557623,5.017952967455744,-0.2366417358250874,-0.3139766368489354,-0.16828459904203752,-1.386759147973418,1.283291735990709,-0.8013345044759254,4.040299194293763,2.7835519200209102,-2.1617141609981294
20,-3.685870001757361,0.8220377811934867,7.499007645706998,0.2632638373399821,-1.6095716384543215,-1.4925333602169117,-1.2338469364042122,-1.3957141640262156,-4.799809442206147,-0.22173469799365642,-0.09399798282991131,4.149868446213695,3.3133897595395325,4.902703933737658,2.5323656183892473,3.7700975871823625,-0.3048147422349243,1.3854614583656966,-4.970514896694577,2.956503802413466,5.199567762325923,2.034335786798699,-0.7252839253727694,0.743905737560806,4.053711875485872,0.4366818727092417,-0.9746906473487305,5.313941793549301,0.26551757860199554,3.494575542623489,-2.169243335189184,1.0022757520727632,-4.301953888496744,1.8817793753048095,-7.360927385043216,-2.462760496528607,2.692485064140766,-0.8032699170236058,-5.374651973859522,4.188522323649564,-2.24720102213134,-0.9817557434760945,-1.4400993800563806,3.8639983096613366,-4.073377898510332,3.2119382489393984,1.3238322494427397,-11.24499703359465,6.274224873141494,5.45869974534618,3.924595045068501,-7.262479372159943,3.8417777655699847,2.613544810184728,-0.3141903182456219,4.1395646189566735,3.0130072301895634,-3.152729542420272,-1.9464525317729733,3.557820612912435,1.928214086617001
21,1.1679274118336207,-1.436527978665811,-2.4054664188362844,-0.030437564212486307,2.559370304053983,-2.046555094434301,-2.6804803595209092,-1.6082584702414338,-0.15191516793438742,1.4134244661072848,-0.7668560243231999,2.0391417048131997,-0.5205673065754752,-0.020889295941536323,-1.7227445917739512,0.507647448059925,-0.8588655883426386,-1.3423239156072257,-0.7855719432314602,-1.218945103064566,-2.3032285429647046,0.29401832340637535,0.1348772861233475,-0.9602286227129818,-1.9619599434157076,2.393841878180523,1.830916570595643,0.120161723922285,-1.6294307266257155,-2.9148419311419227,-0.14100465801192189,0.16099421075243145,1.278185426225422,0.14344386671588494,1.5806756411647298,-1.3794852231224926,-0.6646683119610859,0.9055451523329635,3.831699375803134,-1.8474080502955343,-1.3826551926132242,0.8108947115441352,0.6287270869164366,1.9490865105259232,-0.2709135774360062,2.3184838818516798,3.026214506897203,-0.021395355081288647,-0.2891963554356231,-2.0214010905706656,-0.9558629194823255,2.3572747166591688,-0.15874706514307635,-0.9961800605559736,0.6785733118594023,3.026655868111493,-2.019554699436725,-2.5900441386573743,-1.595718012878049,0.3352421888228019,1.5563993929168864
22,-3.5349736514660277,0.8800428282617281,-0.7026620398738634,-2.14320108347066,-2.1002899525939003,-0.49270603741328256,0.1354596147200345,0.5689565632489308,-1.5662523696216792,0.7045250283301687,-0.3595176204156431,0.2521225794351691,-2.486693736287447,2.6744178806799197,-0.4921606064218448,2.3319714349402823,0.25235484000730163,-1.3188188752220917,0.8296241928673581,1.5852679664362883,1.3902840021945586,0.10248723371698072,0.09911195204926153,0.33222176658053937,1.2634589227666158,1.1779985888939755,-0.7261523159772065,1.2571300516993629,-0.7843128053816354,-0.9544348643119861,-1.0853159512282657,-1.2998538365815848,-1.4190956480532868,-0.2147155952569979,-0.6719926449497035,-2.0042101837634245,-0.3627270388595866,-1.5902857375360653,-0.16733902325660815,0.1726968564792259,-0.7559990989494955,0.24388758182974277,-1.1448651571365016,-0.7913547508563147,-1.2275206758985056,0.08509922418322766,-1.1865012741834837,-1.6084359404816788,3.0854596242020476,0.9331308057951508,-1.5163650775119648,-4.228597880223553,1.6307015369977487,1.8430905975861762,0.9448699650662973,0.022944714422329593,-0.8724338148496795,0.7459760354148408,-1.0662238856236133,1.3222243717555948,-2.453278919221435
23,-2.3822725408288568,-2.0518167392399524,-2.066292424208882,-3.536107449515714,0.35852617887708416,0.6830364983121362,0.9680277007868042,-1.9311998768875505,1.6184129795442093,2.0345639056459826,-0.39179460661040033,1.8113341551381443,-1.9087242274778333,-1.7549823125742094,0.6732874794898273,-0.11744035245019574,1.3960086558108578,-2.728930038202153,0.2353073223813498,-0.25278095894052904,-0.8257267859346249,1.4538811728218197,2.479663179002026,-0.19198818937604273,-2.5633147574343274,1.3448000240129936,1.7119100161153789,-3.014767563926688,-2.72672259272063,0.3661846828908631,3.3891877878244463,-1.3666357223745467,-1.5895044437441386,-3.2237377909924487,4.379682075800243,0.6768557056125287,-0.8731976064743678,-1.5293703176998765,2.6903364644260885,-1.0763395312064306,-2.5511475554641594,-0.972900286944304,-1.5954047942218068,0.08216330354625932,-3.081890717465083,1.0363563528876572,1.822358989020988,2.0373557709285013,-0.15262325718058872,-0.22402871941605051,-3.1678925238669353,0.058103042073851696,0.7078256049665026,-1.1091357442902776,0.6179895857522931,-2.2138777984955906,-1.65847214605643,-1.9439818001691358,-1.2219812136748618,1.1205558677568601,-1.769170387332312
24,1.9076695286492429,-0.8596440862507024,-5.853531935923731,-6.3923460227457625,-3.073640698609553,-1.888433637297394,2.197286216520959,1.9019283560487157,0.5158140348050139,2.302168383408787,2.5311555255090052,0.6271983809606463,-5.270682955712071,-0.3564606703793634,-1.0799041520642896,1.6083688445159976,-0.5659362729742549,-0.14477316595187223,0.10260092657641412,3.621780205119284,-4.4365089392677595,-2.1134367773312035,-1.0460295797874988,2.765710622384616,1.0535607152962896,-0.11720876926432597,-1.583224578010737,-0.45313163652753724,-0.04736823562333773,-3.129481001299435,-0.23607942530172657,-2.064034914216752,2.537437690240545,1.1992560584810004,-1.055722709060451,-0.3607452135024145,-2.4051397366239815,-3.018269590985225,3.208663382812926,-1.7897250313841955,1.5136216378435898,1.2168662029756454,0.5301077684017844,-0.8332272219904955,-2.8779315555608695,-2.477806059954535,2.0485980661187133,2.004522855566877,-3.6421664891454055,-1.129807362261462,1.4746629696513334,-2.2971103795375476,-1.7498576456405306,-0.5518804683801142,-2.3071800296953766,-3.6976203306654782,-1.6040627827618437,-0.2638078813273356,1.0597584645621017,-2.686731706002858,-4.576123742519092
25,1.2907847475286198,-3.4004308809937034,4.736776467600433,-0.2601807156180236,5.21710104591202,4.722985648331384,3.2399983959048475,-2.1925174343595737,6.060944576085061,-1.972523890869502,-1.4487043445984917,3.4760403204395325,5.253301412313647,-5.969065052033779,2.2069815340417236,-0.7502897097211252,5.054945426782626,-1.7244030712685785,-2.4424864332149205,-4.179662964194746,1.189083882726492,4.9859671482834065,2.3759255284324645,1.8541487865670705,-2.288337393666512,-1.8108891096781332,3.594507296234685,-3.304863180869491,-6.817325155033203,3.2984367167555075,6.770790908677239,0.5277990963584017,-1.2091004253000026,-3.601013632582171,4.586928916234759,5.66352999574541,-2.001665139718516,3.154358681167107,2.0189182814593,2.2472407154423846,-2.869750136579082,-4.072325326467977,-1.0997620007523752,2.10437447005051,-4.707913428979211,3.7466500734328623,3.7840835710736522,-2.6103791954933353,-6.54427061676731,-0.8679446428447537,-3.820706518169357,3.914545541093037,-2.325307985505534,-4.260402587068944,-0.6471476219386421,-1.705689444544983,-0.349355401148702,-2.8282192882780124,-2.9707181682282187,2.196553901532724,2.2414457143592497
26,0.07199918804815252,-1.5752523216174867,3.120198425147185,0.34321681519469605,-1.9919258022390218,-2.6246773369281873,-1.5489180457584515,-2.7246090569281454,-3.321887997600144,2.567313995781582,0.6293164648498817,1.804469861824899,-0.2689721999677198,3.3773122628589674,2.5932976180370004,-0.3164056443893046,-2.3540135632948855,2.8291242012355085,-4.52075915004386,0.45604301520356516,0.7317580686030698,-1.2305777221506125,1.2733641435025818,-1.7743479398000241,-0.1842745351207904,1.8673996853650774,-0.8837325194651111,3.0696235215426064,4.576681086364593,0.7561134814875919,0.10009939059142454,1.8749603983781205,-2.402661995819242,0.619248882810871,-3.9041691278142028,-2.0304126628010515,3.5999920982038196,-2.0012194237689567,-2.865534610836294,1.4131779662708932,-2.1802661404349593,1.346641058972168,-0.6135384886767101,3.5913732682422683,-1.474450421033629,-1.0014723821705827,3.0404624204030717,-2.4843517238687327,4.363909970450764,3.1596184169593178,4.710064365781398,-2.303468131842324,4.519079145454638,-0.19191605039450854,0.5257173036292531,1.3877012506726378,2.728341408902035,-4.3948564674626995,1.2467121434272046,-1.0580053887476804,4.339256615596854
27,2.018672500948221,0.12386920276720115,-3.429501241750443,0.752893956771372,-2.4943689969401817,-2.251632459987235,-0.05698935456812174,-0.9773218858220585,-0.055864605189388405,1.5337724783240032,0.961887516251476,-2.1803610470980423,-2.926042839159929,-2.2966948350011265,-0.5691059151116336,-1.8093747457248417,2.1708001675320228,-0.21671515450926648,-0.03691042091939961,-1.5888606444421582,-3.6058454340805834,-3.7921913829690994,2.473224251078906,-0.10293248928295717,-3.127775082180622,0.3112546371261605,0.6036233414248029,-3.5291235280276987,1.5828466171177376,-2.9010590752231153,-0.3029644172238872,0.7461547728192033,0.25831866207006604,0.46170456039486313,2.036816552149354,-0.6122950824108715,-0.583621095382635,-2.8582136346773934,3.930595362831879,-1.4247333793759902,1.6438374946714271,1.100615685148523,0.7125832129503653,-1.3141947635589466,2.8636657924056723,-1.3631354639963158,0.5536517014664436,2.148701026035824,-1.4992795875894889,-2.943061990347334,-1.1027810916293133,2.7256083706855443,0.025190287503326497,-2.5043532032200613,1.1897887983390825,-1.926659277259702,-2.2021594967799047,0.5468162828311129,-1.1453005736767374,-4.780405803406698,2.8832483299640184
28,2.4210478922011713,-1.5670782816735527,3.3424886311864874,1.3744507457996231,3.609954846240906,-0.39135427557657454,0.3827244723839909,0.7468332166527308,0.07908906837227928,-3.836480875099317,-0.03390660742258984,1.1158286226041092,6.413401915323902,0.08270621920777961,-1.364220199873922,3.9044226549685384,0.5129154834035597,1.4969858309322737,-1.4171537501600722,3.0754533068079746,0.15171779310158026,0.4718083766568939,-6.394105005104148,3.8529635907053192,2.705259206589322,-2.816877733609669,-0.5956454337998709,5.277684758777733,-3.822320568905553,-0.807025628249995,-3.921527939987707,0.7619342237434853,0.533816111881444,4.740724999929617,-5.473516801701104,0.2433361281122525,0.568402149554334,5.389107454041854,2.277029652199095,1.6889058452100132,2.3774143475154115,-0.22455572609842817,4.185076516746664,2.8395034115895714,-1.6135702167236194,1.8652287371356984,0.2764699389297652,-7.6573106926174255,-4.431229529623499,-0.14168155909391253,4.418391809523622,-0.5510741381243384,-3.6624349721829996,1.3894321788752313,-2.481241138120841,5.342046097371822,1.8023023741803132,0.3957311243415895,-2.875277562625392,2.4609348612618933,6.449042408467951
29,0.9982191459013253,-0.7499066761925395,3.4387628025955834,2.345807542253096,-0.3494793362437959,5.173984772815867,4.893960527722552,0.3570434764886298,4.196272106331798,-1.7162413755621944,0.014808080832135778,-4.011861228702719,2.3749072178672708,-4.422368745150007,3.540104626235993,-3.966016287748464,2.6787409589808826,2.6536187513550913,0.5628989260746882,-1.9072731597526276,1.749258287485888,0.015996698427231615,2.631233384837013,-0.633468075120558,-1.474215518088759,-2.2504118399259796,-0.24104979418220684,-4.614112270486437,1.6554557438972277,4.780508499100565,5.3997219640762735,0.8070874313747218,-1.717922353934897,-3.4895648144295994,3.1402553782240554,5.75717614717927,2.7447566586144294,0.27969997440386285,-3.201518261857842,0.8607049940167171,2.3710921970491983,-1.8282338316723057,0.02904266981952003,-2.5472908064735478,2.0619567499220754,-3.200511644790125,-2.237861390590458,8.395397263133944,-2.6084695237529876,-0.009651784588118939,-0.10615238469710014,4.087588447671117,0.27678879555607894,-1.3467707513093203,0.08476258554962911,-7.0168234702303955,2.28228156246744,0.33121555281225923,4.198070490596858,-2.666872511622164,-4.019278956941848
30,1.2996503907669519,3.9804072234894097,0.17530554057726816,3.031204349230989,-1.7668624123847025,2.742500683851656,2.4530861764866065,1.0830816877255138,2.844343657872969,-3.685964059317134,0.16340151642456008,-3.0757905747647043,-0.3339550524473007,-5.092350299426531,-0.7798625716487634,-1.6272822328782137,6.370088083557801,-1.6838822473810153,3.151884786090659,-2.574246549533023,1.6467977709006236,-0.27451732392334127,1.8574864129286113,2.2358155050649886,-1.2946889999307616,-2.292322379868985,1.4995605799964693,-4.841171899788189,-3.1141740271077696,0.7235505745951021,0.06215948449792086,0.20683144458175035,-0.008349298215361123,-0.38569012603772596,3.552252028213957,1.7005009605371575,-4.636568306173656,-1.2944323799470816,1.9978005453123278,0.7904279440082095,1.43644834009892,-2.7144884080615848,0.6192333781649773,-6.044182511748735,3.8683300157553835,0.8778162649137676,-4.385132221683207,-0.676681089257435,-4.152438345299346,-3.3913289520530303,-5.942071802730137,2.15657680870887,-3.7554181929147035,-2.0753942357911623,0.4173172669895528,-3.3189451890999937,-3.0587941259647775,5.319147761088276,-3.2544382487039294,-1.955733931907959,-1.6264550962605593
31,-2.3307160234289936,-1.5179680369483264,5.793850061536763,2.2130576181132757,-2.047294124777629,3.661570020270231,4.777871137155886,-1.056372144867556,1.0941761503788108,-0.9518971075177849,-0.8149949863525905,-2.757706911990226,2.2162711755953923,-2.1912907773091277,3.2875693789384357,-0.44357268171079695,4.697976855511399,1.9160154331193526,-0.8535920005047706,-0.07049688353715171,3.4319977211151604,-0.09848997427731304,3.0001822411098398,0.9782508187806105,-1.534382816395793,-0.765127303874441,-0.09171380252791261,-3.515319949109807,0.7453255598356092,4.59326317444074,3.570045910650143,-0.22574271139497737,-6.365365581192858,-2.914636883752517,1.5878830264184989,3.3738092084741966,3.159034718234392,-1.915977288120517,-1.9824210172844374,1.6656881203717413,0.9247930431957183,-1.6099771445965196,-1.2188033573590924,-1.3864726306849287,0.45460868001755905,-1.5088798488541049,-2.6220005882700366,1.1089192400820944,0.4786603164826168,2.4246920201501583,-1.0393381734946763,-1.0310302300335872,2.367491924462105,-0.8445027682132866,2.3034449766809435,-5.751972980340472,3.1658151660652307,-0.9269780290718674,0.19834291079024685,-1.3216833097301401,-0.07765062657535093
32,-4.649550480657968,1.3650365257792576,0.9410380006687062,6.996731777038792,0.6594051182132368,-0.5139257231633512,-3.971394690276562,-2.042256258375799,-2.6736003922908917,1.5232033475346458,-2.659999354198004,-2.6136816544025465,-1.271669005690222,3.462668381810972,-1.4577024900875666,-2.674814722096728,-1.7167552574434604,-1.5159392411401227,1.6171992290522936,-2.2241314418086886,2.727757873203246,-1.7476868360466549,3.2458620816566324,-6.004461726777059,-3.165299070635178,2.9444077866514937,1.718799412165708,-1.4105817723136673,3.9558100966468777,-0.3176929802918504,-1.4720749458276043,0.6255106395333203,-3.047125541837615,-2.2156228019865876,2.585164799107261,-3.608883096676742,4.037478114818393,-1.0211467029164938,-0.7907403000959554,-0.8570135010708319,-2.1510224374149907,1.854774583042826,-2.1752963767349422,-0.15582196861983955,5.682586130780619,0.7348513662957316,-2.917474701019862,2.6809524867705665,9.082099795787347,0.30971518196269465,-3.776552960813657,1.1412142529848097,5.195293122211538,1.1209035825422644,4.522894536879801,2.786056649991532,-1.1043197235331843,0.020550684040672104,0.8028495388168646,0.6553596285807237,-3.2339154295903034
33,1.1445128367486,-1.0140861895778317,2.7838679554555887,2.5432444331814468,0.12809985449950634,-3.952013900584144,-2.7216914740132983,-1.1090383569116822,-5.192362215065877,0.5160482837483904,1.296478569106499,0.8575233082911661,2.785110966309343,5.175586917462344,0.1165389817396018,1.6844199820493493,-4.378210185575938,3.4026596117220684,-3.2082972864171646,3.0390051717361746,0.22515393432514239,-1.797206890440378,-3.111531018143225,-0.8894064009848566,3.344369726570156,0.8684868091550143,-2.240059674239712,6.5894416594568215,3.390431513246179,-0.9293194801575111,-4.578954615683672,1.7495647802518481,-0.7243158705304487,4.373928938162174,-7.648280075199842,-3.059935762945831,4.439360247708297,1.0221293118334034,-3.33236898275808,1.3126531205780743,0.9892411679011306,2.6094715080865347,1.6731596692896211,4.404494243749291,-0.31594850327463636,-1.034951548079606,1.73906601921038,-4.2603287991406305,3.9566621846848653,2.5540779563533014,7.6290719653473715,-2.634116797095074,2.3806627312009643,2.6877499697006186,-0.644888899404526,6.044503900960628,3.933272348208151,-2.1567083094816617,1.5847273897475662,1.0061394692828216,6.093202792816109
34,-2.745823796958905,-2.990294467618377,1.6891421275895728,-0.5269819475241735,0.1803111712939598,0.02044926661202473,0.9628096226167157,0.27663011776910873,-2.589869197423714,-0.2597585266195302,0.03699522165808122,-0.3736709917269419,2.6127357716799153,2.5425667425216734,0.024432632481942496,3.5056377137511383,0.5625973174498695,1.108389440957362,0.050198175826011826,5.842853573687301,0.13033425583294067,-1.2430736530173274,-3.5655580228086516,1.2051653946878902,1.06278489759006,0.8340231853618705,-1.4124043605693708,2.570974150098199,-1.3063500768480858,-0.09497159654825271,-1.8498867528635845,-1.357832909016608,-3.6622802464995283,1.5724899285330731,-2.974463541632508,-0.47652551072248345,2.9279123153826005,1.5822970919162305,1.9820278959016915,-0.5731942282362137,2.3709361607659942,1.5296202718310108,1.6011499405060252,1.0244667928439313,-1.6807272806209712,-1.874852884687079,-1.5955017686328843,-2.2171938677891156,0.9239545516434396,1.8953826063790913,3.787325736424101,-4.169357553157061,0.15165846916949516,3.0904251510947125,0.08922849370411663,0.6704151812050985,2.676218608972254,-1.1653455706149338,0.10561111739970058,0.8464007699538495,0.29226593528295514
35,-2.114752551316412,1.269698900410679,-4.427379736444985,-6.261773435621398,-1.9381532746107226,-1.6065505877462187,-1.2840078226601248,1.7282396605925856,-2.5008461448477015,2.7470503690903767,0.5909366279650198,2.105904100160911,-4.360036340614819,4.085105760933001,0.05181382219483861,1.5919284760934658,-5.446621646846273,-0.789406845389845,1.3110121658833882,3.176805073994169,-1.0383420686905924,0.7258477853524596,-0.6930837670309689,-1.0357113941661422,2.5632626331374304,1.9069105161109476,-2.2204608792372706,1.5134088994618522,1.4893348972766995,-1.5094491602861075,-0.3454217276758833,-2.0947843246588866,2.0025801183598215,-0.3100799066234937,-1.9399336102749445,-1.8653011771882402,-0.5007474022976698,-1.704772342412649,-3.0956148465508972,-1.3369236419379682,-1.7231814978237745,0.7655715136943646,-1.3964269856627085,0.316354496587027,-2.893952480457541,-1.68404480588617,1.5024424968525192,3.1495254215590314,3.354372933930324,1.7781657845366323,1.0386787820405552,-4.008226906740914,1.6816233984569862,2.9854337874179357,-1.274381217990185,-0.6977047153290731,-0.018255249299117732,-1.123349328349859,3.4333044475562806,2.180431958867288,-5.027790112202294
36,0.05418433243174061,-1.0186444599993172,6.020499712796836,6.998784694943698,4.017628600493216,1.37615305153204,-1.570184693631828,-1.056716163497752,-0.07844348394754597,-1.758662231401249,-1.16787740549259,-0.6836317685860899,6.579292761684924,0.8122441506457656,0.14659878280035177,-1.5045200737470523,-1.4595959868873545,3.208134408194473,-1.4918825119705907,-1.7665220830606667,2.952565832678144,1.0277683667342332,-0.6258601630726156,-2.692483290510283,0.1899581408978547,-0.7072249863022085,0.38136155127063287,3.2155325751461743,2.792849821829884,3.0899414218309875,-0.21228208251697386,2.0928921101227873,-1.127795228813528,-0.9303736329518655,-2.094626077102856,0.6460008391900972,5.721913672830957,4.491495246932165,-3.8412293007717757,1.1942132270245904,-0.3481360302879254,0.23500232204178875,0.9239949720676043,2.972995445346594,2.964650371354124,0.30208465184601657,-1.0919361019407177,0.7767394297221853,1.6174695375575305,1.68961466100674,3.468132366724388,3.2792912607714695,1.4823835418414284,1.299827346991155,0.8385928293251972,3.117477525664862,3.9987062385841607,-1.3215685015730585,2.7321431478404485,2.429685564758351,6.303315195008443
37,-1.6203061131024015,-2.4842708274434524,-1.163322126501935,-0.8425041086413986,2.99133880868426,3.556470335349772,1.0426129180258612,-1.4492374673860304,3.7050533789044793,1.5802818987855334,-1.9916318601953984,0.9827342980112799,0.04318056416422969,-2.187516872053461,1.1201945503407156,-0.8622026063373656,1.2757405831684079,-3.5892131476376474,1.6867424113022136,-1.2989393563721716,-0.7218102599611806,2.503520216639439,1.7131205241538177,-1.341170427142124,-3.0040594828309173,0.9935388499225271,2.1874370276660122,-3.984503452171956,-3.6772374470922244,0.2888680154681259,4.366002212789251,-1.609807868620496,-0.7191372743149134,-4.013088202719592,6.536271997595401,1.7128650412595867,-0.29608828364199113,1.3560281260683,3.1711322888473292,-1.9306674532827843,-2.919972494860697,-0.5935853507331652,-1.6053096709020611,-0.20695194290314456,-1.7978468139815196,1.2442081239371343,1.1965252989047288,4.091536470707555,-1.7071282882049166,-0.7111579307057337,-5.1723172914068885,3.1269136947941507,-0.32673520426769287,-1.4847552551902246,0.7230887941559165,-3.3990468348929688,-1.5028020743837578,-1.9503285316329766,-0.07716667032145566,1.745061644075723,-4.1778622459104415
38,-3.3246097880782703,-2.1654259745583078,0.891856848651934,2.448112299423504,-3.76397213416112,2.407467380069778,2.7257248726699217,-2.9013946870176306,0.3513581533261275,3.9393074047096364,-0.47870037840922686,-4.125289033132745,-3.0552937147080255,-1.095497567276673,2.9888514250324842,-4.624721803025093,2.3819178768163836,-0.017535823176439647,0.30060151219119474,-2.1204999749157927,1.0520261169596348,-2.0174902837046855,7.299947296145449,-5.159312512621812,-5.332048633741481,2.7344617042485426,0.8770365189848313,-6.613888629692802,6.103779287589021,2.5807811728931678,5.009419032863768,-0.41913843298541364,-6.124461246338647,-6.500811749984335,5.924725867005975,1.6275858865343502,4.847473450907518,-4.416882245749711,-1.6218175437869817,-1.7976969367196665,-0.6180944583591115,1.2271127876181895,-3.2866181755042296,-1.4857810089972823,3.0380570254392443,-4.6235202993089395,-1.0896409352038958,11.125048799147757,4.7991550036671295,0.6110314625482904,-2.44599481058749,1.7263711488900118,6.332432298941841,-1.8743810692243725,4.126940298270133,-7.605495043597226,1.3479323434163275,-3.0820726887316083,4.40561250573482,-3.725328678670708,-4.89295322250642
39,-1.5984312212892555,-1.5261055568922628,-2.261318416675197,-2.3697688430671113,4.216519888022306,3.545812395984009,-0.17589714758008446,3.5286177732092674,2.6590298577375733,-0.4064932248614922,-1.1087260114020454,0.26763010892306477,2.2330876658057757,0.9184416531640891,-0.9515435770486168,-0.010088416406643291,-4.983950822249234,-0.08344346425318802,4.039858161659373,2.235348988778281,0.03262901093942138,3.519250331420884,-3.5894961388707918,-0.6191541717739633,2.8416620830945587,-0.6867916064088113,-0.8532599344608043,1.6196513981855234,-1.1019828820790343,1.9860294783901435,1.3029116281575448,-2.179132407642615,3.3758855967330677,-1.6969833903567566,1.05208712181143,2.5156162621839466,1.3103641248675306,4.585340201178068,-2.4957960288331793,-1.5754662411012286,-0.005492215757324309,0.21522713296773696,-0.8345301989180574,-0.1523261335338728,-1.2196685217579217,-1.4084831276450476,-1.060283638687009,7.9033518292841025,-0.5843427697070942,0.7652788340170289,0.28104547007437836,1.3716205435335445,-2.5935085579187858,2.938420659187692,-2.480230217670147,-1.0086997107415046,1.8887743706091498,0.7562584416465896,5.467029307845242,4.4395540204480985,-4.634232457410595
40,-1.224636563648674,-7.973912775103408,2.8805580114852405,1.3580764824629599,6.349059796483132,-2.1241406506545353,-3.2556540416119653,-3.7621058780187084,-2.6974484946816872,3.265230178620459,-1.2992589569563588,4.288338819511208,6.467159681683562,4.7903347486907295,0.4250992959244132,0.7981079583023828,-6.134043540692407,2.5028188305815036,-4.767778768814722,2.986796693210678,-1.585452997763022,0.878289065262968,-2.0603290386022195,-4.451896223357055,-1.3316750935628145,3.817907911073381,0.28758050558599374,5.62390972502562,1.5500864496603854,-0.031706454341555806,-0.06435203862574587,1.8817168296818363,-2.9467956485277993,-0.3391637940741397,-3.352491461925728,-0.9368948069267983,8.131667912039998,5.134354288774611,0.08766534324235095,-1.734415401688643,-3.0275207695344033,2.737904862269174,-0.07104363399848845,9.333000760271831,-4.074869563280813,-0.24359974414723373,6.256501513707704,0.7810892610999931,4.023275479442134,3.2192443754521847,8.440858150522079,1.695585110010399,3.4585707805571477,1.3274283301641543,0.936595563620682,6.714453972591362,4.565889217689374,-9.322356679021867,3.1595603917896367,3.19539149340063,6.857146086250409
41,0.13156257012173111,-0.7157528596374741,-3.070544799898118,-3.5203909670304814,-4.990585080140297,-4.319426979596123,1.555385667764566,-3.881525583407451,-1.059669056268781,3.11307186933928,1.2924095613916475,1.6119268727691003,-5.359837861515959,-1.771555740688479,-0.2077633947290986,3.8739756203166658,7.452602370739241,-4.479589195424602,-2.1165329525670087,1.347796357499936,-3.1899055431118932,-3.801133136483714,3.1730774750074318,3.5382729350507947,-5.013589309308668,2.2684467048937527,1.1551599190002673,-4.637637107620665,-4.271877294336896,-5.780895769992122,-1.2240436469699516,-0.7483191218770353,-4.344057783577493,0.9953376914591482,2.635455904721405,-2.5449110869644396,-4.749377263554185,-6.356141928829898,10.650587848088474,-0.6925979426947151,-0.38283636022614553,-0.32922563217484707,0.11629976669317735,-1.2874236808701696,-2.1998902617301894,1.680827109116453,2.340035882842891,-9.205647106514931,-2.253526693774758,-3.3420476852690384,-4.538337129527022,-3.550873446722342,0.6352742944949712,-4.121423958000506,2.4188267204511766,-1.9422886262743073,-4.8014981556717045,-1.5098453734710287,-8.69777458658458,-4.432787922614594,3.280374464921118
42,-5.490303461100744,0.027226969853713454,-0.666960772452914,-1.9864558951062758,1.353255414814108,-1.2268420514540563,-3.0193384374082397,0.2839751887829898,-3.478905360978274,2.325374636683324,-1.4453528893814156,3.188466742029151,-1.0860001366043002,4.594979961665503,-0.7477032978038415,2.991046615971033,-2.4843014649021007,-3.160999803732043,0.4502903495763065,3.054064725371092,1.3641427358446498,1.7733045780738659,-0.3958103554903045,-1.3278911078235056,0.7219296493329688,2.6468428566444406,0.07435284624978349,2.801329288015562,-1.8770386908839225,-0.8083218649254686,-1.7896936938238124,-1.429466299559853,-1.4255659298274945,-0.3050691802722486,-1.1312155086649986,-3.435604329744585,0.9377019353774175,-0.04556520461698821,-0.5539373275502798,-0.5100262921677691,-3.253863377634375,0.4828657685558659,-2.2403223074287344,1.8634401585296538,-2.848095213200289,2.7716053968664824,0.10862880342432735,-4.473949486493454,6.34765231699508,2.9294376099516426,-2.0158328145012647,-5.016778718404512,2.3951719324492853,3.2729826036819483,0.816250731788078,4.110824335203495,-1.2848599525837876,-1.8201215731912652,-1.6165284822246413,4.464928489165251,-1.8827231738322725
43,0.6611324961467937,3.0466602042718414,-0.907919151617768,3.252953571261841,-1.0568370139815166,-2.144738990810055,-2.150949460620831,0.0439313657000317,-1.7959067649578042,-1.138716940335176,-0.17015412164829807,-1.0099225756142345,-0.9932685926840995,0.529610774063494,-2.5677277157895677,0.5027530094413586,2.0092957232241484,-0.9217378323257751,1.2229019640043561,-0.8091664588391231,0.13493129305715126,-2.3416267641518265,-0.698088235738613,1.376137021562051,0.5685481740328394,-0.16353493155367033,0.6624594822741929,0.8642845878088716,-0.7287440672261888,-2.8311527254047215,-4.401701515676392,0.4831471405641097,0.6064199140153459,2.46102249066302,-1.080859965888379,-2.324353225137896,-2.2287493213882144,-0.2270132054365046,2.6306290196492315,0.3437877745580014,1.4363941275235168,-0.5639297822643168,1.6124778226702325,-1.753004428165386,3.987803091230162,2.1554168847288095,-2.5295849175197587,-5.447703247636614,0.10631465860863784,-1.0322714866061742,-2.2811299253421247,-0.9417271635583322,-1.4977587224901407,0.3685008887375915,1.1026069674463896,3.709277274157195,-2.8025659984279505,3.484374215114895,-3.734490363098826,-1.125216805110243,-1.1162826953204736
44,-6.454211234370654,-1.4727895127223165,3.280377826491317,-5.437588314915397,-3.9839668360839466,3.177211656446487,5.863850859745186,1.773165563887833,-0.989126820162594,0.25293883377666176,-0.590781715222384,-0.4898372916223924,0.3652975847203947,0.9811214972679068,2.4839191111288255,5.579535506419377,3.636377277209851,-0.661098086858489,1.2163405560699976,6.781430345317254,3.1096836542764503,0.43152482778733914,-1.2392790495736423,3.73073742121807,1.9167021677803713,-0.08618516748267603,-2.5544345436970017,0.1263657951508616,-2.6163160072276637,2.3634724371671334,0.8493823919280652,-3.378381334967908,-7.023390136923658,-1.1774858625828148,-1.6592831293909343,0.5488749094584348,0.9764185080719014,-2.4042509330597306,0.15704054867541548,0.6890486640690671,1.6746413396508935,-0.6312673509895594,-1.839675301152285,-2.9654563542856485,-5.601228790179549,-2.3492711470825958,-2.6531807916058847,-2.0129231049249507,1.366223787782751,3.574971540378355,-0.27000241809303216,-8.861662217783916,1.5316217976009852,3.5865518950103317,0.13059248639669552,-5.560601328293842,2.1369761168133077,-0.8318594576663682,-0.9054588724023445,2.001598687977572,-5.485055965233866
45,1.8363948208261027,1.489735691416721,3.385253183930977,-4.741126291273524,-8.544035874746926,-5.443978841971656,0.745189340007334,-2.054607582506961,-5.329345475985071,1.734971232347218,3.843719671404676,3.214565115500417,-3.172184444691957,3.024647670181932,4.4420384131769515,3.1948136167318366,0.9010463119957673,3.3467251511957636,-7.402032535939887,2.9467917089310514,0.887171587093422,-1.918132987516635,1.3967163446165975,3.1041989994752215,2.525668555283106,0.8117428791843158,-2.823226301934321,3.0249324353395526,4.259454683811333,0.369517796660841,-0.5703792520234497,2.282551552052902,-3.0162634354984292,3.717807328164141,-8.6206995786807,-3.0294030707413255,-0.10900127171193996,-7.42089662508911,-4.805471297311155,3.744467366275976,-0.38399658585308105,-0.7819084260443041,-0.5101871931288005,2.681048106338041,-5.359060277274148,0.009450236427098163,4.530906502774974,-9.47438746270178,3.9577416445963394,4.283888867506718,6.591300287258578,-7.95746620666652,4.953115865908508,-0.9188445348562939,-1.0621258958647113,-0.22819603340640585,2.389122530501558,-2.867925465053089,-1.0473303306641646,-3.6412263361611625,2.9164720749253106
46,-4.3499949195647165,-1.2347912475302112,-8.047949546875143,-7.470230812235736,2.020084872209187,0.9267881299040838,-1.9108413779987694,1.9568607100279802,0.4441932561229805,3.6966796380452474,-1.6693369000643343,3.240894350618286,-4.7225970911235216,2.393359389732459,-1.1522484081558175,0.9520719392980791,-4.589589895239396,-5.1849902163447235,3.4886070776410696,1.8522579655820974,-2.726667759142023,2.608104260500132,-0.5776472962388721,-2.40219704849058,0.364100203624053,3.312013373654185,1.0756228273852613,-0.38542530113188517,-3.0811009577264667,-2.4633692987129248,1.5698604417704418,-4.337075174642156,2.9399355355862804,-3.0222406622945837,3.841800880626079,-1.4140780505968464,-1.8469979099047704,-0.2837827984209165,1.6266486641978584,-4.299790137964925,-4.179500498099927,0.8368425010024847,-3.616769114567149,-0.49992316490463073,-3.932507099032886,0.8538304415395973,2.154297877363189,5.430215696709582,2.197543458724345,-0.8511685668274347,-4.892382366486408,-0.8853241333460139,-0.10084031388400272,1.792657249594561,-0.3445413216737518,-1.1129402438741187,-3.806586339473175,-1.3338788154600474,1.8395251083471567,4.340384871332333,-4.1332291440340505
47,-1.2973938857539395,2.135925625212396,0.4112533575175602,2.842118577213246,-0.9392980305860519,0.3331060148202859,-1.4796489942371378,0.6484569990791162,-0.9774871176951155,-0.42827659834818865,-0.7317099876336626,-1.4701405029470345,-1.2216508826491652,0.7015626391781444,-0.7067925606292306,-1.3024927516599951,-1.0100257896665985,-0.5855283818070508,1.250169142525748,-1.4523061133718813,2.039536184704162,-0.1982414228770837,0.96442422169017,-1.5878321253083387,0.13813178721240482,0.33453555081717795,0.5667971300250734,0.3249769790185422,1.6400180003918465,0.2046085603520194,-1.2534440702995822,0.34320370655986654,-0.6448053862470416,-0.5363724004834924,0.12975153679129364,-1.5723779026965632,1.10205136572333,-0.4401496737047302,-2.45235718364805,-0.21859468125383194,-0.33442697443138003,0.39367653666838165,-0.6851231237350877,-1.1624036520186216,2.7224112335834767,0.7532453442081203,-1.9446622323447842,0.23569891619503797,3.1347780910093226,0.5058001071312345,-1.4477287059156443,0.25600765939600734,1.2905456597900884,0.6539071471529483,1.568236486535058,1.140211311941117,-0.06522367738440049,1.791080620303542,0.3897628774552625,0.7564145951622503,-2.1284027870458773
48,2.8180171750638916,1.9035826503864288,-5.213221084306225,-1.373989945989413,-2.9062559908040777,-6.042396534354492,-4.5299734815502335,-1.246577826122039,-3.0585906772376013,2.8025397599435324,2.1507531855322384,2.1734245729198274,-5.323593118051786,2.4368091531287535,-1.1316436297662718,-0.50339271432191,-3.815056249609908,0.3120093003949857,-2.0370482354447517,-0.5900326879447167,-3.891216609655032,-2.342774899185284,1.2436437471658532,-1.331014256904777,-0.11487419515013397,1.766480794880102,-0.294985839923463,1.3362005264456718,3.7335150070050824,-4.210615651650303,-2.5294179023132903,0.9045889230185553,3.2987619466274434,2.2588660434230508,-2.3558370279260616,-4.074519107283019,-1.2006014515640853,-2.709285363356122,0.12588475746176875,-1.3822769118546376,-1.0735241192821487,1.4286442877711876,0.26313627916394294,1.7895262324193695,-0.07942959928466856,0.08323194897069322,4.370344262225234,0.001193429730730694,2.280486259621058,-1.3588596935264925,1.2475082726457483,-0.2364385848036249,1.2765147358597568,-1.042820845939745,-0.01604689559061101,2.4026049411946144,-2.2352138613971864,-1.2583301658676302,0.06516969451510601,-2.6631421484984337,0.25433899752500055
49,4.447061164609013,4.457580572397393,1.2734807690757606,1.304618591392194,-0.7038799602181013,-1.0021401289580436,-0.4037161027267212,4.075770405451332,-0.8880259937921051,-4.937488277214796,2.1240547112522075,-1.0019284948432392,2.6710703623679497,-0.335433390519553,-1.173206664959028,0.05823573208173494,-1.577698366869657,3.8780190422232494,-0.1479024855546898,0.4835557431268308,0.39390905129575693,-1.0362404210907668,-4.973407440021055,3.580670950120827,6.350244773686261,-4.326114174638783,-2.3352108360063606,4.727926992951848,1.3969254347316375,0.047823731278482606,-4.464724144043161,1.3617399161562806,5.134033108904344,5.373516409274397,-5.926216607379364,0.2332014265842752,-2.1404822217432,2.389538435980712,-4.487404473460445,2.311436180280005,4.402620765076428,-0.46581228920762263,3.4844002800300133,-0.92971878123127,2.634142028595978,0.7103817287929786,-2.0237752272900225,-3.3980761344925474,-2.895620628731567,0.4231179511832645,4.422112629842053,-1.0078672245040001,-4.07824642597866,1.2819379515589397,-3.5584720974033544,2.539649703293698,2.205443264331919,5.2024517134418025,1.1231099922180863,-0.9847539691447871,2.2026274744087804
50,1.4116142861275913,1.9330609309247264,3.2145240623745597,1.808394700036091,-1.8013701773487414,-0.9366686565340423,-0.32899024005692307,-2.281408452500993,-0.036841321573318014,-0.6865684255000961,0.023495719324460762,0.39184057386366455,0.15780316448983112,-1.6533560183619733,2.003544083787453,-2.3965476402752994,2.4846674457600764,-0.21987523310392454,-3.060050928896417,-4.0429697782592005,2.151897320605283,0.10449424821947001,4.166998206225818,-0.15199197636187015,-0.8589363907408547,-0.5357135371624699,1.1605397739252346,-1.0061792266296397,2.0289847216952843,2.2591689219348403,1.1111964804614274,2.6753544807209386,-0.8112228549258971,-0.3599299959069847,-0.09744324495580095,0.3468754284257551,-1.0915118750382784,-2.8754544390619543,-2.6167977155689055,2.6801713421675637,-1.7380089340951475,-2.0501141034122172,-1.626121163246021,0.2487769055478879,0.28724610914609244,1.9948025288879472,1.0406021853643892,-3.340812876781207,1.5665120438804476,1.0966522235414171,-1.4519453743443456,0.5232544291955243,1.7970972734540063,-2.8977120914607215,0.7268829263407466,0.30983155299718235,-0.3452068820572941,0.0775347959940137,-2.039407760214302,-1.879504050548647,2.1111819457840335
51,1.764836385722614,-1.483330803431777,0.9763922357181349,1.540239157065975,1.5818882207387064,0.2818503065832244,-0.4213867386894071,-1.6658304597412459,0.9482800508438984,0.5427260034213934,-0.3868165501951453,0.4915352232991935,0.8503804923407632,-1.2994046245747697,1.7452706550169554,-2.8687091822607074,-1.156734968140326,1.4467052081992084,-1.6902453719670847,-3.11756336937662,-0.9564618816321128,0.119782008600194,2.4862104565406775,-2.334434552146491,-1.611209161452238,0.28017460098778413,0.5814034733246148,-0.9126135189796301,2.2542466289608956,0.721127990237904,3.427156159520111,1.215918235698157,0.8760423143853071,-1.6155891288569697,1.4199926051473721,1.5120960897408722,1.5690823362653878,-0.27169694293924984,-1.3288160330026255,-0.25094411416322693,-1.0824297990083405,-0.9313309300195899,-0.4755717698443321,2.0046712508318496,-0.2412883621897251,0.10789149145351734,2.913490402257505,3.701892950868078,-0.5378011962460253,0.09658349257422881,1.554117442933606,4.041328079780919,1.098017512085513,-1.3829531851143728,0.03777436462409911,-0.2624744228640886,1.1707245426401358,-2.5542494991362616,2.1898418164673945,-1.1256088282836478,2.4699755258660288
52,0.5252213119976108,0.6328700327828949,-2.3313279872668753,-0.485634982815763,-1.210867987165289,-5.727194545186252,-5.057588281433397,-2.1259241443007335,-4.628231124305095,4.291645965330356,1.0143865530850595,2.461765356345734,-3.5187412640397686,4.509739966468893,-0.394859903500964,0.1126671330331053,-4.376285276722836,-0.08497005616707298,-3.46043326047435,0.5218756738729798,-2.0862258652231778,-2.114825279583868,1.3249820362315836,-3.0473845979750243,-0.48848959467138536,2.809845268540439,0.28024126966225094,2.669712223464781,3.6419121989354344,-2.8030130792840304,-2.5079871566747878,1.939312428072104,0.6919532556476905,2.3514795925939898,-2.6124876913577957,-5.0700002266627715,1.2366456035278697,-2.707636263854834,-0.6467918526385851,-0.7322824270386777,-2.4174116017037064,1.5861186117592658,-1.2159156637995574,3.539781313884949,-0.6716169012492698,1.356893487044038,4.3191865516757435,-2.914516375038566,5.30781950843424,0.2320540425461362,2.6009747598945507,-1.6778269944664967,3.9013681846553983,0.3277015612493216,1.2509566126390184,5.33782307706085,-0.9976017186725655,-3.274473205950565,0.4425876737266995,-0.9894466677489033,3.795905962329734
53,2.8120166071365817,2.6474890314469324,-2.8476660067569974,0.8700650926897839,-1.4274155271439621,-0.35146973869167,0.9445574839684392,3.8308028319328487,0.7182221978774166,-3.205205192801924,0.9858378921457079,-4.087741898938324,-0.8565469298300871,-1.6873596670594955,-3.1830821035465333,0.04403830643211826,0.43228614170376917,1.0487816891546904,3.34169315262897,1.416297951098695,-1.4673125818363086,-2.9673217477773295,-4.345059040956762,2.7132799031309958,2.6048492362051263,-3.1831194395422315,-1.562207006035194,-0.07174002871762417,-0.48192331736858984,-2.241245869391873,-2.8876461494557,-0.7854556824650321,3.629158620412698,2.9759537402834244,-1.244907479606236,-0.0016496658758850535,-2.246551101302506,1.09305211405844,2.3156667626347476,-0.8418803725240731,5.176838630330121,0.7219033734114468,3.4458461785473884,-3.757511867213096,4.488817715753939,-2.234110985520497,-4.619133052797849,1.4427682843363876,-4.565082591238896,-2.5258222355778033,0.16924618441795225,-0.42108017140884707,-4.690344786322825,0.8586938363580177,-1.766625601849976,-0.9972505529519666,-0.6360754285978172,6.154318809170328,0.3344141257047035,-1.3491738695458304,0.573721292934414
54,-1.6407739910976793,3.243122584903967,-3.109969089911566,-1.4891014261468691,-4.402684354160826,1.706610362687458,1.680028318176852,-0.725238589935078,4.237848098991426,1.0507637297542933,-0.7031762618821622,-0.42623906013054375,-6.289786613202591,-4.721508313194619,1.9729801979900063,-2.6740146376533467,6.006522466025004,-6.277886182080541,2.2449431775470665,-6.637264679242417,1.0111310525757744,1.6769777552546694,7.2604144125153045,1.160112671579521,-3.954606685933641,0.1454328931422741,2.6008860353056535,-8.13364705552249,-2.647177601255958,0.8029542394326381,4.415891531869848,-0.6128131690404552,-0.39605758984261197,-4.820633788483927,7.757242287110109,1.0181978257271727,-6.7773516772222235,-5.78634312917556,1.6587498783947863,0.6774951934191726,-2.4548970632796965,-3.022603839061622,-3.62355284708312,-5.492224536979285,0.6038525554592641,3.041832834172986,-1.0065591063160992,0.4705129771602721,-1.1719844782839175,-3.118101932102603,-10.977945797514382,1.1209292223156746,-0.0748123562713143,-3.4107912437023247,1.50778651050007,-6.107504595147617,-5.959989157563251,2.314031394052765,-4.251089410807577,-2.4203771429729417,-3.777724677110468
55,1.6299444202694715,2.8022940669790537,-3.311027973498898,-4.466692840671234,-7.596427784677141,-2.0746595093967195,2.7656756028936744,0.8484691431408784,0.4270558517038476,1.0676415931355423,2.5553590535890565,-1.6234522536979419,-6.314459933459892,-1.9356972366430312,0.16059424564188177,0.6273658144369102,3.9251407976169435,-1.025776911811712,0.6642607727183708,0.2720061899058207,-1.3887961231024042,-2.848056974878742,1.9701178410130042,2.8968824633985237,-0.9089876763475073,-1.065942305307371,-1.052507644177202,-2.931224641553563,0.07163975912554629,-2.69536673939585,-0.0554854802808743,-1.685773125980865,0.4328401744854238,0.6596345458866537,-0.21624662992907817,-1.3680092356759554,-5.079884280419802,-6.026004152852915,2.7212677584032994,-0.10744978328631519,2.1555451339957257,-0.3311208410797054,0.4436724565131462,-3.8821498790399054,0.3357480004739832,-1.3806364278493184,-0.7095121738249501,-1.749071704070225,-2.6025947869294304,-1.8225529337487143,-2.218793544223723,-2.7242206856851072,-1.0149557296585519,-2.572314508387998,-0.6919818450029356,-4.390353616843448,-2.9925613731146754,2.7046216748151997,-2.0502058092701567,-5.0959238955844395,-3.2354550287912316
56,-0.2444344306040564,4.5052635266620795,-2.099762880894885,1.2184399333766065,-1.8621938883880738,1.9940730771891308,-1.1904850278303847,1.5507003514802156,1.4656460368081867,-0.5413701999681838,0.3400316685536703,-3.6227908963643745,-2.993390150721874,-1.3736755964192877,0.5766688925345421,-5.248665874146885,-1.3109758944212782,-0.6111273333703724,3.037654772688065,-4.6668113097320925,1.8485056116678427,0.48111139180273893,4.102695249617482,-2.777039644726293,-0.08714440649853689,-0.7118295983655081,-0.4011290367053349,-3.3148595147382065,4.408631861643557,2.959060742298467,2.2582699994085527,0.05240929327775158,2.2181924543089724,-2.8436430691974675,2.837823309314188,1.4863664131283245,-0.7225474000074286,-1.7140766077353464,-5.401759573367416,0.1045556716128476,-0.6628078361389117,-0.5964638401747454,-2.2040858993147485,-3.610254592686071,4.144456632014992,-0.7471086703580186,-3.0667979441190494,6.9771836787229695,1.6716438734732453,-0.6524113040830388,-3.54730766940496,3.195148976365853,0.9448760763821601,-0.849288635050496,0.6665145449036636,-4.188159661319409,-0.837318601354227,4.510269599697967,2.7198943821941652,-1.7108896330394738,-4.091181091738647
57,0.1611287217009822,3.417385501770245,3.519839111372382,1.1063509138273018,-1.369215354270009,0.9813969297690629,-1.0515612998029582,0.21395933758074118,-0.8112627487331896,-1.2593151208130227,0.9756883212419057,-0.16936984899866878,0.9237455657014717,0.7184823283025511,2.303335868531915,-2.149985951122894,-1.0492321532730815,1.3373210493426337,-1.4264615677311963,-2.9646272733792403,3.3916415731548164,1.6062914257527614,2.328649137705419,-1.0228781745323077,2.3017491132108323,-1.0463793423018457,-0.6145164657358648,0.8042193742132189,3.1483011319380747,3.164104449546834,0.6738911878783957,1.5594825072877458,0.736901618088875,-0.3459424061186815,-2.260525746350643,0.8557301195885719,0.7178557356330182,-1.4397543492407914,-6.971169346168191,2.8475634287261604,-1.6027231492643603,-1.3736851917713222,-1.6992704731224695,-0.04054755349577565,0.5816001167470859,0.1428127622240436,0.09127743586820991,-0.5260031885200246,3.380430953343545,2.3669214428248764,0.5718067100787494,-0.04698839475508165,1.7597961267035716,0.5905593949028454,-0.937671764087014,0.7360241820551824,1.6030569369607985,0.9458556420885701,1.361550953203638,0.09460367434361372,-0.07965979451568694
58,-3.0162084468597086,0.6446446374893946,6.999918902056255,-1.4599763948529703,1.1813097979318878,6.567344093690166,4.587580972939576,1.4525837905473329,4.790239787215823,-5.1929190914113175,-2.3442241114580034,2.2834114072915885,4.4678684949378225,-4.259283235078479,2.430282913505227,1.313399612794369,4.8706022321530344,-2.8944876437626035,1.1156749233309762,-1.7349341197338448,6.773508207523536,6.766878984137388,0.4599428393531352,3.7322812814748763,2.868202882154132,-3.160591049902988,1.3257058045394707,-1.5226437300366833,-6.928155181720713,6.228342387029341,4.054342087931323,-1.0904477928076899,-2.427908266862957,-2.5168278615139488,0.895055310502226,4.557622429387501,-2.6109819726056482,1.6545836906062998,-4.051528534009117,4.254998080709023,-2.2154533802757257,-5.093115423756243,-2.445993931752397,-1.7406394145505892,-3.4097524555355054,4.532240729590094,-2.024682795806408,-6.38434973652409,-1.683787913456988,2.0084371795442326,-5.401108793777858,-2.174120907754978,-2.157692922807485,0.7309303918331698,-2.035384061338077,-2.5871315056926054,0.4507442199416212,2.898491470806182,-3.375120421944237,4.5758717109498654,-2.6126151923714946
59,1.968770969767363,-3.4525045383367794,-0.47531460887855503,-7.308310273599362,-0.06729065153083676,-4.862640715101099,-2.6502847517378667,-1.2501108388738116,-2.611625039980329,3.7709401468470345,2.6193914111449126,6.7194919914235385,-0.6056400306809243,5.069177612324641,3.1411993624314856,1.5812846138901324,-8.733771370921293,3.475860429173792,-7.136980550159998,3.7287681039458955,-2.435701261451446,1.5624434290011822,-2.382788719453458,-0.703048569246187,4.5854045206956195,1.604238455727117,-3.511840587324084,7.132379587798569,4.3611663915363845,-0.12819013458529172,0.8937387220207217,1.7157096680587538,2.966678546402532,2.5703287434390174,-7.765043673470067,-1.586528936317621,3.3049079756094337,-0.43147966240487146,-6.614862542342609,0.6024646551849842,-2.950366039869807,1.7470318924512422,-0.6299796266392746,7.98862202738628,-8.704180835286815,-0.5478720665200009,10.10521101048301,-0.3607007613246629,3.2510853169817406,4.495633378707878,9.535713320858182,-2.722200940825784,2.7761378513112582,1.0286854872088989,-3.7825703731268883,2.5281206111348276,4.063610147180133,-7.601503685565984,5.062472424868435,1.651810806601993,3.9827755235314544
60,-1.4265405557445003,-0.008342390754065815,1.433661909066365,7.799294758207527,1.6161067946934389,0.05310703796510191,-1.1535218258839954,-0.5888806590038269,-1.3734907159523548,-0.6996059949715889,-1.8208435486705952,-5.296102129545744,1.8087827616654875,-0.06718973194038247,-2.4990575637584955,-1.0489761055781595,2.394639863673296,0.09502672523481459,2.4624098060918254,-1.1482803791679148,0.3797816237088389,-3.4577822040948853,0.6692089533580801,-2.7129925439584475,-3.457991732542189,1.322325854828578,1.394523641210689,-1.6613118281508032,1.3593393891975143,-1.467806379682324,-3.1982891014047485,0.16195030307373265,-3.317683354157011,0.19838304049632738,2.014550078779334,-1.1943314165128684,2.696920937207735,1.3766880684682792,3.628587810180097,-1.4538065670269849,2.2157076341058106,1.2417570860563127,1.3261838011095815,-1.7909834338835275,6.959970252500231,-0.9727566273327649,-4.660958067995407,0.6332091105990669,1.6123389657942948,-1.5598283316207977,-1.8099862746525104,2.230131300330369,0.3947674231853925,0.13555153761849398,4.023345953364313,2.334973767956813,-0.6258845029762621,1.959368297816649,-1.6574969923810983,-1.2940963314339369,1.2253592311660668
61,0.8654559817113381,4.334273233334585,-4.096631513771443,-1.6263848388165614,-2.9012912339904506,1.2407204503964298,2.5473081532943174,5.856719563634612,1.7294119058732234,-3.8188328741333404,1.145469283351291,-4.491715745232995,-2.637076131773404,-2.897529659746743,-2.634621884626256,0.8690805008130559,2.1296264130484954,-0.18606236864955905,6.07418182662508,1.3308528803122779,-0.3189023287965323,-1.5887318797967684,-4.326011700008779,4.39269343073354,3.9959613522481288,-4.132806166834342,-1.6669173273065914,-1.413603903130959,-1.6374538867737272,-1.3366990735060493,-2.794855163611862,-2.2388498995138852,3.8357890385265625,2.3666792542788224,-0.08502641672938535,1.6402461925359528,-4.941985943134506,-0.17025314376711595,0.7360730040581318,0.04820332811035288,5.1918648487755235,-0.6668778363017288,2.7797611441235093,-6.962468616473615,3.2744647104301463,-2.1198905850561665,-6.552946125416704,2.456774313485554,-5.150749636058228,-2.923077369563435,-2.00779073144027,-1.2529476814601608,-5.801459763247225,1.6490940790634887,-1.951222558210587,-4.104112288605903,-1.6213869831146392,7.990364203295896,0.5517864073742594,-1.098723653006644,-3.674466253432035
62,3.646697712352056,0.473468444278424,3.8577806628497333,1.585472493169012,-0.1684394487982634,-0.7172055416797933,0.7608322668151928,-1.6443971146082328,0.9918277728767515,-1.7439096038968538,1.3651669375967486,1.5060583776474585,1.3958891323889315,-1.8430236134162152,2.410356690866567,-1.2258158719889736,1.7751290302469815,1.9162657320164653,-4.1309995244217665,-3.445267917559371,0.6035592558548648,0.24885813648005506,2.04161283427161,0.9474384314774023,0.07169943083619287,-1.0872778579146505,0.5517981511205803,0.268510414826255,0.3938375625053907,1.9710691979323045,1.3452362414350403,3.3172173850971527,-0.09844568220479177,0.7373135257638366,-1.5134843679199075,1.8969113118548966,-1.2654309176774556,-0.6616566837384403,-2.401593065600718,3.1871650837281376,0.3461690587190731,-1.5579491168280328,0.6551269917383735,1.4901917110010712,-0.7410952111382492,1.6505719183325154,2.6001780590884485,-3.5241062541707544,-1.898312730843895,0.6007558060595115,1.7172817986046598,1.7667822939297475,0.3241729397572694,-2.6682748252407267,-0.4228460858045071,0.3802533874395057,0.8740922682420464,-0.5516306881130901,-0.8612988548261472,-2.0117839488819955,3.609790379584313
63,-0.26753601326910675,1.2164673626218496,-7.7608281570276185,-2.5112419006036495,0.5531349910498584,-1.8702750962798553,-2.0120407903338204,3.34235477521938,0.20570594435706874,0.6634671705569478,-0.19989699388605137,-0.4902824970392867,-3.8156774501636153,1.2317663882066934,-3.7508779116874646,0.6940759318591538,-3.360800021964255,-2.3448681931568505,3.851459051031644,1.8448806973172571,-3.0876535753488956,-1.72448560183285,-3.6996239429882523,-0.2539492397060328,1.122930883235593,-0.22613311942392106,-0.35989732443068884,1.0273681803866428,-1.7024069435426927,-4.859781648915041,-3.007698102564093,-1.9713822149693867,4.595549691355002,1.5957408170999137,1.6727736801592323,-2.344803133185932,-2.60189707383817,0.8546203158927265,3.265993903231249,-3.2955342716121256,0.743234704987363,1.3679926862945053,0.7358881762633016,-2.2413483678454558,1.4913223360679229,-0.45500956335187304,-1.4453581560400708,3.4868189653641033,-1.4474051707793443,-2.619058710808277,-1.8439595644603848,0.28510377570797274,-3.146034261963918,1.5938385269844315,-1.017366162694176,1.519898198135543,-3.031646136190109,3.1389897533883326,0.8155401358093308,0.678463682399689,-3.5539908553715724
64,-2.9727691671428667,0.6901466149388207,3.307437048448268,1.5800122444293232,-1.2225120428902017,0.030332959373075966,0.3523905716712793,0.36062811793897975,-2.9556846919643216,-0.7371024185356664,-0.6281352505198579,-0.6827218900975334,1.4938286813088835,1.7720065711998434,0.19699542186626315,2.8855054143256966,1.5256528180035058,-0.05821030840946104,-0.0043837581243670876,2.8397559512248245,2.4692675227847523,-0.5554442355765257,-1.109052982292569,1.201185075877695,1.59277345353054,-0.2708876534236948,-1.0645820653380382,2.8120748909169713,-0.2836110788586564,1.3522200266578759,-2.445361175415196,-0.3221575939319743,-2.9166649695005225,1.8236840321386638,-3.0723104002736457,-1.4778321218058534,1.3501972121715071,-0.41983743527644884,-0.8899984430470956,1.69014731986979,1.0012676158796137,-0.6633110437684557,0.7827064817191045,-0.7385966275895409,-0.45588246651566416,0.24658102260364823,-2.4851181031881038,-5.606035290304827,2.0126175322068995,1.940593246878049,0.9285098373466886,-4.3219490609033615,0.25879720518635363,1.6044262511926823,0.5134894683338422,1.6921155995664534,0.9225503455886414,0.87873361462417,-1.363327319448312,1.1372607590920076,-1.1185261762798808
65,-0.707197021579721,-1.3064708503629243,0.8717348689991617,-1.2415057762485464,5.400650165122239,1.7187283192246852,-1.7226747887198384,-0.6412918113022432,2.7626476707998435,-0.9856524632764638,-2.295795771337512,4.34920052177774,2.6264821970906382,-0.6850138153221819,1.015788219887177,0.25405297650853975,-2.388165187381034,-2.3240687799643345,-0.5186446427229691,-2.314062844121142,0.5237147954454007,6.121548221069906,-0.2536523297303556,-0.7441214234147813,0.3407569274356931,0.3740655892686531,1.845359142486751,0.9071054809640128,-4.919814176344345,1.4971545620438267,2.611712165424044,0.10516527595721745,2.1060123062646245,-1.808494903063233,1.8868160517176107,2.1517492568286305,-1.159150583607217,3.7037780486021488,-1.5502651872824513,0.19116258084754126,-4.3261345030651155,-1.4928692896496898,-1.925165693554704,2.805538243246615,-4.169141861063563,4.267243767045745,3.100759109262381,-1.3519918226618577,-1.0550458967713074,0.4579480376453706,-1.5352134314368595,2.519916711401231,-1.364063132449841,-0.21880994769075285,-1.4424095003223094,2.515352994302758,-0.5654633579873858,-2.1836486821621057,-1.0069380892807736,4.465739714847146,1.58780054661436
66,-1.9903597799078636,-0.5055060928081374,-8.687815054487631,-2.7664757686763015,0.3607418251948321,-4.454256132999469,-5.422389805739563,0.5386239136209753,-4.262381152352663,4.452579127127331,-0.021257438278572568,0.7914169694882358,-5.0413211075138085,5.481698586719948,-4.1529799765065665,1.2956405272699554,-7.7487350049851855,-1.115395836205535,2.591087038391435,3.99226055954407,-4.635643373811533,-2.6084608630047663,-3.015474357930682,-3.573087115615027,0.04288395544249299,2.772854401209041,-1.1189686138076826,3.4839779539349536,2.1851662258270625,-5.704361807516926,-4.512674291519168,-2.62777703041837,3.378046702961729,1.3635499801689013,-0.5971795003502517,-4.581086800426101,1.6971440153355046,0.23924571583831825,3.332833503118732,-4.524736400984146,-1.0738801664006286,4.585165612587828,0.4333179126035831,1.2154909271051755,0.06926100357001108,-1.5944137880009783,0.7987511738017977,5.505852312387821,3.924485979896494,-1.565946989863058,1.3325390709388827,-1.4269069121304025,1.300933775529883,2.817784042376891,0.7515514058273043,3.615041476090784,-2.3590724760812245,-0.96731214704433,2.399182747460342,1.4018290397560804,-0.2662013279886234
67,-0.9070069417463067,1.2422623423872508,-5.9476039233044435,-3.134344075906935,0.9349895693518955,-1.3002695177869572,-1.3834829238461959,2.723360695337021,-0.6034469487578701,0.9239539172001476,0.22000176673634791,-0.2087861244593961,-3.36529739085792,1.1822191311131476,-3.780328569634248,1.5729955026909632,-2.0752210924383516,-2.2296744874220367,3.8747481301294138,2.779027507476869,-2.858212704577202,-1.3996670021916846,-3.5379274821596347,1.0608684276996299,0.6913968374417869,0.23006878951620938,-0.6750695353183305,0.6329636109043256,-2.189785657983228,-4.089114618979706,-3.2518615220765175,-1.8910298961916485,3.09730320681433,1.6849203341447538,0.3703237753779803,-1.9427738993019488,-1.8904814869542157,1.3089870466527365,4.229848351771084,-2.2822750762788515,1.98122583056589,2.3938867189105237,1.5442155004268747,-2.0188462130300797,0.7547191227908804,-0.29862138982362435,-1.8063840854192743,1.4961790499056005,-1.5437992812386736,-2.3539174811710994,-1.8739183367047534,-0.9204501898006262,-2.86602813277667,1.8821613210598946,-0.5151739376266957,0.8046018809415263,-2.875544446381296,2.2639654135462934,-0.7554859284898345,0.7726596769400098,-0.5319915122782717
68,1.3854972886974595,-2.1196511760041803,0.005634874969402973,0.3998085334677576,6.1528411348799725,-0.9978257985018701,-2.8305591030682606,0.9755969771013098,0.12493314040131692,-0.3587648038425258,-0.6014015108965164,2.834644176108336,4.609591966173939,2.353956404736216,-0.9999168292535948,0.96905778252105,-5.525393996865851,1.5819846331622696,-0.5724366704070587,0.7952250634370347,-1.539946248655599,1.9424598224211709,-4.833980331557597,-1.150328503964144,2.8357148510472356,-0.25464284751400396,-0.11841888490044186,5.1319873020016615,-0.7679109148992556,-0.22237974267241792,-1.1464827552629722,0.4536719896342904,2.925082591603075,2.4329438366391676,-3.278126611165912,0.06342713125537446,2.3508609957369786,6.370262341928121,-1.3881732000510965,-0.3325190514576118,-0.3743140052055225,1.3016854180929145,1.3398962141344148,5.364059138732121,-1.5699955573436881,0.7642933842726141,2.2824182990886874,0.3385072770386435,-0.5039014804309637,0.7185090043540477,5.392967953125068,2.70668610084109,-1.7020481238480254,2.245733457165783,-2.1705759018310546,6.0940371104091575,1.7212301459189803,-2.5376661202787667,3.183682571142009,3.9538992366101677,2.3476575514190516
69,-2.967367656804503,1.7540348341611258,-0.8804595824538941,3.46088453083414,3.491829415879437,-1.4567010581471656,-5.7363398272718795,1.0390116203403246,-3.1204889712371786,-0.05380826506899288,-1.6847617790968141,0.5165803120387609,1.2043002690468305,4.791476306083688,-1.8831002627941404,-0.20700671642468224,-6.064946709423336,0.040988268211123335,1.858017521527886,0.30883228592556644,1.6753588848680787,1.351636010667156,-2.1825821899076376,-3.608897080157048,1.9166898610590652,1.3836778145157054,-0.4374283100297473,5.150294309799702,1.0848852618470115,-0.3487580151251743,-3.660123426777407,0.3518076726449829,1.9871352084756806,0.9359472426089781,-2.4741904998698137,-2.8440145361941975,2.7470346994863726,2.7678775027647333,-3.257498073588086,-1.256180034767591,-1.9002879150281147,1.259864319609213,-0.8630671871985423,2.2864681907730082,1.7387519590822833,1.925284476867994,-1.8106444943138356,-0.12165569414031899,5.1464681474822545,1.1490829916346528,0.6210270067122319,0.04109944711485102,0.6159362534181436,3.525904899616564,0.5213205845085348,6.464803851493664,0.04304839901735777,0.672925737946223,1.237253185589601,4.195084312768876,0.11467147353817694
70,-1.5190016980260301,3.453709414033255,3.7929292729328514,4.118994488059604,0.7345522838601375,2.6524985032454453,0.8856886148224957,1.0912565561407592,1.9647257932220847,-3.549977270195228,-1.9595984035283809,-1.9128480575771212,2.887418979569258,-2.3284121597510192,-0.8780502812863684,-0.9402784164214923,3.779966065920665,-0.5981882629643186,2.3008611761811575,-2.2016642702060496,3.581622318805861,1.2702737308854595,0.24244142707200544,1.1864271326070566,0.5257487019846063,-2.1226538298484243,0.6754586656702444,-0.87518198958083,-2.665513763727523,2.049640720079194,-0.8715228029019484,0.6263280648086562,-0.7861583087507183,-0.668667954409726,1.7716010646915805,1.911748168226878,-1.667960709034838,1.1699770691370577,0.18645248780233786,2.1176629373790163,0.3967928048161533,-2.630422627882357,-0.3594523408622385,-2.948831651921752,2.9810867767323637,2.232549268909431,-4.7470886848611835,-4.164749729635634,-1.038108144257329,-0.3021966229974314,-4.713071262849783,0.7756957015547095,-2.1689144816899573,-0.2726895830189925,0.6891423016903505,0.3766845218726916,-0.6832033983354076,3.976222219222643,-3.462749477099138,1.3251374776748615,1.4321710103850482
71,3.673827082601322,-5.3723767131326206,-2.4775452669825495,-7.280308115903585,0.8046882164718483,-0.6102925535674033,4.037513213427428,0.4051130134250494,1.1604567646663306,1.9883266008216602,2.166761549543732,2.348779397993058,-0.6587794464262251,-1.1005389685225337,1.0003606726469567,2.389977461273133,-0.7326109486419197,2.5271605659897634,-3.048843246477653,5.52061789833403,-5.557556364107425,-1.5217682203374039,-3.459621051920799,3.512655367980427,-0.21466735935114167,-0.7981644068143567,-2.1018113123064586,0.3512460197794385,-0.3805051914505805,-2.199942338393397,1.645757655987361,-1.4384404346253041,1.3200987526717252,0.49607197798535696,-0.9387546418813508,2.997433753556632,1.0743066750576733,0.3361891475842266,3.652755749516319,-1.2053384019898639,1.9930353994940253,1.9416614836145454,1.953499934491093,2.179609380814283,-5.510434381838574,-4.409406552833209,5.247154739614368,3.5778854536126117,-5.814548134641254,-0.04581970029278137,6.162144719736755,-0.869733984562523,-1.5799190948961235,-0.9874376733730265,-3.206961743743373,-4.537089472382432,2.6882509593811528,-4.4452003465410295,3.22450863262993,-1.9725745208222047,3.156126059642875
72,-0.6400124619555322,-1.8493703160748785,-0.0047316587205327165,-5.278678284707523,0.9046059238687899,-2.997462576423717,-2.4513953967656916,-1.3091668391018707,-2.314946241680343,2.22400508553356,0.8206909683712507,6.290800647452813,0.693846543456514,4.2733785929016035,1.044200502809693,1.8918815839893126,-4.862182523165964,0.9100336185203564,-4.099657677122714,2.8711887665927613,-0.5895863118976072,2.3407304497810206,-0.8997825707197789,-0.05593926036036356,2.990547057900505,1.8168360329734428,-1.0493165642949398,4.633119697651955,0.4456293727808589,0.08920420779072791,-0.06413166383285265,0.479660921488995,1.2679941858615575,1.322335683360582,-5.209598295244096,-1.773826023225224,1.3113360377356447,0.37479784086518037,-3.2584370127428,1.0289037389850009,-3.6213598021559488,-0.20301186287544215,-1.2222274463239016,5.124580819636442,-6.235288229627864,1.6022353378447287,6.226117905778432,-3.9026683720768665,2.954139012463562,2.8822670075532533,5.03783177453288,-2.9740816695564507,1.4300596497847775,1.474649219507889,-1.5638719797061922,3.4036042736612577,1.5502726413390768,-4.950188421538257,0.9449645731377678,2.8844752572670305,2.79608741119612
73,2.108079305424324,-0.14920444836901584,-5.602490622602587,-2.832618687578698,-4.939360514432367,-3.0735914975084153,0.7035043604250206,-2.5578028375664186,-0.13766746649507378,3.847503093720855,2.4178831647314363,-0.2233976757613683,-7.811336265797998,-2.005747483695911,0.19116720912978252,-2.1812047106864405,2.9740661120256187,-1.3544888932428212,-1.4182786300311077,-2.6517073012986905,-4.690089575492631,-3.173959205724932,5.563938306042517,-0.12087481572769357,-4.49056470537809,1.7292955981081268,0.6931100101769356,-5.419892079289077,1.7029261060816152,-3.785018150219436,2.136386897674257,0.7315515205138937,0.04369062530433207,-1.0023674996406877,3.6354796640567524,-1.8388602732785193,-3.7754282276422244,-6.567034462798732,4.265295883606115,-1.4576801318430532,-0.4091434872531994,0.5861370431383699,-0.6152875700698883,-1.3291888055792391,0.44153978184827364,-0.9291200932237998,3.792634518899536,1.778107442426567,-1.5968940997571484,-3.4425550078213782,-3.5062369884604494,1.4393468486989573,1.9042511155963542,-5.166967815738813,1.4661326269398691,-4.430433317611344,-4.447041334233603,-1.6110433469988168,-1.828969375491879,-6.956781987525856,2.27129462816753
74,8.950570849047176,1.4298385510950233,-0.07538526659012257,2.720688450809599,-2.93981061938702,-4.461331531974882,1.4123034468429636,0.47984508956516625,-1.4691874706843377,-2.2924376047087645,4.596250824924915,-3.4493136036843355,0.24912649888363797,-1.1793491676398826,-1.2814410727304935,-1.6780516538876502,0.2382272945886853,6.538157045609972,-2.788400919863162,0.3663957337660929,-3.8200683574589522,-6.153712671597745,-2.892275246285159,2.9875380717314677,1.1234606625986387,-3.309025363756939,-2.177398156852227,1.8032990960802546,5.699377263711729,-3.20233233610189,-3.8643755468429895,2.823782805802924,2.5807843082135586,5.992460329424861,-5.439166699973872,-0.37244328190912074,-0.1487733275296562,-0.3629586226204393,1.0272709928617927,0.8292984642790665,6.841970575310408,1.9490442276734177,5.076579575173454,0.5144217804217968,5.089091595113295,-4.060644879638222,0.42180673123543133,-0.4522225958497405,-4.9375999814328395,-2.4287683418711623,7.023314349299875,1.3763260475177157,-2.332795467877026,-2.27307695440681,-2.410330389425796,0.41410662112874896,2.622716990601948,2.549841394571284,0.7170264397136902,-6.762577946191302,4.93097816566222
75,-1.5740512449442363,4.644706919366649,-9.755032612434444,-1.8005843772926895,-2.369015101226162,-3.8554258355494877,-6.60254701348795,1.0639470859925442,-2.063841784084415,3.8529444983763317,0.2523273029548802,-0.6283777765004062,-8.637432998259209,3.1845714237514935,-2.9304603201466075,-3.123142455286656,-6.556613621372366,-2.95295572459509,3.807702971159423,-2.6889793618524926,-2.5171318970263328,-0.32595423333672535,2.33325933190392,-5.1016508121105835,-0.03247195274151467,2.5109239713521183,0.22038460460184228,-0.7265686923764137,3.8745021690672745,-3.7592982792933753,-1.3418232792660627,-0.9871211288139905,5.63107877279968,-1.1929220981516617,3.3040327263628613,-4.342182845921866,-1.640630478964002,-3.211560039483568,-2.063322603899428,-2.823789381369301,-3.2780542122766203,1.281066222382493,-2.1921527780966725,-1.8246200360464377,3.679618154236086,0.36083182154482807,-0.24798116804634285,7.064105540237656,6.019454802891859,-2.028112055256199,-4.919489997334592,1.6964186001214199,1.1842087241677661,0.46475657783123325,0.9965290315399896,1.836451390197874,-5.097878172181247,2.4233355918865156,3.3700970309540814,-0.22758244506783248,-4.875201196560698
76,4.007553052303009,-0.39468906112849445,8.598434231411185,4.160219791063712,2.288205669645726,-0.04310122638854148,-0.9812307156365431,-2.257201841866292,-0.1569502791325601,-2.902149840710358,1.010792168933318,3.8077383703955863,7.66037271193656,0.8537889039555753,3.366498326866495,-1.6380377812459481,-1.9657379449642143,4.814602551110059,-7.206196930041367,-3.3152103600014513,3.8762572855976174,3.607482483452518,0.07177759217709184,-0.1915975934882696,3.276705733011813,-1.7606756134666397,-0.39969700065094915,4.773897874221339,1.939333595635039,5.621921899103715,2.1159677477459082,4.98912701359925,0.6879340259453413,2.0938749865435584,-6.744231718417724,2.0404637135601584,3.272926168534649,3.065204743435892,-8.72322278877253,4.753426009225986,-1.9552278506525762,-1.9107342792074564,0.0008404000290134217,5.812108886465143,-1.9337803730772354,2.4542992360322873,3.9594591990193377,-5.750102724236079,0.5679488528504365,3.569394290642499,7.183182040732774,1.9638547226502125,0.4716725203588171,-1.1366091797276994,-2.0863762319874306,4.3010480291282,5.457567643259841,-2.634811147534415,1.8136509223805124,1.9595034463331962,4.500440037814929
77,-3.26402866023652,-1.9189860902227802,9.180902786210744,8.349863715846054,2.8728554966737607,1.1828591174064902,-1.8156506517089877,-4.239317483742545,-2.770467402262204,-0.6718140001882119,-2.8432338628924305,0.25971835237479063,6.607015499126464,1.9524671388168122,1.864291955958924,-0.5627824284782852,1.5190638877385267,1.9048867391805426,-3.0367654111645392,-1.0965925033201542,5.299121683424569,0.44784224770409764,2.343111723348546,-3.7017849440269677,-1.6737741658267709,1.691341968764608,1.7622779085101155,1.1668520956368273,2.0291458784803353,3.550163614391871,-0.17954699946505592,2.982441345989442,-6.868947450520155,-0.4775537802242922,-1.9584042125267827,-0.6970197306841381,6.8476224359970335,2.2330328652946263,-3.539284051104822,2.455012510482877,-1.6792362974409787,-0.7437644439115525,-1.1633734373333424,3.18595700580745,1.8402596750082323,2.2542586114324776,-0.6991843430199438,-4.814204811197618,5.863534520649801,3.5359350594574313,1.810571136676184,0.6705118383125104,4.737545214766745,0.13861806708499996,3.2849301930997234,4.360760486952413,3.5214548001643324,-3.10269494944825,-1.4207334237108253,1.6862944041427075,4.889122299441662
78,0.9882347210358728,-6.333933959139664,1.8150908440921378,-6.167346697529706,1.975107294941169,1.3586915958071284,4.183124704725672,-2.0644250105333244,1.289141895297787,1.9110603056337452,0.415304300490979,4.25986630986056,3.122424955550626,-0.7900764589345954,3.3354711889907978,2.5076940957222407,0.8905075163579896,0.36745215647250884,-4.04394865664782,3.61788053700149,-1.1968935711117905,1.9315376614763435,-1.0781374763734402,2.8186563516566676,-1.0899060384660275,0.7214087149508261,-0.48898928159261196,-0.210558614821583,-2.9803818589604756,1.3410508494695328,4.671932794896136,-1.1974567205262863,-3.113489278408834,-1.1506403391534925,-0.2956710060798657,2.586264922138203,1.394084215675634,0.781595472431389,2.5434756496959823,0.31458315460222486,-0.26194049842058487,-0.3473657690944091,-0.1636319823032217,4.144167180322087,-7.999613290651377,-1.4058095300109612,5.417246147311694,-0.30844548937734784,-3.8197400623863778,1.5100776056791574,3.640814965342033,-1.4395290607191027,0.19684834148442015,-1.0004640150853237,-1.5769660673388353,-3.6115043759533765,3.179202864339109,-6.278637332057109,0.4530324669838235,1.3027658056190583,1.4591181124752532
79,-3.3187982521339365,1.084124009230674,-3.5101457057729433,-4.183343205548648,1.5649181250138382,3.096483145925523,1.4588578952817954,2.2850467773030343,4.260988826529977,-1.3139880146523848,-2.470797186166033,1.8061395706135817,-1.2657302355940938,-3.1117820811345815,-1.6181764270087586,2.4760851666127985,2.5311778156651337,-6.360649415251658,4.805974573555617,-0.3775320657125284,1.1854413714820728,4.192840304192746,-0.8665718183183513,3.0361837121533006,0.9246199240652564,-0.7435437817586642,1.9436445890530105,-2.2758665841832073,-8.15923339737729,0.024589277134457292,1.9228202562414567,-3.0623794155770874,1.7067072086562,-2.7723919576465255,5.384109202724234,0.9693311795992896,-5.155845391553158,1.051764182365477,3.579210086713984,-0.9017502853524899,-1.811846747149032,-2.593604438107635,-1.9968236816144311,-3.4879244932824265,-2.5318446774214114,3.3503635314141875,-2.2120697688043007,-1.0841136531030715,-2.9669208549575874,-1.1279980044729545,-8.262228640405331,-1.1297938129391658,-3.87892609525482,0.7642981084334269,-1.190265044660871,-1.883437048488754,-4.381681836068028,3.1685049337326285,-3.466375585898994,3.9587556429411133,-6.468871704639416
80,-0.11921170636039868,2.0731288495345397,-0.25818101416612144,1.7985676732520892,-0.3835011357145809,-0.4047550238938877,-1.1731451200850254,1.1216733141777417,-0.5481059325893792,-0.9498430087043632,0.39884025953197183,-1.9284917907740788,0.35013449803270963,-0.3652977733413395,-0.8373354477342982,-0.7991926763222347,-0.6906673973442876,0.08244412572390303,1.4692828836078526,-0.626866137384008,0.3965186585104985,-0.6115390749082175,-0.5291455934239262,-0.592529929542398,0.5236733246652094,-0.34744068218611424,-0.09160022411876718,0.7900169037908347,1.0203951366575394,-0.5546705731032383,-2.1604541088131715,-0.0825965560348293,0.9235238086719144,0.5698451398112152,-0.9843914967618236,-1.3806911161813729,-0.5067378538209902,-0.5651725342114888,-0.7967299430129813,-0.008375262153124952,1.1291141708799404,-0.22495673698987384,0.11446380606049267,-1.6866913564518393,2.884162438083917,-0.06548187207388673,-2.4375210042334627,0.48793476468732344,0.61938233354356,-0.4542020415982196,-0.5835531325265806,1.1929181879473947,-0.33971118218551044,0.7027912172836178,0.2828282589457757,0.9424990957280531,-0.760269055637775,2.615115169273697,0.24191791327178438,0.047306329985392026,0.2702193229346447
81,-1.9178502241567599,-0.3557597492923989,0.08525301315624295,-3.7522893782818074,3.6131323713968446,-2.297163873768245,-4.585559985787485,1.7322320455231222,-4.16330458811836,0.04240428713194855,0.08039697582482067,4.903482642710842,3.303842136290002,7.322409623377671,-0.5213387448190806,4.073879581239559,-9.456192857980552,1.6389797478697135,-1.8025919828567076,5.590475296441784,0.9760906354367578,3.418107176341433,-7.106026921978349,-0.90397842149997,6.428040088278793,0.6935206021078644,-2.3276698894891314,10.082322945682776,0.3563528917420862,-0.20522992239782903,-4.1880378795492055,-0.05733942193428879,3.2711294159566324,3.4826032984693054,-8.038803944855344,-2.6140166762955777,3.264859104779791,4.209091577686693,-5.180247034268183,0.2529471892998475,-2.2943519996669597,1.1692716667790273,0.5333036050145498,5.108760315266043,-5.470243635528491,1.405428080048094,2.9247756418702275,-3.450379322049021,5.316576529289982,4.054024569964044,6.863000130553465,-4.7414310978582686,0.8437075253593258,5.227719485743845,-3.2404291380301737,7.147415270631723,2.9628374306014438,-2.3158813574447676,2.764807073023457,7.316541348087213,1.9540995132796264
82,-2.174255597887285,-1.8743555242361394,-6.08727045575305,-13.896890560295155,-1.2769382385179533,-5.228073004408653,-3.115945675785488,1.265888955924396,-4.3788124379801285,4.6447567457937975,2.3030378056319116,8.931087223956956,-4.390037476195238,8.081876361286769,-0.22802237096454314,6.281203805803486,-8.499591271269693,-1.5955161987202284,-2.836138400962655,8.396104029884125,-3.206173810817905,2.5019085930805334,-5.404264235744444,1.4992218063125788,5.622100701960584,2.6603516712252357,-3.28960962272849,7.9140004834487945,-1.8804283849580905,-3.3102754472697917,-1.5610961167874366,-2.748902724780577,3.3962637141203995,3.313091166588505,-6.510332048896878,-3.935421462645799,-0.6702943949398283,-0.6857508117375465,-2.2332275821033223,-0.7202304999874602,-4.413244522496529,1.975318034640249,-1.2758143357551188,5.120958618993533,-11.735076255065547,0.27058856302393297,7.925400931192029,-4.6323133924612225,3.2800416183686774,3.59656141731289,6.006552423281887,-9.23123887986371,1.3225048665521348,4.403438620960218,-4.235508017495884,2.786777686795481,-0.061127367899163204,-4.949380928695149,1.6021451028810383,4.7649149563291076,-0.5501390450902877
83,-4.928125707600801,5.8069234995415115,-4.561981195583528,1.5319214292723564,-4.981613173072201,1.4954381775464356,-0.1509167956413786,3.5417732738009366,-1.4900904544551015,0.47246499160311195,-1.115653574995143,-7.2717297222121555,-5.5965065870165445,0.17245934749128655,-2.724492256778553,-1.4846379626721855,0.5846976629957054,-1.9027219612869706,7.871305514307193,0.2477896257935591,1.8329429906335122,-2.8635259498116152,0.8906834627915029,-1.810668962040526,0.44789915578113787,0.23421425207465396,-0.8545888306018403,-3.372774438587181,2.956133311751445,-0.597000525701489,-2.512377049967263,-3.4613461191292965,0.0906961999402458,-1.8310864338139807,3.2783013619925336,-2.3001630083530173,-0.6330723455186502,-2.9494784315562645,-0.5452977555721875,-2.0651296562200616,2.1787386613574626,0.3225992695830463,-0.7574700635750675,-8.160808063851904,7.6320467472437965,-2.49109827110984,-9.003302452789283,6.642509727502868,4.00091194186152,-1.349381693333383,-5.523325374105004,-2.0286714605859184,0.41058266389455295,3.253847337455137,1.997599008297734,-3.9488174090349033,-3.0586330350617947,7.118980043146344,1.8071953599098232,-1.2987429985193062,-9.490095284270435
84,1.6252733327782491,2.1922263670785394,-3.638183901678419,-0.8611581479826738,-5.887174801321836,-3.462142584940858,-0.38379689937306827,0.7793652913034214,-2.5700520919143206,2.2209992513795047,3.0171013399770805,-3.0734347284450982,-5.37747061772518,1.1219090617572656,-0.0685371598400423,-1.6405322159808124,-1.4258253321279573,2.8082681437694332,-0.3211092137579119,0.6835671941367996,-2.0136403290782754,-4.057283624579876,0.8513762595314028,-1.4074548383700762,0.6164324543392372,-0.13003501210172136,-2.6328154678836717,0.20063569756945077,7.396371415280989,-2.0599831219275067,-1.9631241526762222,-0.19551683110539692,1.2905616542709415,1.8223006198094556,-1.752457121554912,-2.420274187992564,0.5859245726650639,-4.157016377581212,-1.4925837541915972,-1.3566669192093974,2.8045326025334085,2.325764010358665,0.33374493080861967,-1.7969780643941826,3.14641851839625,-3.760572194574364,-0.7656568461620269,4.667808975623594,1.8860947863917046,-0.4900449266755251,2.3916675582893605,-1.2772411035610145,1.9500223504738137,-0.45637888681628175,0.14696318891179358,-3.219370588753398,-0.07562068553184897,1.5483370500671334,3.127339920217475,-5.061510015100712,-0.873789139978441
85,4.726141145510266,2.8249002430597954,-2.2227421072191493,-2.5096320903551854,-4.24007191820728,-1.3834906967943825,2.1256420496853465,3.0554593374415586,0.3264305682542498,-2.2667967952860066,3.628762429632563,-1.9551497258073143,-1.971075413628144,-2.14552613671742,0.5265675509039681,-0.5536119136091062,0.7610251323443035,3.0116147358092453,-0.09664472923994949,0.22355407514285897,-1.4104757237189156,-1.9554624921319785,-1.2401746877015787,3.4103398148353143,3.761887305162737,-3.3662977786970316,-1.9950870073484117,0.10005570102751406,2.6018753932155927,0.008149273032979076,-0.9147126418903296,-0.11427172242356191,3.2184248042225208,2.9789073320589896,-2.6145853547551985,1.1541224375738597,-2.5218837364341598,-2.3646708481191294,-1.9511013736550291,1.3645443726035693,3.9550722420062168,-0.6662079564363738,2.25458058861266,-2.6479605960153356,1.2190455409508811,-3.2921894558832765,-0.24402131980123326,1.7236051504792325,-4.4386790360341735,-1.2946341825496275,2.665722059877156,-0.7570752856396846,-2.493411378513829,-0.5635882786373191,-3.523166690264352,-3.667901657846312,1.0303003403703275,3.699905771694051,1.6969361234261189,-3.940618347864607,-1.9975805603810681
86,-0.5657633892233749,-4.338171941697506,3.1912475708951247,-0.20774680834078507,-2.1224010796758033,-2.9401980874949003,2.0701010863759306,-3.733317070762885,-2.637518229865863,2.206441483056697,-0.34082415302915336,1.4323393776141518,0.4362405096457648,0.436852090222668,0.2653787732304474,3.94858407759183,5.114399480039851,0.5735931383119826,-3.851397330491603,4.2002493718041185,-1.0635644002928202,-3.3904940618933215,0.45061024032759556,1.380753524153255,-3.6714771219753075,2.1394461506775766,0.06656012437305288,-0.698843945033276,-0.7503349815886105,-2.5367382634140023,-1.2963069791806738,-0.027468901144205082,-6.9603497936458,1.7997352135939515,-1.4345346356465618,-2.590874364976921,1.9719784896571244,-2.772716991720201,6.733401264894741,0.36790883693946963,1.0914464281913596,1.315370823221015,1.076043804968453,1.9072687743267778,-2.642401341781671,-0.3561644498186314,1.5093159213873633,-7.631000416478278,0.6963640652207219,1.0566696774992825,2.3434401051197105,-3.8706123144486804,2.3365028459966033,-1.2574404331613744,2.8191910029700153,0.703718571595057,0.033292006900245585,-3.984361288161771,-4.263050559594074,-2.123179171752753,3.1966467041591655
87,-0.5343846358939014,0.21909694235589444,-3.139255817850715,1.4078009871658983,0.8010004637310391,-2.0624121737847956,-4.23201623757317,-1.65175172073557,-1.747985797971953,3.1576486624100655,-0.714976775308999,0.6221424378352837,-2.7095020545412267,2.3174056732636505,-0.34761249552221446,-2.7734682168842677,-4.502886825560475,-0.7857172792945325,-1.3576924743407524,-3.4890891399741437,-1.1397686528411666,0.21959255142307474,3.0827503886367604,-4.888921085258527,-0.8859099480371678,2.3930744326767073,1.4702085663758393,0.2615659684030317,3.6998353864580804,-0.9454680986120297,1.0830299697282084,1.3209772062758767,2.1321786086569388,-0.7803635361765444,0.7053114756174026,-2.2279832892561773,1.859937771278218,-0.3992048907024432,-2.42581090068462,-1.4755469542157504,-2.9601931873111633,0.7261369274647794,-1.821950103134075,1.930733868570508,1.0060686758641888,1.073338528990828,2.426359924063096,3.8847708568309893,5.214571927665217,-0.09365923150363878,-0.5109987861928272,2.596916426423542,3.3583300101697278,0.04071497127138618,1.0530594405686697,2.481055221101554,-1.3482302312464074,-2.5943887259788854,2.9740106868233696,0.1723587950637438,-1.0516238447075914
88,-3.5535923537300635,-2.025812068632238,5.836992017434748,4.226817972659837,1.9543350073264492,-2.0105620526500783,-3.627485180111955,-2.2598277724870144,-5.481757148498002,1.5892163042485963,-0.7715108291214092,1.560776375481069,4.257658448246275,6.4211309682394795,1.1437879508466797,1.6322952106333903,-3.80413297641063,2.208601877820775,-3.472945671533807,3.0336053266931122,3.0060339109744607,0.49577990358482094,-0.7140738300641125,-4.329994958343424,1.1593250388024015,2.61859749726836,-0.670728685642878,5.924895440178193,3.4355921914783862,2.184191642969212,-2.8523022496020594,1.6138028513933027,-4.349898923508829,1.5466613033681165,-6.005234766527135,-3.055155247158025,7.298711779840056,1.3129975881614082,-4.675136081374124,1.2094440132977282,-1.8452903102666518,1.7858320419986091,-0.7142765582605172,5.428267956585302,-0.3463991614501216,0.56950170158127,0.9502971076605591,-4.58805738406461,8.315101668633636,5.088285918366018,6.287781868860314,-2.8977858531788585,4.887028719975623,3.383862689452033,1.3085714571279266,6.775808763338675,3.6065458349109374,-3.7851418816376126,1.1472831209504897,3.4211247016783353,4.239042568134193
89,-1.460636948860372,1.747820703716016,-4.453141165206586,-4.650477277478892,-1.7280320532659903,1.447131205142144,2.6515853548122967,2.6840663267404032,0.8607424730122525,-1.1634749629300496,0.04841660145092379,-0.4503125953795637,-2.9279194717247297,-1.3987290175476326,-1.4054065954129165,2.0813741130408094,2.1832525095037787,-2.254702408420656,3.974382808571536,2.9902731755598357,-0.45134446033029063,-0.40553361622664275,-2.5771150000612075,3.4910463110711265,1.3445546126660126,-1.2494207301661542,-0.6879040568713539,-1.579238495806738,-3.3615347461400673,-1.6650186929236825,-1.5309592492072464,-3.2648271991909104,0.9461710219230459,-0.26853904974787535,1.9123354676358895,-0.04039105996838216,-4.682807567753392,-1.275051256795638,3.858124767635184,-1.0848925581361446,2.16858656799428,-0.09399635980062471,0.9350650620048085,-3.6556051601396344,-1.1923373426255448,-1.3260531879585225,-2.8554462622575802,-0.41049141779690496,-3.3574741875528322,-1.1895932494756138,-3.1972886270103733,-2.821645803535796,-3.7041640190662335,0.6430990900988836,-1.2970038215604616,-3.244101886130907,-2.368846000742547,2.886630441558637,-2.1277921770823656,0.6723989999155275,-2.837125309942029
90,-5.838667066360347,4.896034634589006,2.03342162867533,5.25336269600344,-6.028541772151543,0.8483454558443186,0.9564111944012436,0.9190504869992933,-2.770601680886776,-1.843504312741795,-1.4693345796861468,-6.873569909156391,-1.4321617370820063,-0.352107558154343,-1.6252612978961685,0.5314050532066026,5.4397250457989195,-2.0622966401973764,4.3457644604381604,0.6410842370636046,5.182269332439084,-2.8839963222716447,2.3849590797782634,-0.07812294624765927,-0.7044194680894623,0.32293872200417484,-0.16834089578017375,-2.7723882048353605,1.3439374587923845,0.9078134518806161,-4.0846050481700065,-1.4068857639433892,-5.6150757402036735,-0.24828458954317484,1.1600713808367666,-2.404792506063261,-0.16782954247978346,-3.789085399231405,1.3763799699470103,0.4337888755564896,2.8375312946952853,-0.7370068077004717,-0.7968743601092543,-7.089914069451941,7.141118725632517,-0.6531051021584833,-9.911232029941427,-1.766836995907513,3.9440936105536815,-0.3530180188684256,-5.136223599356003,-3.796441828375122,2.336030070257309,1.7336689609190337,3.667695921203848,-2.3137070242162814,-1.9214223305897125,6.541397096312517,-3.5218233344133996,-1.70097159772091,-5.795859703232603
91,-2.0214175757169612,-0.2691797435503903,1.9770316905485423,1.8174824252208317,-4.166704714427298,-2.1445517010389277,-1.910001368770751,-2.6004799138498447,-4.3107665076819535,3.157110110239744,0.7046349067243163,-1.189576258238904,-1.7402198819436139,3.5197049744334943,2.337474273143927,-1.5310589232657354,-1.2453043882538866,1.637359376282965,-3.1681665887601,-0.14014948227941806,1.203605454257797,-2.041843801336601,4.221878589330974,-3.8286361180798094,-1.6577919562837478,2.754327166789361,-0.6595784571472229,-0.20849702985925422,6.570788179104702,1.438226647065846,0.3589971325085472,0.4690137723697405,-3.675551732317512,-0.6323989094900145,-1.7562781369704132,-2.3304032037071902,4.248273001782653,-3.9234244692632143,-3.8702247614878083,0.49289579310236525,-1.8697590735744813,0.9891255111021469,-2.01944983696187,0.8086613086334038,0.8928302472155634,-1.4798677256690214,1.1330499945573276,0.8980266158305663,6.850052549323482,2.739849989788616,1.8763252770303018,-2.558005863674576,6.594755147712533,0.5755530391548828,2.6447822733600908,-0.03936023614331771,1.955227475701782,-2.8116034575506506,1.028227902373458,-1.5466357574785328,0.6212017102573574
92,-0.8269300337562282,5.905839742473895,0.8110194426618211,-1.004167737547879,0.16558821640080135,0.9924178027609571,-1.6884823944544352,3.4175504114071416,1.4672754003021642,-4.847646939812348,-0.3934896682372493,1.6974974570148302,1.337920012542445,0.09163435275914888,-1.6338410131703773,1.2703119083968484,-0.7389628632383525,-2.0091539347282232,2.7968712328260796,-1.5441974801058227,3.5465080579695103,4.3179797359715995,-3.4221006766799675,3.4753087881871854,6.117427361208938,-2.9085080125055796,0.23018712491521254,3.443243481838382,-4.567281497842369,1.7033815016240583,-2.9761481143384247,-0.5597471564484393,5.1236038916278694,2.470166784654649,-2.713018432305093,-0.5796741381190769,-5.261713434479748,2.1755994651096056,-4.04183098349235,2.6657494580365944,-0.619001741970391,-2.4896771764462193,0.09234604559966533,-2.3159161123958736,-0.7902432943399491,4.756526370746345,-2.8300573047871223,-6.761276105551826,-0.6294230485274376,0.0047406719725895385,-2.9604107112947156,-2.216153558767809,-4.888409631950438,2.215716517641895,-2.993366721688667,3.5660908741977853,-1.4287843473615154,5.951305254851034,-2.217324812271296,3.652636735627182,-1.485089447429739
93,2.4323664803726635,-1.4086874419129147,-0.0461410278450505,-2.0251366533983477,3.208935117178483,2.578536538253114,1.8380917454553123,0.9307788717384045,4.008318156820404,-1.3606484875307285,-0.2352113850440345,2.3237884610467336,1.8945648079268307,-2.9771644881224075,0.9930335355002915,-0.6269727780790404,0.15073668853413802,-0.7232739249478662,-0.5926042687283675,-2.2173355449836065,-0.45891434954004257,3.6917046912606097,-0.2672356390487878,1.5583318087662836,0.25270628734620726,-1.5177599539649707,1.0618970818390898,-0.8647215522576059,-3.71779890386616,1.5752148565062987,3.6357346486238415,-0.09041292904553302,2.8695411812411433,-1.3518835588188998,2.2515164197617863,3.633410472726712,-2.6514086066235447,2.2195200160882433,-0.2778115722334211,0.5336950715960727,-1.4735556260586475,-1.614872837663842,-0.03153140843333846,1.360652093583228,-3.363865510326443,1.2664004009067649,3.0000799530749362,1.3339928632312068,-5.203975532242382,-0.5593158238181198,-1.237378014850529,3.203604252009766,-3.4626309254507768,-2.1364120263738817,-2.7777656228454077,-1.4435360400821735,-0.3763358882957445,-0.8492022401250063,0.6669072115144157,1.0128603944845909,1.0624816359069258
94,-0.029345478806712844,-2.9954484870551847,-3.061590174292299,-1.629348291213743,1.4455733215046913,-0.16226605326202462,-1.2572018298940297,-1.3120220346916924,0.373038435344768,3.7208620047169965,-0.045151399725626665,0.07643417487984006,-2.020036140336155,1.6611112350946113,-0.357055881594858,-1.9564465212573399,-4.082916441956783,0.0234323063191319,-0.4034613112514927,-0.19675949078643393,-2.7665123620546854,0.15737459932784428,0.964326628251124,-4.294999880464355,-1.9256239815717624,2.498401041912908,0.4758400970529174,-0.5760931061909609,3.362023012269313,-0.35765064895578597,2.613652318806956,-0.804440707698562,1.112902307274485,-2.373191009250511,2.411240521528626,0.46736036445625495,2.633461762003976,0.9945261231712985,-1.191985532956064,-2.549946981139752,-2.0120570968483817,1.7196569573975498,-0.821047854675309,2.0588607588848467,-0.5059434098003786,-1.504890549745252,2.9158331153951322,7.900985015560703,1.6046057695878726,-0.08980940088816416,1.3857166572793658,3.0219052805642566,1.5596887131176609,-0.35636422404797513,0.07156400556469267,-0.6408373733510871,0.5308430490073849,-3.4882848218005695,4.809018026053395,0.018544561650534738,-1.2899571542517962
95,-0.11053780533861067,1.7697784413102522,1.3925142125618133,1.8004249205023632,-1.5881419031210036,0.2720931009902807,0.9232336099662434,2.467438156931413,-2.2341711072884824,-2.3121836059538006,0.9668426298370337,-3.9662134044629247,1.7022223229277826,2.236818709968058,-1.3189409560875602,1.130764945214949,-0.8307278190423706,3.3725780425400997,1.7426660688176623,3.5905555972206487,0.514051855761343,-3.014300229576283,-4.739261917521674,1.264734709993777,3.1200311014185282,-1.8057748710080657,-2.226211126355748,2.43168101987596,2.166930714461893,0.0851323722135007,-4.720529964334976,-0.8657363787462253,-0.6745674274049022,3.1560614803221014,-4.331161179627137,-0.9475639874190472,1.8150960597330335,0.5705523781804241,-0.955480493965888,-0.39470082896307124,4.580956583628653,1.9340576748477278,2.8661061793330713,-1.4760721812389006,3.055454009737752,-3.154604882931256,-4.980971821000473,0.7303350522022698,-0.06191130220632424,0.7864006191397949,4.320807311182762,-2.629666483775748,-0.8310349265675346,3.0492931925860924,-1.2810292787590094,0.15336847993311326,2.470714533393656,3.660275267005919,1.654113102338802,-1.083549792174331,-2.2178005232922295
96,-2.9310963562089056,0.1190474918600078,-1.8435675251040495,4.560055087636983,4.006755288656403,3.9785555549347986,-0.9721050810647904,1.0377016110975608,1.3170467279893183,-0.45813829570238646,-2.7767246060137376,-3.1952358012537534,1.7292889057060494,0.10349234904342934,-2.650963114441154,-1.6874064224717664,-1.4577627853730992,-1.536595359377718,5.420093757277091,-0.9699028090404437,1.4399422641895716,0.8473589307608282,-0.9539573352114464,-3.308214175400866,-1.7316936576760569,0.7764702095779709,0.540646937513539,-1.3951416826749066,-0.035536120457923995,0.5068335212263577,-0.296867133530071,-1.0080556706681807,0.60524795156615,-2.6577411209681463,4.051109832880001,0.32494260663596664,2.4984650815614295,3.131546326660795,0.23863843740607132,-2.1160314201116313,0.14652262703211558,0.7407523304339881,-0.2176872649318526,-1.5822015760362644,4.652975238226402,-1.0420157697577237,-4.963342060496817,6.956659592818835,1.6441628000703423,-0.9312211017930367,-2.490416087400793,3.3530923095282703,-0.37215673947125383,2.494810902380438,1.9938113221621925,0.13113370149099457,-0.48628217393773565,1.7513600657124548,2.112376452953674,2.726544324607228,-4.683840006204072
97,-2.0449185854310774,4.298429904890806,-0.9074871980861242,-1.0942094492818129,-2.412323286380803,2.252062885569049,2.9303561012188384,4.356576756450274,0.801727247869184,-3.567308207342548,-0.1848090500818627,-2.6596211418029845,-0.6746604934704374,-1.2258974186907237,-2.1152953132956696,2.329268771410144,2.8731744878504726,-2.157556839576712,4.757835716182542,3.000664726656188,2.4932443729972533,0.06942102139069237,-3.216184900540402,4.544239150365595,2.9942415381219734,-2.826814565210008,-0.8135485243402247,0.30808412527599005,-4.041099412990745,-0.052309911482971594,-3.171471521181531,-2.6486707819485438,0.39386737736702315,1.5115589112963446,-0.3479191961310394,-0.1395186309989658,-3.571242155970146,-0.5612531357693689,0.5872351613625606,0.8205421423231882,3.5493939352913886,-0.7760744188789293,1.323820661738222,-6.167009329231707,1.783333148148853,0.1826283589916786,-6.626693612879769,-3.1617862183006036,-1.699516661474363,-0.6862468924665277,-4.143447130298616,-4.069579726790702,-3.218697916183926,2.3313992152572838,-1.1511833709653156,-1.8948200320027808,-1.563328631731734,6.965757849435302,-2.524528236731035,1.6501343532083534,-4.323170333581618
98,4.280667104537312,-1.6040122143077988,-4.168540545842882,-12.96396582505015,-2.7301370087627963,0.9399435857569507,5.714849285748755,3.971165299843797,3.941950128685734,-0.4879095659191359,3.7415068440908756,3.386771996731945,-2.4014797416228477,-2.3509659793573845,2.121765774509781,2.665367899496195,-0.8323131215413896,1.4654869455479729,-1.490564642540959,4.317562902879034,-3.9720291599951,1.697203347994795,-3.99858402134152,6.997868234861708,4.736532758328583,-3.488356867145734,-2.952485300690336,0.03458974465902259,-2.4823420908018483,0.10530111684415967,3.6150296355708087,-2.187832288651775,4.579014978695784,1.797750737968173,-2.188893553849704,3.8051852694039727,-4.8478923909567175,-1.432860542999336,-0.5275044324150089,0.5750590707148767,2.5421948705260777,-0.9876142800961961,1.1648461036375477,0.26092990391269566,-8.317179908623764,-2.404477041062031,4.569038674838021,2.308621961036786,-8.998098195498716,0.8180255756141557,3.8369312283490515,-3.433441328064123,-4.167829709539634,-0.596089625493486,-6.247802950533955,-7.520578340539309,1.504874075703557,-0.4001493695093655,2.2613540107106904,-0.9758819229637671,0.1929851613238187
99,2.8575655547927354,-6.352899169383504,1.9119296767266725,-2.1007096913005707,-0.8988651397561555,-4.007183520693969,3.1499372215629067,-4.046294743683945,-2.5832306164854018,2.7970445306739373,1.748614819694526,0.9432101098086287,0.9039543850419389,0.890383792221729,0.34728392138326486,5.060529975291631,4.634390845659175,2.7848562456161723,-5.443914813041788,5.509281904393475,-3.8142143616394315,-5.31728413012016,-2.6193619972166866,3.4289656527265704,-3.113523968281491,1.581640954128529,-1.4052483053763762,0.5708102175833429,-0.779640795144239,-4.408137324557813,-1.1056076833715984,0.06667218039871636,-5.150891509276338,3.870671010398619,-3.334771584901067,-1.4910506498291904,2.1169264669116403,-0.7408820472072661,8.644550877809772,-1.0063618027886043,3.5221228652011436,1.9958619070820256,3.79631155068959,3.946643459998975,-3.829218307359421,-2.9073738479155264,4.396004397512425,-5.684319438051348,-3.2975449773733203,-0.45196418070650474,6.581247821793443,-3.3816387152532847,1.2127635648079071,-1.903209914694115,0.17886799466227588,-0.07891449858219239,2.0335740866432372,-5.563570509177719,-3.6373096028403,-4.1249739072009595,7.0476873314548705
100,2.4698290539405927,-1.5758701821262657,-0.46079381944021935,-1.7544064051597257,-3.4570123439333917,-3.4308934580383705,3.3538436161155945,-0.4253287936068765,-2.4451154564154507,0.7131858547344749,1.795574807612637,-2.0754300066998908,-0.6960298904650272,1.0810028053138845,-0.7215434286523991,3.7515381525577594,2.9322281725641,2.3667004928551196,-1.8141279022814252,5.4890836212818614,-2.859678997900212,-5.3688510859806335,-3.388620506555119,4.494397027108555,0.0315811350464294,-0.7716298037646149,-2.3302754750771735,0.79634612012884,0.36627317588387,-3.6140997744895684,-4.1222464950309625,-1.0406834473830386,-1.8795995975119106,4.367008861318774,-3.983519238680594,-1.8149763736333464,-0.06805724831229135,-1.8828863607847002,5.63855076219243,-0.5884335544287486,5.26993635341197,1.6167660479644206,4.035445654711635,-0.6333439890643626,-0.058743935067024966,-3.7982471751724454,-0.5523163707074454,-3.9446079414160864,-3.325795861944389,-1.094934401392146,4.898215371500588,-4.227414610594006,-0.9216905505593171,-0.05352382079728939,-0.5641323827292289,-1.198107723647917,0.8094504621932721,0.02551153473519474,-2.213994783213595,-4.23223165070716,2.710176330751849
101,3.1207341911875437,0.7232722974076939,1.9030687762948506,10.025548226477866,3.4574538989530788,-2.411173404914007,-2.4970966157801495,-0.055845996990317046,-2.641721087057091,-2.750639480824335,-0.2420643371492991,-3.814802259971421,4.703803068461929,1.0050949422350333,-4.726891449245794,-0.5764870007959471,0.9989109464374605,3.367939026939316,0.7723877765290137,0.6393721162389683,-2.324907332138153,-5.561303549246087,-4.596108647776045,-0.6042724737211365,-0.4406705859536722,-0.7967033109366337,-0.008708964650226247,3.661864803071026,0.8668393389647919,-3.6562926506890356,-7.6799933164754455,2.781270144573432,0.7289996262084364,5.815633696570129,-3.208729289034547,-2.398822913402674,2.6429517487284366,5.401355305339981,5.37577227871332,-0.6139567357327355,5.376287539408537,2.7206744898872195,4.868697045633405,0.6798976018370348,8.121883335935452,-0.9523640184785486,-4.060206972096597,-4.115666110306938,-1.532564207071603,-2.4417154509949834,3.850980487039562,3.0858000897488793,-2.462447715717196,0.5080298663111549,1.2777837085587909,7.077229623725381,0.7116398951330483,2.978283639347901,-2.439864064611791,-1.6165479134006677,7.789248207798286
102,-3.0564650568088467,-1.0041176960940303,-4.425099294268941,-6.316998918052391,-3.105406659642236,-1.3875194344597683,0.5250279077396044,-0.4379881328419722,0.02062501223046831,4.500540612962919,0.6722994706353913,1.399483010444245,-5.596342666351417,1.451626799622257,-0.05596937360993237,1.3625891186600085,-1.2316799384527002,-2.8320701482996613,0.4481455481695493,2.5827559643392815,-1.66155443526076,0.4167442557032877,1.5571439385929473,-0.30768394286559264,-1.4564676027208376,2.39989764725361,-0.04389357659783916,-1.7092540097876778,-0.17359041282665166,-1.7763456218343272,2.0714552457485707,-2.0388343898728634,-0.7114546355019306,-2.1005592477916575,2.299113487654638,-1.3708400155413876,-0.9334218425092217,-3.6847251379141217,1.9147813764462356,-1.8091349885380457,-2.2227020552961503,0.44122572393765247,-2.5881546148643078,-0.4820096371139896,-4.089422894275286,-0.6157389125626977,2.2427008835118363,2.6379151731924777,2.0913513546603233,1.1349940198228203,-1.7328639760060547,-2.818389048312797,2.3060385323970127,-0.5715575574673692,0.34924457440301915,-2.9749449741711573,-1.655707442558127,-2.5864864067729236,-0.16590894355699176,-0.5665357390223006,-4.158733575423749
103,1.9324763161090854,6.854197648636744,4.62974097195549,2.4079935803948875,-2.378312569702851,5.619009684103888,4.689164344428954,2.9070992866575343,5.832395890955472,-7.852987659115032,-0.20241793202430194,-2.4994564946592543,1.9147009000599784,-8.3526182260716,0.34459964072758026,-1.8112063498367823,9.105284999310966,-2.1333927144456117,3.592735958430351,-5.918321977712676,5.24968955024044,3.530755781340081,2.204795740013452,6.331175589956706,1.771152656740495,-6.1876796911918,1.3637373359499418,-4.674638678575606,-6.136564199916916,4.870387137797186,1.9384789448787663,0.6963522764895527,1.009584690937956,-0.8127416539456734,2.875191869140946,4.292143377505715,-7.724654837972897,-0.4198931814869681,-2.0446279182732767,4.978648978747854,2.501851381841148,-6.332797553880429,-0.49686257044925236,-7.62486708152879,2.9097230660910935,3.5301063749031965,-6.5530122263850314,-5.789075459899531,-6.914540220652082,-1.8944860857168715,-8.294778365403886,0.783788614629508,-5.451707921797016,-2.469157107516759,-1.735490558464413,-4.546753578460521,-2.6356398939830323,8.684150397117294,-5.216658630902568,-0.8615066601128416,-0.7836707045908526
104,3.968897463489088,0.5415651797243011,-0.11931232339535394,1.828310621370468,0.5122554641841462,-1.5223964048388707,-0.18284199630222925,-0.24931724909979558,0.8117322644648567,-1.9624793104164933,0.4873830323618663,-0.041178973467624336,1.4337694084428538,-1.8053504475090594,-1.1774552522612682,-0.330576055676679,1.3524660394837702,0.24759916068542115,-1.1468370085438713,-1.9368290810392357,-2.0286564756408483,-0.6683985024172096,-1.6446957054299645,2.246164152976693,0.7599748127148805,-1.3697733810532302,-0.006834975062380677,0.6056493561727234,-1.118358147899416,-2.3556121332237567,-1.9938795097152922,1.3849553361184206,2.1887385918818474,1.935509545153792,-1.0950733729481117,-0.10547862787573747,-1.7856818578930052,1.1328819952441955,2.631677347047726,0.6340843903304326,1.1455861187974608,0.6696333854439852,2.24393312943437,0.6274139812756256,0.9301248414237986,1.6231440596695936,0.9184603145923848,-3.368993891951453,-3.4490560325537305,-2.045258469419314,0.23031517378422728,1.402674087455051,-1.9362592429694914,-1.468961260857562,-1.1505862587707183,1.9931061906159013,-1.0318587625208502,0.9040477384031012,-2.288519071679611,-0.8606597330883076,4.712561694727185
105,-2.6199840479649184,3.4024571815861453,3.6337959320658637,5.3102649396451795,0.9245527395206455,-0.05730771626619069,-3.526321649964349,-3.2590846135045637,0.04263753359864463,-1.2785867042340096,-2.3628669495120698,2.307984605846371,1.0339495677071466,0.12531469115036115,0.6203813199645082,-1.6724726227056514,1.357207032053273,-3.2199759147075753,-0.4221745885227299,-6.2534770001658115,4.3626801083816344,2.9732260846162375,5.4511730659956,-2.653626966082657,-2.110963859789796,0.8549347848981244,4.155208587393188,-1.1273324207173068,-1.696663698473633,3.172829662155673,1.8935237647176466,2.2999661217298777,-1.5822635949062942,-2.6618855228756098,2.212074277544031,-1.1531898706299732,-1.3769038229959771,-0.48745797394723867,-2.459102570775456,2.700502734833177,-4.455227870660475,-2.9923776034999583,-4.132694754194342,1.0775890325686264,1.6106419440315132,6.675445541753836,-0.48164263721841793,-6.502317174980369,5.452189366917949,0.5249119130289036,-6.051940858339521,1.6653305174881818,2.416481273489604,-0.8803146053951831,2.3969547672289924,4.607063978135917,-2.5481267380724963,0.14379158041594486,-4.024695449383711,3.2031465740322598,1.938237102244537
106,0.03733530074244784,-0.5633413287907049,4.9745508906086835,5.7618402681964165,-1.4696563538391243,-3.6996580561076216,-1.973176346013069,-4.3761108499221795,-4.818636770001356,0.5947143537865056,-0.24332544602557635,0.08091401720014565,2.065078468774476,1.9858276145605294,-0.055422493050142296,0.6047566074519465,2.637318106435977,1.7811036471215989,-4.171069683764147,-0.3502111759706438,1.3058908068330493,-2.3046436620644766,1.9317492189827705,-1.3816987489101211,-3.1945979171880206,1.3144792903457798,0.8679291890539429,1.5720493648638867,1.9322258508147965,-0.9581847764112298,-3.10487708996306,2.7092707654809827,-5.101975255170977,2.5783193687654933,-3.78246400405532,-3.3877711552415537,3.0693722937627608,-1.9141847747653404,2.8419190115722395,1.89905709717016,0.7254885131309919,0.4560034225258033,0.8559210536193034,2.918890104851717,1.9622503456841824,1.9088023278602866,0.18985622567329458,-8.438265360199269,4.0387213769200665,0.34040002485797805,2.2432547587125686,-1.2843969381551665,3.3209024073464297,-1.209251420592565,3.5797468293343337,5.265880151226103,0.8509862335467331,-2.0920575352861186,-3.8313500865549472,-2.0583881795285475,6.8105898408650845
107,0.09864687032826058,1.88224391187957,-6.5558043781973865,-2.0012378359185314,-0.8663030818212789,2.2087664405750527,2.8055830647448525,3.954650333531925,3.2799086267698807,-1.245114467189371,-0.2488772493928625,-4.173100549780438,-3.293367682749967,-3.255734928971993,-3.63468876512614,-0.17850232307737346,1.3240611291078361,-1.9314869538531854,6.534863840007954,1.206786430179974,-2.694653998707324,-2.0346114016746903,-2.6524911278505883,2.160601909901952,-0.34169355066344964,-1.6794955380090864,0.4312791275784356,-3.7071018400389897,-2.094399380915681,-3.1200784546645313,-1.3331241213376794,-3.58663776752575,3.2903416446700153,-0.0995714105405906,4.633371638546517,1.300333963994305,-3.426843454702339,-0.11643355466418584,4.577222856863537,-2.771025306498829,4.358311697893564,0.6052103152593014,1.5638992392669364,-6.121874788293642,3.848775222259942,-2.3478402108546104,-5.049089992856411,6.766000351447135,-5.079788069800975,-3.718365786258258,-3.955695458106989,1.654948415289422,-4.620045424210318,-0.00583739858071286,-0.48064926899117144,-4.866609817078961,-2.7634041604640274,6.135415065555907,0.1469169025716569,-2.299874511586136,-4.558139854619879
108,-6.037251802744177,3.2028647307982636,3.088118832095025,-0.6275014078197132,-1.983585790587501,3.923757245661298,1.761102654196284,2.211545271088514,0.9969668133814488,-2.2463448616318926,-2.0920572046167396,-0.17812819790403675,0.9111104740771587,-0.03328520010256092,-0.05640984698414697,2.4035473546921224,3.762089126302414,-3.505970992907375,3.170843814170158,0.9236762974349169,5.268686539999697,2.8341459655529113,0.12507807784273836,2.401323642406111,2.644476704082602,-1.4191904466668641,0.16419416003476636,-0.3234052133528913,-4.6605776188077455,3.160050767471476,0.2731292062803453,-2.045790333291204,-2.8037955273341777,-1.394350314468248,0.8668817474971082,0.5484630293237429,-2.2187133239285393,-0.8673536713060419,-1.1592795498314203,1.915233244341858,-1.1150244779154568,-2.579820213229342,-2.750988596756581,-4.562311259232406,-0.7731883653445051,3.0509252831517135,-5.284394469877205,-6.128214008161908,2.3364084693861624,1.9613587034688869,-5.862851846094736,-5.515084859404907,-0.6849942555792601,2.0233695553886073,0.4232669467482231,-1.5376669111013457,-0.9675077984500857,3.6857013378915955,-3.9089962839916543,4.245389560640775,-5.2927374770035795
109,1.5762841945400936,1.9855671829824544,-1.6715378085607466,2.902112233671084,-1.5132617009311167,-2.772407948644843,-2.18915208418592,-0.07841660215176574,-1.3864938173129497,0.14918830867349436,1.4519401854668337,-1.0426207471642601,-1.0650897534265114,0.04330920771060437,-0.9661050127580002,-1.3910196089690712,-0.7411505426422792,1.1925085136582918,-0.17130143400925635,-1.576141402078216,-0.44041153948895306,-2.281497042745319,1.3379629759233314,-1.1420789267042808,0.040006177082405656,0.20496436384421957,-0.16675490002875043,0.31255071676472146,3.8070958404489477,-1.7612760074264946,-1.7879489628952456,1.8970457433389456,2.1991831550924186,1.6308176577199085,-1.5951531308890654,-1.3924787319092873,-0.4508077664085406,-1.2354629702758553,-0.9694937796217132,-0.3780841480616812,0.5580789085123127,0.5903806682645047,0.24562808495809563,0.1884128896313661,3.1225246413418724,0.28070280940397424,0.36936338693393417,-0.2874244113040042,1.077615234826354,-1.2111293254090127,0.8068610556137125,1.271681861835567,0.6000438397272775,-0.7209474389279965,0.5085322468610796,1.6646676199912376,-1.0733248764714047,1.395594875990946,0.08310291588927037,-2.242050953659384,2.7594026058978436
110,1.3529382508456163,-1.3521353089365402,6.732809099647614,7.243120581173447,-0.4908643953153101,-1.1217348935602973,0.47816737899671385,-4.7999999626909915,-1.5611317083358442,0.1646947047222646,-0.18624327924285872,-0.7381064944724535,3.2290753674066024,-0.6504861858702634,2.218534019815162,-1.6338168980059795,4.011953830183453,2.9653424159350235,-4.711864523800099,-3.1918554412238214,2.650544976760417,-2.289114602466719,4.572556530108116,-1.7803890567987888,-3.6554155188068225,0.8398031877357346,1.3944802280800792,-1.4584472491123681,2.9121309812293377,1.1232021233950302,1.032150925647396,3.8215375862117003,-5.46692181400473,0.28861827724239175,-0.9872817829282164,-0.5220698040644072,3.704695067483688,-1.2115725833592654,-0.7620634167980254,2.3027854360892523,0.053435949062987154,-0.9353774849363365,-0.10003358162226071,2.828095454363598,2.484825089849012,1.0217004736990216,1.2861026363332875,-4.031639612051721,2.3412943956622336,0.8255019135752293,2.0253619716674365,2.12661284228084,3.779754515817613,-3.180914737125288,2.809665686372146,1.8138499674155413,1.416122438777431,-2.878591391758203,-2.1057011568879975,-3.5755604000815646,3.8466635040125037
111,-4.892428906848267,-1.9877399706663188,-2.189669588652697,-3.695654046773579,1.535182087673427,5.49418953627004,2.5889178335794707,2.418978993562476,3.005480141207912,1.4872134071399068,-1.3981277685162519,-0.9482483142593111,-0.1696267445912417,-0.4582027847164538,0.7310443008069882,-0.7646438076884018,-0.9017569563493303,-1.9980797602598521,4.2901304275113,1.6306578354341827,0.5436112453021712,2.2209798646245864,-0.196000995787803,-0.7494352477191931,0.25719101435156394,0.3214200359094906,-0.4185954401086751,-2.9786421201260644,-2.0121109247695284,1.8476759328293944,3.6038801723253115,-3.2830967565648455,-0.4089768271678566,-4.763206179111501,5.024550831725227,2.989517249895063,1.3477614679546646,1.02796141045797,-0.5675174286351881,-2.020695893293183,-0.7975489129210372,-0.06070876775971559,-2.0958769718377988,-1.9253754932236204,-2.193913353739952,-1.9251930457962045,-2.6530623041076384,8.693676709383672,-0.30105174245888633,0.7822686304356227,-3.145832335366182,-0.2913245723488985,-0.005579688002982586,2.0192286452728636,-0.04901020906346895,-5.241941742175695,1.0408513518277234,0.1816524152616496,3.4359304628751595,2.863385374102405,-6.4997889044375405
112,3.0776909081508053,-0.769004602486361,0.9278003131833032,6.8675957468228415,5.9900074133066,2.4797897197029797,-2.166265354618205,-0.8440172508327974,4.59119149889542,-1.6873821916100527,-1.101700526691221,-1.0083822655848547,4.0594906375776505,-2.8212517724604127,0.18693868697057758,-6.797182165042291,-2.078702879074702,0.956752066486708,0.8735526032281782,-7.6052641591259444,-0.6210359392857372,2.6661018786318103,2.589246219802873,-4.962237422640299,-2.739741661815964,-0.3686495737427593,2.9208641654072838,-1.9690859700708143,2.0006265345654004,2.4472222488595827,4.017014764522324,3.141198827092562,3.1854462536595385,-3.5014849752766994,4.897833559616358,3.954877820477257,1.815542405178227,4.932541189550435,-2.917390824535186,-0.170407790914349,-1.3903975356332199,-0.7755472853889238,-0.22559022320810262,1.517588341936742,4.2171257278961525,0.8046230056915263,1.3189872429167868,7.788412917636573,-1.7691796476465662,-1.9115567509117715,-1.183728922704229,10.346341911853838,-1.1324432653928915,-2.0513637874339556,0.1899170763655237,1.4699589609239465,0.37082050692969576,-0.8074359045298581,3.3809352177367202,0.9478239343468247,1.4910442152732237
113,3.221926473292555,-0.22760017165533097,7.799653828123412,11.059820835584068,0.4028989202665806,-6.809394506659521,-8.187953739940314,-5.935896657169444,-7.679188635792546,2.3307630582858785,1.1645894688499663,1.095733361690597,3.8089741855245327,6.666432480694144,2.070183409490358,-3.0937478066081807,-5.380945276312256,6.6669795066444415,-8.675597369765205,-3.319840547638139,1.822024951340446,-3.0310153937917423,3.674819988500589,-6.553173690488838,-0.7545473707343653,3.7934892254186487,0.7254351142123038,6.54699866966111,10.440625933178026,0.8373950415796803,-3.2503237853865343,7.3828397217394235,-2.6142542233749784,2.950688106673901,-8.495604581351586,-4.730415352700028,8.923152661912901,0.19365738878779878,-7.976813546749656,2.9201699555075558,-2.68628839857689,2.118777257242551,0.16441244539558386,8.154979355736195,3.50211719265833,1.0779393425679915,4.708853273526962,-4.940069127411925,10.96936294665207,3.6521605573684144,10.103817469247065,2.1924471729079174,7.714956220857864,-0.24054491231851066,2.9998135378393607,11.489232691783757,4.727396988575791,-5.215196316622932,2.029875743153341,-1.7371474984132758,10.160772366891443
114,-1.7997218861611854,-0.3863062338875577,0.5499979238667076,-4.391919806253078,-0.8430698900477755,1.405750596254758,2.1300194530458327,2.370682639076968,-0.2774228569100575,-1.4317420807640802,0.33107159586695495,1.307939391895132,1.2011296989656388,0.7496886132644329,0.4745978080154743,3.7304381250451373,0.8219053084098972,-1.1663599288774675,0.6716096054385869,4.18985660208713,1.4942527887153392,2.27420852924941,-3.9598887041734248,4.443220608436585,2.8685470833687168,-1.9635759219600701,-1.117078439856109,2.3409056848539933,-3.68099780274419,0.9478338880301255,-0.783238433432575,-2.6887887432185473,-0.2158097952361679,1.0028738869798972,-2.911567495553143,0.7484929972514888,-1.3646138761300661,0.767876672834247,0.24512055824227405,0.922168119841018,1.088753223848722,-0.7693999011064545,0.4002437557735543,-0.34372027411343753,-4.096725688432571,-0.4075862167352534,-1.2434899901562726,-4.202254737242036,-1.8373452347069958,2.0397915109366522,0.6472005991360992,-5.1948204146537424,-1.9938378021519176,2.7199496700953003,-2.0363024527166944,-0.7583489161964039,0.44220358097611445,1.1411120418231278,-1.0905865738344998,2.364180604832649,-1.7231734501887448
115,6.867967333067136,0.9537495274614536,0.7823879191178464,2.2432422388685307,-3.3942965596816035,-3.246299818487232,1.1891294053361923,-1.0413820480061198,-0.7624493508697752,-0.854912149168213,3.758251656778486,-2.731556418462839,-0.46427707068599944,-2.1746847463765753,0.3857340114084084,-2.4250423539582124,1.5322587106058894,4.87250461453164,-3.1505876693580768,-1.199408135887433,-3.3086625588223115,-5.4900478168657685,1.2298408280502056,0.8569562915312948,-1.2838356541115727,-2.2947964554496965,-1.2309600911942757,-0.6759276404583476,5.281635035410626,-2.3659969683788677,-1.32621598161051,2.4683482635024085,0.8118468351744434,3.411633006765874,-2.680878331866771,0.062211835960042663,0.07601848775237913,-2.118521118127318,1.0644174182598611,1.0733529933908121,4.043754699419772,0.6628269480626039,2.9948589932466345,-0.07405128325294849,3.4753742669113508,-2.717085953320416,1.0788256769234599,0.4732001404925965,-3.7331014079403695,-1.7213945986158719,4.619769472868148,3.0158927579064114,-0.4352805781010242,-3.1849767282265073,-0.4751488503480106,-0.9158009010761787,1.3529987431378452,1.1221029367932334,0.704680476214447,-7.046160695408186,3.362167959149573
116,-1.1486120412140677,-4.287420637657314,-9.262146846319807,-10.055875209556183,2.1397255964341695,0.4520182358477866,-0.012550947590706747,3.4654352181941737,1.298586959823468,4.930226156742208,0.8914320657696412,1.8001664508895079,-4.300095572148368,3.336911270432945,-0.4073196036989171,0.18870902951296498,-9.203843936244544,0.12505810919750499,2.065590233026739,5.033630254308534,-6.2701940407892405,0.9288706883986764,-4.733275065610996,-1.410707026780574,1.8254365409069175,1.9101487729626625,-1.8477423979825025,2.0916564142194614,1.0138530889967674,-2.4674481484503383,2.3176656392498325,-4.320732843821961,4.91837639415661,-1.7966098727945412,1.7497790547320902,1.3981172653426224,1.2610090121837434,1.2657724448029806,-0.30965941405000674,-5.4048029502314705,-0.24430207280830396,3.5072433499902456,-0.4401854310813214,1.3356208282480708,-5.7655013375614725,-4.955906510765138,3.24402996326441,13.855954842610924,-0.9138239368302488,0.6972264260284369,3.9173133210749094,-0.1549410394750463,-0.43066485057479814,2.8670019703274456,-3.271267521628848,-3.695841891886839,0.9903968979052742,-3.2760272957325745,8.401479192610093,2.4213143601141485,-6.454361920256713
117,-0.7946024613859693,-1.6682152056460888,-4.341258518027899,-2.6984787741145344,-1.1052749139396145,-4.08486897003432,-3.053684955587107,-0.6451702297075029,-4.185983304724375,4.021471898407265,1.9217258101665968,1.15160682708062,-3.410924286874711,5.2801829576067965,-0.6564291697283912,0.7235200110206128,-5.710680942906819,1.1461197889532593,-1.2877104965489123,2.62672455992949,-2.9593771211474555,-2.9364111820455303,-0.7909192378405767,-2.1126177827823835,0.6612903237348293,2.5316925630483347,-1.4090450086470498,2.7766568288677806,4.857690859438843,-2.72029490362237,-2.1815040485746344,-0.6055741876292375,0.8246159738163114,1.531482083095437,-3.1881189910312617,-3.6393199820361084,2.649043316957164,-1.1312265252249034,-0.07282142482653256,-2.1480685398286448,-0.3913945633747867,3.1921717824812292,0.03686385757605104,2.5015589027216913,-1.5310673665462657,-2.0205526646282803,3.0216000469386732,3.0172649509302683,5.0581804832783535,0.6293127497465325,4.089158267796633,-2.1160260077004427,3.025327597874089,1.3173001705837413,0.21736020586617766,1.992978436354081,0.08029323207158612,-3.0676843736099686,2.5448323586371395,-0.5921101683005627,0.29074753447606433
118,-4.197730375649,5.431289869841752,-0.5691787104017736,1.8386468191803218,-4.51176021820423,0.8249617142483402,-1.2256911260959187,0.9189505094282998,-2.098765806141081,-0.5207766761053764,-1.195154351398978,-3.1858896434940798,-3.4713800901422305,0.5635795107108557,-1.1659653409769681,-0.11228362473815268,1.3905921109053354,-3.471483088615857,3.3387438997831644,-1.9731688698959307,4.032564284542591,0.1724851615897371,3.4452303880240347,-1.3559290353690825,-0.16880312759074118,0.21140178531054332,0.6161039204375628,-2.2428999043806805,0.7048543972160233,0.971937550221293,-1.6073147069756057,-1.0003223270683346,-1.9380922074050773,-1.9768382516609269,1.6586738737840951,-3.0597572911369415,-2.0019379043274776,-3.8178608802312946,-1.4898708338724984,0.19390823217821945,-1.4059980209392802,-0.984386157162935,-2.332525735596005,-5.117742154348061,4.1934614913825055,1.250725965206354,-5.570143070137312,-1.0767590958606306,5.612788001206165,0.013812617694461737,-7.138347048179108,-2.1574890708864816,2.052175771698919,1.1097109732804853,2.204051582361036,-1.1073644743468372,-2.8047517980571985,4.5245144970294895,-2.4682149919503553,0.5083265158305117,-7.3013417322982175
119,-1.3029630890281634,-4.075761395879795,4.306730076668049,1.2694348101853912,1.8893189960361223,1.9717205436926637,0.18485706188826168,-2.8512380070633494,0.8196771818025144,1.9558272656353561,-1.03827080816874,1.645518029136896,3.294560488700845,0.4989954848864554,3.3803439528393775,-1.4797482466921106,-0.7773831634041604,1.354150152634073,-3.04764401373622,-0.20414007722678518,0.9947850501011877,1.7335561247668212,2.4648694948426626,-3.1673523495519342,-2.161758475982078,1.5151674484102096,0.809953487391764,-0.6966637762398473,2.1129046017721076,2.8771907695241086,4.928701737082635,0.9665383462043542,-4.108346913760085,-3.484589289542092,1.1213169529033031,1.8685067144058336,4.898563108560903,1.0426780243722105,-3.006077275739881,0.34488125429394645,-2.4683219881046994,-0.3909547537728109,-2.0034232942253003,3.5848225173963866,-2.3885889333919788,-0.5387773322502966,2.6002046087663433,2.861632702354411,2.7434011384133368,2.53105922012545,2.201581016212632,1.6611626907106325,3.9424040736280257,-0.5825043719354545,1.7503149130334017,-0.9306229108482149,2.5453798749557173,-5.364945547787994,2.539420168141362,0.7943700871866535,1.4644106286942045
120,-2.623808597840036,-0.12103039981861091,6.720124245703065,8.059216471813485,1.8812720019210203,1.2119459922003355,-0.9179477332895529,-2.3399133289479677,-1.8021517396024636,-2.2391236552415443,-2.2900483405700185,-0.9180782394474138,5.714428110533006,1.8695261066924518,-0.6356579835543654,0.35629111739549024,2.1427936609837275,0.6297267454541423,-0.2716659448623695,-0.955783580847203,4.723302176461849,-0.3183123358233745,-0.06966318723510925,-1.2838355870499534,-0.5014909258093789,1.0059912550431367,0.45062563750997126,1.6818533526847221,0.5416839143236711,1.5777886066211215,-2.7350178999387738,1.8228489845135367,-4.578995798811695,0.48203889595402183,-2.282587570501524,-1.027625063762324,4.4777468592037755,1.8347683610043997,-1.2560982339864903,1.6458589699587267,-0.18828275758938007,-0.3850756527045759,0.1412709318439958,0.48893128514583994,3.2730725719319755,1.73251229879555,-3.9943808105176144,-4.833690104507373,4.035322340272889,1.9241357912362558,0.36794186796596373,-0.6842853100457242,2.168672812515894,1.4342054298371638,2.5257396777669134,5.321849184233934,2.3030486701479504,0.06583209297342385,-2.217457457116684,1.5792446386306593,2.493925822534631
121,-1.2251226713939547,-1.2021046192700544,-2.8867781710502056,-3.003692175284104,6.196374930966787,2.8340950828554963,-0.3362742368321661,2.2392866468448944,3.0107419762429446,-1.582210319458375,-1.6006663597182051,2.5172426378325117,2.4021100689426453,-0.08542046528237078,-2.319817584038868,1.5210270245059854,-4.053341308869899,-2.9825301797158996,2.859332020283839,1.385128457555122,-0.6408732773349826,4.4156304604232295,-4.810934261006382,0.30586691798149307,1.8476562033526716,-0.6360797954329122,0.926276476520246,2.0657404315596377,-6.085237398237354,-0.47913365358422744,0.6416296726192429,-1.6675442454077019,4.46472546186004,-0.6901580965217439,1.947036150867314,1.5281970636103233,-1.8728175518589096,5.999413272656745,1.0484593289757642,-2.1500302521909105,-0.9950594898732604,0.48116289946220786,-0.4873147687954602,1.0852448513624964,-2.9539358858137246,2.3865836380328553,0.12791711969849862,2.439630090662048,-2.9733394115682605,-0.49114374739815414,-1.4869226203178267,0.8671954041508386,-4.340677803461543,1.9675981919530179,-2.677905969450487,1.8004853212963392,-1.2963299480633204,0.8364990585002924,1.7961477893742461,5.38313339957682,-2.9591669409825156
122,-4.447059608784613,4.797387940325571,-4.561686394329247,-2.3380489029376528,-0.9059253506792865,-0.7578377424156311,-2.08930225959532,4.537272941580735,-2.208993759851793,-1.4011210418030116,-0.9310286575979919,-0.8739596776748497,-2.2642233072872577,3.443811518043381,-4.770390325080741,4.0912414389317,-2.0519598489675075,-3.867077143990231,6.931719766109509,3.6981647436450316,1.4689310234169852,0.8181734467994621,-4.901278483313585,2.39005803624107,4.317396822488632,-0.6920832733629358,-1.5547426342773463,3.536067787722727,-3.5015656207624835,-2.9255257885660764,-6.598676548594199,-3.1474028217076486,2.398354181611568,2.8414443841382253,-1.477741913559657,-3.774537825525366,-3.459962526982905,0.34665154957964556,0.7601670299046742,-1.6462375560157276,1.2031397989779578,0.1277335048214715,0.24745551011555272,-4.726404156278092,1.874180550241519,0.7137744804150321,-6.3007308870192755,-3.4723768844914074,2.300136800705148,-0.5374944958957134,-3.6857115428166662,-5.670836869171477,-3.305009946348719,5.247023573359398,-0.6094804152201321,3.020283620147586,-3.121970454171605,6.928049682440236,-1.9221471816631872,3.7036458259776097,-4.310920062810207
123,1.2342239367935832,-4.068194478780491,-3.089874188545301,-0.6511415885623321,4.596571953028425,1.0739121013587398,0.003321625330861777,-0.5190571557638921,2.016237263819853,2.2516719020422604,-0.09305757296570716,-0.7631415144120197,0.9276385956787773,-0.12159197059134913,-0.3196013472530376,-2.119892268772885,-4.1032430593714135,1.82104697148299,0.5596304033358948,-0.5706166053610504,-3.91011476402938,-0.4158127272556845,-1.334992936799389,-3.453593195570426,-2.910377873021736,1.2466703129141412,0.010715849018098855,-0.772838836482017,2.078555349647572,-0.7311780303113896,2.9496608934461657,-0.09743566103121643,2.0236052635721222,-2.4953224874229787,3.0631593370520176,1.8414085375187648,3.4273130537677727,3.2116515304502884,1.5472487727644966,-3.066543308120811,-0.5667426551462869,2.318472052066144,0.46451074909776746,2.9536772878851685,0.21864374946969647,-2.796904471370351,2.601836282771386,10.229906719276132,-1.4880779599472247,-0.9784899449901937,2.2261677441951013,5.363341008633878,0.16242944758958316,-0.011971221521760667,0.11541190659299956,-0.584012401584913,1.6098575125254289,-4.020607263887217,5.173533957144106,-1.000987283348754,0.3742416143958681
124,2.089971012125308,1.6666692050762395,1.7523173301831736,-0.8845715532980972,-3.252702406342471,6.350145268185618,9.06919131090718,2.7980458123388594,6.587232587704699,-5.062131903165933,0.6839192270780258,-5.33364203576364,1.1055991916584262,-8.52372283140404,0.5934253198139572,-0.8556098963751482,10.236323178666693,-1.032788903392044,3.1607994146158402,-0.891897185339286,1.5829885561521282,-0.40874455902322315,0.5157478431607544,6.526362432206844,-0.9674122492448898,-5.301771077220736,0.4663351897605165,-7.390009949060215,-5.172614357478329,2.340522820842462,3.513125868076793,-1.6382105674270615,-1.9429184881223318,-1.5031314795467694,5.071018415902623,6.000178223196432,-5.4516910211694745,-1.483039935483347,3.5863676957420942,1.4734152283660973,5.787767495683862,-3.116010654220838,1.8460445626324757,-7.896306348696789,2.2790802292832786,-1.3848039573521262,-5.644199572531644,0.7076973707167739,-11.005160386410466,-2.8880964395313313,-5.251596066312765,1.5649723775687017,-5.203806723805588,-2.7794170352405354,-1.0601878408069607,-10.144041692464183,-0.6003129760746226,6.199942471983102,-2.887121286684942,-3.8977905766013463,-4.325656813863322
125,-1.152739048494689,0.9460565492666992,4.503621760946842,-0.8772132793710801,-3.509434549277935,0.3263143434405953,2.2772318938742093,1.2343711698761788,-2.1460887701814277,-1.0519307839588345,1.4350369838028088,-1.073409055864191,1.403980566726315,2.3153637460698375,2.086783195590421,1.8763643035959359,-0.16978125449117296,2.9713987376318376,-1.7955253102891193,3.4775116993492077,3.26219985710531,-0.12297951051830033,-1.7257028921407693,1.670199401483485,4.042676666658298,-1.2917484846738054,-3.1421765268628867,2.3797868724193245,3.3270748857123884,3.566294979753606,-0.3308141111185802,-0.3266307603995087,-2.6470307921961345,1.0478657768677249,-5.2834360495732575,-0.16081822030450676,2.1552897261842427,-1.4983896756013473,-5.764512361813879,2.8005048695653585,1.6523006681869588,-0.5617690934107178,0.32802394372406785,-0.5486343529589071,-0.8803891261529171,-1.4197826070418604,-1.6976955853015239,-2.088214717705121,2.4066276207120154,3.339615389300593,4.254659528229261,-5.310317568508671,2.5125400324330984,2.2102774999345827,-1.1269015915621399,-2.2086340798950936,3.8728170279023577,0.4730685272773071,1.2599430139135679,0.17041465374847264,-1.0269662802368855
126,-0.4182154646165041,-0.7242468962138646,1.021857909576893,-1.8608384551063477,-2.4053445143049417,-1.5183602409050572,1.0888822968406706,-1.0445464097596937,-2.091847400717969,1.331110495851922,0.9179660230281859,0.5048052333895396,-1.1288615867254312,1.7670182004642663,1.7686701287388868,1.6071576157392533,-0.4188150237388248,1.2938260959365455,-2.0116388743426095,3.1462171950857627,-0.13041152808387055,-1.6132447377275114,0.38330311498595254,0.583880759061313,-0.6621180635649289,1.2940950829998488,-0.9283583631689939,0.6184037627668235,2.3782168748438894,-0.42740271233740634,-0.45134833691181164,-0.5394037448508703,-2.4130819916586046,0.7068324989869805,-2.266120885967273,-1.4663727767140309,1.7084729648850425,-2.1749640078587507,-0.2689476211602268,0.758209097376223,-0.0013458256742891472,0.9927224521729098,-0.11521854824183791,0.9523307867113694,-2.0721651627459274,-1.5577358224782967,0.8968013099028955,-1.1355470979632798,2.255255897012974,1.4588624539530783,2.682319139239566,-2.8500677273757717,2.5418873552091217,0.6873745558929729,0.11774569147472824,-1.11590174905149,0.9968206872859577,-1.9890350853705105,0.48794975702887383,-1.2573879403195027,-0.223819991736938
127,1.1771015395629254,-5.308705901088055,-12.202609984266644,-8.96394514270785,-2.7442515174715547,-7.006408273458664,-4.595325445691623,-2.717761882250166,-3.958694142824873,11.82945330574721,3.3875968267010927,2.7125599040044768,-10.798521605305382,5.747226876615531,1.6534627447457342,-3.8204451848303056,-12.195071632044673,2.347159947774984,-3.632438124381227,1.400061898654136,-9.168099591905179,-3.7223196288405394,2.9936538959003727,-8.58896163320783,-3.156436509953014,6.681029871102181,-1.6115654746503958,-0.43518029996752805,10.899156524660441,-5.589709730832873,3.430740936091511,-1.1260066787358916,4.387420840344838,-2.494488847275167,1.0435243575930464,-3.3894993711616768,5.08321976096677,-4.548711886412646,-1.765518970266115,-6.236895137603785,-4.004586173472487,5.752734285897894,-1.9310287000586315,6.121540576142705,-3.7918965988360123,-5.857105506761664,10.559830454680869,16.59244141916608,5.639002027627243,0.713840706381893,6.596416162000584,1.9310877844766994,7.334235719180859,-1.102528049521708,0.5233315055409838,-2.122795707888174,0.45378452315305895,-9.699799487749997,10.49059193064722,-3.8645000704271912,0.7001284820595663
128,-3.6232858556774183,5.758953578326575,-4.485146986136484,-4.1552448232640735,-5.593749185046315,-2.7621041017799755,-3.9120738463029943,4.648487078876459,-4.87072266640115,1.244895819870824,0.9569721203299081,-0.08560470588919608,-5.638974072057497,6.5425350330481065,-1.3477440757353691,1.252726314645618,-7.574463453386305,0.7185474799762808,2.3873552999990735,4.363146847148199,1.0248699592429877,-0.2680200783153326,-2.5720467920075682,-1.0745637609037137,7.124435776882274,0.40309237455059665,-3.449869796249607,5.52241557611858,4.811686849855667,-0.7104456241826739,-4.76842191503619,-2.2804302671736743,3.3947689854620684,2.717484262230431,-5.896449908229811,-3.8303150182580055,-0.2133738151804217,-3.1503517341476224,-7.738886155053237,-0.4194166592022808,0.044423942360821256,1.365876240347412,-0.7970448749008536,-2.445375486047017,0.06059465534438968,-1.4614208169499763,-2.7036040167264628,1.1546269839463923,7.524115464566836,2.8314832239792187,2.693576227669767,-6.862719635628959,1.4419628955174721,5.495621260115589,-1.57469183512734,1.391665543174879,0.34503086867836574,4.156290407796124,3.7435205080037925,1.3532374027954075,-7.338046941283283
129,-1.9884980754384654,0.7313611733063952,-7.255983686784711,0.26347265341218595,-1.5319261241815512,-2.8499254843433994,-4.255237564617752,-0.8148863281871805,-1.30067820891286,4.656406326040325,-0.29738540922017115,-1.2798374387003606,-6.986929208806051,2.1308696568040197,-1.747498195727015,-2.395890707274277,-3.35118280971525,-2.7727294626639467,2.093403611253373,-1.7960860857285488,-3.184717361903906,-2.5284199579809306,3.541376870869304,-4.280854078061429,-3.715991521967631,3.7957758323508193,1.0464338199269252,-2.711738840405416,2.5396882574921396,-4.207838416191023,-0.10639438499175669,-0.4579041525098454,1.121741795162478,-2.070379062742758,4.522532351512022,-3.8466362207767753,0.03832947437596107,-2.03656772957679,2.6066828988592534,-4.085790660933756,-2.3284850322119466,2.339220393979776,-2.2684619488312356,-1.2015777923065016,2.7572917604419795,-0.7400257037709557,0.33327180401423834,6.633504123677665,4.481461951820718,-2.4915575295388495,-3.729647763047532,1.8319703672750731,2.7749776050659465,-0.07586763379402095,3.3824328985437377,0.08640291551277768,-3.9606921084588884,-0.7006658939832349,1.3479259471084013,-1.8914306160069572,-1.6458726586164252
130,1.6379257076229736,1.4084616460380195,6.729949531296119,9.457748897427745,4.391946519790855,5.518863330252381,1.9619608553682997,0.23860585641608348,4.492522805315581,-5.812835427747642,-1.771875961564482,-3.521162244483329,7.798273359395502,-5.061425410077257,-0.5752656526163016,-2.621247637335816,5.526576134937421,1.1129814560872007,2.3094838258933508,-5.201913047960321,4.188256734133411,1.9302776136315418,0.08503075471661099,0.661436283664067,-1.048054394883168,-3.4743833848843195,2.422669306651326,-1.901289152436828,-2.8860679297084157,4.413204284952878,0.02955506554543985,1.3382132824736455,-0.9410045150258252,-1.6442633144737477,3.221556912181179,4.342864695641554,0.3030949901216418,5.362140982887357,0.6138087039015372,2.1330201674247875,2.3996321050976497,-2.9464759239039826,1.0733898517858742,-2.418788338630355,6.357213737143384,1.5895331606467777,-5.135082514956009,-1.518199902332595,-4.710735648306301,-1.4515230546890823,-2.6056481128668243,5.264331997742636,-3.513754802053952,-1.4672204374048232,1.2309652780889153,0.7424069092007837,1.2636595653761136,4.017686824745838,-2.0757146980078254,0.5516429476117864,-0.23131922776268543
131,-2.0733092926840664,1.5950382565609005,-3.1696837078242313,-2.610164979682018,-1.518801129912608,0.3090580712928283,-1.3744282973293784,2.6135819139381242,-0.721302293701909,0.12533655903511293,0.2514036108843255,-0.5565298208390632,-1.4831930761815413,1.6863405062085628,-0.650331614765618,0.5245709960121296,-2.138706372327485,-1.1721291225222936,3.166487933747453,1.1214098352016963,1.397180877906867,1.0164607527761504,-0.9950303445548727,-0.826145659254616,2.076409688316623,0.45878154549034766,-0.7938213256466466,0.2855779107374578,0.9503424142206573,-0.010840930224578799,-0.8751023688010755,-2.157591064210468,1.5092667164738005,-0.9378484969144597,0.06195406748749438,-0.35768410644447524,0.06904596456881568,-0.3281437207356873,-2.507025398000915,-0.9120421141877051,-0.46393620484209164,0.010187621480184317,-1.3364824174220014,-1.5116655462546158,-0.16910235852937094,-0.10338219232253626,-2.326328647430704,2.6860574359518674,2.1625929401367934,0.9082559758245083,-1.477219627682318,-1.6232960359191009,0.6417542096069067,2.4694594862595443,-0.251651152665863,-0.8423401897134994,-0.17080681621551635,1.4343019349446435,1.8751566199336318,2.032733918592172,-2.3124599752699693
132,1.375312640911,-2.3916397625301586,1.7470094145672517,0.7604656308573282,4.860658450284577,2.9315674123685684,0.23222803982946982,-1.1684507438170928,4.185934891864686,-0.48652992084161634,-0.7437092595814035,1.913661335383762,3.4222298975729775,-1.6934076155651319,2.2767834614100027,-3.795182078503348,-2.3823533851166454,0.7443109853809045,-1.6413523410254414,-4.259263836480887,0.13523216817921183,3.98488760825571,2.6296736454258394,-2.648917356746164,-0.7002633079655491,-0.27099877232501335,1.438493582854118,-1.1751917123279838,0.09777039769854604,3.5557851456362046,5.5799918974863845,0.9842367778700072,2.3033003953220685,-3.8763587281555543,3.285504842453133,4.341763835366209,1.7923918043281721,2.3092766210843445,-4.2686876655522505,-0.13459082290702212,-3.021966760730643,-1.6833752400104807,-2.167393104616204,3.3281875555588107,-1.4846323504696208,0.8901885892783616,3.3255963373889483,5.8419260764729435,-1.9522596262201481,0.45032759905503317,0.3386540295548749,6.1580452312915845,0.02403109089049102,-1.9493605698520573,-0.8578525102713326,-0.8397799636057123,0.8732423420554624,-3.601318852455366,3.7658805448143156,2.080220395755746,1.6495969198073466
133,1.0233878844580349,0.8397237689851442,0.06461752126433738,-0.1878244102438702,0.21173603937323285,-1.2286354576158365,-0.5938610256576347,3.5509046732046188,-2.5316351377523527,-1.4211276235116188,1.5166115732224459,-2.0963366120521316,2.017412431012166,3.675564947947773,-1.0828724167852828,1.1007387116524998,-4.670527463308758,4.366243739541777,0.46806731912248467,4.082857109688276,-0.07273766903241607,-1.5703823242520705,-5.945026019626658,1.3594887765987538,4.541302339484266,-1.6990933906458532,-3.526792989611811,5.75763926322578,2.972198060480907,-0.2593016962386497,-4.5282841962605405,-0.02724251731506111,3.0592291865545,4.535609201909897,-6.182455841531922,-1.4228647368947045,2.8230622310942013,2.9170738578386253,-2.9172957778948527,-0.6868975222164705,3.6821441157731116,2.2371355716253647,3.236475180545459,0.41326343013992284,1.681391572187204,-3.487052792222278,-2.336284576934525,2.0684056189334,0.3899887360946318,0.949544189750637,6.652947950686423,-2.209924315297375,-1.2876539575803667,3.824299458219575,-2.697967932272647,2.290072057104507,3.7997044008754988,2.388541648722638,3.918418681424184,0.5593217274050167,1.332770423411949
134,-6.004411442721464,0.8616520499317721,2.7400859841005265,6.217500345280214,0.530976824378057,1.832165348308069,-2.0448202952314745,-3.404381131284317,-0.5801918360092794,1.6773209140527685,-3.251268192785903,-0.6524342323187289,-0.11415553651410193,0.4567904485942994,0.8882255796005839,-3.260497770912862,2.113876125570579,-4.124783857383986,1.3262088276297692,-6.288346006741026,4.699952523092083,1.8242895232884748,7.494179749586733,-5.5703253208508565,-4.698739980479719,3.214370246680871,3.129427699963964,-3.354047699165638,0.6190110539053962,3.266374528123838,2.814723064036643,0.9112313869333357,-4.915123678018649,-5.460910735374533,5.1124641575731165,-1.1456600207442327,2.681015344030723,-1.3505851140575713,-2.0340374841111046,0.20751272068990395,-5.269320130426137,-1.596233116959504,-4.3334749111348705,-1.016878639667847,3.3893857128470914,2.558905324315193,-1.9016089955267705,0.7725241527689395,7.716407956632089,1.017266702738041,-7.6904528489952035,2.1496323214745994,5.731194286084153,-1.605744802262183,5.2399613339272815,1.049833454088937,-2.242266743142805,-0.604092140242166,-1.888359820823852,1.7403446982926045,-2.943897070402883
135,-0.36441218105716067,2.044892911820425,-2.574665215074461,-5.250170664449322,-2.070671853233281,0.3543179918541491,1.482408682155994,2.0241593745745585,1.2184363773811782,-0.5470395268480819,0.6170129551513465,2.207824880835153,-3.236257535559797,-1.060333558192784,-0.05925686733363721,1.9626408257378056,1.431605256986583,-2.9166722489149506,0.7482060579214591,-0.12231572881400227,0.35925582986525817,2.2154553745391867,-0.6176050866997489,3.996946287945902,2.2784365262328707,-1.3985502130278595,0.15457579921991468,-0.7687760684403453,-4.373038130145597,-0.5809592566814606,0.6917469994721049,-1.4938657599591614,1.6526966084762496,0.14943487812174944,0.9452125713491171,0.24196929719241278,-5.782529860969598,-1.5297631210634122,0.3433423683335846,0.4872304616190648,-0.6461639525719911,-1.8807898464279824,-1.0279757127565414,-2.548685520914959,-2.9151322194685787,2.7655594010512576,0.35889142666045865,-3.3173949095396633,-2.7213373692079394,-0.7938816755048606,-3.544951537145212,-2.700565626123653,-2.433739992869927,-0.4288845992313597,-1.8311573285277327,-2.328048778145464,-2.5935061881568133,2.4935757137955967,-2.647318478106672,-0.11545222875549521,-2.6939402294282946
136,1.0701984617204463,-0.8644326384600703,0.3882701414631762,5.973881620931631,4.193541909023646,-3.8249699525270846,-6.354193211059868,-2.10035180431915,-3.289507499742176,1.5200345788661054,-1.306413280992011,1.2871942788668667,1.5406715530116308,3.943250583368847,-1.6879597360347636,-2.0190581122929485,-5.661971349146898,1.5784236727744219,-1.9446185127413997,-2.37104461943144,-1.2665952540172782,-0.7454228236395095,-0.07356625831644334,-5.146784634074736,-0.7137665538281559,2.6961246406446375,1.4046213828463125,3.900206213899219,3.446663086529961,-2.5305855568018876,-3.275323579940286,3.073375149275561,2.2896357831030785,1.4865624138089109,-2.0087444107206407,-3.346319751193658,3.7958978849486695,2.796436705565331,-1.8406786421941628,-1.2285792765334318,-2.31165527820812,2.0155606449816763,0.29543113208453814,4.365186314630722,3.2888972877153746,1.2473620307836095,1.7590177073761417,-0.280344639264113,5.0316980217991345,0.05629433364105181,3.2057928402943734,3.00535265660028,2.1065517580945654,0.2064187149340348,1.6249654156790185,8.033801541788607,-0.5715755113743709,-1.9588456978560596,0.774726171189452,0.961821674181424,4.311063704233411
137,-3.0455998235342006,3.053300832627494,1.0583636013499669,-1.3539253104138154,-0.2120894937654223,2.956376683223479,-0.3296099380406831,1.0033117173217891,1.6209681698842762,-0.7539120043832486,-1.4940187614500164,1.1125275923807822,-1.2633382194773972,-0.6327403551976635,1.9184240113128188,-1.358188645442667,-0.03498890105063287,-2.088711960069361,1.4744740074049323,-3.1848677949998927,3.9659038565531186,4.637109604594466,2.778827020245214,-1.2682067179058465,1.1580274727981466,-0.7849795756110738,0.7952147149600282,-2.0238402794836876,-0.8700215847694315,3.8034607815449246,3.425876146003203,-0.6494884688934469,0.38528473742963576,-3.371914611412465,2.111450013251807,0.900322064005187,-2.02265203679526,-0.9167104393049392,-4.74661523106599,1.3576822212518556,-3.963651630774052,-2.495959151597494,-3.8210165799513205,-2.211421863932003,-1.2433970702328174,2.8107353395940606,-1.0640953891732357,0.3231623256517545,2.027226723163768,1.552535007572333,-4.5366617819300235,-0.45637422127182237,0.8978416036352223,0.44452669901235337,-0.09599462600859382,-1.8928317623595303,-1.1107607903928625,2.187509981795359,0.3414809885253916,2.734118849376301,-4.157821957707604
138,-1.2115822557377751,-0.3923428813666874,0.6944223081863102,-2.1265481992417063,-1.2794745026593768,0.7348605847054035,0.16840199067465955,0.7987579143255392,-0.6404799702127655,1.3854086259880734,-0.05146527473998086,0.44090641652704454,-1.1353350641234632,1.5455802448266114,1.7187864677351639,0.21251221950810723,-2.546934887869826,1.5288762690386586,-1.1957287381041104,1.4895582850943367,0.6732507973139914,0.6888777979959649,-0.1387614758903074,-0.5547846017782797,1.316514822878234,0.0672729164169592,-1.6670505848937558,0.9189541144022493,2.014004732820577,1.4339680031075372,1.4978874599126928,-0.44462518810994467,-0.19498934330115225,-0.7951153855308913,-1.2918983757588351,0.19000406942903952,2.1896067284655927,-0.5848935248062073,-3.2109679386824594,-0.18395597309704637,-0.7382722107081339,-0.3923464732864411,-0.61208922127306,0.7623617037535578,-1.9488122870041744,-1.9816226911197308,0.2617420382702207,2.3316724196248635,1.8909770374993258,2.02945012577945,2.479604195705442,-1.2819105030894298,1.7155819900022742,1.5568834001043852,-0.16268927568099378,-1.5586095103164415,1.9883419031221188,-1.0101396448222009,3.414215606281463,0.7147363945998144,-0.6878356367927454
139,-1.3144911418155387,-0.8095199891331747,-0.09900210000635136,-3.417308963423982,0.9513475927112931,3.606362962322167,2.2904212249717535,2.0392926136748977,1.3233484239111797,-0.4837488371323383,-0.10965663113634945,1.1095083208432375,1.5294775066100548,0.2704286462104003,1.1706076672031773,0.6244447537634417,-2.4938734923054,0.27781577856483347,0.8640764247153155,1.931279117946678,1.094585208364485,2.9116403151592647,-2.2186009751015194,0.1544442255515206,2.523899406684739,-1.2163878008287632,-1.7448971499020884,0.5889366175948636,-0.6237131365296482,2.4078521084147946,2.1497180616843146,-1.6929375196617193,1.5342795986937068,-1.6207498301487142,-0.15023936695916748,2.2821794548768306,0.6836411110341658,1.463869139755133,-3.367029702445453,-0.2985218433907362,-0.9379127921209061,-0.7413082243192721,-0.6987901699335786,0.6467973956445764,-3.161089027198826,-0.8715552577906011,-0.9396684981798837,3.769235935006071,-0.1588773730958884,1.932712718413368,0.45274816273178925,-1.2870885418115166,-0.1797232870921499,2.188100802156206,-2.1655806474471206,-2.3768657871256056,1.5141055813836424,-0.2643872462992318,3.2878993417295446,2.7682058613564826,-3.787974952077874
140,-2.555105512056412,-1.8351424729853492,-5.194204700018479,-3.853301382065388,-1.9054752985948962,-1.5514816051001787,-0.590837447886947,-2.0090727967928466,-0.9716085364122086,4.746752968986896,-0.21315806057194525,0.5408385450227902,-5.955756489959364,1.1668189533508595,0.6571755834045032,-1.0157390390574705,-0.4792012585684058,-2.78430107070384,0.09611391064161598,0.5177459068344865,-2.260916320083949,-1.2146970049928987,3.7503962616174165,-3.0621793270453495,-4.233796538902929,3.1640109672207877,0.6056793420067661,-3.6479063597035353,0.826255686423242,-2.2389553543981924,2.227770802309316,-2.0126661891988427,-1.2545917388501568,-2.535266615955084,4.262077628111296,-2.2654061523074733,-0.1393822117634353,-3.9795871658794595,2.9304416587912008,-2.5592809191667922,-2.2225204388302644,1.2423424783378507,-1.98415892562369,0.40731550374541675,-1.6054000060292326,-0.8769964964291266,2.366934864698697,3.795818346149354,2.605134321638666,-0.7038566943741721,-2.516985020865679,-0.1077988504053318,3.033873041087046,-1.397620478899646,1.9582058128317492,-2.892647408768714,-2.5878720689536223,-3.123751504028515,0.9021901426482024,-1.7872484673346993,-0.7512606999902367
141,1.8017488482455237,2.9197581413972356,3.48317476683191,4.528368976277609,0.03382987249046898,1.2827371591493113,0.36260187090987095,0.7883030004540834,0.5648446015388918,-3.4351040926461796,-0.3597762076878114,-2.1109915026907076,2.078612447426627,-1.7453737731890437,0.26782794242564434,-1.9059972199799224,1.5562581648943543,1.5393769337362664,0.7298219813686674,-3.2216933781751944,2.942701777165096,0.1709919296938123,1.0173551254357793,0.45975742058823893,1.169465425744299,-2.226053299362481,0.19755669369125192,-0.27181764192949676,0.5477117303969329,2.459669827427608,-0.7452045886214873,1.8080559715844258,0.6000851831485954,0.5924320084077613,-0.6342194963447012,1.1534360009612412,-0.6541991253820876,0.6980457258628353,-3.191834234812327,2.155298293223224,0.9134631958778356,-1.411344321677604,0.6217369138975937,-1.4079299612658722,4.086393799864746,0.2635022251609084,-3.3396834957546377,-1.3033277193208623,-1.0056102427699904,-0.6045993809182,-0.7690892166657174,2.076150290548802,-0.9670955656961095,-0.7643092307211534,-0.1516464098395908,0.6255536409118636,0.6820387571959916,3.1363946150219437,-0.2757804408694918,-0.5476652815908649,-1.7443811920979946
142,-8.036735883712202,4.0879169511294045,-2.6420538044275705,-4.364638181892445,-2.769602674640505,-0.11142267141015127,-4.0485815089536805,1.1442228079307055,-2.593702257380423,3.057961022368022,-1.7866897507590143,3.382718788660527,-5.09594460231196,5.750995059186672,1.797469442806559,-0.07000880748521737,-4.9508430658310765,-5.289106892409246,1.245094946392415,-0.7728992378378995,5.67931211186952,5.106662433017706,4.1899986690123505,-4.432282658840868,2.6330343919245442,3.0591385595111267,0.32734157669518094,1.068343246068809,0.7164003902160777,3.1836300231801142,1.6523870368029687,-2.3150467557901786,-0.02440421654832381,-3.7284897219447988,0.290781485196214,-3.7435870032836043,-0.893840918183197,-3.253407874080054,-8.189092300285834,0.7600272703481382,-7.411630828724568,-1.3741683119289456,-6.017222977652659,-0.9503902407546407,-3.3048192129519416,3.531062891400892,0.12209467953254785,-0.03155891582316117,11.518924812884835,3.5956429195346606,-5.7322328239480145,-5.5357012384411295,5.192708523912985,3.0362849269343277,1.1221353617974934,0.2408174564207321,-2.371964543731853,-0.1586086307013753,1.465150462309874,5.5144005076842975,-9.770240643401152
143,3.157001040426987,-2.3933534889034433,2.592358700116293,0.16289230372977256,1.4591329740659218,-1.95342523792281,-2.420420070935918,-2.6553504965263195,-1.7203201936125754,0.8183984374697555,1.4423923126236573,3.3004215731112816,1.757078700177791,1.9625857623036889,2.2720671058444126,-1.3366094049642632,-2.7853738111473287,3.4108079822999704,-5.506908757809691,-0.9121345084500136,-0.5849968949948273,0.38685882949649053,1.2515571793790392,-2.0725838519379067,0.053597552670811566,0.7820297741182446,-0.6206263625454795,3.4474253262347796,3.3024565780412827,1.1360513475628733,1.2424169713967388,2.8251971566847978,0.6191243357225794,1.499092646653711,-3.849165791299507,-0.8435185835672316,3.026028866950648,0.3042289595487683,-3.718328107868415,1.3326781131141938,-2.056542650571046,-0.45562807836147357,-0.12599253855885667,5.1166365019683,-2.3792638361641862,0.3831712236688128,5.61285859151879,-1.5840271737384912,1.9490196496566403,1.9554107689112772,5.79558518162024,0.9524722560393506,2.092649290651895,-1.2276743650674085,-1.3042433216536138,2.6809077784029247,2.422188898786254,-4.741175954497295,2.1456265932792573,-0.6448223481695966,6.003587130319072
144,3.001855440277645,-0.1933728898275202,-4.958761146976964,-4.340840604107572,-2.7615873889538736,-3.8608748801775366,0.4900442133533241,1.6254153237963334,-2.4691413805323505,1.3475961516260404,2.798454220770518,-1.4723916818389595,-2.7291017800796973,1.691567135395441,-2.6058930624997596,2.3352057848043595,-2.321142452311263,2.8552738500912396,0.7714082342416391,5.492031088286268,-4.849535619701047,-5.535988369968734,-4.96312223278563,2.11953534499124,2.2477904114081855,-0.3280433865471219,-2.8338016883432586,2.1261745736331905,2.2823946276389804,-4.629131705821412,-4.179970335127193,-0.9646468808092528,2.7875571934848655,4.516125004876554,-3.6931184772282175,-1.5717674992097566,-0.9373465846218572,-1.2252308226641775,3.7338149207407554,-1.762194143116872,4.9820482242635675,3.0967091967125286,4.071901014874694,-0.5849451734437993,0.24642552073803028,-3.901003490782952,-0.32324998405622984,1.8217007094742932,-2.9421167473109713,-1.569274309516163,5.580084858917316,-2.8546051211189845,-1.9664308913587316,1.6101110691309681,-1.6622168866087796,-0.1647341980247246,0.23935356894922777,1.7157725069927807,1.3580777832413577,-2.5542222031942776,0.07557496867404356
145,-1.4880065966574698,1.0535412125713794,-0.5992678422279412,-0.6533472257395548,0.6672774060034573,1.7217899028423123,-0.5044840080228779,-0.8240404186021317,2.2896697750874764,0.5740755972096984,-1.4781601966716005,1.7040813460671727,-1.0901099523869124,-2.249467656364107,0.04459984980599441,-1.6155092244291192,2.761739817995166,-4.1859619392323975,1.1732663841311832,-3.757758934567585,0.827926743127084,2.4850259099698544,4.261925896394776,-0.84968997901594,-2.509179349593505,0.8358696346398006,2.614754190005733,-3.0882027926104128,-3.539428203803831,0.6914703363305933,3.2813449023652663,-0.4624050155960271,0.4016055972805702,-3.126888345811494,4.7448115593974505,0.7264253446333844,-3.1156958184404515,-0.6067711250697834,0.5527986515880035,0.06995995698095067,-3.7827511170977517,-1.8430255629224443,-3.1567165632301886,-0.7959997412863016,-1.164630398109629,3.553929103963307,0.7442211519051456,-0.4201401208768291,-0.10309163246663745,-1.1548364854145723,-6.348277319612932,1.536497011776003,-0.4736712068474575,-1.8831235680265008,0.5212531226808449,-0.922315183043145,-3.437895268150032,-0.2369199811520255,-2.7709380829372137,1.1228299411515021,-3.206488999992745
146,0.6263065599137259,1.3705002638642785,-5.711233637191068,-6.641549807281677,-3.035317435904129,-0.6199960415835037,0.9515729842597962,1.2605930893698132,2.1257706571280583,1.4357766648186479,1.219688507411162,1.322510320916305,-6.328550858064009,-1.249377102185699,0.24439020840626774,-0.1840789950237527,-0.5917584229925518,-2.3298586525076614,1.0163104130660066,-0.496973821077054,-3.1180849663489925,0.49235451276620834,1.9456584052544765,1.0100950555485957,-0.028258959942269013,0.36222955881285296,-0.5920480578967813,-2.9553364669120543,-0.7804432238031425,-1.8788289521044406,2.2339498009122045,-2.2716607214073736,3.2458246233050634,-1.1818844161447526,2.8099462510257154,0.23414391319073918,-4.852040880575527,-3.2668692160510022,0.932868732460499,-1.4608023463887159,-1.099229643078168,-0.8468789591047245,-1.3183508696163,-2.5964712218087946,-2.197554335692536,-0.44422444094950025,2.3560698435091516,2.889248221829152,-2.505488097742732,-1.6722121796074025,-3.3280748567966554,-1.0361378941132495,-1.132053852932334,-0.7813551115809748,-1.318764192678326,-4.472095399148063,-3.419415594119752,0.6094225704502614,0.8193686932357237,-1.636974544484804,-2.820620392579507
147,1.90058388937066,1.6726100996984914,-0.3216114023352641,-3.1153782209833567,-9.457469984907569,-3.536597798639984,2.2683300796158887,0.8787170799452403,-4.794623426689096,1.4144712012262597,4.124990199565836,-2.7315563683274062,-4.856211412285051,2.3565982306359055,1.8273330973186934,0.7596866487483128,0.7688939624000284,4.160341380974963,-2.4011075669177155,4.225890611565113,-0.5420417023092742,-4.762245352037264,-0.24864792080207868,2.328194306888537,2.761307631508363,-0.8763989604929167,-4.5941665801395075,0.8230717726963076,6.18341285752441,-0.7371610704073408,-3.090912743438407,-0.08071299279265419,-1.4255756703059117,3.0861216882561777,-5.94820214656202,-1.8429319715682484,0.6875701937739215,-7.127450865965104,-2.7630477351153275,1.3037606290932842,4.037671360217582,1.6134095470256622,1.7162092911119853,-2.088747155380587,0.8650248253656097,-4.928999989643313,-1.3683557584928114,-0.4042154265794027,1.5048372215470238,1.965137522661935,6.211593118748482,-6.548321005428938,2.7753525564513,0.9415639865429757,0.4246856950615446,-3.384496394119002,2.407823606670627,1.7003403371375385,2.086149823756084,-6.364448383254563,-1.316338861788016
148,0.10446607660583736,2.0930115062325023,9.705189716491187,8.937942311690566,0.8077759695695542,-1.3439308448600196,-2.6656173608675298,-3.54268565612681,-3.4641676270926602,-2.710221911842553,-0.8148023139404819,0.31861279256600633,5.98837536618835,1.4572055926223855,0.5621390603256813,0.6136218005048015,2.1696525889944707,1.4328221558959122,-3.4713908251551975,-3.0963901554686943,4.90755513467696,0.18421767409130557,1.7195149351514578,-0.5201422789177896,0.7706505932367422,0.09491133295592599,1.222686331546767,3.652964475792312,1.201890264461369,2.397374560792516,-2.748110068132478,4.554273999445304,-3.6438636649256653,3.0122605810725966,-4.946425343967558,-2.0467106389896825,2.6617601659988295,1.1546406923252164,-3.1367972504250035,3.831728626859008,-0.7454661377046685,-1.1450019583996152,0.3736595478331376,2.4849495002205084,3.1250856904164728,3.9272654571205825,-1.4982214703094123,-11.51692228835857,4.576466315225885,1.897106099562233,2.037123856455993,-0.5893169673156391,2.686631472653307,-0.07587940025432764,2.2071930506837436,7.504593723527398,2.0401522993677363,-0.14382929551350737,-3.9933292196517347,0.6430136623349134,6.403406607549362
149,-0.15854060967148043,-2.9663480057632423,-5.411457752562649,-11.628881462546811,-5.9295865181789935,-3.7870131551902455,0.9211165604673826,-0.04237006761214138,-2.0625881932602397,5.598687018098389,3.9414189965310507,4.017830798170574,-6.888822600072874,3.488563762424419,2.692826933704297,2.904715739817836,-4.044027354185841,1.6973814167567243,-4.2095928393868896,5.903156493298431,-4.336342205789017,-1.3917604700259083,-0.3968951658015656,1.540276993252424,2.1417585028514887,2.2659776177938493,-3.4182015965547623,1.3789094498685333,2.775713957514726,-3.1854628811870205,2.0892531388871785,-1.9029016433873265,0.3126396408373634,0.8329103401589412,-3.3325164502392566,-1.854930537734313,0.07796378898347932,-5.674637803766129,-1.2910833729022893,-1.022810244456687,-1.0224914244486887,2.379616600688898,-0.9535167063426904,2.2815930793855084,-8.959606702360196,-2.983255673551721,7.0740326827544795,2.3821690690058923,0.9812328007833748,2.3734408902285855,6.018942636251539,-6.316814738884865,2.5956510648119,0.8298489163854148,-2.704178024533333,-4.3249328030909675,1.8215768547620645,-5.755802297471019,3.2468335388707654,-1.622415024961025,2.8673825526836607
150,-1.780374637549527,-2.7339382841508777,0.43883535092185005,-4.988910839840003,3.875498679242116,4.737101528743077,3.76966591812826,2.2502976306589733,3.475837645428319,-1.37881885684151,-1.2140192590148855,2.673451393382574,3.552918063574598,-0.9844125672429521,0.9047306328024547,2.328128298334287,1.0335906237129686,-1.866114050707087,1.4380316941464382,3.6029895593644867,0.6345386198890406,3.9660286849901496,-3.5570195095464663,3.2480529072712847,2.3428232094718284,-1.1216561314722828,-0.2861361643889659,0.19410406067783803,-6.766879318448248,1.9451899829827497,3.3290899144129815,-2.9563999878549425,-0.2901129716297647,-1.698822051613356,1.6100856889065533,3.8020515520338902,-0.7909065096727164,3.690263236902327,1.35734063941097,-0.489498546783588,0.1625012496923649,-1.6111762922613995,0.37920898127812375,0.5196160571015296,-5.019198843946528,0.525818073824821,0.24727116878100697,0.9387293547497597,-4.725547685097681,1.1335690672328178,-0.45103235173125233,-0.5735835774785124,-4.20353574259714,1.6345372183103462,-3.2508818862335143,-2.0850214907481313,0.7831926635255136,-1.514644597649988,0.7190753247437172,4.880154029078453,-2.4837411919446764
151,0.7568098642427771,2.1135212555985716,-6.631061797447264,-6.421421533445708,-11.116639382898635,-5.316879509879397,2.598213324707235,0.8835868340952044,-3.547568336957507,3.5637946456722207,4.411145550429267,-2.131588579766733,-9.8332309046667,0.15063698883274107,-0.5136189867998638,2.3699659030421283,3.079527626023723,-0.3952016849784871,-0.6045631030201524,4.574034000943801,-3.702862775842137,-5.889594217360447,0.510086396665075,3.282254776884189,0.3122047285087224,0.5916479634887648,-3.017275399987511,-2.5817722738462283,3.373777640468126,-5.1484792566126,-3.3006913947151393,-2.209191943551224,-0.6593967008020146,3.157806486623414,-1.4458522187074345,-3.537960147452345,-3.863225480048797,-9.240558949194348,4.210534119153,-1.021354742268246,3.367205356603789,1.3014452262890037,0.8496835993726066,-4.522550910285844,-0.5118375242365439,-3.9290377778337207,0.22940563677326795,-0.9675335788218481,-0.6369527543783237,-1.332646882746237,-0.02762213169681697,-7.125576621448279,0.8044276523661275,-1.3201973686313853,0.37259498493275084,-5.788756981671354,-2.5725951852528173,2.1088521717489987,-2.0981365399072383,-7.295974507038405,-2.423726441701688
152,1.9600691286957508,-5.228571138701234,-5.506246592556562,-11.445475807768151,-0.022672816666671175,-0.43177173002966596,2.620212775549584,0.0628227180933369,2.282515831161399,3.9596066287727196,2.2477723366860367,4.596673988051215,-3.4175309305870867,0.6719431340172554,3.63983965631515,0.027182298559746604,-4.69030588922675,1.2977251151654705,-2.8579633017148183,2.633928288104984,-4.9827406367014975,2.0270234011623023,0.2588185875989445,-0.4007847351822862,1.076741757620683,1.0380782391977548,-1.287526108096412,-1.1883611209273175,0.8026767450875714,-0.58142962087566,6.398638009256528,-1.963704550935957,2.546856167692832,-2.7270314363373047,1.1716172725000547,2.348479066925346,-0.4569430101022149,-1.9305794404140797,-1.613527337310947,-1.2896426600067412,-2.363018324431599,0.48494931234350497,-1.524171677982765,3.3384133593043757,-9.004444339891053,-3.0884927286635144,8.845321866611352,8.793715551099588,-2.966684625518544,0.8950175539718461,4.07916748502701,0.04997851166382045,1.0231982383487035,-1.3419597328507462,-3.5266051364633455,-5.751878129582365,1.4140628626713434,-6.360825728724116,6.011279998549766,-0.21678746421840803,0.24230471092567352
153,-0.5414917037186938,2.288399145968929,0.9067820778004196,4.419584342385526,-1.9437405060769724,-0.7977447487498086,-0.5855954533193182,-0.9974329639452546,-0.8283799342230279,-0.41092239153552834,0.10734059718134123,-3.4256477351155232,-0.569741451213433,-0.6841611624981065,-0.6017809554112314,-1.5985119838930868,2.825474239964479,0.029004049678436672,1.349356176182922,-2.052753478457728,1.3813127797406926,-2.5841166592109133,1.7504860713240284,-0.9975088125717582,-2.0564914684020774,0.3493664949697772,0.6382041180363791,-1.9732187495401305,2.244671648596629,-0.8339700906101974,-1.7436123373297903,0.7916743701691213,-1.5484733411027976,0.4755010350139649,0.600688052169212,-1.1095694436711483,0.8928659925714917,-1.4577672236939394,0.9325659359567431,0.12331649960382474,1.9453177554936367,0.2827185846336929,0.8635632906915612,-2.6931357389513506,5.69237328634125,-0.6063208543361887,-3.1994799009884827,0.18948299685051284,1.176836107635901,-0.674773321862386,-1.7811249158600195,1.0340560700648365,1.4152525793533535,-0.6107804069684526,3.054758522998963,0.2720319474775159,-1.2673309895969012,2.68796674000329,-1.9167925175718057,-2.3668441919125933,-0.9060255856969154
154,3.4799873923002926,-0.4313872166458751,-1.2985891397458553,-1.2815815083441933,-2.2054398037127614,-0.5520458674753885,0.5511106409802335,1.457409218309766,0.09152373475019238,0.26984416162494673,3.073000457667135,-1.6365141471851332,-1.1095731252693368,-0.48634293210678464,1.0591361634577003,-2.8015933542791593,-2.7957716433400055,4.429992329800459,-0.9422835018510209,0.13214829574447143,-1.790982913982176,-1.9256923561674828,-0.7429820367859952,-0.25265795964607113,1.6009785749831205,-1.624549866270693,-1.9207441527783427,-0.04473920099152817,4.953547794335838,0.8948192304409336,1.2093150321774033,1.099975723681006,2.9738820082851145,-0.03400077163150017,-1.5847677781374205,0.9863601269444688,1.1877225815154981,-0.7254108292978576,-3.524623319796341,-0.20168737327932443,2.0797927946454613,0.8578128772278154,0.7212571428523216,-0.35291238120775026,1.3827626435533644,-3.1569499800825245,0.5160524929260143,6.910513728136723,-1.5686970187764064,0.45990674847764446,3.9862521604404075,1.7482863945653158,0.24222465437487378,-0.6329318599915802,-1.8351569347675991,-2.9303737068536404,2.4444667404582945,0.5447307345914627,5.022406202802796,-3.0721016079816694,-0.266171802364747
155,-5.2993503637137485,0.3117180692758089,-5.6215028855002425,-0.05307533768679604,5.437312705335453,-1.3404521823314755,-9.170594287380327,0.32296516891735894,-2.9603306629236936,4.048833231318645,-2.534643413359723,3.0170510018548566,-2.208630838095091,6.444646980499251,-2.2089147117353174,-2.405219126453356,-11.845506165409347,-2.9243853126859585,2.9001705934878035,-1.8845003454930038,0.737227854303403,3.592020457364142,0.04655315362637383,-8.749657906330741,0.6836036532489029,3.859976702286476,1.6187633348028785,5.1148232073624005,2.9270186877778452,-1.1886427845575822,-0.4707840362999075,-0.9107840052395197,4.789399971790739,-2.70592365346692,1.4156176804236125,-4.008126214347312,3.6583239541802413,3.2738742820156213,-5.772164378401228,-3.276525618903365,-7.00983453207098,1.9252565281796827,-4.189919137544137,3.465469774346882,-0.17560717077876778,1.4588121717797895,1.6630046413011728,7.582811218258031,9.979020719983737,1.6074443817679924,-1.4258451563694883,1.9074231891810935,2.9224021452305626,4.196424019912065,1.0421860486376897,6.891249223963503,-1.0729364160485557,-2.5039174589878637,5.178105140448479,6.643514826497974,-2.406510937967939
156,1.4053566458675686,-2.9815164154394953,-0.657764999092158,-1.054891304413013,3.297421050304972,-0.6563089016269528,-1.4259456874610619,-0.8237046309357545,-0.20620593803882759,1.4415936376888443,0.2771683811093076,2.6755332330502952,1.3491821740005345,2.2142347788447365,1.529584040813988,-1.8142153903492826,-5.537611848480839,2.3699839647453733,-2.67259266863088,-0.7124700905473288,-1.3099993557300065,2.207498949227417,-0.836544287273648,-2.9053028666587997,1.1627032007058524,1.5420024839552218,0.13139434477497497,2.4276790928968923,3.225461333700093,0.93822231814593,1.9502719779859703,1.1935644591785457,2.3774148723333797,-0.15876201231126413,-1.45969199443346,0.615396463338729,3.430298638156574,2.5051192118259458,-3.3036945166174827,-0.5383145452089773,-2.082355448169588,1.0067938846734363,0.42199326016049915,3.9958192534069115,-2.3590995684428937,-0.5346320781511008,4.6320992717312945,4.741151880811674,0.8924375279660925,1.7903675225861055,4.558135733041784,2.709615881053816,1.3882470208924627,0.4946508371327346,-1.2040521781776676,1.64636989409351,2.7808040325248102,-4.039808831055499,5.0495153856038675,0.9651859603594743,2.030573262035556
157,-2.105688396975369,1.409491861656894,7.226415157925123,10.098297749598768,5.093195332272195,4.841570758136635,-2.0919351587114496,-1.2828026766501708,1.9370236895497712,-3.6239536344948817,-3.3651674476466993,-1.6631878333256818,5.9502639025922655,-1.5299796489198216,1.272044016968937,-4.911988942732164,0.7197663116739536,-0.1022296162161348,1.0683329249395486,-7.0745468439464725,5.647499568281745,4.226438982279701,3.298078053863892,-4.545239614664083,-1.5282341098292767,-0.568828518209126,3.069235082627705,-1.466196242848557,0.8691808480869182,6.5673302119880175,3.0732040631342707,2.6339969301981463,-1.1672796147234266,-4.294802102601972,3.8112165920015926,2.5392715603456946,3.43812889445642,4.466726222387276,-5.549920893214892,1.475879006608413,-3.1195769633700405,-2.152193633215696,-2.3979034097538525,0.2523822927196099,5.110435739436171,2.6839243308204797,-2.7616480353362896,2.2581779525248753,3.0540679367934294,1.3027077219822174,-3.41891498217358,6.368081000292328,1.2661995731234825,-0.05707577007099898,2.2520432061418294,2.090181589368497,2.358434891552596,0.9919426888718023,1.2874536870430122,3.5536946635597593,1.1010185446732232
158,-1.259765517604119,-1.4270417535186104,-1.5911675241026066,1.2484447566795769,3.157117668859992,-2.918402405709112,-4.92326497379202,-2.219465541917306,-2.881281869979758,4.202635863864205,-1.1436677447825696,4.15134824451532,-1.2225271102705069,3.74837641117059,-0.42406695740774875,-0.8783415899600764,-4.650936961513847,-1.4560943945484968,-1.6709874225365584,-1.5293675056875098,-1.3198502094211075,0.9572779440180726,2.4951920938841545,-4.452470369442712,-2.7608897371053835,4.168132094136182,1.746703672053066,1.326555189859526,1.414434094587638,-1.3799426165604003,0.3712279540310481,0.919024460556731,0.39401194598508815,-1.4643249252114374,0.7111318018289005,-3.1307656172860563,2.5603354168279937,0.237543590435982,-0.6883384027660049,-1.4574603681618221,-4.427548832143091,1.2458809410922957,-2.376011270153543,5.0492043381574465,-1.58260385398389,2.317148523968465,4.833913473518701,0.6292699380325778,5.63169745338327,0.35778209940148337,-0.07145919992696484,2.3021611455925317,3.396373895615851,-0.6134597859101651,1.8367608500131867,5.3451171973318345,-0.9200577653271911,-4.727446387033361,0.3472968882812072,1.847437417688039,3.1465711426926983
159,0.41576144782516355,-0.4415807236551327,-1.2640315690856028,-2.526931981196302,3.4331979023596744,4.169910835298093,1.0779617215995565,2.7470279570865945,3.5768049997722775,-1.7939158489868243,-0.2049366551160933,0.06985432098401513,2.7473795664031027,-0.7480981600243836,0.7115058240770606,-1.7906231129363461,-3.3492965739331337,0.7329670133534056,2.156018935371674,-0.1231773554677334,-0.6987897534033674,2.4097478991681,-2.5410085535401414,-0.2584457551282729,2.168774186376165,-1.6894868825437344,-0.719248054422069,0.7458454713447723,-0.7604626924769902,2.4731723183025855,2.04128784296327,-0.6636876153156557,4.074045481064516,-1.897099961730083,1.085953423152589,3.0062642674991276,0.4023394619546721,3.6896127114359203,-3.4338586877577777,-1.018715648287003,0.20050469951989935,-0.9632773896630322,-0.5654082911788858,0.40094437390224047,-1.114314939173238,-1.1822508585994125,-0.5658613866279706,7.740023047555846,-3.5344622116728273,1.0942389791112128,0.5918335156014813,2.446313336997639,-2.53897031486271,1.7596944937262569,-3.5101364251707663,-2.590551093713979,1.231397353597265,0.8275818895626139,5.417152174431204,2.5127694772306235,-3.0814657155214698
160,-0.10719854387672911,-1.1339234131043823,-2.6696914609910785,-1.6981602744786157,4.06371744903332,-0.44004208180466503,-3.340963830194941,0.7456967658682124,-0.09087449736539031,0.8180364278358057,-0.5766099702021081,3.6066655411845487,1.4207904925197556,2.0847850617781973,-1.0381589588155005,0.20492534979629073,-5.819631650931541,0.04047069996529451,0.40296249825147706,1.1757541534365674,-1.6871215586044674,2.1317295954625184,-3.1437653093861555,-0.7770167525509845,2.0107268216474887,0.20918692398948863,-0.1656456859531904,3.295294890850439,-1.6221595074464539,-0.7966937663010167,-0.73849117473498,-0.015796190565464552,3.9416035136744134,0.21761112967572482,-1.0806253290430203,-0.9491216291144491,0.5715186855861607,3.6877707068305177,-1.152421926148087,-0.8515951811404101,-1.2349019061943318,0.519305198092801,-0.5966598905878528,3.194137592206416,-2.014100919530267,0.7169921329954227,2.299853733288281,0.9213181012444316,0.5148335895028006,0.27935731020957777,1.2781224247715224,0.8379070665050176,-1.6443454674561733,1.6777525971289315,-1.1447678484193498,4.392515124164712,0.26340940757712583,-1.9658809258528687,2.2644016176564237,3.3733802221034415,-0.7672590262574825
161,-8.222419153511103,-3.5846569092467435,-2.320064856193638,-4.178453286893752,2.3129297113401934,2.322714662011335,-0.547283140476794,-0.48962667769857515,-0.5951209088665432,4.41349164002186,-2.59939333339865,2.063699345196527,-1.896481970131362,3.7064934913164733,1.1246667016225729,1.509428563996923,-2.8138658831107675,-4.537881836201829,1.9181693119809053,3.1755797912251977,0.790619814486579,2.614035797134146,0.788155698347084,-4.108663479063195,-2.0751158420407223,4.33528034416971,0.5191124451763032,-1.0607098194691889,-2.173303905549564,1.0916174776567837,3.691512240711424,-3.3986579469820533,-3.0264895258876474,-4.86849096198545,4.287038767837864,-0.8254814071244498,3.4528897964213185,0.14071907832356942,-0.4517964365377737,-3.2847957165283965,-4.738484397248291,1.1169179527600015,-4.032567888409772,1.3272342456963164,-4.551657627856364,-0.19110001084195036,0.5518879779881611,5.372703091886425,6.730907220667194,2.8304165596153923,-2.3687358982742297,-2.4070530205364515,3.852117243296922,3.427723902667918,2.0954012612037034,-1.4113517778370188,-0.2606250364009649,-4.667062064466286,2.142122508819341,4.691333035597786,-4.649086688499486
162,-1.1666183221884963,-0.9741115636044766,-4.056425517795634,-7.093907590900223,-1.4341435683162396,1.542345135832314,2.018073699813695,0.7302586230921946,2.503648505579275,1.090976865383759,-0.2197621304230298,2.6583093350879747,-3.484559490593409,-1.4484233174319667,0.7695515307411481,1.0893636131310283,1.7155940249638197,-3.8545712231665537,0.20625584284268728,1.317046457514226,-1.0567360924258737,2.420329216006338,0.6836803009681791,2.430983758681877,-0.45851026830498354,-0.21160828556883415,0.1358807568302561,-3.019862275648383,-3.830503424142274,-0.8881295726684111,3.3269488628615065,-2.526884247043239,0.8439734096945417,-2.0095569551595025,2.8115150283777104,1.1692122475787057,-4.515262494098387,-2.0829645414302616,2.1953428518333946,-0.7792305000152722,-1.6000407124764413,-1.2639707987790745,-1.2685836061418483,-1.4809704647704653,-5.188942130996544,0.8796075088981216,2.0620301553484874,-0.18030598693796837,-2.789732419683334,-0.3255960097975692,-3.638219071121063,-1.4955404154071987,-1.2988624546298742,-1.2038506401330862,-1.2154060020545308,-3.8100605418430167,-2.373923221551281,-1.0204281756688034,-1.5803913969261911,0.5377845606863828,-1.8459876025247843
163,5.032421290670092,-0.8685878630063926,7.752132605678409,3.8921122172534712,5.5755883300939,4.328603032271301,2.977886351678468,0.5906269540542087,4.505083241823971,-5.592406275760198,0.6059129419210525,-0.005083018351035501,8.34431826100462,-3.535707143710524,2.446185619080774,-2.773948385777637,0.3404713269252432,4.815264421573742,-2.3599502418170806,-4.158355497708188,2.6335883600443757,3.2189976245386758,-1.759191348154204,1.779467858297981,2.545341486595187,-3.7329276996309595,-0.24070675656262233,1.9611800281618854,0.11678396028281127,6.151668514832152,3.013069892644969,2.955444094786208,1.438626301811166,-0.1497814688362392,-1.8212970557909387,5.667251307678305,2.2882229128121834,5.563641545796733,-5.240141810334083,2.463311543592351,1.6292469980178501,-2.692866147300223,2.072593644119459,2.4500599895854243,0.6247458035430506,-0.16115918275659546,0.3493432317814348,1.032027436381613,-5.483564437602226,0.9777970239592035,4.278543283971188,5.4924822936821664,-2.557829889763627,-1.24554468640986,-2.8048624866060536,-0.2637573433372892,4.543270233167745,-0.5085381997644228,2.9915881191751814,0.8476490172583114,2.470349338452808
164,-2.3039080124017097,2.3239693856974726,-6.259147222175126,-7.251921172693075,-2.070707243605135,-3.458832483817801,-2.5096458380554894,3.683462814672164,-3.5862188539614324,2.02173581075323,0.6730426951226849,2.6181462185694113,-4.511877141719984,5.953667633224756,-2.590437196644055,4.1177396364249805,-5.872292399845957,-1.6607391905122186,2.0760122193052823,6.77221407283968,-2.04818164208656,0.033436419568366904,-5.721132832171985,1.1751776466992383,5.251466889827808,1.1180569453652849,-2.9831129420493046,4.929428775777165,-0.08444209636107786,-4.393936769899238,-5.450931433634006,-3.2157663738246742,2.7005837241891713,3.4658256067403497,-4.871788157161219,-4.394766453595781,-1.535943921424539,-0.9507443981659689,-0.3493015254911676,-1.650909550617236,-0.33080953331773916,2.115905009185958,0.15568407843473742,-0.6304409417787782,-4.208372629941198,-1.0610422193175006,-0.20586230459287955,-1.2529929304677005,2.6163915925774424,0.6974033967868387,2.1260698522939707,-6.64272698361188,-0.6110797844733467,4.731125705414638,-2.1408880358689903,1.93894848642563,-0.9340261649148952,1.1828637871889944,1.5116847774003161,2.407629045240275,-4.996327610642526
165,4.302069285921264,-2.5168902374224027,-1.84537583795614,-0.5649827613379215,5.201303724767398,-4.918040155390791,-3.6218813972690933,-0.7323995121316259,-2.016919559811605,0.39378762370408943,0.4027418874123052,4.708157469998602,2.1782916583398353,2.378834157329684,-2.0203476202622443,1.603074577869538,-4.784835289501214,1.5283523204271678,-3.1118614463805927,1.727131035152961,-3.821839819110863,-0.19945767764894443,-3.897157472152942,0.16831632771055782,1.5739996665575857,0.8972903584919387,-0.26820302585414024,5.337292967691065,-0.639552113738084,-3.676526707733491,-3.2999568269338115,1.7300771903302652,3.7263781837672156,4.248060532663777,-4.242966968016233,-1.8691851088752756,0.9146006308199235,3.719644101181961,1.420355332514049,-0.670917068732213,-0.2881211731440903,2.055312580127905,2.501714165914274,5.694847707907866,-2.8424191011618225,1.3273252683794894,5.872121427178805,-3.9603920035185585,-1.7718068477527245,-1.2783312540402778,5.402130928192882,1.5692248577217474,-1.647455490310787,0.5720691599384065,-2.6406014009620575,6.9909958163568255,1.0019030304494048,-3.203736319866965,0.6190984287212906,1.2898579188810477,6.158961683904605
166,0.2091497043017137,-1.191581258557986,-1.5270865005568988,-6.602217095641457,0.06742075653964394,-0.7489611351157333,2.109227133689881,1.5108434758021596,-0.10735249156811719,0.12102933043947378,0.6848283599665104,3.2482112417198508,-0.14672523092220136,0.5121835606068927,-0.7959720001170765,5.229540509778016,0.519645483866735,-1.5366224854268618,-0.41748575041660196,5.182469748842388,-1.2644386252518973,1.359254779441706,-4.159859147460583,4.694300906500237,2.9805555479814565,-0.4988433340055508,-1.8181779434854346,2.7445718547077913,-4.838530504178408,-1.94597946564121,-1.0865340099529317,-1.8128748952134155,0.8497194372025645,2.3712861611780083,-2.752896490158145,-0.19661605806784183,-3.310382046220104,-0.04459935173329321,3.1972299248661677,-0.38137718785664787,0.3381141086761159,-0.31447517310226997,1.838030879177722,0.22462772745804593,-6.0111315105897605,0.4979143942026345,2.1357899051768983,-5.269516043238195,-3.197141514647213,0.3044453671968519,1.8235301764849807,-4.583765147356102,-2.9151226103428605,0.9608492791779758,-3.022622004509317,-0.2693136557890022,-0.4342267900034066,-0.40544429114343566,-2.1996032034109527,2.199101532669373,2.15321686578874
167,3.844091002851897,0.12294533986460052,-0.297980316334986,-0.9274457730999738,1.7036177595418294,-0.9236694574512265,0.751933615436107,1.7380332552544402,1.0515418276818829,-2.6249204128627777,1.658244224158717,0.1934265100657654,1.9939103357558625,-1.3732256689642055,-1.4042933118862955,2.000607807256399,0.8017825719180569,0.9444898228312553,-0.6958528048611127,1.313232213909963,-1.6419141483067259,-0.9092724938115502,-4.342725719279137,3.6939691915774806,2.6322664688382447,-2.3170975785120387,-0.7954937630366095,2.1584080864826736,-2.878856486564721,-1.7527428668592255,-2.7858055690578447,-0.3562886923722706,3.271404758235386,3.8344110496854436,-2.7199206932158004,0.4234525894789439,-3.7974677341472454,2.207977580399348,2.5393972343759317,0.6493247748870034,2.962925832060098,-0.27978354495008084,3.363552063997816,0.32980111198040835,-0.6592874881031591,0.43660225839857103,0.6216987883039929,-3.960102036389003,-5.6212674815919055,-1.2005683960533602,2.6809536284637154,-0.09381323043790304,-4.611585017748587,-0.2217781242106403,-2.760058064734063,1.7757076634028444,-0.10368630953329544,1.4613403015398336,-1.731582026043519,-0.19149351533587805,4.431389361166455
168,1.1608641199672245,-2.0965009719465484,2.31217077063069,1.695307298261244,-3.34235280910237,-0.1969576094809115,2.6697342307572254,-0.8029645700248922,-2.4487642795306783,1.1843785051625688,1.975066008239037,-4.180960587569907,0.6255293259908976,0.7949139660957496,1.8625585583084125,-1.2320581904708516,1.6794951074506121,4.714226912701113,-2.495510860325207,1.908599964535725,0.001401623988761841,-4.289626068020282,1.136460477058938,-0.695676654378832,-0.6003199394211792,0.32114414308177397,-1.9648123810568372,-0.43444971204968236,5.524395504461477,1.2288543219487584,-0.01737758711952496,0.5840733292884748,-3.5843331900698563,0.9159584170703332,-2.533163269005759,-0.061806863274118495,4.1407719933166405,-1.8586666990961738,-1.142694420287627,0.08804675821509017,3.5264165987505915,1.735248058679091,1.6402213185952867,-0.202397092658896,1.9085642392179114,-4.8384340708082645,-0.9091841107801935,3.3014166319843703,0.9911339319871015,1.422463618570021,4.853548795038546,-1.243151024226955,3.2881610673091526,-0.241725978598127,0.8270621875339947,-2.91234311177652,4.514127959678309,-0.4431911732495011,2.8492677282707133,-4.2716865124811365,0.4317151366272291
169,2.947550411938635,8.220611180908394,6.501334714175931,5.955661784960545,-4.973386330553517,3.5389865989517215,5.069580422984771,2.3370511325450374,4.164556219932282,-8.787963042929197,0.5732877761525461,-5.602512973932339,2.293984839030568,-7.777487926052302,-0.13578836088269036,-1.0836755930584743,11.44698897694879,0.24206244321684367,2.7185471349024577,-5.680271237627104,5.68447202484376,-0.294110531369981,1.3283577529861457,6.558819968249218,1.9201753745366532,-7.589874628861312,0.4130074464318826,-4.312626546391316,-2.926440122542872,3.9518789790987667,-1.2685476489106708,1.1058102194340431,-0.2053036440036584,1.8419084344274945,0.16776853003515185,2.9867338316318564,-6.834192792312197,-2.241729869531688,-0.6342337636286499,4.988732851121702,5.764019659440919,-4.666520742061526,1.8975004014636996,-8.433596929931403,6.626087546635952,1.9150270951267823,-8.34833546946001,-8.109546149111297,-7.611431335595109,-2.662094229514292,-6.680968533314169,0.20982173693543515,-5.121607647997387,-2.7902612762990326,-1.107654109183681,-3.7825864490923693,-0.9761850969850623,10.59955355957704,-6.835688940643956,-3.9645214755127016,-0.3634322163185195
170,-2.6622704832258144,-0.05645448298538959,3.9398316191696283,-1.1002625618009338,-1.0002388095240338,6.488975313596942,5.828799503444992,-0.031009330984141964,5.15001925374725,-2.602875331082174,-2.35264102203289,0.24441205615262046,1.642102052385608,-6.248888277208939,2.389134421466225,-0.1640202655803477,7.669141636991571,-3.953157883820762,1.1520854070751065,-3.602247153035848,4.8308464186790205,4.06690812916889,3.5237317317017096,2.4295888839010984,-1.4808809929167785,-1.1868767397360005,2.363338536831914,-6.342128130077713,-5.776866553563974,5.185129548127439,6.205511072673054,-1.3597404916290834,-3.6501083628364346,-5.004222609845913,6.176514270147142,4.239599374918103,-2.7593522689355,-0.660915700153752,0.5990725361140032,2.0184067153515,-1.3634788419236463,-3.904884401737408,-2.851619235369404,-3.7455424435719578,-2.0966062781830037,2.532220288379885,-2.8798997014287533,-0.4326171891566458,-3.8285218512991284,-0.134359441649184,-7.944758113540334,0.5217374450218715,-1.1801427639864166,-2.4683831226257724,0.6743810586960665,-6.788031262063639,-1.2128958880745386,0.9782016068269189,-3.146058896145579,0.923554605217576,-3.4204569568759786
171,7.2805361664222366,2.454633363584117,-3.386994311310179,-2.83737784631418,-4.32951710138502,-7.106688746157519,-3.324435835199068,-2.2082219678694552,-1.7602863274006806,2.3014512977928616,3.868040088468355,3.015880412506184,-5.885058908849237,0.6814684529720008,0.565894369520452,-2.526124438309774,-3.7941035592976085,2.15458293772303,-5.988303316077684,-3.5232623874486255,-3.995729240200169,-2.1878779138599915,3.609216209361669,-0.5169473219923684,0.7983234858077328,0.01635467263483345,-0.9185581333689854,1.338940067976198,4.9691579699095,-2.1564037184305,0.17351326765498074,2.9829789380395693,4.9687997509991435,3.6566649883377713,-3.7838126221616624,-2.7815140801679674,-3.3924469839951534,-4.785514051771526,-2.906866753700314,0.9103246692101543,-2.05863652754658,0.4186467087876511,0.9891445339839864,2.9227567945296418,-0.9437019963230013,1.2883002865806727,7.800115972633288,-3.0462529435452885,0.10651762097100168,-1.1044269859280822,3.2840315858467846,1.1724363153771866,1.3216901837121742,-4.077421779199022,-1.7849719550161547,1.8323366934582332,-1.3917607562449752,-1.8867397925432556,0.35680087334284344,-4.957275219198929,7.219504359764297
172,1.437610925621962,0.40499621340815023,5.571930325469078,2.444332923101954,-0.82154773413327,4.008791994411266,4.8598145666627435,-0.8312125171703588,3.9083683403783165,-2.7271138611248236,-1.080533581604867,-1.5084504640126242,3.0455157759631115,-6.193490125124436,1.972281158862583,-0.8058578193225053,7.44940328712704,-0.4047687759258239,-0.9663496283496464,-3.386317414669568,3.301848147370066,1.3458847397987483,2.7117510081021203,2.6667314045533423,-1.9509992209093936,-2.43923136061184,1.0226569488349742,-4.672958167556848,-3.1686792462874322,3.1317989157477726,3.5286373130735695,0.6706424273851681,-3.4357492256324127,-1.8882700312419196,2.999576661668407,3.482702830145855,-2.0437218953513585,-0.8495431592860907,1.019439535086673,2.68970187496865,1.268902374093743,-2.9602993935076825,-0.5618379200992618,-2.4622395702637676,0.5704956689619299,1.1188197404959037,-1.9814001796313305,-3.1501297290667982,-4.711690002954934,-0.5497184529352883,-3.4612012231199127,1.4829226410763945,-1.9617911661199083,-3.403297308452787,-0.2164119102528983,-3.911722857416509,0.10142739080386091,1.5375276881007913,-3.546831698977549,-1.4187763746353528,0.8266757980328704
173,0.6412165739068292,-0.776697804845216,6.288641897041118,8.720314728178302,10.429605932970851,1.7029080947676078,-5.5381223682958804,-2.3549565486337625,1.23286971049121,-3.0454471617187493,-3.381023078557776,3.9843652304571435,9.160908638367664,0.5815756738521568,-1.24007234140021,-2.6548798692122006,-3.518026148258507,0.34414609769767734,-2.413942424963818,-6.396120650577022,2.401361977634135,5.30111786183602,-0.21099512360806855,-4.563322048218942,-0.43924285983812195,0.49170979274310506,3.273363321442252,4.006799433149538,-1.4967043159998479,2.6650665253794545,0.2056483541613338,4.542951290478496,1.8158526482833734,-0.33846695563423773,-0.2925444466637738,0.848490989232327,3.1195809088157125,7.873335205983174,-4.383208607557722,1.7819614060994595,-4.65845230295786,-1.7043416951702925,-0.2521971861041665,6.773387890997952,1.5593619196848898,6.049707720187843,2.5625911704885156,-3.731618116631766,1.918996716154961,0.8083949742060531,1.2250523246479725,7.527007491228512,-0.4497716653244337,0.05393004516707356,1.1250644407124029,10.009184413903405,1.891052983235844,-3.274260191065711,-0.2549854815714152,5.8889844393570625,6.120145284449036
174,-1.410933837534922,-3.965033689243811,-3.0551793166571963,-7.824294111810882,-0.75358361362784,2.8208543553464063,3.5773077330287637,1.1736351145370079,2.569711015096424,3.3245397356720945,1.3676757622370534,0.6778501082275555,-1.9580318865541788,-1.1308337614650004,2.6349445366071134,-0.08109887684018396,-0.9911537220681583,0.3012902277345454,0.6363463314890261,3.4494630242342232,-2.330907561693663,0.9002923873689412,-0.4294047758774974,0.7589625431592346,0.13527531524465258,0.44032878126160724,-1.5060288545989704,-2.104586650231228,-0.44347780166175077,0.9446042264096062,4.778944981658389,-2.743500012849766,-0.00463051433253147,-2.652870107238498,2.2451745036847437,3.022171721648162,0.015118859673834029,-0.9280225537759932,-0.6536746586394214,-1.3487518055513315,-0.525958990847494,0.2182676901088661,-1.757666144899325,-0.03194888747139912,-5.344490366527812,-3.2623096683781325,2.8849306405534723,8.540765188768376,-2.9203516507136755,0.9001662320375692,2.013823362689784,-0.2969102799865636,0.4652876525737286,-0.29647168776811406,-1.8091056690219416,-7.254909165116148,1.1246915394208734,-2.9583874927892073,4.862409123546501,-0.21723300293630593,-4.178298036693932
175,0.8664561509001585,1.624276690880362,-3.1994852779972542,2.311698981282507,-1.223781660507718,-3.349332731919778,-2.8404300475079993,0.3404704477929491,-2.4949864229347956,1.648509190198588,1.085879245389859,-2.0895951703067155,-2.907651840150797,2.0257422580198856,-1.55381011212012,-1.9715961298427087,-3.314643527864323,1.2624462874638271,0.4819341293709233,-0.6343584952551824,-1.7009347026032506,-3.3138003726505927,0.44376034821940363,-2.999500069813233,-0.24532137990518704,0.7525875916325759,-0.5320009775404889,0.8015404852012892,4.701728135429719,-2.62601818291044,-2.650803549675609,1.3867541228313631,2.0531268332114427,1.4906221490585772,-0.28358290814480747,-1.9881637261546516,1.9053982249664334,-1.035538022379419,-0.8968468076350733,-1.9254875971241565,0.8171650879895883,2.1194688202242378,0.9357217957304967,-0.34323724236934766,4.155796312067847,-2.1946349483376535,-0.37696261485605015,3.2287576816176444,2.929477921001936,-1.4534878885927767,1.713667173869708,1.4154279217463288,1.022547362794382,0.21430552673429082,0.7752392605535539,1.676543397191149,-0.4878847603391564,0.8260489014429511,2.750328269518249,-2.271488071130066,-1.2757287195927842
176,1.0730558859257902,0.11543672016317053,3.354424496819634,-2.701057703351933,-1.7503802537594906,1.6517052599690323,3.142878563617804,1.6056801806659444,1.0690833577275793,-2.8781321212207103,1.4055211802660759,1.17370911999393,2.383749769552527,-1.704933474460251,2.051022775573859,2.4822496564745897,2.285926851548975,1.1684841023685302,-1.349038391431244,1.7420734666795756,2.2317558812529006,2.7219040372244896,-1.9136699473231205,4.677680657928923,3.86354477100909,-2.7222761588644713,-1.5743817800203481,1.9578749078882531,-2.0654579952238117,2.375270148382178,0.41474564390793883,0.3390652266681929,0.29899901874710855,1.7233767746600444,-4.0845727386982125,1.6285805085508016,-1.451396564335838,-0.027213698193624958,-2.446122383331341,2.3776626115751434,1.2285353538988693,-2.005722856615904,0.6913245874773825,-0.24612913674879117,-2.93756662891941,1.0465565551851483,-0.4465579634213992,-5.820262019136323,-2.9548678735716054,1.2725492868349926,1.7919663752916908,-2.8985280241590865,-2.2497584851076304,0.7588120023693894,-2.6258835833492378,-1.722664247840727,1.9157950560541777,1.0516112812791887,-1.138235596481742,1.0104977317123014,1.3522342101108284
177,4.218811339938508,0.3298314205108409,2.64106085275134,0.30634148990002563,3.0407994852982934,0.2913249452654568,-0.478095989515815,0.520094144394345,2.1242322995863345,-2.8192217138416233,1.394362840854734,2.655711180509458,3.9787000858944506,-1.9913706147121089,1.345322775176806,-1.311906651271591,-1.5784496591704982,2.40696184269089,-2.8928170779070066,-2.9147129068762094,0.5017632860175634,3.0277674507775836,-1.33474345636886,1.4969145838735245,2.7828220801744856,-2.8377918711150425,-0.2525549554474302,2.1506805844876626,-0.643357380623766,1.8508762759041164,1.5516251486472588,2.6803273211365384,3.835988821270762,1.395922403086377,-2.872005043640164,1.939225400318698,-1.1275778583904092,3.008731021076183,-4.13223954948263,1.9068505101813824,-1.0037553721709922,-1.7538602926480102,0.33893373314908776,2.2386014931226685,-1.5778910890251305,1.2105837987557404,3.1042017525164742,-1.8933650469738008,-3.111694532805513,0.1402234361630169,3.2044471474450664,2.8060296323027623,-2.8603018782153367,-1.3891511043518678,-3.338617788872531,1.644020110959261,1.9478050052557114,-0.20677124225885515,1.1529057019476008,0.8205961038856624,4.2376978140253305
178,-4.953924242542177,1.8899097189840521,-1.814708425328932,-6.489409608164518,-4.833474944296293,2.4104499871523775,3.1396811425826474,0.7388005256594472,1.712036091978732,1.7093409956400163,0.44268332484114775,0.39712411792793345,-5.445599074243598,-0.8060194719926493,2.9543477700489387,0.3555774799557892,3.449922538908996,-4.501922694757317,2.0810882885089335,0.009038614864235746,2.070160572473778,2.156397888955513,4.045672787457127,1.6001452527048392,-0.058981452149446445,0.3649485653975175,-0.07308154548854257,-4.929214875509034,-1.3877605964303288,1.8608363312817762,3.4403503311244945,-3.228270091846515,-2.7549844577684692,-4.049884978356832,4.246036314442891,0.6767982451881435,-3.984831736817171,-5.830001384809471,-0.028826342797920734,0.23137316014276646,-2.5252086813524572,-2.10020948758677,-3.9993401830632056,-4.28924895647304,-3.662773076859133,0.18626112267684874,-0.9478242936639322,0.9503226775811929,1.1554511004427326,0.40928704860736725,-7.141539858474084,-3.893378180548376,1.3153039543856424,-0.24236535687915042,0.564065223070528,-7.765510480280504,-2.8753084503944097,1.072074330852534,-1.2533798941958132,0.1287886240538538,-4.595212547531288
179,-3.895084787518904,0.6605990274463135,10.00548785770308,2.918748316769567,-2.2105781552777692,2.92453814664371,2.4122269438902504,-2.9414625641049983,-0.9427553942877334,-1.9227222083647861,-1.3625177172947651,0.9774028336384457,4.996236281470573,-0.8339711668143449,3.9165940789330422,1.2440324543317265,7.192562345965292,-0.7269359395504604,-3.749173905563555,-0.8158048361070269,7.285355744652338,3.1750431061668483,3.3771707940239817,2.249754120837093,0.2608259409476207,-0.9064443482348701,0.7591905427142182,-0.11617119206822807,-2.780914624792124,6.245941225050522,2.3373455605447315,1.6978022848734622,-7.689677638660933,-1.2784505058211935,-1.6691385978808453,1.3664479872735962,0.5205120269583059,-2.2306932284141032,-3.699892634412379,5.4345927176290285,-1.8478083770263793,-3.803763134233569,-2.3173331513161766,0.3947623530331612,-2.464601041951924,3.5938590879709547,-0.860129958488385,-11.363686708570828,2.8939033221843853,4.562339791676345,-1.6940211478617184,-4.794138134880875,3.0479691329985794,-0.6625894912399769,1.8327763879718892,-0.9291504667278417,2.0435252347641844,-1.4668333049745357,-4.794520391526344,1.6419437172726659,-0.2935536235341938
180,2.7311607847862502,-4.263921829300687,-1.4255433804954611,0.23993264730286545,-3.698680626683816,-4.318080660711778,1.4928650435306046,-6.3568958289961,0.36813624844391246,5.2004394416964095,1.6654966100131385,0.29649757053630377,-5.410130142279711,-3.424426775980898,1.5356960830830444,-1.6479116485799237,6.369459312124773,-1.4067705648479027,-4.690401535208278,-3.3129532867400373,-3.9434082035920386,-4.508613774013132,7.8056099829408705,-0.4758178429880343,-8.91871282603249,3.7335548616497047,2.4569491715982044,-7.038015873514433,0.25075469730093314,-4.533825540249141,3.1014796890694742,1.8213748755687516,-4.469090233886317,-1.53997401376021,4.517371591129731,-1.1771199408424406,-1.5503082243837232,-6.1306125259677495,8.896698523691581,-1.0281732604810934,-0.5238083851635602,0.8106413310461957,-0.37547805182149724,1.0753997689224462,-0.8758394621438671,0.03126299159928342,5.586140624367048,-1.5386346640107957,-2.242346038211561,-4.30230763509779,-1.8041975245349229,2.5315691910458034,3.375056988495804,-7.627552643625212,3.5440397287145613,-2.8988839566527536,-3.364148798426661,-5.287241309073475,-4.979153885085195,-7.636801651605956,4.134165866020359
181,-4.554095244264993,-0.12579859104148014,-2.5667350343673316,-0.6139753019314635,-0.367865601849482,1.8463219291200295,0.025048295827852007,-0.017338100157799657,0.9348875688514454,1.0649450994492295,-2.11271231664249,-0.12107781524542793,-2.797616361107902,-0.5846611223330693,-0.9798859777077944,0.2397167870251673,1.982085989500455,-4.300434997988464,3.279881250472315,-0.8424313305232181,0.5562630235445188,0.8501327826246551,2.185161220576586,-1.2250963806000195,-2.6943508181091413,1.6952107578649205,1.7695739327202338,-4.002619526988086,-2.8488268391991265,-1.0231662736547433,1.569934502948407,-2.279792901646271,-1.9830515487215328,-3.731064151521003,5.468573249992228,-0.5880046080208587,-1.0965054436800492,-1.4176108441432964,2.980959797368137,-1.9508842445115349,-1.8998929516284888,-0.5858280471629038,-1.646242406369176,-2.1791295087727507,1.1049627653098448,0.6327143861722775,-2.0981688337029776,1.4898015377544758,1.8766214510111827,-0.7979099406746848,-6.105844960057333,-0.13225530202744928,0.3660997012480125,-0.04235107929590444,3.1122639879353295,-2.2263019511097757,-3.0470533620538154,0.40966559305704264,-1.5387662206653472,1.1984744259561098,-2.768430680833843
182,0.48260999872268273,3.2241524155937302,0.47127726867861625,4.156856937511802,-5.024032620797085,-3.468078640103686,-1.5954138921016194,-2.4898404364116438,-3.507529361997343,0.5643949396125651,0.6451211590983397,-2.368305293812422,-3.6884680745934064,0.5370018179169026,-0.410480862969534,-0.5787613469264119,3.006789323517924,0.47086510467867493,-1.2673100845649088,-1.222568020167921,0.5331531380073237,-4.059892979775336,3.279888786074419,-0.7399308268704508,-1.566734217711768,0.9132474977255367,0.13784693273705412,-0.9477063816957481,3.8540908420069027,-1.714478507723662,-2.980433381021532,1.8180414509811622,-2.6770994831798616,1.4344444633337337,-0.8923975950202703,-3.381274484565521,-0.35297773365252205,-3.9833412471427714,1.3705281714448954,0.8707163464726274,1.3669476004006684,0.6408649727706771,0.34173899178292494,-1.6586202688580256,4.71310331164747,-0.012667667444805374,-1.7431781346736615,-4.339633742087527,3.1775877142638667,-1.1393229667004097,-0.7412459742362665,-0.8559180445856376,2.246047217209784,-1.3169870009559992,3.223383654877532,1.3189232309287515,-1.8814334299391953,1.655170272020255,-2.8626415343721163,-3.9907316943106066,0.7126990218731238
183,-0.7948869834731673,-0.724879590022056,-4.814970275343929,-5.257576286797726,-5.03907018340637,-3.597001438610435,-0.729539796609397,-1.706768219803707,-2.947827433056314,5.342673680424883,1.215092593129304,1.8682355286642653,-7.623262605093672,1.9540987749877352,0.6116630098121538,0.7086875878674543,-0.9861150919821671,-2.3182820215510356,-1.2859089517672868,1.4832701719445682,-3.0909911937978154,-1.8903589141521675,2.812301256294294,-0.9868646152475072,-1.8885369008516149,2.785301790555014,-0.35504848780726783,-1.613312898800476,1.9162766996267757,-3.1581460680432394,1.0248736763369413,-0.9974385566512889,-0.9484002831307351,-0.8872687522018115,1.277560884599782,-2.8522569592121916,-1.3606871957803592,-5.855178938259916,2.318597033543908,-1.5103894210812747,-1.7302895112200118,0.5993665123438207,-1.693716866079034,0.05564850862393833,-3.5199315251469923,-1.2511129549606028,4.042612383936842,1.2780547244586988,2.4871999280497943,-0.6039364387964302,-0.8731042876308139,-2.829336191708484,3.1256157054024456,-1.6636718763189247,0.5461037921334372,-2.483444190649472,-2.5106428703626475,-3.656064693528271,-0.5934954889214108,-2.7611133555382437,-0.002648465699153113
184,3.01295557506952,4.492489485809651,0.4280431472175978,4.181089337980277,-2.5155941821350134,-2.548893720294456,0.18279640311453557,1.6674358294982914,-2.3296159118187805,-3.148455044631164,1.0735884515859608,-3.83692486626873,-0.06686541100672577,-1.0343705585264569,-2.9416679904190506,1.3472800919234322,2.4892449950574083,2.2423621936245204,1.5120147792675849,1.2403052100276883,-0.43300744617721976,-4.028398963532484,-3.1030476749125646,3.3030007489330786,1.912553208440788,-2.9317174981863023,-1.2831757380326176,1.0250385669798372,1.1807986778992547,-2.5238474309296413,-5.7017779311490475,0.9299001118555235,1.0310832256420854,5.764523040552046,-3.663279826019296,-1.7643698412306508,-2.487432540853858,-0.3314995058940692,2.2096614894746196,1.1281652083912996,5.035668781091623,0.8804377566288089,4.119677568252407,-3.5963481320867974,5.297947836723248,-0.5464863119601274,-4.860149892737512,-5.724317150866533,-2.6085441165521703,-2.633132789897488,1.155879288114774,-1.2081487452408486,-2.630722962050745,-0.0484275509680529,-0.034713246064440595,2.12657177764423,-0.404525046354536,5.369921704491004,-3.2419688405595934,-3.4757307385041862,2.1736403491055865
185,1.1637289805413802,-3.8415439055179323,-3.2775007999065555,-1.7385229880777222,0.4327494021502566,-7.026156860275824,-4.076651566167938,-3.144228185097929,-5.757212409658631,5.593171505608285,1.3194639060246256,3.2249415581746343,-2.8990485138078124,5.655802993875769,-1.2633529839871693,1.8509359833718042,-5.102285899461852,1.8822595054901257,-3.7829645748902934,3.73463525216681,-4.914152699631641,-3.984649749581716,-1.0861337926632786,-2.515097302722674,-2.0158329859486903,4.045933622385439,-1.3096558729242818,3.563526302971539,4.0419515019979375,-6.25736144740271,-3.6759701806181684,1.2849343329574514,-0.4460160548117644,3.590002326862126,-4.469492466921841,-5.176214497452587,3.5389890509903448,-0.6258555632614423,3.4758416800788736,-2.709509322517497,-0.6777902545208199,4.619516989234205,1.612976826499059,5.832917743008618,-1.6585355415660787,-1.8405678848939615,5.9047126945326935,-0.9353506269495806,3.9820830399865597,-0.10994168614288469,6.745003598583455,-1.3407121028627784,3.4468173884160764,0.47541141585683366,0.5103492905862304,5.055143500831025,0.0038559089052772055,-6.82443223652894,0.5370835447642494,-1.5812275682272845,4.679165952929237
186,-1.2883547873372212,1.974407600111769,5.594058085601598,5.488280353764606,-0.1439352538471278,-0.19316165270458016,-1.4970392103487178,-0.2875902163872047,-2.2870424055826097,-2.406919446058261,-0.9915470322645548,-0.4212910029142535,3.678032282434333,1.9404673277646491,0.9166097196889399,0.7332876140885844,1.5102187200065837,1.1231192942371993,-1.1825744422054467,-1.2368112174883286,4.147591445215272,-0.12412026100483775,0.5704902933534757,-0.11919723652317682,2.024396528679412,-0.16991621609185145,-0.26233992829695246,2.0556079524706914,1.5436829046422784,2.3772448771431307,-2.4105717373333255,2.115237065732871,-1.8571600218047193,1.6177806819797933,-3.0440551182384143,-1.3367742460779855,2.143117618113839,0.042518750446500414,-3.5413518776412825,3.127020830644442,-0.5304136116140251,-1.2045023732712332,0.33657407044460175,0.4292869868491769,2.5748402361911635,1.5422078565341288,-2.1674440027671924,-6.066559346749791,4.570969242412044,2.1662033703162122,0.9094293366689079,-1.401749039275672,1.538796134620912,0.8925738262435394,1.1517486104170762,4.348317972427235,1.76345095649789,1.9403651682385856,-1.93547377731514,0.7555382495064384,2.6787736359564613
187,1.7231744608130035,-1.1625233237086146,3.933381629940192,-4.927036595851294,-2.6780061317757884,2.128712275232412,5.474348127005845,1.394304591223735,2.112700690486802,-1.916757587165073,2.335585002819399,0.42763552347613454,2.31409832964324,-2.4468636515951125,4.254801117153739,0.3837794134009359,1.4347028652948506,3.405589497344487,-2.553178914366671,2.2730616842181646,0.8615853910083757,0.9950782715547071,-0.7684873165462127,3.1275453339635377,2.867539368199632,-2.856024285164459,-1.789657807806082,0.010857771392735235,0.11065148204185693,4.248507539777816,3.877970112124484,-0.5486565701916135,-0.8140835349388094,0.5549771122128337,-2.7105568837758574,4.034305510123877,-0.2352511301908223,-1.481086989122395,-3.513518295351595,2.778856423969398,2.211578965299158,-1.37955280791129,0.7849970667912666,0.008171294701628463,-4.126326526807998,-2.771610069076028,1.023822268233213,0.40219264944815963,-3.610250510475771,3.1983188724717273,4.150772912835433,-1.7562317858958028,-0.3513832981039446,-0.6632925208350298,-3.140543615893964,-6.179451083149546,4.403240830053598,-0.19798895780227677,2.3164349534110698,-1.3440846624032932,1.7542728865267267
188,-0.30359421441546763,1.7790022229108147,-0.34577010406041964,0.26414829243031557,-3.187780058684574,0.34229113974156844,0.5846213899758523,-0.6752160205497832,-0.2649218375784285,1.023607937918255,0.5896328745378656,-1.533918793406317,-2.888608589203474,-0.6416993678385555,0.8679780515983153,-1.553174301155666,0.43614876543679193,-0.01090760284060091,0.12273806543645946,-1.6130422048267032,1.1002844438086299,-0.6480173897578106,2.6402097085206817,-0.6059557898556567,-0.880884395716514,0.3290153235782695,-0.4700263505176394,-2.094005501826221,1.638483649961885,0.8800269998532082,1.4695629701365964,0.6436544351171744,-1.0244307513544972,-1.5334963688681262,1.1034594141239114,-0.05847327555409995,-0.6171678388672409,-2.646481569043411,-1.3958172182704383,0.7936419451788135,-0.5101694660679609,-0.7359929072479091,-1.2298649333024878,-1.8216283874783399,1.2572367692084903,-0.5506636173247215,-0.7011440830563833,1.5069661571219368,1.555041869276828,-0.025670249507504073,-1.2264672848569245,-0.6542297475072627,1.4283355246761242,-0.9359174042874139,0.885993291817227,-1.8256517335799918,-1.064177672141554,0.9145438568179364,0.3834562423285366,-2.065329877474258,-0.29689078925296064
189,2.4309259860882406,1.4966108967039178,-3.1095587131866473,1.9586812302401038,-0.5646037111334385,-4.317355636685204,-4.6191861857564875,-1.0126332037217183,-2.5345564758586936,1.9595645038954381,1.0018019465508061,0.19400069908847867,-2.5302331619630123,2.27624956401052,-1.6178018463963477,-1.3095093223305934,-3.9136793182813383,0.17569968489607418,-1.1616309527989164,-2.1307498964845855,-2.617802555625982,-2.0491003924522935,0.8747624537579474,-2.9744976075058496,-1.4097595054826872,1.321672919597777,0.819632820119329,1.8420588352646023,3.1541655078506747,-3.3674889787088453,-2.381186354903155,1.923619884471572,2.6303747511113413,1.5411596985179963,-1.2624889589252684,-3.523715358973566,-0.7126428037489374,-0.6599391633733604,0.88206853755489,-1.1751188498476675,-1.3249967600692283,1.9121811833916358,-0.01659675309428532,1.5554888736109846,2.699512415749254,0.6180276588760814,2.6225167639654363,-0.28658599354822745,2.676991899593967,-1.0863936335523863,1.2322469354721841,1.7888494632690615,1.050635978468748,-1.132743865677548,0.7963549615470418,4.131661193164494,-1.8308069040764148,-0.861704602955858,0.4402136691254638,-1.618435121376085,2.767399333212304
190,-2.66671730909665,3.421079406025351,-0.08411976839618557,-0.3885808446743995,-5.637394653131395,0.05637258763854406,1.6448238044627423,1.4853645396793662,-2.366089986035377,-0.27554451577752,0.5783361817387402,-2.864520923501545,-2.7093992575709436,1.1340239126318203,0.05268645815155511,1.448915746007622,2.289608960120765,-0.5382428325525599,2.100095070213589,2.0674233843015863,1.7876334394033613,-1.81040727145461,0.32200703964987487,1.5765412238398102,1.510014215831082,-0.49432564719592603,-1.846355544429306,-0.881596410332291,1.2322217829010866,0.3720239821943815,-2.02048241068261,-1.3746867186009484,-2.7050913986229768,0.09367000340858361,-1.1451742475526059,-2.061138394577617,-0.504335178870833,-3.6287362355765693,-1.1151771540145619,0.5809963077468299,1.7799547866195033,-0.2503479416897806,-0.20697162487096782,-4.689513843840102,1.9813912257128279,-1.4974658334175197,-4.81268380335183,-1.4048783318726548,2.657130521669091,0.37996981201663105,-1.8165484036533583,-4.990563403617657,1.3512095754462607,1.5662809700904512,1.083461973318556,-2.394503851967562,-0.007763570414508814,3.610257779072608,-1.0572428769651658,-1.086618822961527,-4.087850238185384
191,-3.684573253178657,-3.186838028996587,4.304946967764038,1.793435943268651,2.192947934930332,-2.416943957437091,-2.9319840107176556,-5.1086413627772025,-4.001685174576791,4.1600053798798395,-1.7727230975211776,4.155269410605962,1.9192732809781416,4.683353910188293,2.022254611099757,1.9066205405405272,-2.3278556761814477,-0.4312885064698435,-4.816969982087467,1.1024360261219168,2.4960712705873718,0.8669808384624483,2.6984376143075743,-3.9118187475477275,-1.8966570532571185,4.040812112429993,1.0933897921809792,2.7527571017540073,1.3585887491184294,1.0116296749534377,0.46954755392672515,1.982101625622065,-5.506878347102728,-0.8955554830271247,-2.156913767266408,-2.6241130023722556,5.289886646424086,-0.48784709551811756,-1.1741604682384952,0.37814466408563985,-5.240220112846642,0.9191890209722381,-2.533659201723549,5.618750370794416,-3.9395020466314308,2.476048661551546,4.634963275108118,-4.869150374798279,8.338140049429391,3.521765997730417,2.2942209815482033,-1.364666626857015,5.909714025166627,1.0795702881258045,3.0803750855392655,5.402629125696922,1.189924300565118,-6.935503164887451,-0.8991682524131719,2.3595888746786446,3.2597544392651683
192,-0.780690352518136,-2.074283844993127,-4.464949079674959,-5.754249586286648,0.49564006372311703,-1.8553490878838845,-1.5754050772605634,0.399779364210886,-1.0681410379414522,2.997593308259748,0.7999581302335321,2.870445386692427,-3.2831942107482566,3.236658447818397,0.14268447050965824,0.6905717046774527,-6.02464938179992,0.09918205898647381,-0.4870416301350661,1.823459575734188,-2.6458838806577663,0.10658358786752498,-1.2506482179353418,-1.557293161633501,0.8972426037298609,1.9894647458767842,-0.7438342937514454,2.0180944863881374,1.6199244176448497,-1.7263184689986029,1.0960125867888346,-1.2427822747758388,2.6924310451739695,-0.8955635182494075,-0.972949701305728,-1.5054786715282433,0.7367951572065649,-0.09997368959741161,-1.6258295239556342,-2.0076157832859485,-2.0455052902922786,1.0594042466763454,-1.3926576146307328,1.9934922458124769,-3.849675874019492,-1.073751811273742,4.427553936616794,3.8496617643905218,1.4747859820183313,0.8558129292874468,2.317400244415502,-0.9399201570351016,1.3470981764502281,1.496061621971358,-1.7553704496369367,-0.3417955257886474,-0.0957057397871971,-2.9958263751095475,4.055917865897791,1.6871259428821685,-0.2254232631187998
193,3.2915878148665425,-0.6696381004359145,-5.909879908605013,-6.438141913783246,-2.769287806769579,0.8455603512215294,3.6158445101068724,1.447259974131883,4.084165329049868,1.0455399401935588,2.6775053622625293,-1.2494615268450109,-4.868207386485744,-3.415538722692017,1.2843004966152738,-2.3118995395270683,0.2782683199367558,0.874979789274746,0.9869473090703373,-0.12195211811468551,-4.150979393655004,-0.5585859285452759,0.79309157810311,1.812565835530609,-0.2852376773161144,-1.3035136038958663,-1.1941378888772942,-4.031836418562182,1.2487407089900378,-0.8594139511911387,4.465069393141527,-1.8227422941314624,3.6928179063862676,-2.16419171343618,3.3782217486300294,3.130221753786556,-2.7681545200045456,-2.612154696809765,0.14907681896730932,-1.9547914727541569,1.7277571066343527,-0.025075084437444765,0.07505296519968017,-2.4242301212938497,-1.7629941468413537,-3.781747441659076,2.0654788921924707,9.179721207447002,-5.9921260461949695,-1.8754416619031435,-0.6671312624549223,1.6022319246389893,-2.0346672101922536,-2.174024880667661,-2.7689893095279925,-8.293343702970622,-0.6174696773263512,0.2686539278127463,3.731352798423053,-3.5053680227531445,-4.181031463397709
194,-0.06815188888282708,0.7191785987857032,-0.4906635670293038,-2.861443115740671,-3.336516186123875,1.427987003243411,3.8470362862421723,1.1723075032270034,1.9284862682606554,-0.6771275713801211,0.5144245616378643,-0.7765887764506192,-2.135010857744025,-2.640942114231033,0.4353415506089562,1.5954113577304208,4.359685312562843,-1.6919457436602843,1.6097076783064928,0.7091289554589478,0.15944750102273803,-0.2648642464089638,1.1920980899982248,2.901423837190337,-0.3516922995503635,-0.8453047433910341,0.14228381608960516,-3.2061759134728605,-2.3376074239192413,0.5020068717447301,1.2892057719813697,-1.116281905077612,-1.9754035607453952,-1.0697875479857804,1.7066919857868093,1.5222756889448847,-3.0084234077214487,-3.1346536324667773,1.983519882573642,0.06420413177750284,0.8697027175448191,-1.5004649544298356,-0.4076427752619985,-3.823137066879011,-0.43179784357486867,-0.8657007568146744,-1.9922291100703882,-0.7888669753452244,-2.2992860330684297,-0.8505066111656747,-3.694648811016021,-1.9963231242195631,-0.7433521226845876,-1.576250512068612,0.45059140374479095,-4.9671997657751,-1.5543016119619715,2.0629293001540185,-1.286517900959238,-1.5867408007681565,-3.157777120958112
195,3.7483376441868135,1.905161279196603,-2.8324178243338802,1.5456218947313287,0.5342980471406644,-4.00876515205366,-3.511458896361525,0.28286534368839167,-1.793228407940847,0.15462921379096778,1.739764580954538,1.1270052551885001,-1.4245308861374066,0.5345345141690103,-2.197546569563622,-0.8693588703523009,-2.9333658539329877,1.443903441908283,-1.2754454579744394,-2.3238603598926852,-2.259906782336272,-1.6541173348773346,-1.214494570392909,0.12085211515788186,1.1727333285373738,-0.2858577723795581,0.0011075855017272374,2.7117500732175848,2.1849665978154564,-1.9623893189932438,-2.697894715703495,1.5417521900209226,4.103411570189142,3.4763117320924413,-2.2603696098860255,-2.5000966931372495,-1.9524524873244569,-0.10804755000635033,0.012454801010313765,0.5598246331186549,-0.4533197708866096,0.5024483469446273,1.3443871815418587,1.4005268209148807,1.472344210038465,1.2738536603632795,2.0430145550673084,-2.8665741853494535,0.3871614061664384,-1.750470353442504,1.4650200812494834,1.707957921335427,-0.6407692638207628,-1.2999889998606764,-0.5191263403347826,4.114029237860568,-1.1165722411899692,0.7114869450843538,-0.13686477988750756,-1.2506403692016268,2.292679048730136
196,2.825550226594575,-0.14857693348709974,0.2163879241064824,-0.5986231702513545,0.1684346519744837,-2.0026749711242364,-0.21288597192092823,1.4736374215907067,-1.1272620191560547,-0.654074638176211,1.7705541676443348,-0.31255315222280367,1.4911489819856454,0.5775085428988518,-1.5454383815550656,2.8310703754271414,-1.0251394341061901,2.2458587808835015,0.09136462160092462,3.482687697897324,-1.9690323662551519,-1.5443183692076308,-4.915480764483479,2.6510974562564744,2.576808808886954,-1.9427710255174764,-1.9838363877918717,4.140186408964658,0.07571785989607144,-1.9085568007696323,-4.464470681019056,1.107216764107675,1.9149357733899963,4.394821665377266,-3.9019112980822985,-0.7246624798174288,-0.6703958552659207,2.1338657506187024,0.9508532865068717,0.023333846217076588,3.5282829777554476,1.8008460823161585,3.914541253432215,1.4510019673286,-0.014887951542276859,-1.3147253340048823,0.004647684142555203,-2.5314056072934785,-2.9174377261713365,-0.464852220160212,4.409074689005223,-1.657666499304026,-3.0677790969413614,1.4586284316121407,-2.234857138879419,2.9879408042124163,1.6724844310103162,1.2047478743429967,0.029041546143079494,-0.23960360398325645,0.7954488159083564
197,0.38928337258974127,-3.139124121137394,-0.14927366447717866,-4.378604644785516,-1.1000960153125265,-0.6824151658777908,1.532226403179905,-0.11650613094344123,-1.2915867076817853,1.8903748855074145,2.140555219483901,1.3312094992402728,-0.6288273177287788,2.321574816328093,2.068471285089586,1.1311228716566686,-2.455006261793814,2.742244044138069,-2.4977508291198496,3.2458007741494352,-1.3027704088393428,-0.8856697431617009,-1.3641949155405162,0.6524168932723791,1.5231384167976638,0.09526132563930179,-2.264451229696164,2.4660356596733783,2.407600512046346,0.00510008658564487,1.2265844153246563,-0.2566653921673494,-0.5946543150221272,1.2862105444250984,-2.3777737270367565,-0.008512062539740822,2.4380906154090325,-0.8624683530219298,-2.187806100886764,-0.00858884626076293,0.016766832990481262,1.1036600249772381,-0.24943326272890304,2.972622877844608,-4.476949984719742,-3.0605766357162953,3.1717036341199876,1.4215737254654537,0.7503912498690785,2.134180117391851,5.24846182139043,-2.3584129892210015,2.302186589951652,0.9527274489803113,-1.5326381707088874,-1.568842599853645,2.870935585171932,-3.676527301602235,2.9125014276527486,-0.5514925310359119,1.5230469621420333
198,1.4731344982464698,0.06939567720147298,-4.630147679191781,-1.0466421272350077,-0.4315914424809202,-5.422789724062892,-3.872260640958025,1.5517577280758847,-4.691936348494795,2.484384705505138,1.6866965980211595,0.867676470057795,-2.5430876142988112,5.519894867454248,-1.6245465680362658,0.5330147523788438,-7.150692999482473,2.998697921121118,-1.93031489325113,2.978381881111768,-3.6144591564917414,-3.088899767999662,-3.593162220665343,-2.005731677837351,2.35798254463105,1.8064580754634563,-2.1667889458481326,5.355100619096627,4.659063152159221,-3.672863321747043,-4.364707666204929,0.24909121367272954,3.898538917418992,3.821574880543948,-5.436337958926173,-3.9197042402944957,2.2208427245181706,0.25937328063663123,-1.3013247845283207,-2.1950889580263673,1.1287611485473095,3.1035559206258716,1.576241095375605,3.197149311403372,0.784535439622603,-2.2450216972276986,2.2482552489507768,2.0325682612534743,3.301475422433366,0.5261105159443711,6.695716029007142,-1.3062657355743161,0.7938078018236119,2.2733039585343815,-1.614146876943437,5.015234227144406,1.4564495877954857,-0.846019562724063,3.37758272983525,0.0017554941143244074,1.1583801862525167
199,6.841259123880272,1.7347142341412867,-5.055543104805227,-1.1642786517902457,-5.088688762577603,-6.836272387111023,-1.753394109073937,-3.1237930324394307,-0.22106240353812465,3.2191551107400933,4.338937500835563,-0.13729596126500004,-6.96535913385694,-2.6476041003692408,0.11287975404653615,-3.6939409417262334,0.3343538335970204,0.610447662911123,-3.4962122169940497,-5.0033367775108815,-5.564788639100202,-4.671021318154423,5.256745644283497,-0.2666640481986309,-3.175605881463904,0.4939583945266301,0.8184341739583415,-3.4277760027116884,4.2375899933781955,-5.175120823531706,0.5742590988601737,2.7637089023955,3.3382555629999144,1.710710338080023,0.7387895659423447,-2.1556512141262845,-4.126103489221326,-6.031080591155124,3.293073243761654,-0.37810810348417745,0.6267588347974509,0.7731913218414141,1.105663259640334,-0.2265542441515151,1.9658950658766607,-0.33792991339331957,5.708057489258655,0.06909945269524756,-2.274697375391127,-4.342997709299668,0.442693716201072,4.260973841196972,0.6664465206749913,-6.395170890576817,-0.1429862779590892,-0.971005683974341,-3.3929840371300677,-1.1757781491360388,-1.7946693887609653,-8.807566507007518,1.9211404184764618
200,-1.149978722374291,-3.55598476295138,5.147070068054794,5.543599744114586,4.894452033653679,7.645113026968885,5.482612850628025,-0.41726744145091604,5.569041952613967,-3.7180468434256744,-3.631358997912835,-3.980018645314594,5.969035625317952,-6.013507376425081,0.7048896905643454,-1.6827557260917279,7.669317893001615,-0.896738399538251,3.029797834798026,-1.7060238100175966,2.4880051639740963,1.5807793915323078,0.7798228316650483,1.3001419453275607,-4.462106253134267,-1.8362739734782811,2.349370858176001,-5.647876532546576,-4.539344484394625,3.3918301844690104,4.457049859232813,-0.5690530583043026,-4.2952150796778445,-4.64354247898612,7.168239407995269,5.730156284758242,1.662814815841756,3.951069253520346,4.286463363328069,-0.12614375312973813,2.00919582458176,-1.8509066815252055,0.43524827070784267,-2.186018978248722,3.2508027015518013,-0.04544769327129239,-4.73242318277173,3.338359898166201,-5.1916675998714865,-1.6340992232925264,-4.180170649008343,5.037199608450118,-2.193893809884801,-2.102400304734248,1.1819620818304835,-4.535803887747203,0.76503381157616,0.9384988998071857,-1.4472487170430104,0.5387728879216475,-1.7782098200362109
201,-0.7564013184509476,0.5003707823488116,0.9954897506670317,-1.206464563332291,-2.1723065812860036,-1.8934234499141929,-0.10080898455213007,0.9829757719711318,-3.794473128309086,-0.04358839616738977,1.6549578441880504,-0.9866360746309525,0.7573772334365607,3.7706642442212908,-0.6308164884605189,3.455959228395662,-0.890825744843297,2.5940530412687126,-0.22137323906001805,5.178117597086507,0.4554331420543586,-3.353555544384554,-4.198987767844203,2.0874277511855985,3.727978194630271,-0.03903283308990163,-1.8446895436460935,4.12634294713437,1.8439203288991424,-1.9132600449878496,-4.66298282100758,-0.9651805809151173,-0.4812113522824003,3.503542189091088,-6.254815644157488,-2.1131408925122126,2.335145866457325,-0.30070583434813547,-0.6724705197274559,0.49166959282312916,2.915932466430659,1.945252811091228,1.7438607273309676,0.35166671673112126,-0.33303235400480535,-1.9086093490756655,-1.487149870579095,-3.322195275840435,2.307148961987662,2.1654952051965726,5.227165009045488,-5.467182635115945,1.0515676442162745,3.0596931014562463,-0.7293094603819943,1.2690309446538934,2.830514547880461,0.5780760537005,0.7264094663456319,0.2806757099014421,0.8826398015427278
202,-0.33127871144606436,3.468288238286908,1.1878973438543439,5.061399081725298,0.5963538365519323,-0.27657524216136675,-4.540062560962731,-1.201729486963459,-0.7930124653795432,-0.0819680055618484,-0.9493579649146091,-0.675503818396866,-1.3445405805200794,0.6102200002472056,-0.705663946687602,-4.034047617886889,-1.5734588031961207,-1.054301012478043,0.37521778109092646,-6.531994483548422,2.372586905030032,1.4298083826537673,4.85436588936866,-4.846682517090356,-1.2413653805105516,1.5852088797479853,2.005087021759355,-0.7910205157848504,2.526935197819932,0.8496192086735574,0.8363958414490956,2.355067002277709,1.2200863465630944,-1.5761371003644566,1.9121230260848714,-1.1395341803513106,0.19169579212935575,-0.5572770867589576,-4.869046538762163,0.4818840873378278,-3.513502117304808,-1.313895299235339,-2.7742056179125885,-0.013936920464584793,4.3295492439844985,3.3835174158223715,-0.49088343228060954,0.43871766701585413,4.592459035560792,-0.28132830624361443,-4.089873551767651,3.2235191066149413,2.559686808507748,-1.92762864547324,2.159038403938343,3.17058447246538,-1.9249112738044534,1.02682974539947,0.03273006999397262,0.3035437572304519,-0.5495074536914972
203,2.7722370338524462,-2.68517362712305,-1.4377094896861107,-1.9110307947074494,3.3494424276564154,-3.091335569687069,-2.5700104108140787,-2.980731288586285,1.3370706829318921,1.509854135438354,-0.3872154749017488,5.163089915143102,0.12420786651194304,-0.6390813352390439,0.3265633417407039,0.9206215421937733,-1.3688420379352677,-1.6895397144353306,-3.8039705733269655,-1.1408913630706845,-2.694739217844613,2.1926888943292195,0.6361151508355503,0.5859717896466823,-1.841004254998806,1.2725398788318862,2.609757336773978,1.5791851680772073,-3.7191211230730667,-2.3016251638771568,1.1136442828513005,1.2510340113841443,1.9746867528336765,1.0392004273352378,0.5029513919737965,-0.4749813476679976,-1.9004285083415646,1.6953297124376276,3.3059667185587696,-0.38756857502807074,-3.3862598968625544,-0.4507510825603714,0.1570674268977288,5.365880724914495,-4.534139017372241,3.4801814382987044,6.729177326163274,-5.211278507021392,-2.2260498462108833,-1.4496469624101425,0.5402717448257803,2.3208272584658016,-0.582144219835868,-2.4258498152715378,-0.5649363880323687,4.4189901056531165,-2.1713483958947952,-5.078904837177401,-2.733943537381709,0.8033224842325943,6.1604428111295295
204,-0.6874118158624674,0.17859598630819817,5.114915709029441,4.616754720411719,-1.4370517715789661,-0.32685137035570383,1.108707976596285,-1.168733843522787,-1.8618645519671555,-1.6952625413824256,-0.6689837815101438,-2.5748825493108396,2.810432653006255,0.08276283073647053,-0.4349336606990152,2.1396821256944745,3.54105056538999,2.3756389981065666,-1.1154661316612913,2.61386352471467,1.26593464072804,-2.868142467764045,-0.7709498725424386,1.8931012916215306,-0.2031660131775906,-0.24522489662519312,-1.166030357659761,0.7931311845215246,0.23142758445506734,-0.3136194444080486,-2.9756354100494256,0.3900127464452487,-3.7953719211474093,2.268112231635887,-2.736343218601389,-0.8843630084980404,2.305474067535525,-0.36735329788535537,2.5607802027227287,1.390290544331396,2.828879935398526,0.6412018008347145,1.791813115935176,-0.40813472332904843,2.2631865658760453,-0.4645313281922506,-2.7843113324858684,-5.1066115952808255,0.742533557444985,0.23667411427997603,1.6459130207922654,-2.7648169917678067,1.1147916951063244,0.12264411457829127,2.0269841207886445,1.5441988080581301,1.3049433772038581,0.7507008125436089,-3.185767526195009,-1.6368471096479438,2.2251813134397858
205,5.713067611724371,0.7513554675635414,-4.4215860915299725,-3.382097804797541,0.11918912095147419,-2.2468265735409103,-0.8682596885470057,1.0748679995168184,1.4577222896717354,-0.7857882147165691,2.4983401105590324,2.08437249871958,-2.8070367929718785,-2.2145143950050223,-1.6313726242293567,-1.0806173990088452,-1.580937364003851,0.36415307680238257,-1.0510209500537637,-1.7569884311488204,-4.003180475815214,-0.07328107022813904,-1.0974468773726676,1.9302742138267348,1.580377338170964,-2.097149099077482,-0.014763798727565142,0.2892057222010861,-0.4904977633751463,-2.8545267212933974,-0.6616513728526794,0.6261095590753372,6.511525189693517,2.715295354477269,-0.2767860485937418,0.378398833990856,-4.37577007455295,-0.5751707485670594,1.0460753864763392,-0.7715383915132478,0.3602164488944729,-0.634434990682307,1.3474679077927125,0.7612317614596437,-1.2991916958881784,1.2031265302140222,3.972795565584678,-0.004664012672986634,-5.1212896466490685,-3.1036068890173096,0.6489191741424141,2.516935280170244,-3.69787029805685,-2.5366580428195773,-2.299025050606963,-0.13785513501704771,-1.9292236787156698,1.0054128590723108,-0.24101932027436995,-1.8603393142927336,1.251545732068987
206,2.0199416255367977,-0.4386066293914978,2.787294320410211,-2.2364449713372903,3.186744138902001,1.1898282973574092,0.6004818795915852,-1.92147319874947,4.400371100528034,-1.3357888204677342,-0.8041394579863005,5.050354580903763,2.060353096722829,-3.2742870454718713,2.1178829480204717,-0.15172486898630164,1.8283968373004638,-2.495265587844686,-3.342762221375403,-3.3734125554883487,1.3216318818144313,5.6992581381024685,1.8461337682113084,2.2283619821331464,0.2584971660244034,-1.086230987962832,2.195790760669403,-0.9069554390917819,-5.940572636541489,2.9636819241093266,4.787560110723426,1.5810085129055447,1.6973487487000907,-0.9022352507461033,1.0643717063516245,3.1707555569171753,-3.5547857125607867,1.6020208145434167,-1.4389484646751287,2.9256529170750363,-4.205961310652093,-4.065004547286966,-2.080753897123154,2.3855647189695417,-5.507815827129182,5.39271465313111,4.623747610216875,-6.517154701470257,-3.9252818413004418,0.41664246815926265,-2.592782845147726,2.1086932761853436,-2.0986609390881195,-3.209996048006004,-2.1016526546241714,0.7146754107425402,-1.0327755069519546,-1.6456438443068724,-2.6886851959902835,2.7986216912035293,2.2080601276315264
207,-1.8191225699527669,3.3503193143220855,-2.8922450869692673,0.2270921902696329,-2.9509032418892462,-3.0153372028134386,-4.3975044755094315,1.5352238300699053,-4.428901883440604,1.8999422386999671,0.9229563030474063,-1.443184291172398,-3.48257778398321,5.246017163475886,-1.0632978463605283,-1.218440087559296,-6.084531624710626,1.4256334260398424,0.8066896479590052,0.04714233032832604,0.6296164157361084,-1.4328115732290927,0.32101554205824107,-3.5257710411144236,2.262277420578866,0.6813047618598572,-1.5402128756585434,2.729621377745541,6.349478306009301,-0.26362836125592193,-2.307611606795038,0.4859287875285181,2.228717931133555,1.69556025156324,-2.7019019652399576,-3.936434234715187,2.369587255984297,-1.9209152284969953,-6.224031945702698,-0.5822735842807861,-0.4007944795829242,1.3240766205940928,-1.7501106095309822,-0.8136793848997153,2.8007980892243594,-2.0749148141420664,-1.4653771869773113,4.263845224425376,7.02370242435992,1.2844519068192954,1.6868337913028377,-1.7675145579704228,2.6451274327388563,2.707103023479271,0.660188956132743,1.711918961147453,0.6262052385362119,1.877692365681742,4.347314099681342,-0.23998847115269997,-1.9511155413045174
208,-2.957869942898174,1.1042340497255951,-2.5907760540400795,-4.4955718784222585,0.31797312423503593,0.1574217108421484,-1.0857075154983438,3.038188205323854,-0.48450833663761217,-0.30456235045616614,0.0152302919078533,1.799233760961467,-1.772904619238501,1.9917497485058417,-1.877189963925634,3.011937593549029,-3.1650470967290305,-2.2012686050081367,2.7721835428374026,3.1392513696509163,0.611752191602875,1.9498232383446545,-3.5779659345129433,1.786096676289085,3.379887374557457,-0.3796911230053952,-1.2630843089117016,2.5634765991830744,-3.332894902242972,-1.2884873542982342,-1.6383359570862461,-2.7656773116561477,2.1342849315300514,0.6065850092094018,-1.1392894996366412,-1.3731826051575926,-2.2805867357257474,0.6871758452701138,-0.057179213562055894,-0.7987903075576319,-0.021637155867003988,0.2084156213622162,-0.4499853667336755,-1.0993283874076827,-2.481591485540749,1.0693836844984888,-1.4003506957129512,-1.7290478964554865,-0.012850393155690476,0.06283705893543001,-0.8106659440210424,-4.448822540980031,-1.5531828078132184,3.2137136019532804,-1.510235942133178,0.17348928474625358,-1.2826820609284662,2.057698993724798,-0.4470827950218418,3.9638828364699603,-3.6182452011354096
209,-3.8272222170409833,-2.416782649853469,-6.881015244290728,-2.557761870582992,3.0576137916309216,2.8631537458967773,-0.3074433231748077,2.262757571515774,2.157336710636219,3.010036453136685,-1.681399746222777,-1.996387770739598,-3.1220750499565533,0.847961155396475,-3.2116083256252765,-0.376446641642718,-3.367472213996839,-3.231926754446143,6.819626909823375,1.4627239326588914,-2.360307311507,-0.13757653287253724,-1.6039522280751604,-3.0256130539769135,-2.601405879805834,2.254333680100851,0.8170494466567524,-2.75450520276065,-1.3616538679376091,-2.5048939274320796,1.6926078681773582,-3.734783839746771,1.2242102251890614,-3.717164496243378,6.877532257933737,1.0758766245220421,0.9977835974643878,2.1365276328163523,4.366957647550885,-5.19115234000781,-0.4917211604851842,1.8922992479130132,-0.7084403080855888,-2.014372858020589,1.1218490026500056,-2.791662415771282,-2.564501126231031,11.424369284074913,-0.4706273253623694,-2.2817123993030206,-4.069955752191398,2.375240701072179,-1.062653480985116,2.117088498405403,1.3498387200570852,-2.9542030159018937,-2.3711575307106783,0.381720541663474,3.6473081238005056,2.587490228586985,-7.348047229596663
210,-0.23514844657106615,0.07930274437937379,-1.3708182000074398,-6.426450776297743,-3.009426274232344,2.5067031458762474,4.936245670943329,3.0943752524102868,1.4561137842007068,-1.2358512670933919,1.1594999721860222,0.0020173592525716544,-1.653316615515001,-1.6582704391954177,0.3686291629489084,2.6365160924327604,2.0593406442186306,-0.5600667619498831,1.5600449119316109,4.18318558364327,-0.05449177820368012,0.5869083356704476,-3.2632184555338704,4.859951164142222,3.007945642326905,-1.7905101943733555,-2.043352829513796,-0.8858410041642808,-2.8615692524613916,0.6531764268827066,1.328342833920874,-3.0395950233146114,0.7479706910246728,-0.07079670408193472,-0.6857811681662526,2.1981268389670143,-3.0571343811536886,-1.1042287842521648,0.651630572763453,-0.6678663512008693,2.109139502987383,-0.8504337367064803,0.4047952601468563,-3.2184882076878276,-3.570885242724049,-2.2686463175957137,-0.8961512652258449,1.325249561784568,-4.596421969361891,0.16545097279369983,-0.18582520686973086,-3.5382620650262737,-3.038473681258294,1.0818054926260654,-2.705715042729694,-6.168084956790025,-0.21086706261753235,1.8104355478263778,0.6224153537620286,-0.26180970379315416,-2.893353975645421
211,0.18995143071556647,2.6455295701506185,-3.309912017538692,-2.0611733196238933,-5.7259187319253755,-3.760082881210911,-0.2941323090251773,0.8670748567516813,-3.4378333528990552,1.6572987194274282,2.047804320723483,-0.6174777368966823,-4.8758542304819406,2.0816187709004756,-0.8473249518271555,1.9039570940974238,0.32645789074692133,-0.03685568631215769,0.25049512604003876,2.2835904091117403,-0.5908097116953217,-3.4574051756679722,-0.24586458116204835,1.7334857990234387,1.4591916631302078,0.2111947290180201,-1.433259353653,0.7521232510525059,1.3832903894204234,-3.065026985712535,-3.670291362111156,-1.0000917076692284,-0.26042785407480573,2.7213600743029915,-2.455706754834504,-3.833948543040962,-2.3641738414798237,-4.5908942246227165,0.8526446742541945,-0.2120966264698943,1.4611527541810365,1.352881228562456,0.2740069723942908,-1.9603063229080595,0.5527012283430656,-0.7854430653351482,-0.7111232336596872,-3.5361776672441105,2.2363644125210906,-0.5394463012030524,0.1104889515026392,-3.7883318647054365,0.7086435882940371,0.5995004824579706,0.5086322349383741,0.016286239832951216,-1.83685980175649,2.266055902720241,-2.2393647734841973,-2.1041827876418835,-0.4224327776299155
212,1.1106728804763317,-0.2943304396211296,5.103676144509312,-0.2829900617481492,-6.156931123364334,1.4631492288047088,6.5762169397326495,1.1380936948670635,-0.45923544705597624,-2.0862228154240756,2.298273128906866,-4.596109027718002,1.1086327350040028,-2.4047261679947374,2.334646866133129,1.7532008762585718,6.512310719780705,4.234557274082655,-1.4239221848600816,3.9634743859160646,1.2260545730110224,-4.304702074392799,-1.3403014182713646,4.84081350097661,1.4299049961879717,-2.6660784850859223,-2.7721137245402288,-2.15148622663974,2.3789031594358554,1.7851493589749823,-0.836114910770555,0.008434770120858637,-4.75883381651554,1.5382636899857771,-2.9113309088179804,1.8431095230273054,1.4630451278298813,-3.421484708443511,1.106004099479596,2.0403545200016064,6.285905774227411,-0.29165378641678813,2.6088751745738663,-3.8303872328571917,1.1269397187398746,-4.455038869068497,-3.8262541387439404,-1.6084598181184004,-2.9995250171736965,0.6475085463369019,3.3539489761503236,-4.283331121584516,-0.4552901731023623,-0.5393950879125783,-0.7006825942999001,-6.295323431723016,3.5346386149521183,2.3848191156609335,-1.1753522212758076,-4.519736867893069,0.10488255760659859
213,0.3671237412667537,3.1380811557227934,-2.0228485749309995,1.943940688937673,1.4028022178034365,1.4230524535170679,-3.776513849649607,1.5937242818603607,1.5731119976121786,-0.033353825067495624,-0.5634010950081438,-0.6438656058682739,-0.7277282075630322,0.2645853370000409,-0.2449406632291652,-5.55108299711335,-5.397196292977036,0.7823536546259239,2.1048892677647366,-5.60642648257708,1.8721870723603464,2.59491300999413,2.134739023380324,-5.117035587500019,0.8591686182636165,-0.2481698716012089,0.5837522113058278,0.05841005690443029,4.282022420403383,3.2199680342481116,2.8728150812981674,0.857482010481301,4.6725142464827885,-3.0672978627392413,1.7825600720538213,0.7274840860265013,0.227962986950158,0.9485323596568426,-8.485583446629484,0.11191850083657888,-3.4429990442056244,-1.3779248096403878,-2.6667745274519747,-0.2688696784656814,2.758934134653964,0.7048015123188801,-0.3917481332554452,8.231697594751735,3.84173561609129,0.21562617606701767,-1.3159892154606279,4.769633392705617,0.6242175005699591,0.41676952294177194,-0.4058386072344907,0.8194080664329761,0.06342691850903569,1.588578810014683,6.278546963920405,1.714236924577676,-3.9494501339094783
214,-3.333207477916416,2.3004281454039144,-0.0514584026017893,0.47307923534587437,-4.65749319114925,-4.803592393402183,-2.814254779221188,-0.4780655205955202,-6.919261033088744,1.6224198794731834,0.8555544837730944,-0.11175622010747832,-2.79474850387188,5.843433842701877,-1.0180792759802515,2.5166499846820463,-1.3014216269828325,0.2617923215605389,-0.298539659686892,3.9295114373587503,0.6634893939752724,-2.8345673789108488,-0.6168291356089973,-0.9371052111782519,1.4450378200392109,1.7538014768373218,-1.4218700228579446,3.500252092702248,3.270322871580296,-2.2896222765419307,-5.508378464473823,-0.02487994086669948,-2.0732928440041234,3.04131197750174,-5.140918437202246,-5.947494131465029,2.1358471768412866,-2.999288800066002,0.16193193831719332,0.21451089685515595,0.060485666965333695,2.2783715610490813,0.0074853615798251005,-0.1377969960424724,0.9016327560258556,-0.3982150878649252,-2.0583951147555117,-5.325530084327071,6.875623838629518,2.092970446549471,1.553367830892515,-6.8616818950341205,2.9999201856486337,2.991262404739474,1.9099444955217069,3.5407770041211504,-0.07145141518214852,0.7310402858443042,-1.4911995329780758,-0.2050163262623622,0.23443529450731854
215,1.2874341240811609,-2.8396107366921988,2.2143306200791297,-3.4948588893348447,1.3740763464406127,1.9431642706629564,2.468280029484543,-1.5339858940119417,2.6230210932333815,-0.1022404402585721,0.4873918744443949,3.0074749117530266,1.6223558894449301,-1.9205402196082497,2.262811398541262,0.22039211449399532,0.4853115929363958,-0.2668390780143787,-3.3460300186059686,0.09259342949033929,-0.3973728493278149,2.614118986028269,0.27929927097938756,1.5076175955998572,-0.4863481752925561,-0.329859018241263,0.08130356210476092,-0.5795646868213776,-2.504625603705526,2.1992327992326084,4.8068973453610155,0.517947855937203,-0.8922784311508803,-1.4506161075900568,0.6592932045058273,2.7743290008430215,-0.5314116902154938,0.22960344408632585,-0.4386248020727005,0.9483487945991651,-1.0175047701431157,-0.638967478463136,-0.6898528186474453,2.0421709147047586,-5.285140092648157,0.48280446093876855,3.789311461959959,-0.4224514453304615,-3.093711643009677,0.790155574515031,1.0863017401473616,0.6415948769814285,-0.3806659293040822,-1.6859093685667759,-1.6837687861500146,-2.7937072671187972,1.2590431868845724,-3.5019957662810604,0.7945926451720576,0.5056777091263805,0.6385315145858347
216,-2.531581948927206,0.21833547780315676,-3.2392389254689435,-1.1968547959441198,-6.964969728281883,-6.707275844578547,-2.2176977022547186,-0.8211356622667964,-7.630285114014454,4.736004517505642,1.7629208167305273,-1.8789795729133665,-6.206198014987554,4.96351825888776,-1.3021417636046206,3.7594992118813906,0.26457940036879973,0.7542704490697345,-1.0054604073381117,6.434335129968107,-2.1088740744046595,-6.887519889309243,-0.2880949577690488,-0.42556211109034525,-0.8126588437018117,3.8147205184334645,-2.276513224125564,0.9711314001175714,4.660368759466069,-5.797316080741434,-6.0430636517218925,-1.4370506122034967,-4.490965069046848,3.539125850576025,-3.8809389574979596,-6.52057379550598,2.197520840734626,-5.223216602679221,4.168676369503903,-2.0815586147569807,2.11020659038336,4.135490070490423,1.0910858967001016,-1.3873949814365596,1.3746792747013026,-3.3183672003458518,-0.7636401153322896,-3.167417831426407,5.94752006431854,0.5922026151350224,2.7315835095061676,-7.745928424274404,5.072432497946903,2.0446608105786908,2.9096743858825054,1.6428314900105034,-0.9839074571782621,-0.6007666407223599,-1.6519389361592751,-4.036931952911935,0.9000739933738017
217,-3.2077784638727214,0.3734929209877823,-4.144704765947183,-2.1790427673430317,-4.221971857705609,0.12312802135118601,2.716740749641416,2.108667632108893,-2.3764403122389255,1.3293690525246584,0.23819837283683679,-4.245551800085737,-3.803478108053115,1.2944633436335715,-1.8193234469419777,2.7197455649912747,0.9207283213913506,-0.6743877221094079,4.680780239107353,5.338787842515181,-1.2763155436686648,-4.190916948250372,-1.78845908008794,1.355589434093971,-0.2630023317411678,0.19013232002531816,-1.9551871242506333,-1.6394081263955946,0.7079494812822555,-2.363023486465452,-3.362597416490665,-3.8834062689970414,-2.086805243588249,-0.0372680176275369,1.0423559057908112,-1.1626280770861113,0.07817263940597763,-2.6558440651840205,4.102889054188241,-2.3619396088966313,4.191433424746759,1.9780132859060413,1.6077968908064837,-4.67875444922171,1.806048051774733,-4.64838452287283,-4.866378436921891,3.732080567826684,0.7621037394639558,-0.9092297947444076,-1.0413355731458078,-4.357246453028723,-0.06854068267086122,2.239761749422825,1.4828581693410479,-4.187312691993644,-0.5019395458561862,2.993769425457697,0.7178751348217542,-1.5772414133076467,-4.932006367678664
218,-1.185133004432134,2.5090310754785943,-4.152250243933708,-0.48239684468292204,-3.93022647319484,-1.9540189480495285,-1.104291195241477,2.594587348050827,-2.9503273917595783,0.5294729985416495,1.3796257748579661,-2.939404993699791,-3.3956856605883172,2.560075660144243,-2.0575922952379733,1.2048873726837674,-0.4680942715303379,0.23765362982838162,3.2791044153037863,3.0967244308385857,-1.299160961427528,-3.72202726095328,-1.4655928403933864,-0.4885271641337457,0.8717759052080365,0.22219979353751507,-1.381501626655707,0.547288145567714,2.8968235140788634,-3.0787007787570024,-4.550152333164881,-1.7706337474420757,0.22438989431197343,1.6226421065497287,-1.5490532384033653,-2.9552263994853774,-0.023069361795683058,-2.0777893883854954,1.3758815271824336,-2.0351283202255326,3.154367361154658,2.419168583555337,1.3195261142295265,-3.73646492151628,3.797894076661032,-2.223453804924999,-4.036937381707524,1.8726515283529739,2.1810184575958766,-0.4448016373989146,-0.21325018664878412,-3.5544503177996507,-0.06387726511809841,2.855652215247106,0.5706830945008353,-0.2928873897362164,-1.2700851733860534,3.3804844138607058,0.8873493649448202,-1.1892630774890196,-2.9703841568554115
219,-3.5041462401335832,-3.6017502306012594,-2.1002353094279194,-2.681960118936609,3.9607261457572567,4.21174568298719,0.5950757703318283,0.5917713847886883,3.035761440802221,1.5654292803002416,-2.351503628891027,1.3213682901352815,0.5168289805085019,-0.09935134662731712,1.325158630671135,-1.8141252094233054,-3.337143576163121,-2.021268893528064,2.2039756145113656,-0.9232825524025774,0.2587119605085526,4.116249868274107,0.7870064975648886,-3.4223179104697294,-1.750347138895648,1.6711478297376272,1.4208356954104207,-2.211350306760063,-1.7149481499752874,2.404867697322538,5.615216767761644,-2.550332050124528,0.31425286331092656,-5.809975319220297,5.450472415937072,2.6400310880457964,2.102055793097163,2.48573016906619,-2.1191923275484212,-1.5562105343540362,-3.5625301481304192,-0.3479011245565248,-3.6796520592990842,1.6895175471408974,-3.5694779548209232,-0.3768937758145747,1.8291574169336933,8.967887315199942,0.7693531058610634,1.1549645304621348,-1.961199895974585,2.57798205365083,0.1229107426559497,1.0366424241048113,-0.2976399622501317,-2.6036405090986157,-0.08915516774045867,-3.29497624408611,4.2475993022195215,3.980175100144649,-5.186699797505668
220,-2.28401193222579,0.13961131801774082,-3.517559554661023,-8.217267550165312,0.08223786649815282,2.2301997608743416,3.678733667370105,5.269002669272791,1.3177124049293722,-2.5870671412098276,0.018807577793533932,2.2231836460782866,-0.9283571169901894,-0.5338550217395983,-1.55008163234169,6.865984806869916,0.33484903144906597,-3.5788306981507567,3.692856975065022,6.013151166166439,-0.813194723421875,2.396146409775234,-6.909482662635316,6.887873884392154,4.657417878174699,-2.2500899981213727,-1.469397011996154,1.5343076332076282,-8.073936719422758,-1.4876914320015908,-1.9002796318155921,-4.245945378784114,2.450641360705477,1.7644213753167075,-0.7695640201663424,0.4727206667591669,-5.5451175449185754,1.1922709484614358,2.813673180538634,0.14586740098938805,1.543627630816303,-0.990560819880105,1.3501786071460238,-2.3939230218639374,-5.938085217789559,0.9083612568908342,-1.7187412052874216,-4.462882931946121,-6.05382286321459,-0.31300687827295415,-1.3526452648293135,-6.551661474962687,-5.483449928426548,2.756207758460151,-3.9887121013348774,-1.966913801037856,-1.6636584900979432,2.257850362431382,-2.0341977943278895,3.6405410962255726,-5.51096134915791
221,0.43960033453785796,3.858403589186448,-7.662632974558317,-4.34570564527019,-1.9964757429035511,-1.6909255148527522,0.18006653325901817,4.458496898813613,-0.12369550949236485,0.05788398133608949,0.8494208899550695,-2.1991820307765275,-5.317908881654226,0.09978197154645359,-4.142631512918776,2.5616351827416413,-0.9717780813788461,-2.9090614743031344,4.905512161124768,2.9356459407257716,-3.625618216537267,-2.187097557174918,-4.002551062392004,2.396027668134567,2.519460274152236,-1.3769726487420837,-2.014383236565468,0.08683878881777984,-2.1785431870626475,-4.62934734172863,-4.0923389466872235,-3.7674974352880977,4.570555107652497,3.0711158524636275,0.9914829566182661,-2.1205899534388006,-4.918939958771794,-0.9454597131180027,4.35550531033671,-2.7669116173726267,3.0143479691531936,0.7970252410683801,2.0541956941361863,-4.912681368232371,1.5503108061212185,-0.6338886515363011,-3.3408904297254938,1.0273088747662773,-2.7808898332453036,-2.9399480009938066,-3.257600399701297,-2.292351915756513,-3.9428164569444992,2.1080997166391646,-1.733553307818404,-1.4042292396023524,-3.3468569818383753,5.627720740931854,-1.1360804902805708,-0.5433507778709974,-3.637674476377492
222,-0.8535585387518756,0.07523099704872449,1.4082000391057758,1.3033473357728704,1.799502655985388,1.92144587651317,1.7997570227835595,-2.228676326672356,3.1179202075031074,-1.7141840517263986,-2.3941651486170907,1.6332414880241326,1.6691614045092948,-4.40866884995419,-0.7425483576506996,2.1070499127523963,7.62239882003932,-6.421110567607217,0.7047872752877032,-2.4319929628922075,0.9926298762614644,2.735084807103512,2.063357768403663,3.107523820647307,-4.113117147797347,-0.4135655933043928,3.697439463876864,-3.984145618708319,-9.544573605775955,-1.1812738965658527,1.0662060289969326,-0.4727742795519967,-2.3785960121243983,-1.4743403997746893,5.321123106839207,0.1708110095472707,-5.665035091147159,0.3489294595137011,8.66500082057672,0.49456160864520193,-1.8155813471957316,-3.0010565384220325,-0.28978034559346544,-1.5757534337341819,-1.4848124991248892,5.676419415727382,-0.3679874815914589,-9.369515168917198,-4.551248131590012,-3.1876773488572363,-8.10650740454919,0.4706848561527888,-2.838255649132066,-3.833014640145764,1.4274220045111858,1.0074426959228395,-4.9669478698249945,0.5791125068030184,-9.751426642293959,1.2661028787531687,3.193260852404366
223,2.975230018912408,-1.3537297786383515,-0.4943420374767772,-2.171612574976389,-3.3577420649621983,-4.254675386344625,0.1568659968266331,-2.15004721001304,-3.1394751131538445,2.283134391726544,2.832276686470861,0.6326983322573436,-2.0619927321135574,2.3270202231840367,1.373429491896035,0.9428908843311831,-1.550964675162876,3.9772479143842756,-3.550815013280304,3.0262163758079623,-2.239735864188247,-3.9861319099386083,-0.8472107713929109,0.6156053991098847,0.6944250737858153,0.5578796971065112,-2.0771004608109944,1.5921970410346675,4.602746353255033,-1.903301722081215,-1.3879533804279491,1.4934344449705548,-0.2943896955596137,2.741526626963663,-4.91315756348513,-1.3390794320363075,1.3624779809989522,-3.08514339240382,-0.10392917987541228,-0.2724587143756515,1.9195342904222774,2.5054200642628315,2.000151429869837,2.006541914541984,-1.1811914337687734,-2.9246089601328165,3.663203026722639,-0.6102970261608587,0.3797194747069455,0.89607966784874,6.4184365882537415,-2.954663621303995,1.3941981104304266,-0.9195486182789837,-1.0528502164961446,-0.5494372052481529,2.247227881370164,-3.253052722662632,1.312302123072686,-4.123869398267942,3.347082544894957
224,1.5070737293206034,5.314238229779983,3.0086908113480892,1.0789255414654149,-6.860495667209228,-1.5162380289187496,2.870304477801046,0.44208808191723814,-0.779023747705639,-2.7188389113443514,1.6204132589889573,-2.8088974768278336,-1.6421329286277597,-2.8401189070659063,0.36706626291286504,1.340810362237429,6.93092236559898,0.815719340615946,-0.6874170082609316,-0.5186290173976162,2.3758307301569754,-2.8188565548990265,1.4474875472405981,5.196589634626967,1.8316291210271647,-2.8696206220786644,-1.1803243398473668,-1.84307678672367,0.12335819308846468,0.3022713858412319,-1.9481024355228653,0.9167456131839309,-2.431625300619653,3.037521707615753,-3.198795332689314,-0.9314653962654131,-4.35223587177504,-4.809605256520984,0.9270669011947574,3.7231800205315673,3.708210203098012,-1.424454226919084,1.6982841476186188,-4.54484425542775,1.6925539221028425,0.27470789331174594,-3.9684891320709688,-8.769835882966607,-2.115264964494957,-1.0303360358418232,-1.9027312080279468,-3.625185988957196,-1.4679017176616218,-1.9193188950744213,0.3365665166167765,-1.3938698757065637,-0.6594256744497544,4.997517965958326,-5.170502405196545,-4.3675060029863735,-0.7469810789086606
225,1.7622507220550783,3.081899626449014,-2.721426633996721,1.2613334926579671,0.6955600177559046,0.34624652035772224,-1.3362704339884934,2.8761874050074887,0.837707510446917,-2.51848776145454,-0.16493556278478427,-1.133374374308778,-0.2744050407099286,-1.524959286876417,-3.000018143519661,0.1803951223261276,-0.49496189723054995,-1.3900000323656612,3.191986194020967,-1.5363349101585178,-0.7092585476144178,0.6129381474484867,-2.6886973975003303,1.4830565424396362,1.7487583919225766,-2.1361187606471956,0.1874373970681258,1.1769977812981254,-2.6175954059381676,-1.575114507602894,-3.441453785817316,-0.5640238812383978,3.734046213574442,2.0069039955815247,0.8046157649016283,-0.44625746180160886,-3.43409339364505,2.3987510169421316,0.8218214412499871,-0.04630229372658029,1.1778279116147132,-0.6394059180389164,1.4045991676325105,-2.3834394295045507,3.0851671975962254,1.4248540449519393,-3.004738143196049,-1.2560324752897218,-2.620010317024013,-2.8615836541891735,-2.677620199935943,2.0619073945706496,-4.3526541711940245,0.14917945685892375,-1.3799559910821364,2.1364812251286436,-2.0974994061676666,5.394869405722622,-1.2820294700710035,0.7000517968052065,0.4758691047945638
226,3.3520005188497106,2.0794765653402094,4.660984495501668,5.171104199997065,0.13016060755117373,2.3568044064406277,3.111302130561604,1.7560738502874047,2.7060235846652834,-5.5175439602170675,0.799260532832291,-3.2776252416489413,4.112019423233103,-4.852669046350396,0.40952601625366897,-1.3189398623346946,4.716210506816329,2.416184166197244,0.49191328603948625,-2.6707155312355795,2.5993407827354646,-0.2618398869011467,-1.4635355454934333,3.1621612968965667,1.2980307989717415,-4.328690559888896,-0.2618720497585144,-1.5944779921921612,-0.4553230334022781,2.607300545584342,-0.11238507376041018,2.18314834642391,0.022136226826143413,1.2241628484344789,-0.7974012528610115,2.859225798151635,-1.0232156965193924,1.3881016167410438,-0.8189061562498404,3.048639871695549,3.919630783486169,-2.259706484933278,2.5928909212145004,-2.335306888428364,4.873570253068329,-0.17822237662374515,-3.7870596953282174,-2.0066115302684118,-5.1157862331721216,-1.3456801638817422,0.1732316532738704,2.5837339209374544,-3.292436820094859,-0.9708964338477151,-0.2786861498615172,-0.8380202394948031,1.6186363860398265,4.503978188170371,-1.8879658102215349,-2.6633667349068495,-0.1231906229645896
227,5.606852312208642,0.8944041633425848,2.016113053579559,2.922134511502049,-0.37393536670723737,5.36608448238841,6.9851316437412585,1.798999798931309,5.362970082281601,-5.160775518837087,1.1407829743073914,-6.035681972114439,1.9779364599208957,-7.982766773427308,0.10316272047287012,-2.5811530228794357,7.048336025981336,3.1614715026409175,2.299454187287172,-2.837346373152292,-0.05161841299261083,-2.485583426061197,-0.9305539706107171,3.879177447500209,-1.1817305389614932,-5.24275575004841,-0.34628617939838807,-5.692532055876862,-0.3996010437861611,2.1657252807784,2.29570591806536,0.24443882936899297,0.8173051865473682,-0.8640975250425236,3.5886447580967586,6.5104847521713625,-2.283397125965262,1.37558130945318,2.647573881341269,0.9489005674679707,6.218795910226706,-1.8687630028895836,3.7218595180678817,-5.1571245353630735,4.843399267549116,-3.5859006360897423,-5.712319142660746,5.491479734343988,-9.961576159405208,-3.683061515333727,-1.6594773543177332,4.184647202470227,-4.9939553785380415,-2.755396449394726,-1.262979247164846,-7.303310301483449,1.49820315780813,4.931885285644741,0.7727434880781447,-5.752449223138832,-0.8253498368448617
228,-1.1254074527122455,-5.2600918213043935,2.390129100774487,-3.6573584554682683,2.622826323504846,-1.3674804074446634,0.550543831502091,-0.8735792519598911,-2.5646323703875864,1.1565558098768507,-0.8749805263659534,4.080136520559599,3.8175751487087632,3.8172895446657726,-0.22724222750676687,5.778399464713463,-0.23866093286600532,0.7666536244736849,-3.263659768325283,6.276701018657336,-0.6591039428071206,0.44954772001489546,-5.150153911309186,2.7932801440979675,1.5712261975916666,1.6083275453756518,-1.3130033934577456,4.936531652892056,-3.832995189230907,-1.6196944683437176,-2.424076478021034,-0.8942167989417575,-2.7180073522385153,2.7598328585406557,-4.502882824335151,-1.3681144763835251,2.111450937794035,2.512408380054761,3.4065782164701255,0.24724931239103537,0.34270756334306174,2.042955381315095,1.5521667181256997,5.449537929292762,-5.878803043192121,0.4584541710423722,2.7481054567403036,-6.494775058847519,-0.2195053121996377,2.6705770384971204,5.57051050300672,-4.5896490519750195,-0.3476515864218658,2.3864299983718604,-0.7091368792735465,3.7286500142379633,2.474895967130613,-4.619662899644422,-1.72798117840289,2.5409673276342772,6.187309899117839
229,0.9625598608234933,0.337345744461327,0.016336303481557818,2.8325280523331777,1.880043103025808,-4.247867610376348,-6.130788726976865,-2.4002400657953364,-2.4912813363092905,1.988935805609056,0.014083433331709139,3.7312821345805753,-0.31940429840406415,3.045074727501193,-0.7152685018001076,0.17135426437458356,-3.3228248548670885,-0.703628576042684,-3.1748287815752194,-1.8516610300253205,-0.8386134562221269,-0.03129417938926998,1.5141076941516947,-2.9529759934305164,-1.0857104932912085,2.5731144135637356,1.6784979245725014,2.829685090753728,1.2207605555924987,-1.9426652243154403,-2.6514680402443385,1.9832366129368777,1.275441907109947,1.36349250266439,-2.035087713734914,-3.573628636178612,0.40394039180486974,0.06361805914157978,-0.044631156822042606,0.6492525661960139,-3.706815939459248,0.7992570035515545,-0.2747382279326448,4.235091050066153,-0.1644033845014169,3.233136655111426,3.4158800479060893,-5.2282895226519335,3.91145058813364,0.192515136424397,1.0663920849004818,0.9814024220980095,2.1077229917577998,-0.3188162708166537,1.0298365623389742,7.781170826662665,-1.210730072923039,-2.9569309829509534,-2.269006185842379,1.138758417248171,6.652053422716822
230,2.742221136547648,-3.2269983239898345,-4.955055842379647,-6.043109100460186,-3.636616505475392,-3.025083805037636,2.594201953488499,-1.137606476669398,0.31637064296600614,3.9764838724474405,1.8862194862801398,1.9141520669621352,-5.630080879956549,-1.934447307564123,0.7660945227233268,0.5370845116978872,0.9692829257361615,-0.11531102962128359,-1.9327262783191497,1.7271789008319318,-4.8667083331394885,-2.880605117961126,1.6156507599893875,2.05962680872105,-2.4210989374944116,1.1890810179967792,-0.5811923826141099,-3.1629086630825753,-0.012658987388566495,-3.996549417060621,1.8291404892703351,-0.8550053540090163,0.5073491066736956,-0.24774410597317678,1.9490592069782466,-0.010668696329012003,-2.7581521951513217,-4.178093671109841,4.851174646710541,-1.8030045806038817,0.5359989316422754,0.9925423549924071,-0.14733585509540909,-0.1710512685006204,-4.104468808391315,-2.1364381491188373,5.00436307260323,2.451971812497806,-3.401075518284905,-2.3153466385754458,0.04353651441762063,-0.8414937095150994,0.8035069228680376,-3.394425215363641,-0.40416326517211215,-5.052527597634398,-1.6638136867337796,-3.1708814300878037,-0.23482257362338727,-4.525749439011068,0.622059262751328
231,5.612740569037003,-4.80183094886643,2.795612546707736,-4.232372436863499,0.7325570054714823,-0.135867165228172,4.363856265382812,-0.22051475870398765,1.4291177902965464,-0.3204886596697926,2.7012627001168257,2.643655471129506,2.847742539400028,-1.2208769219306363,3.162864519716592,1.1997799767371464,-0.046135971352859295,4.930460322901753,-4.784011446300687,3.5393473836398672,-3.0586789342233964,-0.8437675516477148,-3.14364303416979,3.2979080083030174,2.0050290409349,-1.9025837855527066,-2.7888809666621412,2.1758315181869445,0.45007482517631253,1.14643638906918,1.9763234849610936,1.1476874147970075,0.43740929405666856,1.6391117623178033,-4.574237410642503,3.688010763366532,1.5002414046880488,1.3370414094898844,-0.4453525691753406,1.2660844784430896,2.2827217685768235,0.4423480045067545,2.4156814517911958,3.391187891307922,-5.319261761531117,-2.677425891214838,5.119242249686314,-0.12308146947973073,-6.7570876315501955,1.4231167970038874,8.89700019021229,-0.5131809427129618,-1.2954822960989765,-1.6648208375703408,-4.108067841672379,-2.490303700539234,4.896282927748356,-4.283551969917543,2.4246474354743803,-1.945492584401349,3.038223565311654
232,-2.919742293491731,0.5595703893210178,2.663996694819167,1.4194570204537253,-3.233914052241299,1.936108706729515,3.1449645445681766,0.18438646649816764,-1.1172474054782695,-1.0596285189880827,-0.7251632122821459,-3.0028025784154506,0.2941712378215336,-0.5752135143278725,0.49470095988791923,1.8447476672016276,4.975961739940351,-1.656646257471787,1.5739192336986174,1.8139798912650726,1.9104325110767264,-1.693653245866503,0.9887633302729615,2.009897960218137,-1.0154197737892177,-0.11587030336802934,-0.36328653405767275,-2.2532579354225657,-1.1925123660521415,0.27197284241933334,-1.722580699474134,-1.5393129091316857,-4.445971693405917,-0.12086543680192124,-0.07861488914418668,0.1562244045902265,-0.5337435749884282,-2.101838465780789,2.6033197766167433,0.5194993652540939,2.123274928152263,-0.9963139329112034,0.5778667120975064,-2.7504756375936283,1.4274520030239028,-1.073097702740228,-4.537233225293766,-3.3420772985583658,0.3699979112509688,0.5356895244277602,-2.4243517984473666,-3.2178623453553516,1.4222371391015567,1.0412475827630103,2.11389273467488,-2.969132898168682,-0.03050922162798758,1.5349102217187751,-3.2631432687036983,-0.21134371929333362,-3.9874397524238887
233,0.9756688930310263,5.501156211733046,0.46377347792686746,2.3392356960047604,-2.0217034289785114,0.07964529035954405,-0.7149793062729695,1.8095958239912275,-0.2763325247254759,-3.595008069606584,0.4394527691615892,-1.9320978961848967,-0.3175542074272357,-0.9443518932770559,-1.074910609655967,-0.19022737948901802,2.1717015499377283,-1.0028162117497716,1.9875706606335604,-1.9230342456407248,2.748769542526871,0.050162217316297636,-0.6336399992353028,1.9082366270323878,1.8526806134943694,-2.4614140625754146,-0.28236811817712687,0.6339540421346834,-0.46097932680653436,0.2307266551336477,-2.6241808556329307,0.4439439899524037,1.3321441643240517,2.0410899126388866,-1.1871357042224346,-0.23673473866978767,-3.1581683834464935,-0.679291432356961,-1.697831157763473,1.478831390933242,0.9469107028294915,-1.8011971417558548,0.5859134618004549,-3.0519548810260053,3.490446796111756,1.7138139985159182,-3.5966965355746194,-4.177886117051429,0.4244509025508255,-0.6582736877458243,-3.0043979806711176,-0.9737218591664032,-2.327949404479183,0.5836594640949424,-0.5689432573927573,1.7427291069162636,-1.7626269814341988,5.3362973684978865,-2.33213722834955,-0.14175779367829272,-1.2428971128030908
234,-2.5691862845708906,1.3496946271359116,1.9189013730092603,4.6416113532667485,1.3385220178079564,-2.1008799768088906,-3.614549463690755,-0.4705872509242467,-3.9029169455651407,-0.3331796653452194,-1.5615533514300306,-0.4573631100012578,1.2147339136994717,3.3971167123644315,-2.1897758956533955,2.310703400285615,-0.6935811383916632,-0.8627070211437484,0.4108265368103687,1.5643693463321782,1.6042425800288838,-1.220822662330408,-0.9654675330241782,-0.9095444680291589,0.38073064469456097,1.5303260078796892,0.25863552584366645,3.35909787393769,-0.49143274323104413,-1.4487484252489944,-4.791355767896981,0.19242539234792824,-2.0029518152370596,2.2814831825341026,-2.5197503286942644,-3.195798208135757,1.9496680808950742,1.1845500276125736,1.5666840536232556,0.0034980336841572562,-0.7592672209788298,1.1103134061457984,0.6241791350959964,0.634733645489165,2.6651796558329037,1.8566381064816726,-2.7462386538016315,-5.960968601851109,4.522215726143786,0.9293428085074816,-0.1790340978284136,-2.113364520480591,1.1422109601575414,2.7069057886513046,2.061758632574209,5.170346543552238,-0.820234449203143,1.3236204469615034,-2.7541575913162317,1.798721835812053,-1.039756527389386
235,2.3338886761505946,-0.3412396710165672,3.7405367007502637,0.8579858989446615,0.009250678574140275,-0.006055609079421903,2.089303393181901,0.2528839872846177,-0.0025922948764853047,-2.5244449674319607,0.7274618853786285,0.38322929187384924,2.9523504269944354,-0.9356246520143817,1.220526181424023,1.8444601569429708,2.081972345281084,2.4816403606216286,-2.11985303016561,1.2159190980673547,0.893229456485021,0.08104207746303127,-2.210932665297338,3.2205867535978823,2.2771594076536052,-2.1803392772351495,-1.1577590850269914,1.9133082166210311,-1.4511574807675236,0.8457850847221501,-1.2845240495189543,1.0467951893424363,-0.5299661275286147,2.761504168398031,-4.090125759655566,1.249824850815357,-0.11073327676304334,0.5345458282619024,0.05061204359933344,1.944851015393953,1.8773090188033927,-0.38495755979493873,2.2601983971636264,0.7914888822628635,-0.528483130504535,0.7237403249216827,-0.5716521600290911,-5.6884603341376065,-2.13177229495155,0.7843212672339678,3.355581671918057,-1.5636838117299015,-1.3478922155463977,0.49494355109339633,-1.5334862419297344,0.8081800904885952,2.109505342567514,0.9067280915418572,-1.2071858615390423,-0.0406983942028426,1.1109735561517868
236,-2.5486216200213536,3.0612852589445647,-1.9318069708647136,0.8808309866948768,-5.925845246994871,-4.234830128474558,-2.3067706188552934,-2.378719883704831,-3.9422283495011063,3.049946709204347,-0.28050219917100155,-1.056236467766645,-6.437451287325905,1.9531019078195222,-1.3294515172657524,0.9202015933772837,2.599077733869796,-3.4857532687481143,0.6669519299623752,-0.390707365682921,1.0955217011012228,-2.5711818672176556,4.303426477963109,-0.9563565609436249,-1.5089194595066107,2.343831072404523,0.5785131361751127,-2.4280203207827418,1.0429701637647582,-2.8708197919600074,-2.089525268991641,-0.3503160977387712,-2.5964713195106266,0.520114808099785,0.07379196370964747,-4.954374948992197,-2.1334970003825537,-6.175921910230153,2.0604620244644067,0.21279951747282017,-0.7767169424914719,0.30182238910213494,-1.3427234470868075,-2.7151353222911774,1.734078202539127,1.6719250254993276,-2.2034819591050296,-5.058695610152421,5.914658272490699,-0.40039923067360594,-4.5953890790982035,-3.9852918463417755,3.342169119130939,-0.35450330880445224,3.805186604861894,0.9668704385841733,-3.8836540745851424,2.1129972099807386,-4.932237035618717,-2.3434049280293414,-2.2334828529875477
237,-1.321334908951526,-2.814025777924767,5.447334337001848,0.5107697703151239,0.3632863853962559,3.8197585782639107,5.0142842789863815,-3.5637152150816065,5.1868389389921195,-1.2025565326086047,-2.318721004660749,1.1443546478524678,2.2271977869595667,-5.6779445446494226,2.825055498954984,-0.023095429497549114,9.768671450884488,-4.077994353529376,-1.4935267038460596,-3.1095771023106993,2.7677260051184995,3.3328398995367268,5.397487291642166,2.6326507413138143,-5.240768773663187,-0.4067158731233831,3.2353878193033863,-6.2592809965292,-6.862215576213501,3.0289457882779725,5.950351169206733,0.36695907900244806,-5.956831066632136,-4.68442710280329,6.9550869614588935,3.835409399027633,-3.165382450378129,-1.1639870607843463,4.727662982003111,2.601311368421321,-2.3683538725440707,-3.583981196026917,-2.4291169565761126,-0.6331728999873838,-3.011612107804091,4.363546951368912,1.347992748047711,-5.495076844302146,-4.102643718677383,-0.6833625706021196,-7.725422970034061,1.835937392566638,-0.22547354246860246,-5.14643582995289,2.1958105450752647,-3.8423727346766503,-1.9850037672131657,-2.281635144943327,-6.879305332911204,-0.04709033253109776,1.7315009676540278
238,-2.6906763451784554,3.5444604652597116,1.7938028981573817,2.963508632381215,-1.7206083445762685,-0.37309830525217197,-0.45827006456967523,1.154346576363568,-2.356818285639928,-1.3884615938798948,-1.0382214245414525,-1.894664312504509,0.11958020719414003,1.574268027332108,-1.0425577544026854,1.6141217736191285,2.3247294738698363,-1.1653712584924036,1.7496743673562445,1.0550634221855815,3.058172723091351,-1.236889892699336,-0.36995655073366446,0.6809905946878502,1.3599734070681917,-0.5549589737693571,-0.5319950077030535,1.0623543701423568,-0.09093261766019636,0.4233993917816318,-3.657531029944256,-0.516954083654829,-3.1410010723933377,1.3949506174555804,-1.6874180907950878,-2.2307647366479584,0.1002057372020484,-1.0084490091983975,-0.05491558093149235,1.1221824048272862,1.1932803360502202,-0.5737912212156709,0.12357745948385854,-2.5105760144408777,2.784491992235919,0.9079764120840137,-4.694529734336396,-4.742839497477972,3.905831318435861,0.4869829630700937,-2.041872860053058,-3.152012711690162,0.6966532367808002,2.4333674299093073,1.7310329125722372,1.2698895258895568,-0.8617898807948061,3.8550822243618414,-2.3107117577003633,0.6549717962633804,-1.408253942614027
239,-0.071976130237525,-1.886239635497361,-6.212885895867243,-4.760865345040086,-3.700245377342117,-2.2232016708238165,1.2826909300539344,0.24658891565358906,-0.9282597273386624,3.56115939584043,1.5923042313129234,-1.0588968091669724,-5.841046272908359,-0.4504650971068377,-1.237284413737586,2.119480997496702,1.4462578281197158,-1.5744944831426837,1.344831870398132,4.200274970755356,-4.549680016045253,-4.298505749099496,-0.05203381813486757,2.400686170267253,-2.211047148087624,1.4248659648135729,-0.9781244784470122,-2.4648098561922067,-0.4664842553104682,-5.220799062583951,-1.2251157468162366,-2.0033848911088032,-0.9362776592064359,0.24722917139740908,1.4250513837048464,-1.4313164487254468,-2.173806835336377,-4.39188383969019,6.846495832102005,-2.9240386429918126,2.492628307067082,1.9963461819533068,1.0298159936292852,-2.0564998244677084,-0.8526071631367932,-3.2747712142776035,0.5474331127010487,1.900572554281843,-1.406696441741773,-2.3084181578492897,-0.6642568198901474,-2.324671280434982,0.07115548759110078,-0.7419378866248457,0.7742290906557707,-3.5990357324102726,-3.0265624834403755,-0.7087729084163277,-1.3265619796964838,-3.480672299342381,-1.0205283977579325
240,4.066831019530836,-4.619288043474387,-1.836406148762827,2.662455993547932,8.721475911854844,-2.164260218423754,-5.307868789617884,-3.176238023707886,1.032795649543207,1.8432026641685946,-1.5568791230878993,4.947029708812263,3.4333505074705473,0.03542365061199004,-2.392565025568709,-1.2548673407081266,-3.516364305767421,-1.5235459438630432,-2.3941830089342395,-2.795294127488002,-5.188134172510654,1.64082629525171,-0.510408929033478,-2.9759220775098147,-4.171797835596972,2.8968067209989776,3.6501222926661305,1.7547542231448325,-3.4487911483201614,-3.7531037253069277,0.7843848005760728,1.9832047787390674,2.849902142022915,0.6349059904878254,2.7145932011941327,-0.1167314587062846,0.5041907416699279,5.990714963087338,5.769298356210186,-2.8153348481138583,-2.6934191291100564,1.7115436659948102,0.923547207392359,7.033593553654916,-1.4821077172299155,3.6961002446282327,6.839986441611068,-0.9751296907205261,-2.8951601101249524,-3.2704019122944468,0.7146011061852352,7.268145993067585,-1.6760837885637945,-2.417300839725979,0.039101192487401265,7.35787079315214,-1.3127811365601334,-5.706992150390694,-1.6727038024211456,1.9143984613584286,7.216672140414278
241,-1.6517941518706123,2.773960172693836,10.719275563756181,2.4088523928786767,-7.580461516589326,5.356716130927219,7.081939445935799,-0.5986851325371212,1.2013975193658524,-3.773897574887188,0.9517115293750101,-3.3087477108166707,2.2409161786572382,-3.5967427635742037,5.772272476028539,-1.4756163489989365,9.811874911911643,2.354122028372062,-1.6442205535906174,-1.6261353247762806,7.83488406898166,0.3794483203002791,5.036226500629269,2.7987594943865863,0.3732478405681925,-3.0135329141389726,-0.8219822977022593,-4.100076262735984,1.8797015663186871,7.615418451917768,3.898264028615034,1.0704619159941544,-7.921625686775833,-1.8914743839437997,-1.61861443363847,4.133226746932475,0.4734326545313645,-5.220331409727275,-6.288707869393446,6.182040928856204,1.7698014804635975,-4.37148461784803,-1.1006462480865875,-4.900025916973063,0.2530920538667538,-0.8419258650987829,-4.603795521568442,-4.269497522541288,0.23066051483174874,3.5844084857543725,-0.8308295081071624,-3.6893972118929512,2.723605824684979,-1.4721947398091006,1.3904196647255067,-7.86236671700051,4.162646197344934,2.7378923050872874,-1.3142695798271218,-3.222143746163336,-4.706451167684001
242,0.367573132106543,-5.188590976655166,-5.401187590990415,-10.306679901786442,1.3617061351563498,-0.9319865663499065,-0.15196516288036277,0.45878838783735637,0.0670353509547062,4.824748850766335,2.0014164392909506,4.651472798959159,-3.1138041161465733,3.2130833625968345,2.96628436851966,-0.03055016827992907,-8.427811163848302,0.9254187410880078,-2.169422790294154,3.198666011341052,-4.175281520534587,2.3408386812953235,-1.4331048919808673,-2.4028335673528023,1.5380929214753392,2.100191249117444,-1.7207165356820897,2.154325104622362,2.500840261063362,0.32598462517650983,4.834726255813507,-1.985581010112326,2.7593231584657323,-1.9393432361449385,-0.6690054034674743,0.9063316053876747,2.9616398248878433,-0.32452460831954477,-4.00595366311823,-2.6833051707927082,-3.7929493704360944,1.5741773106374408,-2.0555866485249545,4.841928731323951,-8.246438665147043,-3.3268387041949024,7.3921986850090065,9.429333423778738,1.4355902895850117,2.106205550671881,4.9730674181718255,-0.3231577386778001,2.2390032699505005,1.0177305722194152,-2.992093134596942,-3.481636408991326,2.4903062371481544,-7.093844664138353,7.731383365070068,1.58664592867079,-1.7546036187595246
243,1.6577124319048204,2.608570050449707,-2.275115733801527,-0.1435322129578499,-0.45505728562905506,-3.7705294061991896,-3.8482891313573346,-1.1998018024038786,-0.7819340855182363,0.21884310734514328,0.5341354436553699,3.607711860330491,-2.336733558537471,0.47508803950657214,-1.1865592141758985,0.7587599888643741,-1.4708697135734619,-2.570806052452974,-2.3577909646164614,-2.7266741363289864,-1.2310456422114795,1.260866074484502,1.4416388343959992,0.6839227581700853,0.44959411331270005,0.8371721190036598,1.7800993711153439,1.047914281923937,-1.5102684138758553,-2.12899107482242,-0.7942361594677447,0.9802069801455964,3.1479084258973637,1.6756590471375508,-0.8263349163554676,-2.85888272226763,-3.578854498264372,-1.3896920202192156,0.64758537508504,0.2987060947895788,-3.835260821613592,-0.8195861960336812,-0.3329989698832653,1.1094531675958923,-1.7511082686542179,4.170904930892349,3.613593445004904,-6.713681576866324,1.1818357015637055,-1.5948009555611469,-2.0624331336869908,-0.6288906660971063,-0.8054976273269314,-2.1852027017732327,-0.04300154645115456,4.622786060674667,-3.369697887516208,-0.030678079550232534,-3.9232208414466943,0.2308434205131974,1.7919634744786268
244,-3.301363591038577,-0.5481190253000675,2.9993987189609967,5.4551793888681726,5.971503529321802,2.3637400770776082,-3.152162255977247,-1.3296716377506623,1.3001154913262738,-0.9651212152707038,-4.574113781020833,1.9114742992703166,4.529572916232004,0.6954079130149202,-1.3930196137186754,-0.4897847872383957,-0.10037772480103241,-3.583205488031019,1.9874108623502291,-3.7218308814335095,2.6084595398147004,3.984611456412018,0.9165014410770019,-2.579883747295694,-2.3180491960450325,1.8459360865722634,3.851916950341912,0.3402564785113949,-4.142739685143913,0.9479764760043006,0.3725765943995386,0.8441872913908391,-1.013368590837185,-1.7350717316487658,3.3541916226156197,-0.05176079341792034,0.7991158763633218,4.791781217523334,1.1064562267780722,0.25698222845489577,-3.5034524359676102,-1.4961612398938988,-1.978622932098513,1.9116127574676067,1.8127128285632093,5.021360372359464,-0.8196446895153404,-3.719792226022275,1.9439439004773442,-0.6327618741422824,-4.376404968450468,4.225530867757187,-0.3828591747057539,0.32900307609549073,2.4055882567776954,5.881933407076693,-1.9733201139741983,-0.5999567444896658,-3.651137791319763,5.137873437991649,-0.39006716174579736
245,-0.47551028744015,-3.1514414919572844,-1.1616088719623312,2.581611971676949,6.076609551858593,-0.9683768358938797,-4.91444655232515,-3.959379405620253,1.1973944988061598,2.5479489106665274,-2.2748057301818645,3.817073528127671,1.0287039226076904,0.6837569742847674,-0.48904728437568873,-3.08922310566701,-3.465311618624148,-2.400858408122061,-1.9836849841693722,-5.119295018244003,-1.738455072769476,2.8485528227928523,3.928012684546694,-5.522189224107091,-4.539258955633344,3.4907994892379843,3.9521974514321663,-0.9570947647511968,-0.656968010451827,-0.9498065371248956,2.3061596618002964,1.860454662624944,1.0803115060830697,-2.8900560290127904,4.15384268369774,-0.678465954127231,0.9541189851988165,2.4297027054619624,0.7647400586218354,-1.558532097861365,-6.322607000753646,0.12376012433843817,-2.8378137823335803,5.596592615642621,-0.7257173630453002,3.7035344788986895,5.9540173643988545,2.064450623005814,2.676615579552201,-0.8001265442916516,-2.47760929527528,6.779271469161899,1.6809028680997886,-2.6079360260846416,1.8734780412261736,4.960256674257614,-2.581229664072294,-5.40683329884081,0.031717642839549094,2.7918415904295935,3.3516437956053347
246,3.313106563978231,-0.051168859029643105,6.810669513325444,11.106981906477492,0.7714385126703902,-2.6546214011728293,-2.0232001589347526,-4.125440972125501,-2.802002076312163,-2.0994998537777625,-0.15181195499743977,-2.4585818254565193,5.888509124715403,0.17268877311712857,-0.41369021560602465,-1.1768645345374322,3.94465234312112,3.112178727211903,-3.1433662341964914,-2.900402564997138,1.8753066305010262,-3.401136537987176,1.1686596510961698,-0.4840296351459152,-2.7665966448140975,-0.8523732115068976,1.138505784630035,1.8509391633579462,2.3416272692469966,0.09020492704876346,-3.8821550116130226,4.797600453455283,-4.375347187073295,3.2675472476101537,-3.070753168768348,-1.7202360021265823,4.274546232008848,1.960696368517378,1.643581117940813,2.642215285103877,2.3899411288975463,0.5939514773327844,2.6023508012612226,2.154248749923955,5.6665939058339445,0.6136348609400164,-1.6501568782367086,-7.881631621164163,1.0594215502486142,-0.1342311640498246,3.797692710312621,2.5156687080635978,1.5913838234031068,-1.8597558782351173,3.2517849062458617,5.538796179424725,1.4115171121658783,-0.1906627258760568,-3.394234268830685,-2.6711935457599427,7.396389825991258
247,0.3637352302721546,2.8203259841381976,-3.9597717760093074,0.07492814935488706,-6.9307398887445775,-2.7401532642842144,1.541403001436467,-1.2290650626646629,-0.47599256774409654,2.2474039685745573,1.398917213977001,-3.6935987391332765,-7.83515720230403,-3.2331571773923202,-0.7438497703217832,-0.876410363135345,7.29670168323683,-2.8273294987244038,2.1456021017204763,-2.32834595734467,-1.998837224948974,-4.8259499554047185,5.142308349045509,0.6624782037631476,-4.786819708935672,0.84800701694636,1.2280867543870042,-7.024288724096321,0.30317949484648177,-3.3192104685002093,-0.5815325126651438,-0.4646239363168198,-2.71519417041698,-0.7106485947142371,5.153422088722106,-0.7774647892203942,-4.528816523887264,-6.949447165154366,6.181633164790162,-1.3298649901583537,1.5627933398562237,-0.2519234987021939,-0.5509391745417593,-6.001939924735237,4.090608493363153,-1.271591300927636,-2.1139021401306377,0.012287904351285683,-0.9107636585173923,-4.382329029866595,-7.154294234839828,-0.07235822107796916,0.47133188089695177,-4.148407345949325,3.017922385091998,-4.484724555070443,-5.852263152906901,3.4250096449059053,-5.11756558166557,-6.5214875094647695,-2.8104493810040974
248,1.5535813617097445,-0.6225108969600377,2.9457781802087863,4.739274258429198,7.453671965347894,5.617435286736692,-1.071332144016466,-0.12343486051775049,5.3975644825726485,-2.547819530027704,-1.9872289960455143,-0.028752484307991905,5.853573724858192,-2.784695307210408,0.5860928530248845,-5.61180193799464,-2.445574843542977,1.107251109561181,1.153515341064864,-6.723792310306288,2.039520659017895,5.130684151898774,1.5394177426031606,-4.144908933034389,-0.5754731101927785,-1.836373586592894,2.63252505760798,-0.6770094251031031,0.33693745797226343,4.861740812687241,5.3714622173326,2.136914858085208,3.3389884364950415,-3.803752166535135,4.629532951759874,5.33287215923564,1.3587105643132338,6.440969498965479,-5.102675796121491,-0.021002604679644626,-2.561663256029627,-2.372171732237207,-1.6054588082017502,1.0908495523323418,2.545941782096162,1.246789345539175,0.41859609741363624,8.451604378125845,-2.0967134925361,-0.5991499746769985,-1.3520303473499,9.342227938808382,-1.363712060258964,-0.5801750295460935,-1.4130030766356474,0.365546317978785,1.668647640426221,0.18115030336364588,4.381300488221943,2.9507147922713135,-1.7249247139122594
249,-1.1424728561278679,-0.7795223694426546,-2.756873914008243,0.6866392122015714,0.5768857002506417,1.3536473663386743,-0.9009037217285071,-1.929105961047693,1.238495666637972,2.323362490679561,-1.6474055710254056,0.1082099875224663,-1.8371560040304775,-0.9212467816575416,0.4667575942046688,-3.1541761934006503,-0.9017848698019647,-2.0739522801043537,0.6617004785385876,-3.626550471740386,0.17961964765543015,0.6988800372976407,4.45594122108828,-3.220920140980065,-4.271507853769296,1.9843437093874545,2.011238373534062,-4.222085190491938,0.43811458875272186,0.4084980482454638,3.3206590287157893,-0.06814800692281797,-0.40194443463289414,-3.739361909604499,5.686489342666398,0.25236438965902025,-0.07390399854873109,-0.7515033064958535,0.058507256499002264,-1.321824566405196,-3.182635580610459,0.22640045080713223,-2.3416889093434037,-0.25981005821600694,1.1423163049082359,0.33118103505398244,0.7221721439121567,5.149617217915239,1.4518160666071618,-0.8929778548569165,-4.242189602012957,3.928235563209929,2.6198545787710623,-2.5757103221359015,1.8845204808093847,-1.6888199849157697,-1.8147415089655996,-1.7954915692009614,0.37792662037769753,-0.1789835362033705,-2.8745864521437063
250,-3.148476163391254,4.448202078692066,3.0325588438735087,1.1256233073940756,-3.616279011252563,1.0369136551272142,0.678577374495388,0.43191130697847013,-0.6477540605330319,-2.391127367291377,-0.18328295981511195,-2.362517198646368,0.0353432496758852,0.35623391871246335,0.9574207425603741,-0.4552170081757983,2.1962554797483214,-1.0549851631028422,0.7847261595843321,-2.093439235993158,5.461781904771766,0.7974087128038856,2.70694127680269,-0.4131548819173665,0.8286253614183073,-1.1594353026260953,-0.06694618358424828,-0.9831988289874138,0.8771737389345414,3.288462651912371,-0.3905770918120772,-0.1562530702534349,-1.8045364419343277,-0.9276541105603261,-0.37213063121709056,-0.7048278447285325,-0.8636526951544734,-2.6301865830708366,-4.409055892395272,1.580010846357962,0.0106621743984473,-2.2355983081043016,-1.9708240744760983,-4.066266968292511,2.034113046177014,1.6017043622155331,-4.4971904099044835,-2.7274028239707504,3.659960364408173,1.294528185424088,-4.165494320873125,-2.6035421298230026,1.2012489359003062,1.4878484790856898,1.2680169853159737,-1.218475298407823,-0.33241346452371556,3.928510666111773,-1.2023321568523087,0.500554685557872,-2.9282192986725724
251,-0.8598220197416397,1.1659774824284947,-2.1980927986478096,-5.079509434323121,-1.7923953145284566,0.1554531989033347,2.2105924747555923,2.3715983864402572,0.14589613588435635,-1.2795705249333564,-0.19687805077258652,1.2492263075597296,-1.1194769771395838,-0.8694190055722079,-0.7865437797195466,4.76035099934105,3.1172934454435106,-3.2329751356281995,1.6801112579542288,4.164207939858594,-0.5693149397393988,0.7392165845723119,-2.925792154244225,5.070509804902622,2.271310052047527,-1.4056436040634965,-0.5093476240964812,0.35422257911276955,-6.570746622669575,-1.721193770144221,-2.2070145509418264,-3.028594272543916,0.03938219199021131,1.3998251799278458,-0.6334918143506961,-0.558443553740796,-4.798583853246348,-0.011822858592863694,4.535953114480226,0.2393990893250432,1.3835256056423981,-0.6298776076561723,0.7210491916976396,-2.3924694314139217,-3.637353119513835,1.872014890565218,-1.2666509207727543,-6.6034867838409,-3.7070599767709327,-0.913427306841006,-2.0997450778889384,-4.49072889632885,-3.9484785785289125,1.38291880162411,-1.5538922982024708,-1.3305541916025803,-1.820549850957501,2.2392200537800506,-4.9659324809928345,1.6656466987035703,-1.9185444425229938
252,1.2666184842560302,0.11286634225190784,8.86089156062841,4.683490036073138,-2.361576541902751,3.558990772026051,5.946367983503034,-2.737749657666091,3.277915056329171,-2.8679787085067634,-0.2675416445984026,-2.340865055032308,4.12009335953257,-7.010772157775792,3.8008897653029097,-1.456434007344469,10.974581041109897,-0.1384495878616953,-1.9907051091334635,-4.2056511168031,4.097141097480682,0.9056430857069853,5.002804480418074,3.945183954982069,-3.1228230564959074,-2.020971313870609,1.7047477722015008,-5.399239328320333,-2.336237593884039,5.247315239481563,4.006438005596861,1.6132889530008565,-6.652511795298233,-2.6109247718530906,2.438440044921552,4.187387013557861,-1.4554719707144348,-2.3294168993798596,1.1353345058468092,4.34064173752169,1.6148403743994435,-3.7081660353629404,-0.20775755192978893,-2.840656276997268,0.8239507553475667,1.58732000334906,-2.1660136185553327,-5.653578358463057,-3.705474829023361,-0.05943447723805641,-2.952302411518499,0.9741087814828626,0.19978728643477708,-4.571960112131386,2.238185916846156,-4.83606885940822,1.3608614411979378,1.3338809230970579,-4.950090949959419,-4.291448002966402,2.1204789065566647
253,0.8940440035713043,0.717200095881015,-0.7522895358514444,4.60261769696385,1.7221444941805073,-0.9803683367634648,-2.0724258192532217,-1.41771035846247,-0.6719228772769147,0.9623626588443355,-0.3944999137665779,-2.000896494572273,-0.9264572287448934,0.2801482166162232,-1.1581432262792266,-2.8529320847693707,-0.9380205400826007,-0.38977065742059136,0.7350763928960039,-2.919946356295466,-0.38037858938185776,-1.699279824269967,2.2668197975708804,-3.1862050043200187,-2.7105316101323744,1.0695017591904912,1.998082839366618,-1.829981325201024,1.6115751533964482,-1.3469032393047702,-0.28508077243183966,1.2742992404619047,0.6548476620365624,-1.0144390312514036,2.3605906380695583,-0.9531188657243445,0.6945748528672605,-0.4735982159585832,1.5948260379585886,-1.5087174548974507,-0.579868228945052,0.7609339077516455,-0.10681278379268194,-0.07985437121562478,4.3164868749257685,1.257020688134474,-0.11703252538038547,1.8490462862394237,1.2788224122996794,-1.8649864762336692,-1.990809520531057,3.7174185666209105,0.5679466730379792,-1.328549515609388,2.2076817578156103,1.9849172543622196,-1.8184778313645449,0.8214128411890689,-0.7708899057590748,-1.3381841786107773,0.8111536154616142
254,-1.9807057359117932,0.7543238205885977,1.277396668434828,-3.0685516892109117,-0.014434432910955572,2.8244712232461633,1.6846350842929052,0.810132614505783,1.2903429369893462,-1.199809253908202,-1.240645879535994,0.5551419391061734,0.021616304798497576,-1.1073146831254306,0.9549725195766998,0.4498110706073267,0.32847137068860743,-2.4406576595702587,0.9352232696732038,-0.15916362480747498,2.393758381012129,3.4206031073250376,0.5842865824473884,1.3255642006676769,1.3855108675495034,-0.9456786006402044,0.25690162363290187,-1.1355952693435387,-2.917216759089282,2.41016851909122,2.2058704467559926,-1.609614011679578,0.17913254667532438,-2.029532977803733,0.7926250314082601,2.0710406564963364,-2.2033212473311257,0.060790202910224876,-1.9367706326445011,1.3253949922997703,-1.5531662963421018,-2.084444887314812,-2.0433048941423353,-1.1118259360939136,-2.2893378237181015,1.8610944810165049,-0.045241669171461885,-1.5582217122854884,-0.5458218949800836,1.0151936768961436,-2.910195302502558,-1.4120582844672382,-0.9233003350644056,0.40936379034564513,-0.8677639097139537,-1.7374346411043162,-0.8187627648808795,1.4500993482033397,-0.8207502668616828,2.638582041477085,-3.175482503112662
255,6.7532448006098305,0.9010633726100334,6.970760560082942,0.23238506734555736,-8.78319099525623,0.816693672753966,8.457472526677462,-2.147941289235551,2.9947575580575316,-2.4898815078967833,4.3207805319830275,-3.5647425420328127,-0.7686015665390808,-6.871119212789963,6.177293765538701,-2.8679697689332047,8.99515130152702,6.240862052176378,-6.063040797223533,-2.5139672703018277,0.9825083574336488,-3.7742721528890857,4.716200986768801,5.394626727034321,-1.1158173994149496,-4.588062590201688,-1.7866251380685334,-5.424709376670894,4.13170682781763,3.744262357409673,4.623295476693258,2.63245475256766,-3.90032553780562,0.25619521892830965,-1.8465229610414,4.5915292659607285,-1.9521753982927286,-7.052995130051986,-1.9984755574754778,4.6439088945541025,5.278000895290162,-2.4055485676274997,2.040220317314405,-2.9572743001841233,0.4754947614533339,-3.648479945401659,1.252598463934234,-2.668730549834059,-6.5579579857988675,-0.25670482131728145,3.3669516356509077,-0.14293446100582852,0.40057521826338627,-6.051240895652917,-0.5746591015185947,-9.938142579381365,3.262444617632128,0.3507278997143574,-1.0644661529617576,-9.992229056876122,2.109833754154682
256,-0.6303738895327557,2.1980199912343443,-2.247102882021081,1.0082519391086455,4.973296741582902,2.93425904509206,-1.8835869441583388,2.759050698697173,3.0173571072236847,-2.9984309973943697,-2.3882730489908246,0.8935642681471988,1.7991459078637657,-1.0725980182987316,-2.9352857601140454,-0.5633598861593343,-1.5112012532014982,-2.9832181372952764,4.089254190234223,-2.233343206209221,1.3553359340919953,4.286449061565271,-1.9645402784696375,0.36567155958671477,1.6576892788730015,-1.2285013601170496,1.8709307085663858,0.5607588469913858,-4.47664517271106,0.46083835491743164,0.2905606001916421,-1.3377440358466803,4.6323758029433,-1.0848443072637222,3.1840708956063346,1.5903691337386967,-2.9830959234891523,4.54141540062145,-0.234401663489937,-0.49500385169900984,-2.001927789671387,-1.3794878007115992,-0.48038321853618604,-1.2500712350561964,0.5410574273175957,3.4792819933887067,-1.6119438710538605,1.1039818306345637,-1.9854317140695061,-1.6454908666766521,-4.914982140132522,2.4710442878341237,-4.090133227154658,1.6412816359974851,-1.1487363012263123,2.2233200009015914,-1.874500988200715,3.0703835358433116,0.3179688691289955,4.568576927176245,-2.735992905087332
257,-2.828762441279944,-3.3051817562504513,1.404448781795962,0.04589691581429052,4.615962103668534,2.8642798915639682,1.1742936323283204,0.4388192296007205,0.515993326253717,0.3689592023743729,-1.918543611249585,0.5733649325089298,4.560975497139334,1.77559369913225,0.11191779969684215,1.8494574419351997,-2.3202969271771834,0.14808788355593622,1.426605169473656,3.184443836065021,1.0315964284202734,2.1035592598848183,-2.909963078951694,-0.7781851296068708,0.2127354228935981,0.8063872804294597,-0.8315699732145811,1.931502295672218,-0.7910359383747986,1.0738107879267564,0.675712415001838,-0.9576741335867802,-1.4405566854989997,-0.8347934696921993,0.2676145176325303,0.9514445427847097,4.100164465114005,4.2672139567613705,-0.21802070725103084,-0.9502573646421233,0.1657828912963123,1.12745409432245,0.5599575924987726,2.4196620504206274,-1.4182338670330679,-0.6223143992653006,-0.6374709857447075,2.338720248845167,0.5413174171845476,1.8604654253494837,2.885889489064742,-0.03485334444938988,0.1355001119928992,3.1094803937760784,-0.5310469679178127,1.2175852990338367,2.3253375827300906,-2.134036611480972,2.156322546939636,3.219868410882621,-0.5693147048839156
258,2.9025501743065116,-1.6137590300737423,-0.317835822677048,-2.988578903241862,2.7362785379083068,2.223039673116788,1.3392576331220318,-0.2960431276118513,4.686526422330063,-0.4314036064966055,0.39384509623429176,2.5725332363324336,1.845453280383567,-3.626830542987375,1.3355630253024182,-1.3940652355851368,-0.3477225166278432,-0.15582504268848196,-1.2346744154894487,-2.50850246062228,-1.3934659369308133,3.384936316410441,-0.155228703721083,0.8216268450169115,0.017071775348589308,-1.426773315071937,0.843482340085936,-0.8453054912742917,-2.0624791416859938,1.695145133327059,4.302129120093519,0.06854259268381291,3.3451160873132286,-1.6142288784776058,2.05451056816492,3.706331672610626,-2.4814207635571757,2.7057718344444144,-1.8008504513705397,0.44664931081090464,-1.0881094318594957,-1.4847920742950804,-0.46570031828007413,2.1004164614221903,-3.3604698972059905,0.8422137279809712,3.699885939670781,2.2777292898773975,-5.0861881774043685,-0.9059940113066268,-0.8764210834684623,3.804289729887917,-2.17075564032145,-1.6147694997422666,-2.0205637193902737,-1.7837859749111917,0.36693278688144293,-1.7598465482459518,0.7426020396585216,1.093376184562045,0.9666668622636945
259,5.660625628848773,4.004231925444207,1.973381041872891,8.767760872653719,2.0825691440973495,-2.013745139343749,-5.41017270584289,-0.8991562301480407,-1.1009947799800575,-2.682111831602094,0.8590426365066031,-1.8309360643374653,2.3564371532338777,-0.5572081407735472,-0.6858015343005179,-6.686320496080605,-4.428613711773245,4.133232834808251,-2.105523150740117,-7.592548045647019,0.825659240339812,-0.7147910069874761,1.7788121144980555,-4.468840977918755,0.7886258946832923,-1.270601193076554,1.3420968690972823,1.8535226065183323,6.856868763941424,1.7799506084892358,-1.2788073276310323,5.306993416302392,4.991512318385829,1.838141831625291,-2.1741028821164203,-0.8094676299766133,1.3275275948216607,2.3892917981779127,-6.9957982822217515,1.5503787113185419,0.23632717427175998,-0.5009837985559771,1.0624574560800644,1.6745055188594158,8.127233299944274,1.0830138084801733,0.573243483106958,1.5805965786254093,1.7725018055977178,-1.443754049954679,2.580226719790725,7.014305956734673,-0.10745983069689158,-1.592096398084927,0.1506736993141368,5.984648787916152,1.3047251076815654,2.231255549286717,3.0155329559170028,-2.6218483852595753,1.682448579356691
260,-4.3145635695889615,1.500909150357709,-4.007206283016047,-1.9677494160235345,-2.5090856992364947,2.2855617319874213,1.3991123535116716,2.437338846436748,0.5479384816666166,0.09463444951487565,-1.0858710714299833,-3.0364068781819196,-3.3896578716645167,-0.4977578928020798,-2.568883823368436,2.79423642687782,1.7466994669383393,-3.6673091814082315,5.968002608951391,2.823311009408201,0.39087052020035296,-1.5840107724451156,-1.1385859953889799,1.7246291881675404,-0.738641094112663,0.036693216710652676,0.10302633858729465,-2.192365277211324,-3.0380503600649664,-1.6787149222407916,-1.7112341526204233,-3.681767521432307,-0.9905056798334407,-1.0188552656131187,3.334876427689134,-0.8215597745837727,-1.9426749917130681,-1.3729542191964639,3.3667994911465047,-2.307161338423914,1.1146322512759173,0.8536566049292738,-0.8303391873811843,-5.20417592840693,0.4162476162105707,-1.0710965045289662,-5.1282249566114535,2.114410848807551,0.5556108497109622,-1.447398877787015,-4.898901961758893,-3.232896955029475,-0.9183224298901826,1.9451472376710086,1.6200704249942306,-2.945377788382303,-3.0348495182651383,4.0387555990795985,-2.0337153852568823,0.9843213361615483,-6.8285178235042086
261,-2.773416002902925,-0.017024040495865575,3.871871635546778,2.3952034721777635,1.4206852100023986,4.366392694408487,2.431383372054421,2.411004375160653,0.6327008403101597,-2.681035078311641,-1.2009618855971027,-3.38023058027342,4.493989270339014,0.34423057969704657,0.11272552114556207,-0.3637515194734872,0.3386258300361458,2.503399616611487,3.337864647551025,2.341598273333065,3.6081731088769273,1.1080099610987584,-2.7600263508191354,0.15519337572543052,2.1100269302967725,-1.8988682126409033,-1.1142567944405268,1.4378852224810164,0.8791758341206006,3.642347052362204,-0.6151356963929573,-0.9794852916526587,-1.619043104312098,-0.6332754578614149,-0.7589428481848228,2.732529309486074,3.782805169392962,3.398780318898692,-2.4503485215321277,-0.34287778042393574,2.8448261213793726,0.0008613344874130874,0.5743273384443592,-1.7017415462348073,2.256927240756614,-2.5382184332150115,-5.819603346761623,4.103549548975808,0.7366561127221412,2.359962544044986,1.367707911037941,-0.17689138267242493,-1.2664620227867198,3.716051372400785,-0.6831489662291612,-1.725075454667351,3.9828370149991406,2.412733424761192,3.628710828926069,1.988919101855815,-2.68470595822358
262,4.0311621588710205,-3.003315443983537,2.1156208892240063,-1.0703285622817154,2.816164350837832,1.0293240248780555,1.767758810457194,-1.3080040409514404,2.558841190234178,-0.21281745980237365,0.25174569079797754,2.85164778401502,2.6259426931741348,-2.654105159191427,2.441166585409354,-1.6402950217450987,-0.11111361203296836,1.5958497934269975,-3.8190869452161036,-1.9922156327906122,-0.9897669761457248,2.0129407128405297,0.7705511583773046,0.8190398782433884,-0.4923658170061188,-1.025583798529539,0.7985720513215375,0.11666252120985654,-1.0001093096344906,1.5588211197275221,3.976019494504618,1.724392949470799,1.6276441212919746,-0.1704560544747148,0.32377138552220985,3.1349054919505686,-0.29049943983160925,1.6828023557891472,-0.5149167163727322,0.6823836728873023,-0.9243320294597286,-1.1240504686248214,-0.026104080139393193,3.320867262800399,-3.1128795639654445,0.6216343376737421,4.9474528541351885,1.1012668179352236,-4.82180877840989,-0.4827835268388304,2.513997710901793,3.5684940366313707,-0.7127200045396279,-2.524078459700445,-2.141010232663446,-0.9361553517766874,1.227999101889121,-3.646319265101728,1.217021931485102,-0.21401819909714004,2.470228015616567
263,-3.3142108686070992,2.5198955802351697,-2.67615252545182,0.52675882401344,3.4897105857972694,2.336629153680926,-3.959722654177374,3.6552058141318544,-0.1960370411539134,-0.9787491465255671,-1.8223610360108986,-0.11950930233468912,1.1828624439202784,3.190556616447051,-1.9038644820022437,-1.035394295907674,-7.108943560638458,-0.17257492534904195,3.3741359365336274,0.41623973707066153,1.5977162376181253,2.6288018744122668,-3.5038190975830976,-2.8741006897170114,3.733385635507865,-0.20282661101269844,-0.5083633608370153,4.158283602707445,0.46667543971067366,1.2742222882138163,-1.8462795463304538,-0.8189804568929058,4.303459833795159,0.2520354347781421,-0.37873327634301934,-0.9816771780926465,1.371888102413792,4.554363132047085,-4.951086066207735,-0.651432428765011,-1.5299209173804396,0.6701569847384803,-0.11265378049987107,0.10903324480281705,1.615630619433408,-0.03361323311555908,-2.5013948599560036,4.349201497509907,4.027023708591198,0.9585311699733066,-0.19061944892007077,0.6438332349885538,-0.7505840268711172,3.7776159081988467,-0.8299227204220077,3.7814495702915787,0.21275405716571952,2.5435974871775486,3.603088454837185,4.680599056163326,-3.3413124831720555
264,0.1160633867062767,-4.266207520541507,2.1119575376749915,-4.837088580079825,7.04629019677478,2.725614954357677,1.6793411041424744,1.2686094653820237,2.4861560647386245,-1.1806825889209756,-1.2637044875585552,4.812991085382903,6.4810317713207475,1.3114208737766484,0.5672164914444163,3.9632423170017805,-3.4169963730941992,0.4768746439376945,-0.9363665233053765,3.9244296520187385,0.27977367750826876,5.2702693039902755,-5.733043291810286,2.649964107763825,4.0176098058820005,-1.3447969175169412,-1.3172258747582706,5.386843447843937,-5.797593652513146,1.986308459178008,1.324474020642415,-0.664937303346967,2.1384227366253987,0.49823528561476704,-2.752651554264956,2.781047515386647,0.5077080634494461,6.752762364986289,-1.510731700861728,0.20598956777994415,-1.3668135300425452,-0.4941224316825118,0.8209014167346369,4.221379570466155,-7.13755959471673,1.773001128049548,3.2877023125133986,-1.709735444525586,-3.3288034203078585,1.6233184482624319,4.494717350000125,-1.025440934438443,-3.3553820243073096,2.91975320273691,-3.969319344280235,2.3419933342111285,2.9201381405812814,-3.209108572458198,1.423092788805984,7.003291660682712,2.704914459409085
265,-1.6566524963315905,2.809993434544138,3.733862771302963,5.55968266045644,-1.2614105048361104,2.296578860771673,0.6769299824184485,-1.490289418987528,1.1696400366974304,-2.060750386859424,-1.5044650577375123,-2.536536197069203,0.468559435750936,-3.183460367055509,0.9202972080830313,-2.8088789904171945,5.064179298311001,-1.7145057753511075,1.129030982114112,-5.770132218027605,3.985093896799702,0.8809338250556306,5.313873702602571,-1.336592297246423,-3.402313925929473,-0.7157832439956787,2.199986024344743,-4.225645620246213,-0.2378267509054529,2.958539718678962,2.4101138406121785,1.7132977724378124,-3.763441539589761,-2.958097652459295,4.097593804908566,1.2411222402226079,-0.5246180902937241,-2.2362199223396426,-0.9091453395999969,1.2707356815617274,-1.0537150746776316,-1.9864737282176872,-2.2075887315868243,-2.6875976818161376,3.88447542898452,1.7205316138412126,-2.5835618595349037,-1.6177767672885432,2.1328651965021184,-0.16599644932614377,-6.282935756840216,2.766024560059103,1.2748688745896628,-2.2295195095973894,3.2119794067524063,-1.1867150427050437,-1.6421240453659434,2.200636064613921,-2.4038577577961795,-1.3620511679236114,-1.5253304259658038
266,0.6021188078461273,2.096190925851453,3.796110142477213,10.138503759891355,3.5221410203982377,1.7330464329176072,-2.730689776945461,-2.4937048292467816,1.2240360778473682,-2.1267152094784323,-1.7133953662721273,-2.0252856933218,3.4867666078500994,-2.2771806500594165,0.06580244597904378,-5.537963963779619,0.8661658076608466,0.5264149647254395,-0.4253818037623804,-7.9580275322428236,3.5134574341790175,1.2749932944382913,4.415757076036697,-4.47524888638605,-3.7630317461591316,0.30274374734424536,3.6842155300099364,-2.088481250508079,2.1474568777876546,3.0282484711211204,1.0676765642856823,3.70991837547253,-0.41937284161907845,-2.0133066083669564,2.5199799333401876,0.9089268326016055,1.9436235468130354,2.602141063739111,-2.748109003864761,1.1675731304591166,-2.419567362423198,-1.2985712584528626,-1.4874835896938075,0.5786386330723656,6.251357119449037,2.5337345991807476,-1.4094643536347562,1.8839482380028378,2.347197145155889,-1.2124014977348132,-3.187174905378429,7.472107127494835,1.9765478468479514,-2.2649972752962104,2.30387092289919,3.3133689662235923,-0.5360969318478029,0.6805264285554811,0.4944091446052243,-0.003900675290236983,0.05634813225820645
267,2.5350118284778986,0.8433530893259928,3.812679560951684,4.836716081345871,1.6083570508905471,0.22175968431729245,-0.27562422444499146,-0.08575255510952752,-0.23511837586349055,-2.4003585655788857,-0.26289635227952735,-1.247711152487962,4.407078563390349,-0.6311173377804413,-0.033640329026455834,-0.12167301047133217,1.0280509003427387,2.3101854442921046,-0.7487128638181637,-0.40189799594315834,1.357780061696941,-0.5719667570403563,-1.2556946941020686,0.29206606640318733,0.6940716442643453,-1.1565691201042687,0.2729534822291061,2.217792789706051,1.728065094188626,1.1927340245006093,-1.779004693822447,1.9572747318298085,-0.04703989586455784,1.835157141586385,-2.3181818245531436,0.32519872141008305,2.00082487713865,2.0190263124851597,-1.406648179157226,1.5476705400761959,2.2152495768071763,-0.17440608612495728,1.9375958612576987,1.2251740105369695,2.9048349298308267,-0.4193840301016617,-1.0038131418054248,-2.5951834101532474,-0.954822424849838,0.6643630699028196,3.3610322392239884,1.2453390117712773,-0.5274241077382389,-0.4646767940003559,0.49087187362066215,2.254830221731053,1.9816029681501448,0.8123090510460016,0.19045260252912805,-0.8886760220194285,4.205751164494934
268,0.49643360048539636,-1.2672973624544275,0.6226433779697401,-1.1337026458121298,4.96443886780106,4.849125221946572,1.5044454408614756,1.8643814641213976,5.276404091699215,-2.2599764383974317,-1.407068365194644,1.537596256684417,4.098506702954265,-2.5769162892646253,0.8138117388165735,-1.2581406068906271,-0.7706676105705282,-0.7481741250331702,1.4953342818353348,-1.7793893262906548,0.7409576457706657,4.885317790010796,-1.1126460533022455,0.38962177199719694,1.5702214597049153,-1.8894209144330367,1.445407990310979,-0.646540820629722,-4.0759523302927905,4.024599498048726,4.474787448265401,-0.4873157569851139,2.055895000613613,-3.076832922239226,3.1866491496949285,4.60806412109547,-0.5811143959476041,4.060819091712483,-2.174253039297094,-0.19834921755794893,-1.5902346979686683,-1.9501275427382834,-0.9146655866270452,0.8846818408546828,-2.316958973699497,1.070738913090509,0.649063334030128,4.057739779878948,-4.334228714166734,0.6647193391509241,-1.8964225954329808,3.760980985395721,-3.2984607536746244,-0.48389493982000287,-2.5035560646428614,-1.812461636264986,1.1306520269253677,-0.40886201095220603,1.974918423702742,3.7649623921399793,-2.090561412246749
269,3.8039680228789456,-1.9045874114670884,-2.32256797843525,2.9967754054346707,-1.3500102950997197,-5.8939484640367485,-5.199412502378176,-3.216353881124348,-4.576565831712347,5.449613453318259,2.2021235369405923,-1.689328255380992,-2.7673297353596786,4.603488134949551,0.06821242580400455,-4.062488583594538,-7.324247658200704,6.064599496302765,-4.171238624879894,-1.5200008355422756,-4.09628762866488,-5.689766611919022,1.774803159918976,-6.684219503207018,-2.0363326139159756,3.05959666751921,-0.9724796250033843,2.1134224679044977,11.169339931403618,-2.6616694310886087,-1.045841307863979,2.9689969805522534,1.1892226842659266,1.876226556173805,-3.3576369840495666,-3.7410582666040706,6.535204356168241,-1.359235898732987,-3.2591305123651493,-2.387023815741006,-0.35393012812366637,3.9312635829231586,0.9736526455683168,4.499658157825209,3.1067727005318746,-4.454352852829222,4.750093232291823,7.336283584134354,5.894079391890483,0.4764711201261644,7.866237370970473,3.393585650750301,5.2856118263784815,-0.9785283541200394,1.6484653707878894,4.25724962602169,2.7304128519628583,-4.742444168302419,7.17236561656479,-4.279696899036754,3.27941362714684
270,1.0793370385017562,2.231209675487605,0.7395368996378131,2.4548027644624435,2.4286332038694773,0.30711443505144576,-3.996074881363375,-0.003741992735452726,0.22712161924692797,-1.3313007306200315,-0.1590591350253694,2.3865083552763644,1.7822062727088017,0.35187241816615467,0.07093384680088842,-2.5133123801749533,-3.2736160594731136,-0.2645752620089645,-0.9075976168556192,-5.899361170057654,1.633358278601356,3.327433672766191,1.8729251335827346,-2.654887050773152,0.9484869700812499,-0.9659671804277574,2.0363357031256477,1.8979052830264698,0.4141969327912262,1.3348259497837713,0.9175440450612249,2.493111193531206,3.6179179194424704,-1.319529265546568,0.28026655639518655,-0.17393787995079785,-0.8279985863263801,1.8778263384606864,-5.091212830636494,1.4590063526480048,-3.601366651835208,-2.0517989693394214,-1.7599109925746206,2.1283612266331744,1.0328275686784025,3.3886590233350757,0.7283983046778306,-0.7410462436391665,1.6200852301693973,0.27711978827160566,-1.8592726239545025,3.8742780745931817,0.16823774831766466,-0.9353266842967193,-0.5959693095602454,4.475081678406188,-0.5929861256479747,0.14413258743926705,0.685937504359604,2.9677567906257756,1.735923295472961
271,2.670624333084163,-2.2767648828082057,7.093549393170692,6.384371719260679,3.2794576407633715,-0.030031745012685976,0.32175463036235963,-2.3796046463213374,0.50350377314213,-2.637415438396026,-0.749723476264013,0.38827454174082465,6.371884333886078,-0.8661122443315017,0.4450075023783967,0.1510766636426318,2.9574466692531134,2.8613795661099832,-3.7708560001097204,-1.7672788056035804,1.9753747831288018,0.7916494004176625,-0.10341014325046838,0.8101616767682558,-0.965876198160329,-1.3259532555098423,1.4550406656585007,2.199135587423432,-1.0513825088825843,1.9168954415584762,-1.3306561734432032,3.5577760299189216,-2.5039577114529257,1.9974994129168702,-2.8432515947065786,1.686445888193541,2.0103353066045377,3.575286514353137,1.0271107764953453,2.394768813960843,0.6873911449493153,-0.5537297115356677,1.7729674266642992,3.358687819503388,0.8327108212023775,1.8139665472455286,0.7027272794792964,-6.6455535310617755,-1.3835987187202543,0.06946956928089937,2.9238850717418594,2.294842120383212,-0.18312832782294036,-1.7333175666987715,0.23433293995451002,4.620205644919335,2.5282452267263955,-1.6404535200618469,-3.002295181087583,-0.10578592926647533,6.08724077562174
272,-1.6298944852458166,1.5172451397759381,0.17068089596830704,1.334298328180446,-0.5234485730022079,-1.9382078836921368,-2.1782329736756525,-0.4234917936116789,-3.119648785834019,0.5771127427505414,-0.673537923687523,-0.3623782028264033,-0.23362599443836932,3.0067548418903742,-1.046411931784534,1.3258722134657144,-0.8478480623502157,-0.711041593050584,-0.04297623348887955,0.6307358843437307,1.6840780505953712,-0.6664077251894032,-0.18509952599807103,-1.4727382843824501,0.7682088745080536,1.6353918829391176,-0.538023329392627,2.005762515028855,1.7457380171724326,-0.9192447519453731,-3.343936545179142,0.8244415341451994,-0.4687369718477905,1.2995479944683068,-2.3385647899788244,-2.9399709432061307,0.7859224447709143,-0.3937775903873804,-1.1130471585902109,-0.18073172888852856,-0.7991669478331476,0.9761616874315544,-0.453958934021999,0.664099391869209,1.2604443824752178,1.136816872907519,-0.7174813601164537,-4.049637918439919,4.393006977027949,1.1257199214010352,-0.5728240025712144,-2.522601113249763,1.1635128075628762,1.2633693849088539,1.3626376536425342,3.541310229309598,-0.5026998791899626,0.6521698594023431,-1.107969249442901,1.6071893669673551,-0.04173463064144545
273,-4.66725067475267,3.6670229328553763,0.3552469007832489,-0.4512032372772243,-8.62179925154891,-2.9328755602206726,2.878911220960452,3.590542106507087,-7.610386233458847,-0.7842015085276748,1.8006187855342932,-4.766490336740207,-2.721693027826925,3.9462555622769573,-3.4626337595027796,8.337908061431925,5.4013849150901505,0.9663759800087148,3.9364935053310695,11.25905583961916,1.8789001976355062,-7.262293352160505,-6.601887893504499,6.322964319127337,4.075566191767226,-0.7191578506110534,-4.339073708215648,3.069379893790336,-0.5429404445444643,-3.8494415487774996,-11.029369593876769,-3.6035647893174465,-5.625118971304437,6.502637305681865,-7.012826322295349,-5.762213946053704,-0.5074253890159458,-4.3143780516326995,5.766763325910746,0.42526488873838697,8.173901412730764,2.111954341490112,4.218755558377726,-6.153534896714922,3.096781037931673,-3.814149962892066,-9.392805172801426,-10.256611831606733,2.861325143843626,1.6550179277646198,1.7442017641711305,-13.24368382983827,-0.3399575034120935,5.306110136787302,1.3997452118498799,0.10276677329947423,0.016435125635286103,6.621447989760618,-4.910300722988812,-1.737539064391485,-3.5127025628418083
274,1.961795506806886,2.7279525778461293,0.20416611690444297,8.964958167152751,6.330174466190879,1.2901385842810709,-3.6373605824738653,1.7622112158697183,1.0207741428822006,-3.91332521357099,-1.4269269428033684,-2.82627829437866,5.049962480037481,-0.6473265710887623,-3.6152978149014126,-3.8268452843289884,-3.2045960031857965,2.331501543502402,3.4676693821950573,-4.2686317818347,0.4845276157320143,0.09809445643253933,-2.696058401677224,-3.214955797290818,0.4178946900302729,-1.4319792314088915,1.8135933965908113,2.086384174122081,1.7273249196172136,0.07010017054804096,-2.8304238449952317,2.027289736148172,4.722822408522118,0.8343529716588022,0.3898916580508271,0.42104377728389775,1.8089221535827833,6.972662738302779,-1.4720746266334457,-1.076693722690723,1.9311378074780212,-0.3683918605695802,2.557045600363103,0.2949392661833684,7.588553590230191,0.14547844332013782,-4.627982936201699,4.349396502550636,-0.5239572539548694,-2.4235805584800323,0.692310624228389,6.41036576543406,-2.809162145404003,1.2602870974308296,-0.5423681719203876,5.820696022164262,0.5428764723545831,3.4811057112179924,2.6989275234852683,1.5291526482653466,-0.7114915088583948
275,1.223578180841973,1.2237794061759908,-0.9735028070772038,-0.9365325761455432,0.38666317077721335,-3.27561597888234,-2.2818572037818035,3.3333499342084383,-4.802813674483211,-0.9294498078052613,2.0253208728593086,0.01510014268549495,1.6647630993130722,4.866653598687801,-2.8947262906950475,3.279975406889944,-5.314150948815559,4.266246602235049,0.37008330702765735,6.273156451606567,-1.5854201744028316,-2.2508536194505635,-8.362729822358467,1.4428375045680348,6.089482827087777,-1.395831494565834,-3.763233237501594,8.083446765419627,2.0662079584568445,-2.8539871869934066,-7.765351032244795,-0.3437742985338602,3.63662140304752,6.859189369900302,-8.328595363618684,-3.087140005368959,2.3065291521336757,2.645991079026908,-1.272668393412968,0.14613450298202724,4.542107809075892,2.7816280415025343,4.122697867164399,1.9147964522881207,0.7608019480040117,-1.9279090794269838,-1.2664230025245324,-2.8890198192947993,0.3085362335916055,1.3009651289521436,8.287705176632112,-3.94087204399396,-2.6441705304473033,5.311600348521952,-3.5560724364363754,5.309411729351545,2.7502136548250946,1.935106839730167,2.4397352350780777,1.0738978064128888,3.5065795663054686
276,4.972619518750139,-1.4006828617062774,2.5687297949522843,-0.15715433519298536,-0.3395191165970192,-1.427699525222883,2.0372622774651536,-0.8246615312939396,0.5329889754281127,-1.9188122079273635,1.6963671521534438,0.5384720645711216,2.207269233428173,-1.542066176647873,0.5908841844570278,0.2818005568253461,1.6305257627076708,2.5074592258386597,-2.6599084136080786,0.7108253016295516,-1.4338738316603787,-0.9839903436232685,-1.6658481049570777,2.2672238835943195,0.3795303703083059,-1.9490697780898654,-1.0196933465207296,0.33888764833844137,-0.3591729494944459,0.1275272327327611,0.4250208028114428,1.5893755251343802,0.7923315979140572,2.2459634818479985,-2.29647042878949,1.564051787211393,-0.6722343476923469,0.5287581839382305,1.019473338254578,1.1239895126340311,1.900977993594037,-0.36030003357151635,2.5053245853587987,1.5016522248499435,-1.2054696033677665,-0.730475207421998,2.1917427596635597,-2.976630985075271,-4.682290229160827,-0.49202516622191295,3.6122284638716766,0.812474087571782,-1.8991865619500816,-1.7707349428133201,-1.7886704168661764,-0.17419699125982108,1.2727607481652434,-0.7837835493430307,-0.626421756096311,-2.8601109297720932,4.652654769395252
277,3.955288007719641,0.30940062364312604,2.4100543393428078,3.5001546361367692,1.8899655624481293,-2.3428545664735396,-3.776896748363736,-0.868862606676226,-1.3132169397328057,-1.1346730942822927,1.6423143437792613,1.6940307361635698,3.1949725187391578,1.1391675810580526,0.2337990494017605,-2.3349496884838112,-3.756081623207523,3.405759721319663,-3.7653224398872354,-3.094307808517558,0.042673683289811706,0.17796979990093884,0.11297369534180923,-1.6505162063830405,2.0623848243385168,-0.13557270461371806,0.01546944953017633,3.290220042007932,3.163812296406491,1.076923679087958,-1.022870615479384,3.7559538760847153,2.766403079120016,2.156689389137808,-4.262138071278786,0.10035347794174854,0.8310873699817168,1.7788124984642526,-4.603933445802648,2.257802026237987,-0.5745856271374916,-0.4775002305538438,0.9745176193300558,3.798889845033616,1.1735499499133193,0.8642687152365944,3.2258157798438463,-1.910054874114267,0.8793333851750412,1.2478768046634365,4.51259251148984,2.5796437151195235,0.13236379547393418,-0.08472312258848891,-1.1626109374991145,4.839402008131073,2.6069981549892924,-0.8215714759548222,1.826757032059374,-0.7837910906464862,5.100504163517451
278,1.731080924857981,-0.8102309730482383,-7.021706084294188,-5.465854334914636,0.5084369689653435,-0.5237746802285244,3.1853118203020725,3.163457471995902,2.8608436699180966,-1.298639686637625,0.47770083851648537,-0.7557005016828544,-2.303346094955594,-2.9597278127966735,-4.365671946355769,3.7245364034170647,3.077723699862116,-2.4889699739451423,4.0964215488813185,4.016266510500884,-4.582206074246124,-2.3580065781499338,-6.191055440728405,5.38534539286948,0.26150850958653815,-1.6999677848871302,-0.6842873698864734,-1.947916895650425,-7.261544930330607,-5.394242192416503,-2.204511432878054,-3.383207660061185,3.3350216060212117,2.046805825431849,2.9161281961965138,1.1264396573606734,-6.2615040887949025,0.8186842980153742,9.989289956663528,-3.4051695712531345,4.517146682784334,0.9091258586054561,3.195281010657175,-3.24339731475077,-1.3923753369948177,-1.2276133087108292,-1.7982539490117169,-0.26124808125637367,-9.0727931491086,-5.163139519331382,-3.0402148360023316,-1.0442149984420839,-7.248380518339657,-0.03580985175489379,-1.9516060445155814,-3.1951599718594283,-3.465071728221138,3.238719761747414,-3.4390145003211634,-0.9609562287619176,-1.5850699633811869
279,0.4869285824423564,1.0896560395366466,3.9997427484317862,4.2180270263617645,4.82451434538627,1.2119822001915823,-2.9540150271253207,0.6004537213594804,0.8517164251639101,-2.854446171638349,-0.4421550820391713,2.162106579051933,5.386914195200192,0.7783180767010036,-0.5238852942087192,-1.5215959167376345,-3.4480552931035096,0.9790808306743091,-0.48216418333314887,-2.852569086869937,2.8164987868005325,4.109363021508741,-2.317149679200128,-1.2564353796813177,2.380263084026015,-1.516276390023755,0.9662837331263624,4.436423861227557,-0.7905365085059548,3.310152384599359,-1.2447518886992248,2.170312530976403,1.5959129974139574,0.720519165534504,-2.1830606062456552,0.701878867961499,1.6378869472007933,4.774476961609944,-4.910539459991856,1.9573392095148874,-1.7034484849839397,-1.8519021170680916,0.2279673501168256,2.542134244534775,1.1726482749770755,2.757093818475714,-0.1671722739246782,-2.331258294957839,1.2771804064257448,1.3701370971840865,1.0273824050364595,2.4355207616960044,-1.2788309871112722,1.993379121738304,-1.1482040254574222,5.138506676942988,2.1759428957018216,0.9218631309476091,1.3040890037214132,4.149564538685026,2.7974893826770346
280,1.9590943481197496,-2.563475463443024,3.1400542590955265,0.24149184047245392,4.766551888799453,1.3672153866095669,-0.7761159369124606,-1.939258722488006,3.1085072291225124,-1.1739621207184021,-0.6652254009040841,4.297363070879616,4.237964715011396,-1.862966263450751,1.8670299440699487,-1.347262370666343,-0.7755347919643161,-0.4162394355988375,-3.4053583660781506,-3.46220143329499,-0.34742588468036484,4.75498896708077,1.4048817223047678,-0.118689713891035,-0.9859818149397522,-0.6358580035203137,2.3163803776689673,-0.024004743514578764,-2.6236596346376233,2.377336299845249,4.499242282112004,2.5372455581375117,1.4416579815241093,-1.8361932382290764,1.229272606273916,2.190603899040608,-0.1507629618272008,3.066057983567267,-0.9727661245732399,1.5842779309115416,-3.428287640111025,-2.0985966798886735,-1.4344108188321845,4.387784878805582,-3.341157605515576,3.4788577470251916,5.898556855944189,-1.4705757275663276,-2.2942214418475015,0.37920136203500937,0.5211519031705403,4.492569899950376,-0.8652439609308202,-2.3402507076544654,-1.5346061265437496,1.765290562829028,0.2705563703083619,-4.220470791002643,-0.08775075707532806,2.53742920558635,5.995257148570022
281,2.181445176517251,2.974564689450031,-4.9761183255317585,-5.168934668397409,-3.3220846404302313,-6.053612208205201,-2.0893078575023276,2.6226150364564655,-3.755428306892697,0.03781029662649979,2.142810735667843,1.9492341949148353,-3.242256421946174,3.1315700942759306,-3.0191256169655385,4.3090796396353435,-2.1459078154727087,-0.301577193884662,-0.19351311070363708,4.382470555355366,-2.498198244482173,-2.060391554740657,-4.939046524022794,4.414192873258244,4.595364107510419,-0.6523847591092419,-2.5176179160987604,5.3816951742556425,-0.8998784150444419,-5.105188649459899,-6.618533175385251,-0.27662434100259026,3.894683008455679,6.852269031896858,-5.865516548607381,-4.537988840348817,-4.842591563425301,-1.744869483449047,2.857231681590277,-0.3524119749321621,2.657199622830956,1.2795638654969683,2.8708909160363647,-0.3573328791529723,-2.1529274480826865,0.7529509124857454,0.8224233484342289,-7.557531831269251,-1.641963345417376,-1.0727506930709614,2.0544791879327557,-5.997641731484649,-2.7254454657096034,1.4083215439259444,-2.404687662790612,3.5880509734361747,-2.020964045178217,2.562597352142769,-2.802128056703825,-0.44448481468301054,0.7408262632679807
282,-3.0929333022046315,4.435198492844646,5.959403080385218,3.142291550110419,-5.476422920360879,3.0548812990868663,3.0219384758953565,0.37745028020094257,0.26623743998352634,-2.6118086573626655,-0.291042095718661,-3.6086920562724965,0.7475724837379198,-1.7149108752698918,2.7913224449031753,-0.915935507698119,5.0642127792734275,0.28676115257878826,0.05717155600935442,-2.2982904799313197,6.174847967799655,0.47174521184073276,4.139204306990672,0.5871036404540151,0.7925417173216063,-1.8309287637970795,-0.0797527589117964,-2.475976232847155,1.4249429100331397,5.162004847294235,1.3233198400926383,0.5404323807630043,-4.3984083251315385,-1.492433226710693,0.16613255040611125,0.6009165069656597,-0.08063232123304709,-2.7905403997127394,-4.697271455876098,3.0844983523035197,0.5729194718164964,-2.152122448243348,-2.2671258180450984,-4.157493788355992,2.835660941134406,0.3353248027858353,-5.454989201716132,-3.693417775187424,2.7013412255762828,2.252520859031424,-3.383085372934627,-2.4411749652899366,2.1085007914684417,0.451978759765144,1.6765906920169575,-3.2943618388079643,1.0462200892345968,3.8546844665658813,-1.5668661684898497,-0.9597635054255207,-4.115083370307356
283,-3.228643135989989,-1.5234772032712083,-1.4149813929554427,-4.127136674886646,-0.5875906641969634,1.1413458086856239,2.553507777729517,1.5472148077838264,-0.8379497407158558,1.079598444653535,-0.662655691779539,-0.4669399485697398,-0.9878656191556916,2.1877831484255763,-1.001058688173292,3.4947999666084932,0.8905510934344996,-1.8706720581722671,2.7428364910621736,4.839309618185012,0.3638227823727086,-0.044037523118751684,-3.0065989857223325,1.8475115245848563,1.6366804670287483,0.46762666997835156,-1.7957470504435953,0.7570026515228523,-3.115242321598638,-0.6883739651606623,-1.7518369778237162,-2.535625876362227,-1.7018467527320897,-0.22176501164884088,-0.42880379010146,0.1307737821246997,0.4888418378916339,-0.054799747645748936,2.4908731406210363,-1.2109679173783532,1.0196095279673563,0.9043810379028331,-0.7370068813455051,-1.509201935480093,-3.2830248848220345,-1.7384391031023865,-2.2028977447900204,-0.26054369349325696,0.023723315210571153,0.9809718689170996,-0.37008520683768525,-4.858726882759755,-0.7642742192643188,2.6841714177257208,-0.1104506327477554,-2.329698052341827,-0.3624371428186425,0.4410223919908548,-0.3706394003263732,1.9162031300980875,-2.34718423312538
284,-3.2561514765415254,2.1949490340693636,-3.6909014667761335,9.255128379737426,3.8252771460331854,-3.3986855143391246,-10.580586337399566,-3.849750950373827,-3.443244890993084,4.129250664692358,-3.4085078937549134,-0.40576637443732816,-3.0424609892971386,3.9604191625151826,-3.2698319409583814,-6.057914231012485,-6.057467615856126,-3.1178368487084835,1.7044995151117255,-7.55886894800648,0.15819631052804808,-0.6304564655671291,6.175956507088802,-11.144803756313808,-5.569852356073786,5.585384298613328,4.890884297503247,-0.410725731350247,5.226459699152369,-2.431314919114934,-1.322674419016444,2.135060839656911,1.0124278069205128,-3.1477259944937646,4.710396557704136,-5.726647660041819,3.821151697704632,0.31041893578896,-0.9319825479669153,-2.767707324787934,-6.24491557966127,1.9221144039759739,-3.4486963293158883,2.7999046417684306,7.579136581862968,2.620289635758758,-0.07869271865710048,4.708538971414798,11.180704323648476,-1.6134239150482457,-5.561649280453317,6.660891085081821,5.580913742665076,-0.8459481614687163,6.201490557946776,9.133629254085163,-4.283915740869304,-1.9225023474959555,1.6072485903444345,1.4369192764907393,0.10860688018457898
285,-0.9517926589806154,-1.2011678400377128,-2.6386157424396237,-3.229528864255831,1.7275601244243968,0.21732527973972357,-0.666275760295271,-0.498511747836743,0.293914232202786,1.384718111776511,-1.3541600914188898,2.4939789065643296,-0.6452894293099967,0.43773521618812483,-0.9065918313480528,0.44706364632697837,-0.7446167065338758,-3.0588364921353453,0.5310303409531185,0.15624334543316123,-0.8011263195359455,1.6033319021376362,-0.29971800380813873,0.10289208367936106,-1.336829093812458,0.8440903375573989,1.1904674403983229,-0.025259942772000388,-3.2874710322222054,-1.626124088036701,0.4543362714942263,-1.7179700358500885,0.7951439206919405,-1.2841422701503982,1.5125265395538212,-0.47772418787935383,-2.092833654659681,0.6871774011981293,1.7364760266603603,-0.8361089446306056,-2.467362898934718,-0.2725446228846864,-1.0632276316230507,0.49813778028955863,-2.800797523697816,1.669587860937845,1.8671950536168953,-0.6264260695265138,-0.6805298086358832,-0.2544532537807004,-2.451467084127744,0.18912902643457524,-0.6403809306732126,-0.1031249860393823,0.00045393802150967,0.3342264275564617,-1.9082109911671132,-1.67313231096932,-1.0737658438177617,1.792589334474294,-0.06215233353860347
286,1.3701700764703693,-5.70321698246388,0.6554225040661672,-3.769612458371133,1.1849689106825894,-2.0187659201308903,1.0374566475209657,-4.6984035727780675,0.4107304644882006,3.9535586428882454,-0.005322558776305039,4.801685676242948,-0.6230610732346709,-1.1512167805418954,2.122230942805955,2.0184130814472665,1.5890136842316271,-1.3745116920965887,-5.62751668912535,0.37562360602605216,-3.386582642327159,-0.015294725775369,3.228169756374759,0.9793655050100483,-4.5627983542782875,2.9995199207034138,2.018862630701465,-2.0872078927123736,-2.423404369816978,-2.209550419517251,3.628825618868467,1.0059589192701088,-3.6762464451602357,-0.5760711585246652,1.085538057069614,0.03789587443420514,-0.13079147209437736,-2.2778809583508535,5.374092767847742,-0.2138641060324578,-3.3371581339162946,0.20488771612286671,-1.147442619186496,5.017173814332844,-6.274317560088671,1.8059247095135298,7.916792176411274,-4.546071907503571,-0.9914998584013825,0.12677973682625532,0.12134501966862254,-0.5082211137448496,2.234207236196242,-3.3491601914025138,0.8389218258817253,-0.039243788470232605,-0.3696011747673081,-8.435719168048387,-3.419631236778941,-1.1346036377763231,4.6064567039122775
287,-0.7807236214497446,-5.402366976155186,-5.455877757044849,-7.373284687846371,3.3558207865139753,-0.9077671180235549,-1.4526795776927341,0.23085162792230407,-0.17949505247159744,3.8327987809872957,0.762317255727132,3.796714828910671,-1.813726891257633,3.746016683264694,0.7563857715546307,0.07986844109352731,-8.867227706718728,1.082424635801544,-0.9799682995780893,3.068290794257326,-4.654351772680076,1.934552392380798,-3.0934642437438344,-2.908269233607195,1.0974096366564363,1.9675864090377042,-1.3339147205189243,2.825614124092683,2.2168267980806027,-0.8209296211442085,2.6599547626054187,-2.3305748689715546,3.875482113678848,-1.2189869805216729,0.07555754417572011,-0.17541541863378646,3.39465513309608,2.0527747424132836,-2.488090007105325,-3.3104088610005045,-2.386594211345707,2.030474051690454,-0.28091787859058515,5.144229474092428,-5.233763462477964,-2.4468932662647673,5.897003820841546,9.867090616024203,0.9173614163050982,2.295047457151992,5.024106444141871,0.789060157658562,0.7791161229066184,2.187224408902511,-2.117551956459983,-0.7440161643482159,1.64389846991981,-6.389863667479266,7.121077734171146,2.3333459632938753,-1.162197620606158
288,-3.857209227398925,8.327702603364079,4.245538559361203,5.892030574571245,2.6216639303178337,3.075594679847204,-3.866322645946096,4.13196373747128,0.8034073576820573,-6.132750241400466,-3.2376452936406572,0.5992940569123859,4.289327563457102,0.1400907716207781,-1.6117611305594626,-1.358095381174678,-1.286165027154684,-3.113020499557818,4.734992859728525,-5.022818148292874,8.202835779660584,6.496064100181705,-0.8581315938512404,-0.5248217219036622,5.484575476589228,-2.556151210167924,1.4922312569593932,2.731929045029333,-3.3793684484978805,5.196699920662177,-2.4913254781199217,0.37445463269717516,2.9340194914627395,-0.32815437244644646,-1.095737170357979,-0.38302319461482726,-3.183001732729589,3.0977867262801206,-8.450399386122589,3.759272573659161,-3.268308595164208,-3.7530361109518955,-1.9991348961697963,-3.3643134195183118,3.987722911602563,6.659828866446709,-6.823376597141537,-6.37915440995083,4.077725661729076,0.9876143809383884,-6.189114476679451,-0.191254158192218,-2.6333863748858257,3.5717773953328704,-0.47832384313117116,5.939546478055139,-1.6709504156133488,7.685858009184337,-2.661459159159217,7.4824612391097585,-3.0827835124824325
289,-0.15047417378969424,2.1423509872479958,-0.9826872837400585,-0.5470837637750652,-2.8575766639823277,-0.5585918567388483,3.343289438166459,2.3397174441489534,-1.239666784203293,-1.9176880200260034,0.4894719043485006,-2.4004963349805357,-0.42832115053182107,-1.5848112227077717,-2.9653352943582623,3.9010104024542285,5.655072246138451,-1.4013989322451743,3.2702231079493504,4.363308392064548,-0.3133492083482001,-3.326676502982693,-3.7859479869432344,5.48747350042361,0.3180139173811056,-2.1510347333077267,-1.4197476187207825,-0.08616193623083765,-4.070987579892747,-2.936582836386834,-4.918536207267926,-1.7216704537896073,-1.5590552062090968,3.4468156151835254,-1.6937103012493862,-1.2975513669261622,-3.4923196537931047,-1.2570252938831068,6.463455972152764,0.05579682002767897,5.325293162720256,0.47743369577960904,3.370528810889523,-4.160783017095869,1.6462656427164974,-0.33917212776297617,-4.973413636772156,-5.927647854000734,-4.047589885569263,-1.7548653543462798,-1.4980376839259284,-4.857421054201392,-3.826558406478277,0.9431387025920186,-0.13690244388505335,-0.8100263167650446,-1.8377472933018637,4.8809140382860425,-5.761753052453454,-1.4494574075019446,-1.680664615916724
290,0.35701951466224935,4.378047115783988,0.8396511570161016,-2.037899949688283,-1.03037464037833,3.7537562162153386,2.434641426606295,3.467206355802768,4.322757356518773,-4.553065936631043,-0.3988407567850003,-0.16295986988278344,1.0493471571499988,-4.056227781266135,0.6393514712648825,0.5524837043725489,3.4971303493061208,-3.1795152047481534,2.96298296635907,-2.5057747944491746,3.5173194659527067,3.480023563919224,0.10138674490461223,4.8922971243131945,3.153268717315507,-4.176468761684901,0.21789842425742173,-2.2242032182944893,-5.17799873660716,3.463756994326082,1.902304302146641,-0.9557374890589156,1.983504955002859,-0.6867457651024358,0.9854476620406578,2.642958407910959,-5.788677825089783,0.394480328656276,-2.0613413973821735,2.7149037730547767,-0.4259517493627934,-3.8035573222015695,-1.293824142794246,-3.960647435222126,-0.8137335849081472,3.0895702484548604,-2.9580561414905397,-4.041105605159467,-3.9092900578403404,-0.2684754519900964,-5.185063955869566,-0.5899858806060061,-4.265506958009191,-0.49824693251408675,-2.4601566237168773,-3.0882114010297226,-1.752125351343547,5.3161314104412325,-2.987220657658124,1.5864056306349432,-2.8325523824474974
291,3.5074310659828223,5.0570009957120545,0.21267067066645334,2.6937643309608443,-3.3443755449985053,-0.6774204317884583,1.484707766508022,2.694573368932062,0.07193861576342345,-4.4488924443065585,2.584911362798032,-3.63746942736724,0.19452010673136358,-2.255683523168583,-1.4096474230101037,0.244030354872189,3.1025624786937844,2.330884672981804,0.9194629770889966,-0.07681366957053076,0.7580370102666601,-2.262758088266387,-2.349627896687969,3.8109041648695414,2.3519747629217505,-3.5676361639024763,-1.9887851365584064,0.6941004550302293,0.7374764879328938,0.16187443109910488,-3.887524517667576,0.3634811694598047,2.311942035961582,2.9825187490426823,-3.218304705556294,0.36811354814802144,-2.644140658230536,-1.2537484534239176,-0.2240296764740693,1.6072546190775499,4.720965596066195,-0.6416508129422452,2.848462283332472,-3.92590294151007,3.9826853724678415,-0.7018732939406681,-4.023311339154476,-2.936225214545685,-3.986100311844708,-1.8293985505659291,0.26625392796096736,-1.1542151436699704,-3.477417368733035,0.10481132084993317,-1.271971513597643,-0.9620191893825589,-0.18161624413228078,6.220825844054603,-1.5196131884063484,-2.6055153162953033,0.5517334273220582
292,-3.0277902169306143,-5.06711125235114,6.285903552086159,0.1662756795102341,2.3637916898992257,3.519535602161427,3.0406401250127253,-2.801547658439829,1.0387038648280966,0.3292836629907681,-1.963038767388417,1.8354323959981027,4.672753262765354,-0.9207950011692172,2.978259642676832,1.5428336935641902,3.8002076057536875,-0.9048944488439967,-1.9728511707311234,1.5565733102830177,2.5164460601683283,2.9787820014241184,1.0528379744705252,0.5137604481842994,-2.3765978547691207,1.0600364947403853,1.0349425109691668,-0.6137808695480441,-3.5691100814471417,3.923857034667537,3.6847930335177783,-0.6528265065268576,-5.91167390434319,-3.0611382119149764,1.7886394143536468,2.5148177935829543,3.116019029103434,0.7098390652020012,0.7177566755523223,0.7713782191806775,-2.1966954351386896,-1.2184854357975026,-0.8524747968038108,2.1605828266469462,-3.980515598433221,0.4884784713440488,1.6440568412838292,-2.2390659312615933,0.43842871743569056,2.5595451402594986,-0.23797661230072142,-1.1548458044066336,2.2699929619762225,-0.28421139616851443,0.7560639072106445,-2.423190296185804,2.0005281494966822,-4.9447402483728204,-1.1046630525185401,2.882019516022479,-0.2154288840748203
293,4.489276378512273,0.21592281314927625,1.9970853636639747,6.372367197851879,5.559138794129033,3.8117319995085226,-0.3203955572083693,-0.5205316213726299,6.844592150985746,-4.581186423507275,-1.383593355142883,-1.3650241490756487,4.381905144639932,-6.516739029673102,-0.265869102997487,-4.859784494668956,2.4614035897666873,-0.4219390886927884,1.7545260962327829,-7.331449765701457,0.17207440943635607,2.4383578274763678,1.5906999668028041,-0.7939206144823766,-2.8778554707801325,-2.403321186852266,3.1718557378247287,-3.4515369962948754,-2.1980086398817273,2.366338144270435,2.5163936898426242,2.394330669505706,3.3113459264585496,-1.79222590145774,4.749661346967455,4.674004923760693,-2.134754130421032,4.975052955621798,1.3071394306518418,0.38413877245187933,0.3450326343007638,-2.568815512276957,1.0005092411475387,-0.20109123993318787,4.558242800031838,2.3168021983076903,-1.120730567374675,2.7458350546206742,-7.222911245706573,-3.511218833380449,-3.722418708020942,8.70848134775421,-4.268671453754679,-3.935540536418141,0.1602098000176091,0.40509920474462136,-0.875624870962229,2.3018964631587076,-0.9649742513127255,-0.2615262479024345,0.9314173117738638
294,1.0640451267923858,-0.6273139481201858,3.328019171575077,-0.7033157282888731,-2.4416898587715665,4.711243080054104,4.884746803480943,-0.17619732393052914,3.613269886138145,-0.9607016589673375,1.0447913012965375,-2.778448310607083,0.6447368933486375,-4.414404986457781,4.025246935245925,-2.1759679586268925,4.581968747077483,1.6069974257753439,-0.37659210320825004,-1.2858765903782983,2.1269261730527855,-0.16374039139553928,3.082533202901582,1.1325978408130273,-0.49744078300613326,-1.607389796396484,-0.34943481933432863,-4.297177719451984,2.131476989558631,4.941331298863954,5.368834410073717,-0.3525137029879064,-3.144308702429643,-3.2778894141975377,2.598594346524539,4.290765987479463,1.3051339550553087,-1.8047048738014158,-2.58296303951877,1.5104914071045261,1.5796328255504388,-1.2270447494218666,-0.5977284587064686,-2.44013423703763,-0.19531335644515999,-2.4380169648433028,-0.7257631095341852,4.068019358157905,-2.3121382930799728,1.3839685783602442,0.1522362084752915,0.8399132354115062,0.9319059428981146,-2.089026197335273,-0.010394147689800765,-7.539602791758306,3.9879669426024407,-0.37704973147342336,2.006765804731697,-2.80017788831776,-3.083221272872419
295,0.21175622846138442,-3.843578388457557,-9.669145670583424,-3.0108961178704,0.778905893400434,-4.522163295550523,-4.548407513692131,0.09924266802575413,-3.477575128305529,6.42167524502292,1.139987622194086,0.593958094557107,-5.386645233394375,5.201821922540321,-2.564493470331287,-0.43181555080182304,-8.751422348759956,0.6953983895564166,1.048353015386187,2.3713295581892933,-6.379657785716376,-3.7804172371971556,-1.7081850068603077,-5.016334549916328,-2.2005165895792533,4.448640720808222,-0.703594459684336,1.2613302818676861,4.747404166620288,-6.079127588888271,-1.8311937257149462,-1.4811065314806846,3.1632782428191,0.46726020321927736,0.48750325686130336,-3.494562882518592,3.845006710731472,0.42279191224223556,2.2441997991557465,-5.229480601979389,-0.6726374515217313,4.978822910169536,0.6051979799736155,3.1501170217167274,0.07636790100352944,-4.189258867056181,3.287239156290636,9.966838218752237,3.6093699164939506,-0.8687775566639049,4.41629985550654,1.4974095469382667,2.405483422940054,2.018822949956934,0.026021225512755874,1.5639299708383534,-0.574643474833698,-4.3883512552511945,5.964157981086542,-0.999887819939785,-1.0286806328387803
296,-1.6988981889222101,0.16125079870095016,-3.493881943754761,0.5143720114709186,7.071036549987367,2.352403777888915,-1.7857405733952936,4.154085055267712,1.671160695895797,-1.7950317518224879,-2.3807177730057787,-0.3814604309961548,2.2873382173777506,-0.12138699235098804,-3.4056156798745327,0.3838561627995,-3.0830615055102086,-2.3020767051053825,5.75054468288058,1.0495014735296448,-0.9603227456039324,2.171759402038426,-4.743947954832456,-0.09128113981756597,1.6601620121808829,-0.6796820420746534,0.5834983959251296,1.443742771449556,-4.496729629751011,-1.6617823762061696,-1.5579109511690346,-1.3926982249440725,4.027046575349681,-0.5763961083500415,2.6982305526133925,0.6713240610351991,-0.755504042024947,6.341094129307661,2.6173288980376594,-2.46080876228327,-0.19881072575349687,0.3522530240791034,1.5570935679933031,-0.6704623390699702,1.0947906267673795,0.6872400878640978,-2.912734981520188,3.582065341672213,-2.1042699953732,-2.2204851376587245,-1.6792454216114105,2.638680747904837,-4.083354324441225,2.6066307026309525,-1.5768767720998247,2.979645018626387,-1.3711963567530674,2.3616811797654496,0.8960101441295233,5.034441625186611,-2.836660398936845
297,-4.143878152375082,-2.166506576286584,2.4272005779146757,2.9058278429232276,5.86118805976335,3.9516547611210138,-2.1475037158960033,-1.2192731787564823,2.0116140206144584,0.6710366588287219,-3.0309712271513987,1.1207344048525567,3.2414147106068874,1.104988646869725,0.6397200143075094,-3.0548509170712292,-3.334364635140883,-1.896091167621578,0.7773005727334837,-3.507188155170111,2.6232949223843067,4.729397174682422,1.9044016797804877,-5.199714584374423,-1.933995096085209,1.554381036900295,2.262055895244454,-0.5540573906956273,-0.5384631810947405,3.254931847420466,3.5826015495929098,0.21338831043113188,-0.14733713495354483,-4.363470772002413,4.540440471718779,1.5730109643528127,3.7681226348057466,3.468837947870432,-3.379455059831545,-0.5207001939177301,-4.905927865747904,-1.0911038914763076,-3.1753910765885225,2.2984121172827106,0.413349709144416,1.8040069467080282,0.09214144549617465,5.019099821259918,3.667544430167926,1.764373154495882,-1.847069544833313,3.977000124954564,1.8789099136963143,1.1070287526549656,1.4763533315643407,1.6655967904071511,1.0599184800471588,-2.7580781784649977,2.7847113651255047,4.627398327412646,-0.10357418468432567
298,-2.2767946281842284,-1.4793270548131392,-2.0430288253444973,-2.2530877052827916,-0.8928091925194579,0.41041549743379563,1.5954731576954595,1.2552952838831914,-0.3316508648737588,0.5418386482858836,-0.7205887145662178,-0.711711439845725,-0.40081686324759924,0.10739211807775628,-0.763268460533253,2.582847022273279,1.5268138583659652,-0.7926170869585906,1.854640807453329,3.052649940760567,-0.4370533668061393,-0.7206738945475508,-1.5291709618572609,1.0390962392723941,0.24387702164369418,0.17832520960187914,-0.5491846285838834,-0.7327406215134202,-2.068934198449827,-1.071202740801521,-1.1148446573215451,-2.0272391884756873,-1.3926733297841372,-0.5294052513704386,-0.09465259572045626,-0.2657797750094661,-0.24200061019017094,-0.22789900663213866,3.2063024154762068,-1.2268296701950008,1.044557954679775,0.6445920996555692,0.6428826293411778,-0.9479214266714345,-0.9632761611466332,-0.8653474130484037,-1.3138253448979251,-0.26479678640724247,-0.6197286980958477,0.0546645300867214,-0.588558749502577,-2.1275208400844017,-0.36947174096346375,1.50698019223654,0.16931538010954764,-1.3395011663972827,-0.26619177502621316,0.1748993360069595,-1.3105609841884636,0.7206202634213452,-1.797461490392679
299,3.6314828752326935,1.3268144901119807,-0.762355737489334,-0.955705559770359,-6.7460344738924825,-6.424758039932459,-1.755463239725886,-3.088709938418237,-3.508701257179639,2.209107626735847,2.6714214374767202,1.7349003780812948,-5.356315940053388,0.6595594826085476,0.6611598481548864,0.24054994503914692,2.1922636181792297,0.813401410841301,-4.365016667169748,-0.8578765698679358,-1.8044997754921763,-3.624613900464005,3.5909712740352138,0.8145553565919429,-0.9965827723549561,0.7914486879002316,-0.7125420656100738,-0.6264595347444508,3.367087478110311,-2.577469420820012,-0.5249067529066697,2.145164949771201,-0.1891665137182379,2.5154861726846303,-3.477179705386313,-3.411053645971295,-2.7017661402047066,-6.396356376591317,0.9334840704143564,1.6392601760929018,-0.42170431350234683,0.12791979672018686,0.4675334356487669,0.5869995435717689,-0.7329706255734447,1.061030169807292,3.852984713874772,-7.207616723720584,1.2692780942134263,-0.15646259892769243,1.8702303481323992,-2.46380825214711,2.4901436950043996,-3.8250414407233864,1.19595385427873,0.8181164190258612,-2.036679122849406,-1.5098359466906197,-3.770780026704928,-5.2318853732729025,4.259742290334839
300,4.563307107410999,1.308515343407844,7.845012357008803,8.475007809915729,2.507793674546018,-0.7572508570644448,-0.9640581688207521,-2.0686938003729125,-0.01662164449522413,-5.020932412313737,0.26004466081273014,-0.7745472959295249,6.92463930403447,-2.749305718581173,0.5780346140630289,-1.2384238112138328,3.415028884279496,3.1901951748545945,-3.368030056124816,-4.283248143069413,2.288780290441623,-0.04693936750374891,0.46598305319697686,1.5733299769545637,-0.01564070197385467,-2.2014789001091453,1.3386421850842085,1.4953082401968838,-0.573535938815855,1.7926563484793303,-2.4667354888516217,4.696218358587079,-1.0076899857318184,3.365490912697064,-3.4473271403186083,0.40969596106711387,0.11636697956470066,2.8725360157768747,-0.6478283295385666,3.5308454064843566,0.9544892075077365,-1.682522389309925,2.041360183078094,2.4001515408384644,3.5157454890787223,2.8939964972867642,-0.03869680545708734,-8.67507899157933,-2.4875947262674667,-0.6782960731451072,1.9123833655656433,3.413457565680144,-1.1608053394143287,-2.246221542285284,0.23026929207841182,5.696439926989838,1.370627064322702,1.2745106909567987,-3.986871561536389,-1.0874635715627394,8.333278464292935
301,-1.5721037824812318,-2.749131995642096,4.581675546253128,1.7390106750212,2.5715867083014428,1.7623197130277926,1.3461937006021274,-2.6182739558234607,1.647104783694271,-1.1179790256204862,-1.8160742957258302,1.5740532018189728,3.8862081099779298,-1.088756489954402,1.069887353641776,0.7192391140998313,3.2053105705654596,-0.656095730577421,-1.424214507552961,-0.17344160551964127,1.921057094731537,2.1852353144501424,0.6847093357193285,0.3890865469908427,-1.9936506361379696,0.3279573101753851,1.3144143290686883,-0.9734571360867352,-4.04792614850671,1.7194652658262144,1.55057764550887,0.9705419278343768,-3.8421365430734205,-1.3405848826982352,0.6155612147509176,1.0669614320468181,1.1558828831158146,1.467426927776914,2.239918883371319,1.4499769690221107,-1.7420818454518934,-1.2942087603557357,-0.7592871028610251,2.052695853316893,-2.0463798981884262,2.1969547066260886,1.6719045908958763,-4.066710962126168,-0.8395249237974505,0.6169574238192206,-1.1024170704382203,0.29815799702273615,0.5374142619314353,-1.3089017268301604,0.4105710362963316,1.319565451986088,0.7997746145851842,-2.761037166336279,-3.0269230970196435,1.8174475268359398,1.4617122176511275
302,-4.3397611605360344,-0.8999823482320212,0.6731129323973687,-4.596234482499967,4.718677903603728,8.06041316654337,3.2794819318235278,4.245314056517736,5.563657382739404,-2.5035554136627405,-2.381203062714107,1.4840337984438352,3.933637967218893,-1.343104670203105,0.9592012669025222,0.2686109501652428,-2.3050104823106916,-1.9210027085040324,4.448293366454399,1.7569144312432596,3.335925446755256,6.534342129933745,-3.134911231934466,1.7848203011396997,3.9863678018307396,-1.8930773025972742,-0.16427372707548193,0.1864231220116403,-5.287534355302435,5.466660060900004,4.359758242013966,-3.4925968703221915,1.6320295106027334,-4.064589684535178,3.332418766301192,5.29843910481808,0.35727518400556024,4.891348713202357,-4.110352387826379,-0.2485452528887026,-2.1637489364437177,-2.5878012927106675,-2.2637110602466497,-1.153348628424711,-3.768045034413937,-0.15404488372591862,-2.757604935616774,6.600459217503478,-2.4026736588744684,2.694470119173899,-2.5134088645283934,0.21032158983554267,-3.0134578136314594,3.5206119891815355,-3.3252359131495455,-3.589153322481308,1.5945471429363907,1.2075668282404215,4.138665566273534,7.113085575475569,-7.84887245453492
303,3.3727220010250476,-6.166935042444268,0.11627753669154373,1.4735475755637262,6.420976670162928,-3.2188090472741107,-3.553788637184714,-4.094532118421378,-1.6914705041094882,4.612397256173735,-0.03222873015706011,4.092878790644261,2.5523174136560485,2.9959287201258498,0.21331987699930743,-2.3320147732247656,-7.996460774536513,3.3701556615395183,-5.051214121898867,-1.1012739972665126,-4.400356432998083,-0.09188738175841621,-0.325246154099721,-5.73930856913549,-2.146579845482995,3.4044813215775784,1.2241935267453112,3.937874575405086,3.821672828557413,-0.9719236136641711,1.4211055903722651,2.7397729505141513,1.9731146052994917,0.16231126858185047,-1.3946166719693958,-0.9124008916256141,6.077405024490913,4.074953482145394,-0.962118156008436,-1.8817075826233083,-3.6398235753036468,2.5831446576161863,0.600952862835127,9.401971486823985,-2.2218329632502685,-0.4970038808296449,8.364456807828898,4.461102669970448,2.610666625140479,0.9780653821820628,7.066821651586267,4.85552332186164,2.625046020604719,-0.8128863197378666,-0.18011183836427763,5.802978867335911,3.2520364240999022,-8.625776193221519,5.3649089879895175,1.4047099186569734,5.232159652544387
304,2.8949682331967344,-3.2080022678855493,1.2224321877575575,-1.9160478829501595,-1.1015493700430563,-0.4315437417847598,0.22017693373100367,-3.4381575941963702,1.891276339067108,3.3169449564955857,2.166718666127808,2.67517024896163,-1.3137883429674855,-1.5342668430677249,4.595134469043844,-3.6858010045259455,-1.9079922097741868,1.8093003001888077,-5.3754494610532415,-4.248882792478763,-1.2920759530055514,1.116271518099449,5.756193776430419,-2.8221098119161083,-2.7683929409288552,0.8507472966590242,0.5259261409383249,-2.0193928787923654,3.2936363927495966,2.5694689697760404,7.544272211650527,1.8342842315953283,-0.2984824794027103,-3.1463013380673384,1.5112425089253954,2.448009377235696,1.5778549062118816,-2.510470791052753,-4.046181562753267,0.8172121609820171,-3.3825202493347035,-1.1149128117551694,-2.172208342847252,4.074527070014392,-4.058127112193761,-0.9383895732450044,7.37736332753889,4.419120112439975,-0.09389803213279055,0.7264435871220798,1.7385334828103467,3.2573179868200564,3.7221888665380902,-4.288530487130687,-0.526486097181605,-4.326984754247754,1.6791316750188476,-6.023316938235041,3.3273777012898478,-2.3939462820869752,3.1516834828625653
305,0.9036269880596732,-4.402650872306695,-2.1539005836754095,2.0150437566588377,3.3766670456181975,-1.703759959624214,-3.197254353137552,-2.387565559845683,-1.301672960456078,2.778120514580986,-0.15951847015237774,0.697471819296373,0.43801478025210644,2.8894872965630576,-0.9093842834416491,-1.825728882112513,-4.81995088047562,2.149665133283942,-1.2721048700306048,-0.23336554253308522,-3.583340485186292,-1.6900915065753048,-0.13213696558338334,-5.098467975739681,-3.1361251315979137,3.1181026558673004,0.45910735690779303,0.646564513341246,3.7793290219798092,-2.300924892953702,-0.4296380281461136,1.5043835701407098,0.3797086821550726,-0.43560195792480416,1.3845472970431612,-0.8840623225405182,4.949287407274572,2.389918974601417,0.9110565798077555,-3.547811873465164,-0.0223988127268695,3.3791084594858773,0.4804361281943882,4.563216783153055,1.3139105939198406,-2.377913620406968,3.0858374782054,6.690204385204542,2.319046367392433,-0.6085474488612975,3.2259275716860936,4.819096752706456,2.203115321795977,-0.2472703512105184,1.30657135302189,2.5155592493422745,1.3944638288116644,-4.377568599655916,3.756438990821411,-0.8633766518100079,3.1979343779145326
306,-1.042456699519944,1.4886659601670291,-2.5998146759864906,2.025428049195322,2.3657778070342026,-0.6545981743944596,-1.7999661262200986,1.7325299979985957,-0.6109308919258412,-2.2169119218062097,-1.3852914262536062,-1.3359255797838692,0.412806908009395,1.2532858483682332,-3.941285208787625,1.6412449336058053,-0.642664132746557,-1.6533148442439423,4.103152219878862,1.3524880832558195,-0.09891049036280336,-0.3980300612998711,-4.271655773199178,0.25056846628942464,0.9888703398213206,-0.025060581850356894,0.05913442611185735,2.0462155364669856,-2.398497923873796,-2.1391508873615193,-4.178568797956197,-1.204129917642564,1.9374112237630303,1.8113653788089508,0.090275837719547,-2.245550885828711,-0.7576158429395515,3.2379375227466474,3.246477811489235,-1.4341292288729588,1.582378999980495,1.454286350522389,1.805474330067646,-1.8134505939159618,2.8152007016868916,0.8439062337321919,-3.537509221745417,-1.0305569086502395,0.12630509380366764,-1.2925293646510523,-0.9122246010845597,0.3346178253838119,-2.5507812467335116,2.661989878423399,0.32690090079948597,3.9929614696074105,-1.233485609470892,3.3859264742990325,-1.155392417286957,1.7850769806730424,-1.4266050526684704
307,-0.052623034895134035,-1.74817594104131,-10.00501598679917,-7.88528022743037,-3.922939951024792,-2.3625974328071395,-0.7899896598868161,2.293785826445087,-0.6369025358436154,5.934519640639181,2.833197742906195,-0.6325911386902506,-9.119206834740812,2.222638283244257,-0.014194919523255078,-1.8659030427596641,-6.015624029548084,0.19090865537247578,1.512612464422017,2.533088025800387,-5.217446599142747,-2.6671860875878326,0.9762628993651928,-3.387680324175941,-0.22914217269954895,2.139024549930282,-2.1742351747587554,-1.888023851663521,5.169651521982276,-3.649233941503138,2.50465630963226,-2.5604817121338854,3.4367114487454202,-2.282960529656042,2.1471757852048965,-0.8037946678662402,0.8531594200059704,-4.269047201221644,-0.9557176792920585,-4.609220312888995,-0.43650130604069814,3.3296418847265845,-1.3659295179636812,-0.5457663485112949,-2.3037066610345116,-5.335806620834666,3.253625515580327,13.474343253269321,1.4639550517603779,-0.8004821374731848,1.703724730211539,-0.6042757311017147,2.5677715303943507,0.1350317229302445,-1.1399818377340514,-5.839733541176801,-0.456497591646282,-2.11501504220144,7.1779779890241295,-2.88038076037305,-5.302397584941901
308,3.399267900435429,-1.808129643788128,-3.1476321232453857,-0.5152645538104799,2.041770066783144,-2.671240222997944,-3.55223358616854,-3.0346604548040057,1.6977992918073719,2.2217878966228506,0.3710681089861566,3.350549933757628,-2.3547780656512405,-0.35725712719579295,0.4380854146746168,-3.289706888073364,-2.9010586761882897,-1.2584428044567932,-2.7603435807322345,-5.100908812971641,-3.1130467974244938,1.6658053559378758,4.521988114625245,-3.4790018253062995,-3.5894803420152774,1.8258383439146044,2.5136149608529275,-2.3206582419003112,0.5177392258887399,-2.0983104662826584,3.761235453008452,1.3484703901107373,3.054986330238371,-2.1953933718116314,3.3412059680235857,0.1655083839076339,-1.6208423576766064,-0.07557484105808349,0.5309904059295266,-1.1720022559480627,-3.772481478924254,0.09104455373574455,-1.7641798951858707,3.324582795509196,-1.5020400455519183,2.3057744320815687,6.693804523533416,2.4280151009647994,0.05522542201592459,-1.7858769331760396,-1.2202521931096864,5.430696141225582,1.5819937860148805,-3.463975709427272,0.6527276090829518,1.5812919031539692,-2.3893270474205193,-4.02407075456968,0.009918282518618371,-0.9294665585311157,2.9936038542357823
309,-3.921785846091862,-0.19352500230377173,-0.04891682391290342,-3.0317826567549533,-3.1559439014558825,1.4458258253597491,1.6664529839097706,-0.04622465061742573,0.2388274033958711,2.1086292965901094,-0.35354258327142174,-0.36269043922729205,-2.1526631937866307,0.15955580500376135,2.083960818489129,-0.5246081254362818,0.8091646465459981,-1.6351882375293305,0.934389727159389,0.42472482183901555,1.1704953857509899,0.9521405161814982,2.7164889650883493,-1.4066358418547447,-1.0810736280608195,1.0088499187024513,0.05147585951131525,-2.3975906220057714,0.5446752390480974,1.3089447414302722,3.280934795690079,-1.4411394192115123,-2.4841099351308484,-3.5100538638541647,2.540654974202712,0.8705824766742571,0.15345499966178977,-3.578953865951288,-1.8615095016881427,-0.729074109231981,-2.333048314534165,-0.6453161526298112,-2.824701758500698,-1.8094983254830885,-2.0031634621152428,-0.9063893011045705,-0.6211353064003182,3.5196416946959443,2.3565584552977317,1.8473790192466812,-2.152409997960499,-1.4980579680495119,2.5043675265128043,0.10398391851533861,1.0472451373189,-4.352083350289471,-0.3255729049999563,-0.8242815954605581,1.9290951571575217,0.057404988644204555,-5.468794598987792
310,1.9060613238299198,-0.5037627404262902,6.0168198688144905,8.637192700504274,5.5690216003521495,2.986088851758117,-1.3640394596514887,-2.642864975474024,2.860384791252143,-3.3881417945424874,-1.9415202953204906,-0.09316853144527132,6.546681228860046,-2.9035375414273585,0.48839556451225363,-4.263526492223934,2.0578357322928302,0.5036028591095512,-1.4140483251622498,-7.396974102623537,2.609882776893932,2.1807239011501913,2.8020017031025723,-2.740449309219597,-3.197446183017466,-1.1679978705849345,3.2390656044205874,-1.5002355629860415,-0.5778153557833272,3.181153136939348,2.488373359542461,3.7061606147035993,-0.08303498441743512,-1.818689653394495,2.752053644624689,3.371036932431705,1.8088107512777614,4.328828370420107,-1.3263345133765432,1.7594153129792236,-0.8688345353242574,-1.4862955556070845,-0.27530499457646984,2.2403569772916945,3.8343534078415904,2.7966233069550817,0.13270939147592956,-0.12431492846106307,-1.0584485683427463,-0.8572865158747276,-1.6524306507458992,7.36418788538369,-0.36029529692992207,-2.8458016625676215,1.302315664599284,3.397273010474472,1.1403029502674904,-0.7479253866168065,-0.8862556390125919,1.0296069963945444,5.447142960382809
311,-4.075292302782101,3.530234668882126,-7.440902090021339,-5.638969863508115,-0.8260094620468659,1.2058312845982497,1.1857161660177817,7.26816576888254,-1.0143401011117383,-1.9520786511012755,-0.8292445903137726,-2.220892080423006,-2.8892241406832873,2.0768963209360223,-5.783566369371708,6.541385371545273,0.25230455053271933,-4.950089854660286,8.912864473531519,7.983465066686373,-1.701076811282705,-0.671920384408315,-8.622704336302228,5.4325889670429595,4.462684166683626,-1.7084579789104748,-2.0438598694670036,1.981038967730589,-6.664353020980175,-5.023693429093814,-6.929851664705646,-6.177586656933172,2.9189454473254135,3.4737868611498497,-0.025250606921761842,-2.054609580428299,-5.221727336635373,2.1054132010421402,6.687602269649841,-3.020174582303733,4.166483322711971,1.8810156020803217,2.617844183965745,-6.2689617636622135,0.26784341289476427,-0.5312266216095376,-7.344328563173429,-1.6780468601166316,-2.9519543689431536,-2.4365696181951577,-3.7962460844707246,-6.849796916377778,-6.814030171092801,5.760851216820242,-2.1803121052972805,-0.09667118969912454,-3.9453390902012004,7.617372573907903,-2.938657365320328,4.14681379582534,-7.951581371032336
312,-1.127765079568782,0.8758251430679552,-0.27566029079230003,-5.494918427556155,-4.049614249813861,-0.585713227459645,-0.3071613540389731,0.3781752322022037,-1.132291610687058,2.36610860055421,1.7638154836492839,3.074748012231482,-2.539773780702529,2.525936846772281,3.0975163245641717,-0.24649955824498854,-4.20153026739423,1.0077636383907653,-2.8542480041387517,1.0395816246614062,1.327046582262711,2.57911870027458,1.7321962925479208,-0.2913104005601199,3.8635689356139546,0.3124625935473264,-1.442233990721484,2.3733297149256374,2.7458824576797847,2.961735751155762,2.8312839476289087,-0.323955187695761,1.068644519081039,-0.21702677919734298,-3.440906625752439,-0.3147079653433608,0.6565396295290354,-2.7867773410144174,-8.03302773187637,1.434249699047111,-2.8821188962285187,-1.0089422535344883,-2.507996604257704,1.541673249215091,-5.185612946069325,-0.10980702264058378,3.3708410194785787,0.36188956676479567,4.67851491093243,4.193351110778608,2.8571431812367667,-3.950062482303857,2.813072985051025,1.4560770905420788,-1.888551207516422,-2.258738940981843,1.7567370288116944,-2.33169923430373,3.778389523918155,0.6803771425130969,-0.8777536808681499
313,-3.1123704143482747,-2.6950966104417033,-0.08809282929266637,-1.5552209067050253,0.2636411138538668,0.06391226965508018,0.022114511056703534,-1.2382996364483096,-1.8388094426553874,2.608127179193264,-1.215564604299586,1.1768960205655625,-1.1437445035919727,2.301139080691829,0.26655372761431784,0.9124084422650603,-1.3333995682175304,-1.0152422109007135,-0.1829520415476706,2.516597385346921,-0.2643316144037017,0.4183267214706712,-0.5691272112212065,-1.6588865468172325,-1.3745010597869833,2.097526897475623,-0.07801447280906511,0.5646695814016861,-0.36902272949914294,-0.7812583515699492,0.7380649871219879,-0.6727031174546403,-2.2098072225790237,-0.8558794458006247,0.008131179903955399,-1.1949024349726465,2.6431850467457063,-0.16717378417613277,0.9645651034695026,-0.8792457639763237,-1.8821377378698987,1.1824562487740151,-1.203084699249099,1.5041189615567567,-2.21198487092184,-0.884046569151826,1.000256739106973,0.8674114734338894,3.337320125445272,1.4093923129175951,1.0009892033669952,-1.6378309006765759,2.200459968021466,1.168699478253918,1.1946292646559882,-0.3656217375453048,0.17456854226945287,-3.798905293523136,0.5815666708164231,1.8028453585580209,-1.1027278921514436
314,-4.262301177993095,-1.751763618816111,-2.9364446247965943,-0.05240259976230056,-0.26565292989946165,-1.9687018626302142,-2.237928232177559,-0.76408171690945,-4.0691926333677895,4.062717834016211,-0.893223599483546,-1.1921323742965138,-2.0864150258991865,4.464465733737823,-1.8329548974650414,1.4883206901243384,-2.342597462629096,-1.0638094971830165,1.3481458725673405,4.197134062017501,-1.4440554762366429,-3.0093006237012094,-0.8782439209054994,-2.7099142132811505,-2.055493924789223,2.7816294467301557,-0.9874009676358901,0.871556886660336,1.824783145882248,-2.5647703636986274,-3.1502581454996226,-1.1622619939662093,-2.6155348426844647,-0.0793115159003781,-0.00603707334496717,-3.4538380735197616,3.853541279907904,-0.5019677450457773,3.1874146261212983,-2.4695180742135228,-0.3629457138961655,3.2461029193657556,-0.2651410263812371,0.7275013154447103,1.0589251025824364,-1.7934903206239614,-1.7342017481749163,2.277309778090943,5.261604221833615,0.6305276651265586,-0.5298856490261208,-2.7623624071155377,3.150655522286145,2.725457181367116,2.817214294762934,1.165634945411469,-0.3502489212530195,-1.5071189545983248,0.6725002461718205,0.46155631686734233,-1.760749968962389
315,-0.46095196579876163,1.974063710488106,-1.4045452766410755,-1.04567723832484,2.3491985732705856,-0.9975896240284565,-2.1956746924342525,2.677148057690349,-1.042528005576393,-1.2650405120472972,-0.495905191826302,1.8616630393946354,0.9804061818928469,2.0711222025145117,-1.7084077078259081,1.84636069847582,-3.0941889059009715,-0.20680928601959436,1.1087920507802806,1.6797711169896117,0.01614858937918079,1.0361909588285567,-4.203973139566677,0.682712462196733,4.123845382396338,-1.196124368637061,-0.8264830551211915,4.781520654356215,-2.273067526578565,-1.0463332535085519,-3.4069555593189778,-0.6862423423204129,2.9868312348963055,2.5902547505862623,-3.0879524004843137,-2.124869776625444,-0.5614804478512122,2.19060228047213,-1.8516166007209678,0.09308744106484865,-0.01877426244254099,0.41094188186469244,0.5391333078703777,0.3673352406915291,-0.9203990625879682,1.6538700144517455,-0.3991643031759501,-3.6525262852382876,1.0866745729574996,0.8767293947042936,1.2170241653948786,-2.155124372110069,-1.7494895610768664,2.8746774003712923,-1.7580094667625932,4.7086123634293315,-0.12629565087057817,1.6731409954547558,0.4212597606044747,3.2480259703134617,0.7579084240495144
316,2.2104446249244663,0.11157429517465191,-5.984848621448348,-3.773464180253977,-1.662367601719973,-5.813509000714709,-4.405245398967316,-0.11059895254990759,-3.126477766437684,4.220858853945802,2.5959957223675603,3.290880323248042,-5.653382053316348,3.4681553578467783,-0.015163904383616311,-0.6674043111073751,-6.175338440618134,0.35425331325066295,-2.5547757982043118,-0.6740770235998199,-4.300811401138861,-1.6203238095098473,-0.12010272589267879,-2.5614008829525163,0.857793111864713,1.833571111418552,-0.5493075688189022,2.513534629137406,4.552666465137471,-3.6132112844271673,-1.3481732930397468,0.3762894682284412,4.696651671060184,1.4746188814355055,-2.1105980079769706,-3.236755053261115,-0.2702810637131802,-1.9071665156606379,-1.851989681805807,-1.910637144631932,-2.040002963374587,1.925552435462101,-0.5164590209852692,2.8969241017116225,-2.078167626489966,-0.7449877851772565,6.173542598043832,1.9787416622238423,2.787196664836722,-0.36095158825940665,3.5670721681435222,-0.2282755458570619,2.192030261731948,0.024629179362232828,-0.6448096986279231,2.764406630402256,-1.0048402742212954,-2.5308738282212015,2.994691806303292,-1.170039855523823,0.6893653074707631
317,3.5314950201625734,-0.984645066930576,0.2149615499166682,3.804731968980844,1.0935802959642718,-3.2745089435887644,-3.8159010131785522,-2.4532260130439414,-1.9106069816212687,1.459195671611485,0.629871993348011,0.3288757701408521,0.5965297829155654,1.4742440801718122,0.10358713957267313,-2.1978539359086313,-3.1604822322538753,1.8118327298591606,-2.269590352542869,-2.566993847872528,-1.5057216027245406,-2.2020235880967576,1.0712661651625934,-3.1676209307557777,-1.6427569216010856,1.5139895373445031,0.831537237080493,1.823617972449029,4.001052336134251,-1.1525456401001066,-1.3695047726519876,2.7328190911867063,1.0255377224881856,0.7356871770953758,-1.462044645853508,-2.0381005363031655,2.6363571671486086,0.7733652530835655,-0.7121395999911467,-0.25525776660676325,-1.3975729387036417,1.5143646465986504,0.7921471160991505,3.402925313560732,2.3210198797608173,0.1035034143312425,3.406136132144515,0.7101373593473403,1.9651565802357054,-0.8416896291658644,2.838247496107956,3.8950167281755688,2.092480461619331,-1.5571282337710475,1.4330502297734986,4.352332700691938,-0.07865228892384835,-2.6979113290024266,1.2315541066417914,-2.1201520496838406,4.502910888957435
318,-1.5384325462270683,-0.33378329108753796,3.5005589855631354,5.701545559881947,2.870447558462943,1.4174905953108756,2.2779564022016654,0.3695881338593198,0.6272885694830737,-3.845224203675886,-2.0233442652022053,-2.5154177554775523,4.96024064581394,-2.0342936030089116,-3.1016306899540105,2.9932565223308263,6.239412312954685,-1.981679899058059,3.5380014519320495,1.0352268303194485,1.1356983395544493,-1.6738217133463058,-2.704296365442017,3.332908419336692,-1.6584098203456512,-1.540391167153997,1.3164109522839942,-0.6205800995600113,-5.794940820352861,-1.5803349699583775,-3.8408430900492623,-0.6266580139067497,-3.4334117949155822,1.972345371576285,1.550820288429607,0.43640053939664786,-0.2671245828668115,4.192788196518694,7.3519456724963606,-0.2971206683538125,3.916994246279116,0.2558061397156264,2.878213460820709,-1.9743265709178506,3.915686531046341,0.8795590096836796,-5.706815990530871,-6.348573950864799,-3.4970004919430253,-1.7542120213495265,-2.9073123729230246,-0.06383223943064453,-3.4287267477246397,0.641332456271795,1.5021975753494683,2.048422554566658,-1.2152282626789273,3.295983365245509,-5.992950636790922,0.8110624282536829,2.5647005535951575
319,-5.73630704536348,5.317552344274262,-0.7837639152404327,-0.8103119243686193,-1.8812963811077457,2.3713895328314503,-1.516597450321689,4.407683444356876,-0.9852033319732222,-1.6529799145957633,-1.3136339155355974,-1.4244201776233085,-1.1112355079265912,2.9113556843998945,-0.14775906121781346,-0.14543926397362367,-3.1964722632420397,-1.5134269657049417,5.258573857701751,0.800341354573416,4.963444729018137,2.7264040100488764,-1.5682331005864902,-0.5794681668398569,5.165143666656075,-0.3743311974497934,-1.9061982549438672,2.171464407688855,0.07283285403629258,2.670821676893929,-2.249085764087969,-2.092434742131914,0.7906852164816028,-0.6723427566656519,-1.28948998116733,-0.8942726572868261,-0.34315325587078493,-0.673584350766467,-6.813666537458345,0.8352999383972587,-0.305633410780767,-1.0961681123129083,-1.6543647586478538,-4.601326204779002,1.8953755509333472,-0.08063961465720176,-6.052852210165116,1.785901996570547,5.844067294606248,2.429710834659572,-3.030749528292068,-4.107564669475936,0.19283256328938797,5.134965206720621,-0.41170716280005704,0.2750406743770912,-0.24471342693280634,5.385431644080262,2.527316812557805,4.2226037762925,-7.2464318784247315
320,2.970619441538437,-2.033749369721304,-0.5114625677792445,1.6816730512929208,0.7535327283721598,-1.0609813643344799,0.7100588083303325,-1.5626857392624758,0.4994626015316532,1.8781774544965593,-0.4202676860217913,-1.0652477438268169,-0.31134074904544007,-1.5640425715329993,0.012866550191324905,-1.6206760394460438,0.8234608134084849,1.828221945584528,-1.6758402910346621,-1.0468473588231164,-2.5824412636822407,-1.83313210761599,1.0826687976395213,-0.921267522070607,-3.534870989401088,0.5942544577146969,-0.1990438241275443,-1.9576345971097449,2.5097766382097273,-1.5364119634622275,0.8627203710065097,1.228573701699692,0.0570441593810348,-0.7680582359140438,1.291280090141743,0.9157514984267157,1.6030158425901455,0.17959217706947117,2.917102660618243,-1.5166126343456965,1.256306769201993,2.208161742494484,0.8942556007225811,1.0772082575130597,1.1765357275067594,-1.3953040913904322,1.8233560578757844,2.807834024021652,-1.6046149112157488,-0.8204692537732683,1.8744506244304282,3.1002606794336227,0.5671093516599471,-1.8805109493610517,0.5987610354572342,-0.9216087542496427,0.4402785160508008,-2.0905565447260086,0.6307061094025136,-2.988018147519309,1.0312347237226973
321,-0.08351648281674023,-2.8075493826523794,5.99755852429646,2.0774040164290346,7.92981272116118,5.875722862804326,1.14164315483857,-0.35625687407745227,5.284937365519136,-3.3827959137251016,-2.6916868057895194,2.9952764722322587,7.6431506924311226,-2.992440758812358,1.5529599644151069,-1.4684710158274321,0.6751992697512539,-0.7799319198004038,-0.0007639810957438264,-2.7915424153218162,3.149570867913384,6.586661695867426,-0.7112597505038156,-0.15765097064206654,0.4995983166924609,-1.9766958839475108,2.474853217545135,0.5536432609334608,-5.926744306625763,5.94655760906612,5.173592177025968,0.43494354703854243,0.7817554949340216,-2.7417693691843787,2.573792013547007,5.648583918874715,0.36332209098708795,6.794060634068799,-3.5316744732989704,1.42400676683497,-3.0376283572107416,-2.9801088842975725,-1.1834697510778172,3.0790991986405425,-2.755380774933311,2.9746799734658342,1.9195511284910665,0.584404865627256,-3.662310682287958,0.7531732822142749,-1.3471472482514897,5.012555904496384,-2.3927319453395093,-0.7806560933240367,-2.0680350402267633,0.6288725541465424,2.420866815683936,-1.821203792406297,1.4899524234768675,5.612019809910409,-0.9394345549123827
322,1.842523711217321,-0.08892584162654729,3.059838939541386,7.088996278179638,-0.9251808393607015,-1.1692442697659866,-1.828395132752118,-3.7335473039960925,-1.265156677991335,0.7534971131725051,-0.6073847136714212,-2.757848009687763,0.40251128711266154,-1.062314140004162,0.8548696161785371,-4.082802417820726,1.6040333617148081,2.464457243703809,-2.3919918242777896,-4.052227747716151,0.5994591042255895,-2.8427281423730792,4.856230012555558,-3.5624399163758946,-4.294133587367211,1.107419189994564,1.574287338678444,-2.393898165764647,5.023353203244429,0.5552465774741033,0.8509400934607625,3.063392846443606,-2.5146816063947126,-1.2683872594952756,1.1969109129601165,-0.21378767116489678,3.1347010887518216,-1.3677442306208973,-0.7468449180946596,0.6116123569225478,0.20535330937063828,0.28655755538963595,-0.361828094404178,0.9477382675067778,5.081822337672318,-0.5366049449031256,0.12368233721357386,1.5074147846116597,3.2338452858085165,-0.3396286394667377,0.1709931253392533,4.001706575115441,3.718997450605118,-2.254561275109639,2.894765911164456,0.6716456357525546,0.2747834676924015,-1.2767194922409972,0.5161543017610772,-3.5191295341382576,2.292383870546829
323,-0.31870550892402827,-1.4835862055172289,-8.37398598992158,-7.549380927272591,-7.602826145887653,-5.830034063552395,0.5803801290191842,-0.9510567801967496,-4.041398899872178,6.1472003333351415,2.762664502556098,-0.1458092425762011,-10.143726016214908,2.4117126405188145,-1.8289695159179462,5.41722336554426,1.974385184439623,-2.0692066353175846,-0.4690307042386219,6.169081140778799,-6.359328460569832,-6.415415790438341,-0.4309603556209186,2.5632975188186298,-2.861337518981586,2.4310311030972667,-1.7257609935000504,-1.7222320010817462,0.09239054510180161,-7.46390831193448,-2.999291960711605,-2.6140341591886584,-0.9176548575057358,2.560846468863736,-1.0111823897764052,-5.135104627262672,-2.948478699826643,-7.017226873053267,9.344948430959992,-3.6409134220299593,1.7480952748665444,3.5529812950388835,0.37702070707092106,-1.7725918564861551,-2.7421765586821056,-2.4373862413320158,2.381399729250606,-2.3752108387685493,-0.07330449252571511,-1.5627750905396454,-0.3210997103947372,-6.567545223324652,1.4910174208378864,-1.1888316172873825,0.6276123313234441,-2.983598338554922,-3.9439678051636955,-1.2992444558893028,-4.019894164910754,-5.466970299339981,0.6388340028765286
324,0.9501415205496746,0.6767129997788036,-6.424399699749544,-5.3445749697177325,-2.038341245054143,-0.2789083613864609,1.4003055896531977,4.220406787603268,0.5598342505499043,0.4772108569333644,2.077440494484749,-1.4726205547197688,-3.3554841231405224,0.1218787523907236,-0.8149088766855128,0.42351689515077595,-3.8658010153386817,1.9000172481197803,2.9340708484765683,4.11112257225628,-3.289059374262657,-1.828079600197809,-4.037530026170791,1.0863800296256898,3.3150275472271775,-1.4945269494803635,-2.9899664557502157,0.5251510825023594,2.60807402875432,-2.330598260520638,-0.745209100129064,-3.0588067715738654,4.329970611942572,1.0056087933031632,-0.6926289607801551,0.8023628778131536,-0.4417810242535965,-0.8385680022430113,-0.588933566310726,-2.932130747672975,2.8768249478539483,1.9391953395522166,1.8874980807633834,-2.439774319142552,-0.12159114214000125,-4.469137979622398,-1.3768241796354328,7.943512439902263,-2.21442707556701,-0.37340208242842937,2.45407299975166,-1.008804491873413,-2.489949490789452,2.2920274577128934,-2.999643326675416,-3.351799499854698,0.4067287442207707,2.444748342702253,5.300571295814304,-1.5554997329495472,-5.631798844402275
325,1.2996650664984728,-1.086780150995506,1.8535351399876725,1.4089099996481662,1.6192272531153091,1.5642358135773444,2.486464374007477,-1.0620745705804808,3.418239174010407,-1.970814247394286,-0.6934014029090414,0.3305102267080785,1.1932602854473893,-4.571530219536825,-0.9824741219649147,0.9359782114692301,5.693092740942493,-2.734850899010058,0.2224305295402146,-2.0768719847165644,0.24269832445889894,1.006004833562244,0.8644078678181888,3.080148639423692,-3.353919022984582,-1.0631672353259694,2.4977287781580837,-2.8576724670977853,-6.216109921616032,-0.685663626879273,1.4501306897372528,0.07429314231203697,-1.366967790025078,-0.6581540716880252,3.974909520378545,1.8597030343208873,-3.81347040013981,1.2113521071831213,5.978817338962689,0.4535683912452688,0.6526146733376357,-1.8821705307257788,0.9684517661047527,-1.1476531966079713,-0.3325275048452684,2.308867101484477,-0.16650668583815195,-4.969270616988258,-5.024781032086006,-2.330294938920191,-4.651498891815121,2.114856321879667,-2.7445091864935214,-3.26574443977243,0.4529051432256398,-1.0121572806690955,-2.2816735625106284,1.0584680663133823,-5.009992484013995,-0.22377140232075765,0.7326994179438215
326,2.1679556446194796,-0.945034851285143,6.950604677377831,6.341234095542863,4.39722684998229,1.7295766096074618,-0.27331590110288906,-2.671697832000346,2.330684088801464,-3.1919311496904537,-1.0124821824775172,1.8777035829067206,7.269298991763932,-2.5240973627039947,1.7303329375148622,-2.4999473879096668,2.3624668474385464,1.8505577673421294,-3.417510515641453,-5.049435401478776,2.4631622873534194,2.278496548650523,2.026440985983316,-0.2646940214939941,-1.0035652469581982,-1.0894067470751265,2.327108738637934,0.4578959826938243,-0.8132087482695809,4.433740551096814,2.5582795570465833,4.223516220050902,-1.383729775524198,-0.3404301265441284,-0.22901264551126857,2.8472896238076624,1.6687688162215277,3.4570773275058024,-1.9989287439249657,2.728082086616875,-1.4680260678284294,-2.146572406425872,0.05716957705848158,3.2761164489119423,0.2484295236135316,2.6913080920769183,2.468473072236657,-3.35988929001094,-1.6031711889918046,0.792586807059925,1.2776605758945898,5.1985561001269,0.10449441883823923,-2.4601475480049384,0.1411878839878941,2.837855163649977,2.5112182751813474,-2.7981095460488725,-1.2373968443709076,0.9598300097008925,5.014669102648335
327,-1.4845463478648309,-2.1945077108721196,2.8202884296940436,-2.6274878513115025,2.711430964991185,3.8371391355007978,4.295483457553565,1.2532453067278686,2.6136871534226644,-2.505249806635912,-1.3659150834175455,1.300081260166267,4.719781961262463,-1.6509776704068742,0.14424393953695158,3.702127822540728,3.900247418356001,-1.6583978961765535,0.8265949288967754,3.3385095105463605,1.4055073105060698,2.6129515581224223,-3.5655043924842644,5.12004117972344,1.6639785487645984,-2.2665216531958907,0.3552234492647952,0.3134814912939565,-6.870334774831972,1.0905928215738894,0.5558981023607719,-1.6439309529179718,-1.839371706455846,0.31357963351408713,0.8426822566871706,2.628284268369565,-1.5716714382217885,2.837970729314352,3.554901571566098,0.9457750404811639,1.274851687617792,-2.055181230234031,1.1260512855505111,-0.21786243306603068,-3.828367402353564,1.284690198481791,-1.237234043572903,-4.4256135174895785,-5.234934381742178,-0.044312387908053974,-0.9273491074847136,-1.8537860337268364,-4.469014174480425,1.4494322483316466,-1.0589986494105634,-1.1593342958449664,0.5196524254902365,0.15389298740251683,-3.2510917485949835,2.698690322147208,-1.1482123997493061
328,4.417323852891125,-2.945531973662398,-2.32371713493517,-2.484032523830889,0.8692618494253237,-1.7353781370290065,1.5979475548783135,-1.3465112717192196,1.8394812962628961,0.7442661172791454,1.0534341008616852,2.1427109158849733,-1.0262420049088048,-2.613353221841278,-1.2204787608099292,1.573636771480009,3.0880622620030307,-1.3891363772039538,-1.5540676389832428,0.4597504291057419,-5.264314400488558,-0.5724380209717418,-0.6611883880866933,3.6081718524263504,-2.430640024145245,0.26334885006091924,0.7265260422083711,-1.5596160291415173,-3.2989486733564264,-3.800215401644525,0.45851060402164345,-0.486007518887303,0.49808584671208805,1.2889697126574997,1.275347586815136,1.1911682400783086,-3.5259578485615886,0.06475193332539451,6.4758792489758354,-1.2309079607337037,1.0668409764625855,0.1862374104593529,1.6745792504894057,1.47588300776495,-2.573284081436718,0.7076306493317839,3.4941383089290445,-1.5760665465262784,-6.276876053035858,-2.709961378704145,-0.46912131780622,1.167911502301354,-2.2135482881410287,-3.244310414733734,-1.2261338924266747,-0.9451062894720743,-1.5016298423163381,-1.7674014792293458,-2.914398743058429,-2.462907208548127,0.9887434211000943
329,1.4046938760282057,5.169686622314503,-1.8875992153458214,4.5148235491329105,-4.158759537508174,-4.660441223053123,-3.5349956191317293,0.5217645666940155,-3.888831021146476,0.09915163158992973,1.4448952450595405,-2.926527711007161,-4.244586013920876,1.370553594459316,-3.092581831947263,-1.0462372258057717,1.0221156161946892,-0.4142865504890547,0.9300529233615994,-1.3274551963111196,-0.22410422257549634,-4.503881908186104,1.565228075485081,-0.7869987725741032,0.19382963354237148,-0.016530135110952707,-0.5705728599906906,0.8952455967797002,3.464319455395092,-3.01944089455318,-5.83202559783388,1.504728357109094,1.0969915755663961,3.2904609357093397,-2.262925952614953,-4.8117001529833585,-2.724766721609925,-3.0974751937164577,0.8474845786126652,0.005070729862601708,1.8664975879230292,0.8595446097708024,1.2937229963717536,-3.1035725361337647,6.343121634079218,0.21612417876816958,-3.3907565077320756,-4.0876461366510775,3.521428558657531,-1.6349632316457168,-1.471676082983511,-0.7765843649363273,1.0115190535412115,0.17154975877605336,2.263015242757458,3.6034655343837048,-2.539880344121583,4.710770241359745,-3.1002781776613553,-3.797193709167461,0.0019328627059049808
330,-1.3031493089374133,2.5486881474545005,-2.555179376084101,-0.9978586454046621,-0.8819358530181168,-0.4813991259559673,-0.9858209312312782,-0.44860990999317163,0.9191368763782833,0.4131882723197306,-1.6336903220599333,1.4772068159198142,-2.762296811248605,-2.2200107307645514,-2.133723584308427,1.699306412332362,3.4814064923896506,-6.067550809758029,1.8730357744061084,-2.0211745690535237,0.5066335617816897,1.063388742250296,1.9482521249529614,1.2447065186500512,-1.5206659730715455,0.13405491933888702,2.3460594328267166,-2.07603989026936,-5.655737778218494,-2.0486582396024464,-0.9719157359169823,-1.057755227710797,-0.11174379165577435,0.14074051863538467,3.8596335712799146,-1.513317615476439,-5.203682207656321,-2.2033750576298217,4.328936834035632,-0.1267682178547104,-1.392600378950707,-1.6677202384761844,-1.1574626062405744,-2.287827051222082,-0.8338818389397605,4.736198709278266,-0.819198924873165,-6.1938896867308415,-0.03589538035503709,-2.029830550685679,-7.922938987653911,-1.5148543096525877,-2.1517188146558253,-1.4744181448824472,0.20862279893240354,0.8174766775978499,-5.6719919426143255,1.605925439303113,-6.63267009408263,1.1470599345908679,-2.3890366234967484
331,0.1749390569743725,5.960773991468277,1.2397250939337514,10.01467710750958,3.8516596441874897,-2.5250349070930724,-8.452151203132132,-0.3374365903538398,-2.8164323454451368,-2.570917031682186,-1.7199008405855722,-0.9785575632760257,2.4910239015341453,3.08938396946229,-3.042085831722852,-2.8672201113264655,-4.390807616980127,-0.6977558588393656,1.3570008363983956,-6.402520032650807,3.2725697363537614,0.5345272463181538,1.286638157149604,-5.214831272383906,0.8676607128687612,0.3946958403182577,2.267579158688324,3.877794990738833,2.917517766482433,-0.28215531339136146,-4.898081378046992,3.2042709031242453,3.608562926638844,1.624847905457599,-1.0969757907697426,-4.228864462942202,0.44248830583619997,3.454385113466062,-4.404109007202331,0.7990531410340785,-3.027949913506266,0.0639176221750764,-0.8983446541724207,1.3992002096880034,8.269442470145115,5.2049264912350965,-2.666416358061053,-3.800828284885111,6.096537270601748,-0.8220973563474453,-2.323280196218166,3.9007788848944065,0.6932534355429604,1.3903166868564978,2.155836990649955,10.12345359261374,-0.9232520533197865,3.396984464470433,-0.9758713374438677,2.7169674297721462,1.3371810945855582
332,4.525022980047349,-1.490806532948052,-0.5895152356792108,-9.114340036916252,-4.452686104767536,0.7949669843879557,9.344179883387698,0.8239091671897794,4.206081990825313,-2.061192146610203,2.5651430382976175,1.2198248939492906,-1.0986900575024539,-6.793496530214532,2.1981048735799966,4.644387058368373,10.40333142115094,-1.2073356417006418,-1.7599873333387361,4.072007628388435,-3.041146824799972,-0.7689057193294232,-2.1300161136273115,11.253756539083705,0.31919777480393596,-4.821917640193433,-1.4357152009093201,-4.136820383574028,-7.653264303310165,-1.4902233880517157,2.31949852969031,-2.4871354579962586,-1.3664047268102548,2.03775590074851,0.5450845212723866,3.924267567491728,-8.523445184688855,-3.1358996461741553,8.57094525397629,1.658786748499633,4.820791995378271,-2.7588802204638903,2.627368871833891,-3.365913133069055,-6.740076541957995,-1.3759347956609635,1.6212979960225467,-7.395372241420744,-12.607165234846894,-2.4962690906953147,-1.1065365573617145,-4.568979867911329,-5.7587949354459935,-4.242428446224022,-3.4837583198575395,-8.300061942565485,-1.5555061082037465,1.4132406276297613,-5.921444962618223,-4.457071294541987,0.17082680637404113
333,1.8121717435231417,-7.061990746813495,2.2741856427516316,-4.068271715046491,4.619398754755169,2.103419282805532,-0.8468936531499645,-4.106404891587262,2.981320134003029,4.392978498334778,0.033824384370691185,6.530369918616689,2.5126265293638057,1.0608616885053275,6.796869587038227,-4.361182901570087,-7.574990382378649,3.190460004278563,-7.593815487905427,-3.5798434438111646,-1.708415313744527,5.833057706302583,4.405530705804198,-6.072321944919315,-1.4526763983974083,2.195249438326566,0.607777639302155,0.32405189251346816,4.228952758023066,5.292910038620951,10.569569238288407,2.3797487873127987,1.0297999409030818,-5.640949703033217,1.0125085980029649,4.845252851493339,5.775670655244106,1.6852591160733068,-7.946097622807045,0.38766799252539874,-6.67164327185927,-0.6288614595587748,-3.7511069205421017,9.233124219670671,-8.660498263271162,-0.46031995218773303,12.25440881965146,9.685943180372783,1.927839616432868,4.486146127700115,5.694049240744448,5.784786495463266,4.752964468802676,-2.6368841937718495,-1.7579181737733427,-1.7928690871885926,4.535552666884678,-11.514415693732282,8.528301197019694,1.8034701771676664,3.5605859188100304
334,-0.34506948176458807,-3.4258799043338852,-1.3368712907179574,-0.2605865707063504,2.3441216289317346,-1.1529734438155095,-1.415042153742211,-3.759537811423366,-0.7091122537396737,3.430129646401073,-1.0389318759916288,2.165253048819803,-0.8109952721039618,1.6109236951151158,0.41153333418387755,0.14793922925199943,-1.231729411968983,-1.8891763725928379,-1.436269505877285,0.07444091835942573,-2.203004987486348,-0.08627717914263508,1.3360270701136954,-2.634111557425288,-3.383574318265661,2.9070434140810018,1.9010935994952685,-0.7242583830479526,-1.0069429672395338,-1.9769938772422324,1.0786748910574033,0.15746696969817392,-1.2235027268028205,-1.5046231332363018,2.1558947067455767,-1.4979240035472965,1.481529210319421,-0.3081839427116496,3.295565299781774,-1.4823557661858584,-3.036242084366286,0.6590827461235559,-1.2421926324530899,2.7116362546719945,-2.289651059409255,0.6334198303938825,3.3279081295961586,-0.10225759272624718,1.328737249320801,-0.13442925906214617,-0.5484454528995174,1.6574465797653133,2.0834943633955043,-1.5178037390346297,1.6469953466996832,0.9987670561035435,-1.5770472063477834,-4.942048626291079,-0.360959660293707,0.6138214866021097,0.8806212250111338
335,-0.9542126066184257,2.425487638943998,1.2946222423008433,3.7148548071100014,5.067822725515457,2.635795057410992,-1.4498384873306813,1.1953957682615775,1.5411262370207952,-4.165788943034604,-2.9345947437238467,0.8302970899283418,4.0662384433334875,-0.8824914722038187,-2.308880975423826,0.8790275404679022,1.0202046614244857,-2.8498533829211263,2.8042262535686535,-2.322998499610004,2.346722817698368,3.165750369594742,-2.222748595432677,0.5059117296829757,1.1482011917730373,-1.67264334950538,1.9159843541172799,0.8269492152124429,-4.329453157260426,0.6836331335651994,-1.5509066711305084,0.20891056745371783,2.551622398877428,0.49428201199997857,1.6126213552913966,0.3532318800280505,-1.7281377637331454,3.9403829121060916,-0.39668002107894823,0.9892083857841868,-0.8076431458550488,-2.1242759081818714,0.3310904481473544,-0.07399532290947819,1.673019062877233,4.037478756609486,-2.5549702985955114,-4.1758705787087225,-1.3819673894965248,-0.4939221599718219,-4.055864047198415,2.0213135415017183,-3.2952742692627632,1.0497412992501307,-0.4353652752062557,3.9478206175579427,-1.6875039821280136,2.994747405805268,-2.920547172653604,4.432489554713154,-2.164325629245322
336,-1.1633373813696917,6.582548568883797,10.289277780431387,14.506994862523692,-1.5464296889532405,1.3981215318044087,0.21965337050343603,0.665014476353459,-2.5747021085477435,-7.4353574343265745,-1.3752800150399727,-7.577325656184869,6.938205845326552,-1.1307279900527833,-1.5776735851080343,0.20974631954352735,6.903261204359461,3.35313046733242,2.6294984961420087,-1.6306947628959252,7.458716547175342,-2.91499166745238,-0.7597310422041542,1.2644290362925863,1.7104558158808318,-3.5844352238505843,-0.13401236611854536,1.2209606362641352,1.8652066405187924,3.00416213489122,-6.930633548966653,2.4001067188855463,-4.813680135888021,3.5617663497597216,-4.276056370652004,-1.1804812746757813,1.976082577287622,2.0481529968629917,-2.1240999463254226,4.0117152832288925,5.1690518259143765,-1.9883819317774725,2.749927262196392,-4.031401894203154,11.265032770716639,0.9641695118596845,-11.784598645795638,-8.342130275064546,2.386942208299334,0.7196426622284562,-0.9186906106428167,-1.417095518860107,-0.5297730014861329,2.5050241733608463,3.1644652244974933,4.171221322397313,2.383344345811503,8.451900710223018,-5.262822185203735,-0.7502398684182442,0.6861510493236337
337,-1.548708516736808,-0.6696557136904219,8.119060492020923,5.6254582798378765,-1.5897181427918619,-1.844849858263468,-1.2594997248570294,-3.2169727507389267,-5.005428501254954,0.665692920642064,-0.4359197485321794,-0.7914123017077327,3.834113385190735,4.395950974262863,2.7466502949339,-0.787170766507447,-1.2645457506545088,4.4765207039597295,-4.338906372496264,1.2054183226717523,3.8795716883281886,-1.990192223581203,1.4850130744259198,-3.2688354272653903,0.38272419413636194,1.884843185165952,-0.8432805716487831,3.274498219166306,6.2916547761971024,2.9619292816820146,-1.5653856781335644,2.468562797328408,-5.436626230693732,0.3644653438603697,-5.241272989053739,-2.063420272183548,7.356546262973518,-0.6698095514001083,-5.963263873169854,2.612099952305502,-0.4114562458213364,0.7975957267102345,-0.041882453925798924,3.1835498257662382,2.205297841339034,-1.4220820381648578,-0.7224247841040373,-2.578845921150924,7.964162009106529,5.143302339669596,5.62383561326093,-2.3716226617896963,6.522381001957249,1.9697940606947826,2.2559942618908537,2.6653764085652183,4.720130714137089,-2.984659275081535,2.124614510861216,-0.31761978413426584,0.9138098707914339
338,-3.5749676655018727,-4.2130274064990205,0.14060192019854245,-0.9263112367778943,3.487305300491007,1.555340170140304,-1.2145672506852518,-2.433646872728995,0.3376241504013986,3.5903682810405364,-2.621981111777201,2.9623313729146807,0.509275511439825,2.164318348086444,0.9732882974538166,-0.8271401399020888,-2.36714943063713,-1.9751887702057196,-1.2394624815273476,-0.04623993080206573,0.05515007465259926,2.554665968330389,2.322794947992459,-3.349482534152912,-3.1796507068822435,3.9413631151051414,1.4075103103524889,-0.6536389097675382,-0.42523993087909856,1.0752487684518095,3.762120720510488,0.16518965473059427,-2.4250629497569975,-3.921132320377407,3.001039027379847,0.5339997547563962,3.2227411434446496,1.82507473647959,-0.4904375151022927,-1.5185005483268006,-4.4431889026208315,0.38671318358409856,-3.177958945953566,3.47848738858939,-3.4403817160818604,0.8489905727332918,4.264398274283323,3.428999564381585,3.289524962827948,1.7848652224289665,-0.14365027447319656,1.9715708642459813,3.2482883290612676,-0.09047771146021533,1.733412185610853,0.02155181833838854,0.209878156479366,-6.241577538188483,1.7275496711539964,3.031363504145091,0.4470623085143563
339,-0.7260129348943987,2.0756386366113673,-1.2014882434904475,3.4951948640310997,-0.11475354376469359,-0.8257108331563994,-2.632208215133347,-1.6377358789015166,0.8086768810629983,0.13835925805402968,-1.954305082902631,0.1573014621790429,-1.5578640226242035,-1.730339518323429,-1.1825952289769843,-1.858081933289161,2.5100872663301534,-3.3684259142302473,1.407295251649415,-4.823254198150861,0.680404697146581,-0.291833651856106,4.107323829433104,-1.4865820820890625,-3.598560304908098,1.0380670319844312,2.587510887208021,-3.156490133119167,-1.1538421780025614,-1.1384571112988813,0.3393260801408692,0.25743871588604805,-0.31158201312117084,-1.7444638924266127,3.48058230594866,-1.315585986910305,-2.681949189964005,-1.3187486137557256,2.820914136572018,-0.2742200573815642,-2.3885222226875586,-1.4816291009970617,-1.5102385792554986,-1.889647564408126,3.0719463935629516,3.302553561981967,-0.9587710578534229,-1.608476365957374,0.9140825119975922,-2.246631746409643,-6.0702553409242,2.8125497492397775,0.9475077199075838,-2.430822367480507,2.895506937094382,1.1366039937455248,-3.7340099669680105,1.775904877947311,-3.5699737175688386,-0.8725621607359266,-1.7485031376263225
340,6.47467088990443,1.0696564059973235,10.015485669460222,13.351806549861543,-0.4446971785142421,-2.0472102556230594,0.4051446656340287,-4.602532688642738,-1.4447085977549743,-3.4327167509424066,1.1518146273962138,-4.488946877400095,5.932255053002745,-3.666113924794398,0.670709019461573,-3.4758175568295826,6.6797237334921675,6.291722486545455,-5.236847774698018,-5.436204999444836,1.7381009229191047,-5.027339913703715,3.8839053452880887,-0.37280945563043133,-3.4377473187061756,-1.8741640973740856,1.4529850421669093,-1.42594858526556,4.247123697471988,1.1968817148685025,-1.8500519634071426,6.570129617150885,-4.20239823476523,3.289216108181127,-2.9438727834895704,0.16334000003103316,3.553466872085803,0.05607816844128716,0.8733737833955856,3.656896694243085,4.2373866863631555,0.20240100244948395,3.9514367788048244,1.285829154726511,8.482936964481361,0.005839439348920311,-1.691170884496223,-6.368170427861999,-1.8243787779869098,-1.865339177026418,4.125910254401427,5.395151733006481,0.8946500080920856,-4.676253481665124,2.9755956544602378,3.7014315009960193,2.3187742316721307,1.0759166454312237,-3.6233813551480623,-6.547759865189501,11.843266948976702
341,-2.0095530682517673,3.2069354227974163,-2.1861040559517235,1.0198007882628168,-0.9742231149704099,2.2170601924531987,-0.036558481831218265,3.7460744770770584,0.07864601765084533,-2.079595767848741,-0.5456400831939988,-3.6659855223692883,-0.6344568477173628,-0.8448183012895467,-1.9319056182409597,-0.48461928947100186,0.5827050380304122,-1.3430209065949985,5.108961030186697,0.027942020017870994,1.2166116995443241,-0.5286603443222848,-2.243080468001966,-0.12276889630897725,1.6519553473134378,-1.3106233843990247,-0.5560919383129482,-0.4958009761986086,-0.2264429032981667,0.15655936940422116,-2.864058732669818,-1.9446744836788215,2.0056502434814734,0.18304145971414038,1.595434775134482,-0.09608080249267517,-1.6593258441795986,-0.2997166939680509,0.17363532804481543,-0.9636028362177479,2.4739843526348233,0.36434710043318047,0.8524220248615255,-4.939380998328066,3.5672233068096078,-0.6073407355129206,-5.955562296999994,1.999539188885458,0.09760117296997683,-1.219097096290408,-3.714630368275595,-0.5089444011886936,-2.12561575130287,1.6885777177735204,0.041376175452861985,-1.3406033597915223,-1.6397452997789812,5.896529742856169,-0.09640674048058297,0.14325216301104343,-5.552011309667229
342,-3.3681926811991305,-0.99502855388153,4.9558860857205,-0.9706651527679069,6.574028256601313,4.9058331587527055,0.6130489569217813,1.593894670525244,3.5265066342855937,-3.159799836068199,-3.351893297621029,4.313865402657646,6.913068960868182,-0.6702511075620641,1.7340994848926232,1.4582865192215544,-0.8632041155251035,-2.7312829308644595,0.5154580583423782,-0.8650513497969352,4.870377397608477,8.264637010788316,-1.816348872037445,0.686588128449382,2.8879674351792746,-1.2115475051414712,1.749314813256814,2.470205692352721,-7.294425956635917,5.987463380803632,3.5173666159643626,-0.24625025335444445,0.24573652067872315,-2.538383188069504,0.9972595536514093,3.7261688043706798,0.08044184025632806,5.050235367983612,-3.8558369275512225,2.002051369778495,-4.2837456037044115,-3.2141466300495796,-2.4275241691252374,2.1921119751537144,-5.230794465409645,4.734157016770248,1.2247745006029487,-3.495705172144333,-1.2184957742298703,2.7778325680974585,-2.561065618973817,-0.09804670474729088,-2.2266010182792186,1.8482611660888082,-1.8691302627222435,1.6498061142702842,1.3246264786512993,-1.0954175257369918,-0.6354255388906955,8.027866684745465,-1.5494787354652606
343,-2.434269390995088,1.8058865563458266,-2.1817447915267896,1.0474506664448027,-2.316643202362294,-0.6486040253149272,-0.529043087791315,0.07687328798953205,-1.76350107834116,0.9244898133964498,-0.7303399408939651,-1.9891211501197217,-3.0124755186121575,0.7259820771414729,-1.9654483511230016,0.6908199667195856,1.2297344255553788,-1.8777153908001005,2.5830978957504738,-0.01685415950445801,0.7622434179360422,-1.8722784262740124,0.9924030182664358,-1.0432263196258356,-1.0035338061003947,1.0358809401825766,0.35910460754849116,-1.3675790905406668,0.1639206931121346,-1.9649891246594988,-2.242904284209517,-1.0608268928014863,-1.6039415529908605,-0.6089011179557042,1.52292511177482,-2.246551344535845,-0.5156848948846912,-1.4263230396946665,2.0809678472305477,-0.5744035711903089,0.6935680682237758,0.5498507284496754,0.0007094045021569517,-2.723957327441089,2.708679139131472,-0.3936883654595065,-2.958556400101083,-0.23759881671175934,2.4280837452428017,-1.1435955654606325,-3.406669273919283,-1.4199890438657292,1.2408186959043757,1.6491430825181401,2.1958702399979364,-0.6385739756883919,-2.5689808840131017,2.487613395746502,-1.5738139505949653,-0.5705396441718731,-1.668149048677269
344,1.5384035411205077,-0.3424137881323025,1.9795772247142476,2.273355004475282,-0.8040673442996755,-2.1532988636312167,-1.4565685187521797,-3.543019169843011,-0.8386672027717317,-0.1780364575718702,-0.49761633636445896,1.666858110904986,0.21554697505842765,-0.8296109442598566,0.9230177357873856,-0.024076928497466496,3.5405447528185108,-1.0457409206517156,-3.4350420570441,-3.1012697787175054,-0.1573463848893481,-0.2150594249047912,3.282527239132876,-0.05406377650408428,-2.6920369053788686,0.24016260636510167,1.9063364613726244,-1.0286474935355188,-1.669176259429096,-0.3678140899537077,0.33548410159871433,2.4042252400833597,-2.528849106030542,0.37975198355624146,-0.2254592825637982,-0.9759183138033427,-1.4951139119060508,-1.7247484083796567,1.5777255274923527,2.3117519219570744,-1.4900681275233756,-1.3052817170075457,-0.40491663584081994,0.5834652092993498,-0.9484993453053561,3.286653424989521,2.3856459268130084,-7.452198856584658,0.5867176745859171,-0.9662811055848401,-1.380111218807024,0.6649293710212594,1.0592461466504053,-3.177805764489597,1.2777508715416022,2.1752604320977236,-1.0867156625949568,-1.9749447325772338,-4.366238043130763,-2.03163828426993,3.01237402375315
345,2.498179193949619,1.3207905416949481,-2.88597636797556,1.5564208667374333,2.1959157905326396,-3.707466744060929,-5.198975855818089,-1.137896760301499,-0.5189579546070299,0.049031363382433635,-0.48535503915964284,2.917256660605662,-1.0609189417198577,0.9481822120968242,-1.7482747892029098,-1.3111828098514782,-2.2850460916700603,-1.4960148109913485,-0.5389999231949848,-3.7813408559647055,-1.765944377235762,0.37617277402178545,1.5530886265176183,-1.939818985937827,-0.8134396271403577,1.1699235870854596,1.7971029737515376,1.0696659216336377,-0.9008486287626567,-3.0620685111579564,-1.2325689629487868,1.7800167820585366,3.702651482128032,1.4758105345350776,0.5234916446574139,-2.4918389918262025,-2.218567329826004,0.7875136323986879,0.816104546124112,-0.4151197733297176,-2.983638914653252,-0.7715604935229299,-0.5563377419097053,2.772119216431456,0.7369470866090276,4.246261582969102,3.5197641080218154,-3.5569937164256515,1.1819267478244675,-1.8270635977886085,-2.2699992271481384,2.8762023777551295,-0.5998733719955414,-1.6961323667895547,0.5114801497939248,5.097828352832066,-2.6584051955232084,-0.49862287164472274,-2.155851153156185,0.9791612240688475,3.504066953718264
346,-2.4825041669592935,1.7577362114260593,-1.9095343610096667,2.562714852000427,-5.062810269392073,-1.5455833276897994,-0.7737678423438281,-1.3449492006538115,-2.905181257193046,2.316648897146208,0.1090479159190967,-3.90286871917459,-5.025013235531283,0.903916785206393,-0.780729621405032,-1.1363507972234033,2.5380271590260763,-1.206600315862715,1.1956650728141334,-1.1457535569475914,-0.10176930910779614,-4.2231033183474,3.7729048664825573,-1.3421849256846219,-2.8980042503756316,2.5928760018903096,0.9183775243408707,-3.2506130697539533,3.7183324963247006,-2.672401720220417,-1.7399133630818748,-0.6383054163827777,-3.872438274680359,-0.07452013205317387,1.5127388358416494,-3.102143527901874,0.6283331514917915,-4.440357088972674,2.746345293226265,-0.7456569234990913,0.5575438163412318,0.8280094714428196,-0.18068382407037342,-3.509612992387119,4.683118202701692,-1.2794789237800228,-3.0987097218447928,0.679968828813339,3.8821974402136936,-1.206572913695114,-3.2198659981146447,-1.4884778442476236,3.5173178334400763,-0.16015857590058347,4.250298800674921,-1.3231940548720593,-2.1170462183874967,1.7609787399988357,-1.9397448424259025,-3.857610079050213,-0.7524667641127865
347,0.22103906956862113,-1.640751640943683,1.7200995374316332,2.144028108107335,2.637423764361646,-1.174892970874238,-2.313860161721103,-3.321934838407491,-0.11418435147440908,1.5458921196212696,-1.0098904632604937,2.6906575617416917,2.050419196736448,0.5413931299842587,-0.1438695311838712,-0.5222182308732055,-0.3321655408487903,-1.0393314393257027,-2.7353688329420263,-2.1331139681595097,-0.6891014298206612,1.1056184644452614,1.540157611046162,-2.196867523929515,-2.420400482084674,1.455412214642453,2.001667442561469,0.8223786241040987,-0.7038470047605763,-1.069806683631047,0.9733434675706094,1.52752750249308,-0.6440055905104978,-0.523104272092433,0.5506051460748895,-0.49699193485269194,0.9226764151772611,1.5010688900605467,1.402436015165344,0.13375117760519817,-2.6735218389924644,0.12292702891674555,-0.9588279483906426,3.3490008763326795,-0.9238361510650659,2.284977271413264,3.756674995624944,-3.1890032239478248,1.9892070908396633,0.3190189143858349,0.34929155438445864,1.8603053366972409,1.5222678424594949,-1.6331444790944556,0.9644445152093482,3.9620637212407406,-0.5163937244144612,-4.295123378669345,-1.1201254469258861,0.8245039798076946,3.530431491234449
348,-3.5413518314065406,-3.136684900849106,-3.7224888546676107,-9.817766591913092,0.021009551174808197,0.15493669059604942,1.4078552563644757,0.7292076815529503,0.5327800372726067,3.459714321544954,-0.34914815480816885,4.175720036182084,-2.8453463224739575,2.9639222929568234,1.6266419273534836,3.3236783080823127,-3.4683986194165923,-2.068563258455013,0.6448812460743822,4.8100454566956286,-1.322005534518036,2.5454433288695393,-1.452754040930487,0.9322922678121168,1.7757495888104273,1.6592688080520892,-1.5508457238125468,0.7965633883201352,-3.108071423006432,-0.7387197288919286,2.746301954305253,-3.362937155321018,-0.16132143483166902,-1.5794501034612944,0.6309178258656764,-0.40766906971652406,-0.8044399193824175,-1.3764837546534499,0.3194539688674919,-1.5640018931579152,-3.23015606643126,0.6795263945848286,-2.529647703312784,1.3853744986367003,-7.925003479227652,-0.4921108226918135,3.27178651469322,2.5037548749856393,0.5721074613595445,1.9192010756728555,0.3452047919379176,-3.837684421852744,0.592084586165773,1.9918094672339373,-1.4534039001632042,-2.3576320155530257,-0.6348783721837968,-3.4142013038127175,2.053050150948481,4.012243237512567,-3.609844562745402
349,4.054854531856129,4.690316927733389,0.13683914107734368,-0.567443412763858,-4.436239729065339,-2.3646983560997272,-1.381736288170777,-2.0355529143926994,1.2739618527324592,-0.023020208108710458,1.9565279131158921,1.452118860788951,-4.557986230115644,-3.7588367966345286,2.133415284021615,-2.9273488511214802,3.35372102492896,-1.57592238790433,-3.225917364146294,-6.464560076538472,0.61249737604072,0.5019607753132365,6.868572793036341,2.0428639744968327,-1.1617631826829171,-0.6329529758959825,1.6507221010885595,-3.2054560479383176,0.9134496810809638,0.7420114425072111,2.7430767373449476,2.7457186038849994,1.4927813222448572,-0.380139917298284,1.3656209210143515,-0.16572631837321794,-5.63842288977651,-6.047821141096193,-1.4289283509137993,2.9043764539074055,-2.686311826844885,-2.6165920159933584,-2.042624481269532,-1.5850606009085335,-0.0623283912552544,3.3677259113189204,3.5270684900626232,-4.89622109469219,-1.1152637887205095,-1.1905179670097537,-4.187384978743079,1.5001260488882553,0.6865050850285259,-5.373399486747173,0.15046891241900315,-1.7959298320765449,-3.4404005588284097,0.6792382229140879,-3.7349186367512384,-3.7142505826176855,1.8831901818431154
350,-2.404113812884327,-3.803493660604224,-7.532606905675507,-11.376538339978712,0.29343050959621503,1.1130117364384875,3.602119332415931,4.585952410715927,-0.11846340145180734,2.239180234487818,0.676191992905539,1.7349384251711721,-2.558728954952809,2.1335161709386794,-1.90102249419695,5.853171771772416,-2.575303955065925,-1.0501673191832586,3.5992772755567466,9.322208509846336,-4.362093085626976,-0.39468284023365696,-8.027141969134357,4.22272229254367,3.322721527653029,-0.18613110085827794,-3.389645838576158,2.362853946355359,-4.494789828855703,-4.048719493000687,-1.6445071999859853,-5.695164029530057,2.15485438968747,0.9618561003845185,-0.6798699659084806,0.3399702697473133,-1.326961824427435,1.216236839620212,5.5553844181706316,-3.219437860115279,2.907548431496292,2.7106989513822253,2.0799192134889797,-0.7194349801083504,-6.484966379162787,-4.3637759896792865,-0.22536012745550213,4.373641699553653,-5.413272507125085,-0.09560258142813718,1.7033713597174653,-5.919942569338747,-3.759945441467361,4.282922391452075,-3.3758814065856617,-3.9353369086374483,-0.5265874444156656,-0.3948263609090037,2.3468495072399316,2.2776035282943305,-5.0286828989745675
351,1.3446653686079677,-1.3021494301875447,-3.8322676136121614,-0.8651099032581471,2.7134251765591455,2.629922412075465,2.087920504118956,-0.15104131266860993,5.978506283569994,-0.9918353738933603,-1.8087699298469457,0.029483178264694987,-1.1926398022672098,-6.146797274785638,-1.3600620865309114,-1.2396771156203796,3.922402847965634,-4.441491404039134,3.0980810302086157,-3.0374032385983463,-1.8983698132495435,1.6397074784976065,1.467503191333978,1.3650705927643738,-3.063634770581284,-1.178917676882057,2.6928044314200004,-5.590646306413005,-5.345127307879637,-0.7927955798812202,4.241012291092813,-1.497257690851911,1.9638324054113676,-3.1599710855270766,8.176700163940692,3.2469697024937445,-5.1846226670665265,1.3107591423206255,5.850898098302052,-2.041526937782134,-0.29792417272261307,-1.1150692379263734,0.05561894552973318,-3.0033400181292933,-0.08849228611302193,1.5169843692780494,-0.0895822722871312,4.2360681004773415,-6.9202528690754646,-4.339483210050767,-6.626330964106183,4.905630808500268,-4.147032523253999,-3.0055427211012966,0.3968838225368764,-4.276274544595333,-4.149535039379188,0.8379299509560064,-1.895102358116901,-0.20995268041873205,-5.102431847539612
352,10.367780804532353,-0.5933101294203957,-4.594808554026656,-7.297637663757879,-4.1010330761691565,-6.693896905622276,0.7400887172884966,-1.6641321337096149,1.1549538858203376,1.814413761073917,5.688369152349162,4.075928774727221,-5.248871476312028,-2.5435666781540553,2.36212401188956,-1.3886416123603873,-0.7410867424898226,3.3567159662685593,-7.196640934115129,-2.3484001181168446,-6.543793682344485,-2.5741330261916335,1.5635352220143646,3.8799787295514347,0.45931386138491576,-1.1968438634772312,-1.1781133147103464,-0.22596076518417962,2.920957725625206,-3.488266314862123,2.469018311809979,2.551963327398755,5.498884034956762,2.7007795368284406,-2.9803215062652315,0.8051442641762634,-4.705187134942153,-5.011320707518221,0.34784029326673677,0.9700376613619918,0.9027437065143694,-0.1763239293661963,1.7002902120896308,2.0320176664328593,-4.768268799365215,-0.9843644286410813,9.961834595397482,-0.8884784730149486,-6.746692615863653,-2.8591917486476164,5.6935444248277065,1.8385519074772985,-1.3758653805105738,-5.26630206626776,-3.9159389534091327,-2.7907228879874,-0.4275129413286927,-3.264611503618058,0.05121386011212148,-6.87377523609104,8.001326096044206
353,1.7071159678857917,-0.1934730623931823,-4.556761298926852,-6.610412386286966,-2.549666917944357,-0.7334179996801897,1.4043685810931659,1.8504046924572946,0.205976436134955,0.7520577228530531,2.4501645892578003,1.1459682873449175,-3.23787818840194,0.5986301099595044,0.607541693712676,0.028892798591772073,-2.924027424366366,0.8380730305010058,-0.6975404009004267,2.6769529202676896,-2.9274327827955275,-0.604698342574857,-2.1795370188544916,1.682928230513997,3.2789253728841805,-0.9918100639812875,-2.3037122909559455,0.7039472437574771,0.9278936413685998,-0.8584238768485826,1.0226376017739836,-1.977482673486616,3.4740267518051784,1.1691886953726915,-1.133284677090257,0.19493483446600884,-1.4908225530070431,-1.254265565274114,-1.0651379838009547,-1.1880276154546126,1.3453757128352535,0.2507134680199885,0.21929970307037727,-0.43990236520418485,-3.4531580927998804,-2.2636297107179537,2.2644182095235954,3.968788457554983,-2.050499010363804,-0.28322978029192597,2.821033883559872,-2.1359088978258716,-0.9901273006283837,0.42988178397405563,-2.845275131368017,-3.249620484820904,0.30482845876669656,0.02570336293031729,3.5706179500266972,-1.2946117640539452,-0.7120567777423874
354,-2.916072225272248,-4.515676234201724,2.759217405519182,-2.5075978718492036,6.424216713811216,3.304003200814042,0.5816445136808761,-1.6243728191053437,2.2209768832396195,0.4372384221165662,-2.636671681281447,4.935208235534853,4.488314212880694,0.6800613843662611,1.8782281924623991,1.712034880798943,-1.4204656825244497,-1.7005766224608367,-1.3247849662304367,0.7387286549595273,1.4119057391703003,5.555471369978066,-0.30399819042970305,-0.7842412692696348,-1.5455388861400094,1.8495875881954313,1.5770584339148048,1.3485032186754216,-5.082112781905323,2.175120747474216,4.267912864640205,-0.4832279695016451,-1.2849719372033603,-3.303863133851381,1.8356110377742527,2.245941751425688,1.7077336051686896,4.358079257464022,0.09862103428740446,-0.0728534659729936,-3.979386457978041,-0.7081517059920466,-2.3783502346895125,4.388891356236598,-5.82256332592972,2.7496562164380745,3.350124628330814,-1.6521841916711928,0.564033509686926,2.7914199662057957,-0.14860403498332736,0.5864877379041286,-0.02631194033656481,1.015403309534227,-1.152786945045554,0.8473768922342636,1.183778352418581,-5.693544252647487,0.21748593289031282,6.432537136477355,2.376531666500175
355,3.213374723965116,4.880921297659259,-3.4728019736413014,3.16053620450026,-6.296261764604554,-7.9300356813151645,-3.6571791665089757,-1.6592137028017055,-5.1910636739498885,0.7431545709216767,2.103849178703276,-1.4025591457920985,-5.237740768996077,1.0534576568998262,-4.176376006279758,1.6170608800843307,2.6137384705365787,-0.4166054341751037,-0.15934663422697637,-1.2347668043006774,-2.654113738285587,-6.116587163177172,0.8483027532922747,1.2658241357256772,-1.360929213119533,0.46121377905216254,0.09417815015792083,0.7484093082959467,2.0202361065435017,-6.942286811878585,-7.397469006270974,1.954852846464421,0.7222611566802333,5.710776412685123,-2.920891208624185,-5.631251301183834,-4.163135445459639,-4.726126129335446,5.93244629965312,-0.39870387913554023,2.164011816338271,1.2626653018821532,2.811545729252285,-2.2936025738245522,5.510679218461792,1.4548680950648047,-0.903056041172375,-8.586204510509699,1.419848667591432,-3.839437003194793,-1.3772696793233434,-1.9988369074236016,0.08591583383835455,-2.4133714979533467,2.0422844622223812,4.6456248599387,-4.9435685568928625,3.72153773855796,-6.48858085280976,-4.919708387890863,3.453781660569247
356,-0.4139930513658914,-0.1756293789057303,5.786398908013678,9.811588736335489,2.8747770009209095,-1.9308278087587092,-2.012113165962072,-3.906776828508982,-1.7608561692183955,-2.209490956081153,-2.1361333127116047,-1.2978937081695348,4.706569627515804,-0.09150886992158083,-1.994990020642008,0.7819213770266212,5.516304471230813,-0.5748455065416447,-1.2867893889152888,-2.1296062253530246,1.7426945073627635,-1.7594855169291954,0.8150861189979262,-0.40435814389376384,-3.8978687442709634,0.9934799439337914,2.1879902702226444,0.563001786592546,-1.74921199371339,-1.713921452602698,-3.765736181385753,2.845331428034047,-4.755196733297301,1.483842028958006,-0.4537534962266265,-2.204248541101326,1.5845114899442876,1.5223993650029128,6.028257633365134,1.5587710984865453,0.9817144711671209,0.3627412185306448,1.8652916356653917,1.470919649290082,4.4083202337374985,3.448961480886867,-2.7851587866373397,-9.498337152999014,1.5234859723308094,-1.6198700078136306,-0.9682346299374194,1.5011647180185284,-0.1751849631266802,-1.2483257560167527,3.3646134349924415,6.230406302983648,-1.40836330276867,-0.12816636814734966,-7.060455348055657,0.11665936877052707,5.438448932753863
357,-2.0123817549715284,-3.263715583269318,6.391496643149948,2.621710172625312,5.3350148352927045,5.261120109869453,2.4682907146850193,0.8426827360948532,1.7320306171418416,-3.0571768718347934,-2.083842954833463,-0.21474389897436513,7.902701892775296,-0.3649552493401633,1.6975106170639607,0.4472300631937598,0.20578043610209215,2.1893652745476504,-0.09691231260839994,1.2876924057240755,3.476163648202304,2.583408305510252,-2.3913498013567827,-0.1548448485737717,1.6645617225525444,-0.649641070502579,-0.1621532747516549,2.1423907963211124,-1.9857293169984522,4.84455106678441,1.7635110189249805,-0.22850586371498854,-3.1187172259965337,-1.0700099729724117,-0.9996344073856286,3.668457273896281,4.011141813430059,5.365490235676574,-3.032057779172701,1.2030620061198292,0.2881016007499344,-1.2100903865862993,0.1588874756971579,2.529086167627365,-1.5483808298524688,-1.0494838136835338,-1.7805666641761435,1.4469313101926675,-0.3466386039632402,2.916334065226241,2.5272551498307605,0.9065380052583439,-0.6256837317741442,1.6579983650410255,-1.0148413398208098,0.11165719601987778,4.249082917594981,-1.4568888980949637,2.161097340859651,3.987485554093609,-0.36694209482436624
358,6.88500727350819,-3.8944378648506404,-6.565250421337302,-5.56563748085809,7.224700076556217,-1.4928277384038928,-1.8948299777571456,0.2594387876490126,4.568716070047038,0.6037178934247343,1.0049090340245586,5.983347017111971,0.5081843162433213,-1.4129505790041292,-1.8808166480663138,-0.5041269218474855,-5.22295468252765,-0.5450725313465475,-1.7600443497874705,-1.5061704209436906,-7.505238972616758,2.9927546760889534,-3.6574372906990487,1.4198341986218792,0.28571763651706106,-0.07277533652639612,1.0724935291778859,1.5712060329280895,-4.5328353980519935,-4.186231658457432,2.472501065485473,0.11889860403837149,8.882580438573196,1.2511282331585283,1.5366245676739156,2.3536942769402374,-4.206900880071032,5.098063696088378,3.8981557978117576,-2.718068607100759,-1.9084225786515132,0.7036381823142293,1.0599212410839347,5.715333202439599,-5.461099004845813,1.5947554384168603,9.18338756054461,2.207136157808292,-8.353741939013895,-3.621363360929332,2.185764619822554,5.934693668899993,-5.254246481754345,-2.606430552025844,-4.445952877012336,2.5503527274131956,-2.10470875920693,-3.879668888894604,0.9565267996722805,1.2322870886848205,6.705609517772293
359,2.1292246085930486,-0.11784587932904324,4.25603846472554,3.386253391364387,2.239875427156425,0.17758375260449497,0.981906768041557,-1.1225748783909777,1.2331703653411017,-3.636549774074141,-0.7554701567195508,0.9704224541459212,3.999512588439329,-3.1304373963485874,-0.8204420581871895,1.724356555148257,5.077304714569542,-1.0550250339831864,-1.6450186842425871,-1.9425032812310994,1.338884509602884,0.8865575490907798,-0.10512709967782885,3.3383015461610364,-1.0318765241063526,-1.5951365134095536,1.7176592141801015,-0.32916237323093356,-4.94672091804866,-0.13728416136070049,-1.2753196302838052,1.3427857235198881,-1.4720768060183758,1.8641644543555862,0.13664370993796818,1.175933194445233,-2.0938070139698275,2.1803030452469327,4.036107788250377,1.9206715831279806,0.3502010478748977,-1.8022295028203237,1.4539376927398782,0.6706913104619501,0.3775171177096667,3.980657291596742,-0.3298265306199065,-8.879529592217624,-3.6713847030475435,-1.3822550337855017,-1.8774771336943117,1.4113394765974328,-2.5708356764173286,-2.055881331986218,0.12010641186794031,3.059482459934531,-1.2056186910478,0.7731341287150795,-6.282439578297808,0.14599641534711122,4.519185320280543
360,0.7862399863827503,1.0053745180864584,-4.066976571371206,-0.795128632942212,-1.9074366508274316,-2.4195754215260084,-0.891574329549531,1.5365844836287017,-1.92529330959348,0.5690971865613011,0.7813136543906454,-2.477957288275316,-3.4178630036373407,0.9360662898763087,-1.6114852956232664,0.9477729590556653,-0.8237229007034566,0.3726817460272755,1.5721373333223407,2.499590191177097,-2.4678036225286153,-3.786045544874697,-1.8866350376735854,0.716054159848066,1.3093902099744903,0.14405892915157165,-1.6888916291576017,1.3917948855689253,1.1946573280857706,-3.465868183802892,-3.1628932995512904,-1.445885741522624,0.8574987971253032,1.9393590564028023,-1.5505831051045222,-2.789863105159694,-0.6957783190522906,-1.2253098389319423,2.1424236323818757,-1.5728831185567118,2.950015938904704,1.8631896179386773,1.3269700465509855,-2.073300110615161,1.6189316494525114,-2.042084838119351,-2.0506885487846236,0.5328344316775926,0.32187954229263827,-0.9477831896052838,0.955605853025725,-2.040003365321719,-0.6320514521618572,1.5294936106938648,0.215966855338717,0.09663465873126856,-0.974954908951553,2.2795557225483725,0.896891261339828,-1.93936307723185,-2.6443648676262317
361,-3.032516867073253,3.250455546562497,-1.0479526914744677,3.2930266487109603,-0.710720421410405,3.4513029819989143,0.5128605451864003,2.984685367834591,1.0236573328707015,-1.8003454289261112,-1.6202822564795576,-5.104492111089316,-0.5557058520588746,-1.5829922907856295,-2.1341959127132104,-1.4091997805566794,2.134319578268503,-1.7900196880948063,6.026573920122433,-0.849795735138297,2.6945156900183864,-0.40185287980475426,-0.18737648194444373,-0.882109731169493,0.19453056986671285,-1.615322607300485,0.3597107384053334,-2.6998460506495285,-0.008063708785455204,0.6057057347332203,-1.1485720775818349,-1.352272938416451,0.5508197122457852,-1.4727033477009506,3.5831962646240614,0.8124823193788108,-0.8152025070949238,0.6542023374361832,0.15575158440953457,-0.8782361984903485,1.7698363783649305,-0.6400245493846858,-0.2584695690498098,-5.421089710003383,5.972613338838302,-1.119457413035525,-7.1403557768797805,3.9209726368320212,0.8717559388634065,-1.408992397957039,-4.984645451811403,0.9919199403404184,-1.3429695764667111,2.1774595535039034,1.6444246778462648,-1.661775394718856,-1.1088432796687302,6.090049382605876,1.1489807303113166,0.05681018474814192,-5.21804127232431
362,-0.5141003970959452,-1.6031085871729245,6.954861551817723,0.06711803543746615,1.2913310337896347,-2.3139512951614805,-2.1538630813422484,-1.6939214754209524,-3.4619044681369044,0.542487553832312,0.9129836176088715,5.245047339626839,5.023527458661505,4.7562096223373,2.627794920491168,2.617083281499394,-3.365137240667464,3.1828886557976155,-6.735081891809566,2.2826101240555476,2.719297171265614,2.4415274038691335,-2.004653977980915,0.025125426790143124,4.17491976201061,0.9636489978054964,-1.086641070894491,6.683486537960477,0.2852698793468246,2.3822854816830477,-0.7030533743320331,2.794290990673071,-1.438921104059772,3.155186542838812,-8.880962351938773,-2.267890205577437,3.823885401087436,2.0942402563678235,-5.815221553919908,3.1202450355952793,-2.3528246783797746,-0.9499692338320985,-0.4818007202275668,6.896078838953296,-4.917967019573174,2.374139504303146,4.078706124996392,-8.700914722790657,4.062846615862944,4.749159841167014,7.675360446467568,-3.3796049941086257,2.2629694037685173,2.216732283041671,-1.1163300163840573,5.714565848463945,4.405425106274702,-4.969527628554721,-0.1741957415788536,3.308325449432962,2.4058323984728225
363,-1.5717731715867629,-0.9106647625025991,4.28103212255603,6.932862621268908,4.4960667549952875,-2.399066841738163,-5.635823037772836,-2.8953874149892305,-3.3476546073361146,0.5257669305145927,-2.082939476663275,1.7797502851125127,4.402240204912049,4.561389653734666,-1.7239544851039517,0.09260131640747665,-2.8019385215827604,1.0522338225544603,-2.3402997539226433,-0.922944891972622,1.7314445024541822,0.317003338435466,-0.45904665820979884,-3.7272532522451667,-0.30366717702192986,2.391120207708674,1.1440618689947328,5.096235256360592,1.0920441221136632,-0.3220173703768042,-4.221175993717124,2.5348870708865845,-1.7965587486877113,2.194701396672914,-3.9768204995017404,-3.6761102127274548,4.361486728573988,3.443452992562128,-0.9870968712385482,0.7270860893068194,-1.9049101197136042,1.6425100945698914,0.21354479753196584,4.995102709360768,2.008483641169547,2.610674469266156,0.6703864096831064,-5.511882764786898,5.349667307227408,1.397341860564584,3.089811079211066,1.055979086169939,2.966890899754186,1.5531326507962717,1.9206464694556207,9.624218086490966,1.0281586446344966,-2.5595051159492934,-1.0513717357156709,3.115979377405675,4.592239317605358
364,4.744157248174935,0.0754361441005419,-0.26236725176115155,1.6697878268344355,-3.7498840040302888,-5.765454628439835,-3.1298813297737365,-3.8961388772810857,-3.1438696410393723,2.8196598997789724,2.8901606515701115,0.83294475329428,-3.0894361556294845,1.0227279836826146,2.396976356101995,-3.4523572000119076,-2.5898022783947967,3.742194848040319,-5.631473792248025,-2.9654120923126057,-2.7198666032510936,-3.2682267385145454,4.285108789247451,-3.3584667885787765,-1.867453059912515,1.681337844631601,0.11390267781882382,-0.46797986512095047,7.405284649577174,-1.1292819871179947,0.9831450462134226,4.11962176662266,1.017680996060108,1.6074653834877783,-2.2094882840452645,-1.6516310382703485,1.7968361744818047,-4.723864809898767,-2.9712596982487116,0.7243885926218568,-0.21880648162010163,1.0894755688357192,-0.22885280088947918,2.9752666634138643,0.7872047190620877,-1.1426403094358686,5.844245692940248,1.1343887193464823,3.1499969194393196,0.015068235041599307,4.3760901355736825,1.666524088335006,3.419878536739239,-3.5656923672694183,0.27037357969327436,0.48423788168536375,1.0322478744646066,-3.8294791554262386,1.6232750828877234,-5.57487231208,3.9524936391055876
365,-2.8295563674725517,-2.828974412653089,5.669423703948331,1.4336681754883156,0.6359091368411467,2.4071053645519993,0.6283664664544992,-0.93782622261621,-1.5719798368795888,1.2784161874912963,-0.6177533151772783,-0.6021799259598717,3.81512539021158,4.110469878267243,3.042393801627334,-1.3633134264738005,-3.146657539126919,3.834649659767409,-2.1475840957089973,2.2640709016889713,3.2706795856086126,0.9674857554963519,0.42673382634672963,-3.9450460058011894,1.0880023575599367,1.5854791208427474,-2.2596505432094793,1.7954774262822197,5.144082033932851,5.005083460940328,2.022362609965191,0.8773144505146759,-4.383182157267338,-2.2714931377815635,-2.678671574399092,1.0126381639849145,8.055299652549,1.4579239819003542,-7.171973021877318,0.9447897222736703,-1.2501093157983323,0.8292457047188873,-1.7519074197822915,3.0694151947996056,-1.440200429451482,-2.933572980987793,0.8471404464880246,4.529683832348004,5.876316726424073,4.969876783436434,6.263300124134604,-0.15884886292756695,5.459920032129443,2.7909405715510602,0.15412259610605084,-0.5511238810069317,5.9972134800722,-4.374919799370761,5.999131581328936,1.8047103322763594,1.3175791617899182
366,3.247218456275524,-3.8527854787484808,0.0974953467265652,1.3047603947287987,1.9827648045043655,-3.6377589503424614,-1.4180945098233677,-2.995826694358246,-1.0867639236467581,1.2418049768038288,0.09299526019425719,2.223620205891109,1.5809320308262589,0.28452934942485414,-1.4695430570824004,1.2634489258242212,1.0442167528704338,0.618922327223739,-3.2828801773110703,0.7197084195974992,-2.832040679260109,-2.4505231350791417,-0.16087253848898742,0.2332225133755823,-2.650399134677799,1.6251274306060597,1.036064776390806,1.3232124355384105,-1.1221467446562872,-3.271620925729963,-1.080542505207067,1.6630989976406423,-0.7844486194407168,2.2884197632347103,-1.3054500475353934,-1.3587000054619907,0.4707995804654763,0.5231658304421596,5.291879648584121,0.06257382020881141,0.11897680813909997,1.5167057412372156,1.564562396243593,3.853280741457149,-1.3839245658402544,0.8339010367271403,3.906652964461045,-4.521945347026328,-1.206770061168295,-1.244742609053536,2.8132616120573513,1.009176093855568,0.6142619264584988,-1.803546330554505,0.6885919614831142,4.03149509854323,-0.4496795565124709,-3.012160414494437,-2.80617131728943,-1.3331605339457084,7.440843564891816
367,-3.5651452627727296,3.562254229078704,-1.9421118757519138,-1.033117207088364,-0.25840805881160045,1.8615081886054932,-1.2984253881695689,4.061588360042615,-0.3113274835609591,-2.401550817716893,-1.6159786297536702,-1.619759929586566,-0.5029390640294453,0.8871613090469574,-2.9731595685070347,2.2749456732071294,-0.7507491125863595,-3.008114028504885,5.623651779008422,1.8659500598892114,2.1944071309178512,1.8597099129179349,-2.636725867080669,1.4172487112853667,3.062742391137662,-1.1995958438044156,-0.4728093511748104,0.8753801139819348,-3.622328919484405,0.048617483975384485,-4.000053334362331,-2.5467102095822955,2.0043749540402467,0.7389863889272824,0.045503770115890074,-0.6871489155184495,-2.941920356627946,0.8503424208391004,-0.1808841257652286,-0.5779843465829655,0.1577193206385596,-0.3343621095950662,-0.6537370488885272,-4.065275501982928,2.2646166744742953,0.6452943022238885,-5.420506208279831,-1.2092411275423582,0.648200628239511,-0.31763067481517215,-4.431743321030104,-3.3556663927442116,-2.6381687490318977,3.336283117368728,-0.2946231655769649,0.7963177760176738,-1.7768053525685306,5.4665432613325535,-1.5741027768063498,3.6223349046154696,-2.885209943423715
368,-4.735925234347816,2.3477976354936536,-2.029742844471352,0.466566465083483,2.6118001016469,5.216629764382619,0.8374398367564406,4.191613679835817,3.5030266542621242,-2.486115331461202,-2.719524372027456,-2.465087445446415,1.0799220604307405,-1.7563780102466338,-1.919212049028586,-0.3551694816243324,0.2749235677358664,-3.8336099252484446,7.2257295788081874,-0.7981214825932571,2.266951370890275,2.9211206095741145,-1.5930154126276381,0.09342502005672365,0.36550022200848037,-1.3066163662181858,0.7629868665302568,-2.0422274963030143,-4.068852682312715,2.0394786844073676,0.8489104617481471,-3.0663831008769042,1.2237942294641784,-3.237042549094298,5.583783651135713,1.9073254193024858,-1.8811034671673696,3.352868317112799,0.13743862105958954,-1.853841015840697,0.24949638477094238,-0.7845588792292537,-0.8422997593903325,-4.5234182973649935,2.4101250087201826,0.580718909969568,-6.174186732900683,5.025550277889377,-0.2682527059281169,-1.1553975583388114,-6.574996027017579,0.8391919077452046,-2.911887650988488,2.9318319224601646,0.588306836629799,-1.3838890337752496,-1.9191633202918426,4.470652828363948,0.8415246791478688,4.431930392621179,-6.648299859957669
369,-2.5701064010878905,-0.722076719390001,-0.08227670384797431,-5.035593745595773,3.350162779436013,1.9824982451048423,-0.34925874743784124,2.9521072232125256,0.21024313345674955,-0.7349582122216425,-0.45028801463248685,3.957683403999694,2.630685335948943,3.3645166674480897,-0.26939798207723703,3.978141549054738,-5.139313741030101,-0.6422908289548188,1.710319162541957,4.546983144112131,0.8529364684978059,4.174373402589202,-6.024789528572682,1.8191509639692622,5.682186779698408,-0.6263803405302427,-1.6897238731302737,4.8423338187301255,-3.3617389220789273,2.1595756382652755,-1.023031699142378,-2.0307984788840447,2.6526037377769276,0.8462524383734871,-3.5658728791748118,0.5237144623781724,0.32390655928759116,4.249221503173149,-3.8712733169717586,-0.18133170648259084,-1.364004406858511,-0.05515747223621788,-0.19460554642283298,2.0431105298995833,-5.2259589219805065,0.5032702369752717,0.2562012249429199,-0.44011504093736314,0.7785728535811494,2.4328659535817345,2.6781431791766295,-3.4470440035874685,-2.5263738318347317,4.609832500007255,-3.347964276803605,2.5111036624979786,1.6407670286714198,-0.6782394431546801,2.415458915665912,6.607030051925434,-3.8203644847145926
370,-0.8015998185539248,0.9839544869585144,0.34197989332060846,-1.4124727094750795,-2.213388470948141,-0.20337172732122727,2.181898819914479,0.3174118731574662,-0.6759210091932844,-0.2350090587189435,0.24197648983703246,-0.7615117155277128,-2.067604201047995,-1.282661314303958,-0.3015194720570662,2.1901508788937387,4.024239824959784,-0.8914910894032271,0.3840389878820873,1.9645287343893818,0.06727501363337152,-1.3230162195337865,0.7134194709021147,2.661334489212165,-0.29635064339854955,-0.08357102095257485,-0.020882026868522197,-1.5458715369216687,-1.8572488570113408,-1.2950050276343836,-0.5271823932203885,-0.5351826565946958,-2.1055542932400293,0.771351694453583,0.29312240469205125,-0.6816342919600138,-2.6814853240370344,-3.023247178771332,3.8586798686989576,0.5660197126880296,1.5103268076154823,-0.033133896127269635,0.16194156303687207,-2.243603029960232,-0.3604702918006565,-0.2108925628714794,-1.441306206198534,-4.2997548195777195,-1.1600520186258951,-0.515499261956381,-1.8773418851370955,-3.045489952561252,-0.8985715161866704,-0.5553674585628607,1.0264625554713973,-1.9906185013399342,-1.2651653040129551,1.7874505096314466,-3.5301107988777414,-1.9776474266374247,0.28955656769311583
371,1.976814435160179,-0.08594657115845739,-6.449053237713066,-1.160267010923532,0.9437701552344204,-6.73075390652701,-3.463384868086217,1.2092303752508176,-4.620522005611435,1.5054360275388778,1.2449048662347448,0.8679573432996666,-2.7113606206665386,3.484668474205099,-5.457240725636047,4.424010649029585,-2.3562494504989733,0.08628297434940282,1.1223622994186158,4.951226375414424,-5.503794608756062,-4.9387980969185765,-5.074209519632867,1.5462170272878737,-0.16926731142660562,1.8507872220544888,-1.1002060267544702,4.057321554429994,-0.9606519659225042,-8.621437730076261,-8.228121192231683,-0.8129815268555742,2.908885159627466,5.41426284109716,-3.169746285880466,-5.210903851509013,-1.228410745038229,1.2211136752607552,7.849882231305762,-3.4012654665317283,3.418382226619855,4.250705901209173,4.334838603664895,1.3862641067663801,1.4578390240380155,-0.33845200259895286,0.06919717598822361,-4.239050745877258,-0.7292219907198714,-3.528366049827438,3.451103185349472,-2.2186051803977933,-2.5549089968328422,1.619058098529857,-0.30255876921716085,6.6977996990467314,-2.496683143870054,0.2930759638063376,-2.913303741055567,-1.0130950910394991,3.9139883893711502
372,2.2744928322985225,-6.796246111626579,1.618621968083139,-2.758070761724674,2.0834889923995044,-0.08200447645683447,1.0061677665794622,-2.983667499395467,0.6431683424951486,3.268879602637916,0.5029108333705348,2.1374004943973794,1.1957363708910784,0.5256145358376091,3.9692182157584526,-1.5954517167757354,-2.8938782200943947,3.8688894691255586,-5.320522685776119,0.041469422696402525,-2.750920558985973,0.7803399616648954,1.8873618716522673,-2.7013169100971415,-1.8794269820007017,2.2433546797502535,-0.5664841457334099,-0.03127333640419422,3.4049069092922384,1.5378190907525688,5.458207522448351,1.202341364593337,-1.0278109605070618,-1.801759328804847,0.19331212381165513,1.9700711834172155,5.4917947319279605,0.7922345164445557,-2.021868922837366,-0.6071070180188506,-1.401657088424243,0.885012083838428,-0.8736713339931347,5.668179147798098,-3.9291841437932216,-2.369003677721611,7.69906369021673,6.197705191048746,-0.08895196599540017,1.7565604481804866,6.181654351917495,2.8475932444508127,3.486899243415159,-1.9514179617020306,-0.71692909028536,-2.5612322872920807,3.6993669216096943,-8.333419719535172,5.849881930580498,-1.4527989926128344,3.501641174751417
373,-1.9517259918225172,2.6856903227541546,-2.89633508504552,-2.1140402537469947,-0.18685962146482282,-0.4136675977926374,-3.099526254290987,0.828487709355415,-0.3577296218165392,0.7241871276008407,-0.16267567829590518,2.1328449177034123,-3.3681440863266796,1.839116828972966,-0.6580101801061562,-0.4419130387569449,-3.3397964207955613,-2.881117401537367,1.8266457029878471,-1.7293175057051835,0.7238072190019739,3.1627257743603545,0.8320054229498173,-1.7438395281383279,1.2560258024101523,0.87165639282375,0.18136637374685022,1.2345759850283264,-0.2693882846136345,-0.1145836667509238,0.16113164308121258,-0.9531958045647901,2.272233907107403,-0.7744535753287685,0.29786565216068517,-1.367266777283271,-1.7954859310941977,-0.7099668819233667,-3.5004664092726787,-0.1424168357980886,-2.6453463098478713,-0.8491753901584125,-2.799232424932556,-1.2237318628073763,-1.1954706610162829,2.5019427744280103,0.4250555234098966,-0.2272101871161681,4.089767323669172,0.799893829486678,-3.364197984189306,-1.8959615781219545,0.3321688247652388,1.1874226581983063,-0.33469699597348573,1.7967752402201893,-2.2913199777880133,1.116190516074366,0.7245967336028414,2.420634698474423,-4.401366920571868
374,-2.1502689371926516,-0.2572330607111499,-0.6300602372541129,-1.1635220032458822,2.3366829764328263,0.897749508969428,-1.2084472105816992,-0.45645265359028836,1.2849187554835542,0.2604020511502896,-1.2551757526541563,1.930129283020622,-0.25869278144188235,-0.4011852550310533,-0.17703977717571723,1.075895705135791,0.2506446361261254,-4.140463223185315,0.8402134339700721,-0.7540913963164043,0.9423318183111417,2.7445748659966624,-0.12711117806200234,0.0828699601547209,-0.1212541831820797,1.6790147838483236,1.342321401813083,-0.2761025650350905,-3.9432218037161473,0.6587983017132464,0.7522462095120991,-0.683932114772196,-0.09109460160694685,-1.3118204032779266,2.1765593830737617,-0.26802068401518886,-1.8470637134654195,0.9816368720486545,1.4103064534038856,-0.014324456296406753,-2.9431065585334064,-1.2293505395861704,-1.7498725168274374,0.36190680865258,-2.536465252866537,2.9934656340156542,1.1712069986331728,-2.756475946468945,0.4924810569602684,-0.20215903387862927,-3.6117962649714777,-0.7600971538777246,0.15371297504186038,-0.13286347364647277,-0.2697425349113438,0.7343751604391935,-1.8634320135485647,-0.6862827423738361,-2.4716969925636296,2.9166241236169035,1.3894280278079383
375,0.3992368155992754,3.6883112773860263,3.0122764328273495,3.520102858760792,-0.7502701572649249,-3.4341797760824457,-4.508660425790876,-0.9239623022719391,-3.719690658817646,-1.0432506896345888,0.2389853740497823,2.5320468794496542,0.04976009878137988,2.0794708219791165,-0.5217128985792658,0.1933932063981677,-0.9687004518968461,-0.38369870858097743,-2.567448864789603,-2.341304490024398,2.2032755344552237,0.731187185150156,1.1029816055469213,-0.4402219486764659,2.1494818397603326,0.2780762912612026,0.38790117126480284,4.538972906925824,0.5998672383008143,-0.21163918158311637,-3.7123635260329353,2.7879701043026106,1.1696070295257952,3.061542290358605,-4.453074188460323,-3.0749078072953857,-1.0724699252632752,-1.1106946192594633,-3.286517016231285,2.586493890540316,-1.879009920358932,-1.4016442037365078,0.09420603554525098,1.8867723937259704,0.8514403351188706,4.361185980368192,1.2407807906480717,-9.03250800678668,4.39668911476968,0.7414815401519608,0.2862696675464401,-0.9831129554687668,1.1872278425473146,0.04375178423207351,-0.25197717040593215,6.171576475853438,-0.8387470764399081,0.4497723431083031,-2.917787383664152,1.1283578366386673,3.6717841364998076
376,-3.0507957425120185,3.3124636478707257,0.37507414391889465,-2.952043120262722,-0.11570519784656927,0.7942295707359986,-0.7323595704836728,3.457871940893715,-0.08354006716179269,-2.4930520045469695,-0.5602775864439322,1.7610312906027792,1.1859849802994376,1.878476584788017,-0.24071065285204318,2.5459133931616655,-2.6081034146377915,-1.119435699273178,2.256371565537469,1.9117768754717135,3.6779010765014517,3.97903036587032,-2.9670658932664766,2.2220955298529605,6.081090522577838,-1.3948298817186482,-0.847390539679813,3.603102177566835,-2.5729761879980675,1.9243173171490018,-2.3062509124275756,-1.4117048076224916,2.1196441637419334,1.5872450315377624,-2.425576319218169,-0.6075753754989348,-2.168908491565854,1.0696362188756865,-4.4885703164910655,1.552107994640236,-1.4405120222121979,-1.5737434276634377,-0.9770104359289968,-1.9035691545060194,-1.9821063655647073,2.610474536106175,-2.217924911250344,-4.936351214583997,1.487982618280285,1.7349527408010217,-1.1180707129086167,-4.324533457703452,-2.0064903140244166,3.532823695062553,-1.753979112676588,1.6089766156985352,-0.10814608555074173,3.319157139645616,-1.079534317293935,4.824242542047444,-2.6992462871350558
377,-4.606864816967906,0.005561005131685781,9.36963220759642,3.992418127508707,-0.8684588944546202,4.440925886913343,1.916901232569976,-0.8208156106737474,-0.49131595257119,-2.1714233303787105,-1.5550709546908,-1.883259918679888,4.6964863832830614,0.40947764836299694,3.1312049741166215,-0.2902004416060332,3.0318451214682454,1.1407227176344406,-0.2988520437976564,-0.42638859726573,7.707540109497971,2.005794582672604,1.8774443870814865,-0.5412258075208727,1.2440753070165047,-0.38367312311050167,-0.11056156268878059,0.35701165122144185,0.7507486510687862,6.063630000029891,0.8706654155737497,0.2107282130085731,-6.06093624213008,-2.4096685879134,-1.6216303834133137,1.9032078353556683,4.077218761785905,-0.5270227302373545,-6.013961320866159,4.014230076024768,-1.0290996623606186,-2.125549911863752,-2.28641690577574,-0.8867354455422688,0.725423894209297,0.4822219319381249,-4.166954100813869,-2.3425577146257734,5.4467222770085115,4.357599036018597,-0.08215222333111805,-2.451860116565224,2.79239037578043,1.9682573212791756,1.3943690160495774,-1.0270929650550142,3.7331943286049,-0.03237378476232783,0.2531065361327506,2.706777328185867,-0.8347340712220612
378,-0.5555015969818193,-4.864537916912997,3.812724357912079,-1.1429984945564657,2.1384902503439864,1.6495972133067505,1.8834998082782155,-2.054238895432565,0.12009605272216894,0.3983153696732017,-0.4187635809616878,2.175185153717097,3.2685218403297007,0.16321709786252608,1.6091713580517837,1.9174130269551501,1.5223107660020694,-0.1876015909293359,-2.1251884405498265,2.6579829852903547,0.524452617735917,0.7776300631547668,-0.757379776443871,1.1788171328181236,-1.5647830698651903,0.6042079208467108,0.17660119017860054,0.9069884180863866,-2.2140801435554325,0.2685677842249975,1.3545781556783616,0.02812483656535983,-3.6995195210233414,-0.45451740393542195,-0.26486675180866615,1.6565049663831235,2.3559319851180662,2.101408065309689,2.2422275336514215,0.8794358121699515,0.09509709771910624,0.1924876765931247,0.21984826206543182,3.1706458746903428,-4.196411559875029,0.29549949346904403,2.2368580460021,-2.2611907330710777,-0.6354346460820208,1.2193930878934303,2.2368486287559786,-1.1175119685101154,1.1178230869154309,-0.16843745372419663,0.3095618580165212,-0.6016469596390857,2.560709361938782,-3.811757152871553,-1.138223009820715,1.8157346687677667,2.6843589247444273
379,4.662410818285533,-4.839604757813061,0.36546880890778977,1.4810821490452217,1.1838640394157716,-2.2156788723062437,2.1986285675610935,-2.887044364658833,0.10063353594589827,0.9113333905688482,0.5114197672168717,-0.09741276144743344,1.8637684352919033,-2.355197654974716,-0.38685253866216995,1.4814438128283123,3.464603499735201,2.5375823870330305,-3.7650138119126804,1.527696063368967,-4.550368608921397,-3.412249158308567,-0.4798245377820056,1.4215245904100469,-4.397133526872338,0.47440494258993465,0.09052470708759708,-0.9580837829499947,-0.159668971712421,-3.5693667700415426,-0.21894094400603148,1.4012587139031496,-1.583488338621693,2.5137785814177827,-0.19267265281546142,0.5075690478497685,0.8169438135705034,0.9839274182316909,8.181585028757349,-1.0253818985944225,3.116707153355384,1.941715118822312,3.6488121943410925,3.189443312529819,-0.5189516309248967,-1.8257497560660834,3.592799173513191,-2.0589012104369715,-5.930436500734923,-1.7837275100210588,3.889359672518518,2.2001175896108247,-0.49041686000765744,-3.69816866810525,0.2958546606669413,0.6254292126689824,0.9792762836639157,-3.9398355367571747,-2.6726061860163126,-4.275002422458001,6.669485158081847
380,2.521078454660094,-1.9062072354780424,-3.252184530458282,-6.674459117888612,-1.6178548224145666,0.8410223058896278,4.855099828998926,1.2902608431975662,3.4409041675260834,0.8438754883272477,1.997662009597541,0.9737920024031084,-3.029394250196614,-3.4334580393950276,0.581347518517331,1.6739570070610503,3.272141913348525,-0.2090541290867951,-0.1639407498466819,2.5262568463474446,-3.8581003413770167,-0.10657152897871508,-0.6667187746649634,4.791917312125816,-0.27328812682955334,-1.8674130309316403,-0.7216403625280204,-3.3432967961986155,-2.981547671681054,-1.4928952383802319,3.036676784043234,-2.163210576328829,0.9704052824619251,-0.3067798247351826,1.8934893940236774,2.8954915321914463,-4.057205137167547,-2.2875922345789785,3.6277647529271073,-0.18558275103813515,2.143785898141786,-0.22185088606000572,1.2020995367896452,-1.3477347952313437,-4.450033395811472,-1.9101965147200226,2.7112725000159177,1.8311492808348249,-7.8578700007501645,-1.5838741163681722,0.11831384286172347,-0.46280177611240914,-3.100640808091079,-1.9484273067719713,-2.9493657811485523,-6.230805374103401,-0.7629341255169572,-0.4189314206680998,-0.8496551811488084,-2.8997545102872606,1.2983137854808708
381,0.26806653873961545,-2.0657424313032267,0.11504619268186006,-3.3497766155473037,-0.7301927221780348,2.858789537784203,4.994889072530505,-0.6699676636791422,4.055395898990546,0.3833309775837448,0.1279089376069269,0.8588971187990437,-0.3258912096692808,-3.8685419420664955,1.562755836147001,0.5397317604645272,6.119856340023183,-2.3643679588662687,0.6505099874018487,-0.7517151336475452,0.1517692617556326,1.3377389744952597,2.366213928832031,2.9260654814362894,-2.8953727555084288,-0.9105649576669057,1.1520431837910763,-4.858010045773061,-4.84836276123424,0.8021228694375898,4.444858124723264,-1.14236616168462,-2.279511062255635,-2.7645108875965225,4.6837688696459985,2.8575616064464926,-3.1501050524628047,-2.2292745002897423,4.770918150711197,-0.20755930847754078,0.24041617089715397,-1.825646152024608,-0.8928515643499333,-2.0109037512293617,-3.3729115109464627,0.6141059479494523,1.0231609725827029,-0.625397167636862,-5.155605340250792,-1.5957609954089103,-4.3133578562907715,-0.045916277332425065,-1.146221668712351,-3.3392491274000875,-0.2608114456229257,-5.775049832648204,-2.080218347039063,-1.149603875067957,-2.9754185801102713,-2.1966826555511174,-0.0011627807816023683
382,2.0833312529662193,2.4125778010502077,-0.42044468801545115,0.8398613988867218,0.6277594749162815,1.116948812291643,-0.4670868581230858,2.309706508809678,1.507513956259573,-2.0033892790428274,0.42135518946375683,-0.9817810146059388,0.4545441590465546,-0.7576840678905714,-0.3142399722034217,-2.354528159174636,-2.312533702827614,1.2385376947998423,1.8314839396744473,-1.56089342399161,0.05043894880607297,0.5252539097634519,-1.7694891358282987,-0.32038376556802906,2.4640787349998376,-1.4927460348279091,-0.3728170874970218,1.5197928419770916,0.8998693482094381,0.693027952106903,-0.49215153417418994,-0.28537383469439626,3.651840711491615,0.659281364709094,-0.830901504813639,0.41451864116101345,-1.0208702253523843,1.4702519571397707,-3.814811806592687,0.4312721352856809,1.2447733104061456,-0.5369559379564358,0.21279079483025004,-1.8261150981411807,1.9219550415901545,-0.5363091934480508,-0.9083820201576781,2.3371301538711227,-1.2633212077169829,-0.43944259145556436,0.5819580542413039,2.1939313759802426,-3.051151847893771,1.0874251649223332,-1.712120799154154,0.6366033937403175,0.9820656990249125,2.1848355134771236,2.2480578587880453,0.16573232741654464,-1.2807211823992306
383,-1.6282990029207738,-2.2831278972156843,-5.001445134641179,-6.041566477320302,1.2003571042031147,-1.2664716212397935,-1.7750499103654032,0.4897653086817768,-1.4150821989293512,3.2341222753141543,0.64977491320383,3.0175032970607685,-2.57817284433271,3.926701436072686,0.4398917963798931,0.641638749207287,-6.527170340164608,-0.7028158907928143,-0.5387148345771585,3.0341214461524415,-2.03597110701579,1.7677692438505646,-1.8573290568637963,-1.986808092886573,1.6450033655643708,2.738603026727582,-1.1067087393764592,2.3249095182747093,1.4289976195620389,-1.7595451409651808,1.1450190776782643,-2.2129847654893204,2.883420844502345,-0.9994337103621846,-0.3421761867176641,-1.500461496928002,1.6043591157162385,0.13806974815261364,-1.9904672544546573,-2.099544118960737,-2.730972972964928,1.591549179870902,-1.803188320700488,2.529954181717524,-5.141707381645334,-1.1940122378105809,3.859294136680287,5.046539928728952,2.4950086710623154,1.7175902826552432,2.44707485393593,-1.540834016606265,1.5106787081130695,2.398063352574538,-1.3876774369764004,0.35817601125147075,0.8915495052844156,-3.682748221888557,5.01915504277212,2.56213005736256,-2.043060864871336
384,0.7570085016528302,-1.49844613780509,-6.100313130221676,-6.375054363704095,-0.6325670387515425,-2.3554753240032325,0.1509528851878807,2.0764787101929962,-0.33567325919848146,1.9628104007063318,1.5906512812296927,0.4876492504201815,-3.7770593129084755,1.7866132767675653,-1.0097771781762401,1.885096624177934,-3.4659775526135266,0.19435927572747852,0.7150339183245816,3.540425796731699,-4.0712591987754445,-1.713446323972362,-2.1938813508186152,0.8318443804491034,1.3259787400770708,0.17090756337369717,-1.6938537645273157,1.231979467206432,1.0183600616227109,-3.0375679869614274,-1.0959501423365647,-2.099239776518616,2.9773469474374137,0.7692466354234824,-0.8555513179995531,-1.128466152725829,-0.6086804053053533,-0.6335049060279514,1.2558394080195736,-2.94236543739055,0.5148764444275404,2.116688076782173,1.0864612227907253,0.37630502038598473,-1.6736723656916865,-3.1323197331492074,2.3004325433410817,4.258296199192358,-1.2323318310168303,-0.2170515846425619,2.81767256001481,-1.8138259076809777,-0.792845285941984,1.2610392525795526,-1.5962135247119122,-1.7806094322469561,-0.1707915151252337,-0.7378862801510966,2.318904936579274,-0.9394831452599544,-2.43696813844942
385,-1.2790291442663344,-3.546125325743075,-0.16144530163131998,3.3483735073474703,7.13146351435527,0.5421694281436875,-2.9547883578366463,-2.644002277595487,0.7389763687943969,0.32708449726317174,-3.2191705891259046,2.0727695543348457,4.093034804427015,1.619595296436565,-2.4645045150960376,0.35454794709434934,-1.3643909329915618,-2.6555374045334026,0.624077321842813,-0.45666673474746344,-1.7449782604050785,1.3543526251097704,-1.3395593564136263,-2.764733879447275,-2.495610329039727,2.352734860482528,2.4848289671686286,1.4500354561353652,-3.3242777435778836,-1.8291831503002958,-0.7093020520141082,0.5313912270279276,-0.19215728950327307,-1.3429502600598,2.3260731491438658,-0.6457508449472442,2.5945098391486416,5.274931181024044,4.207968630837371,-1.8514592740784213,-2.1007544417627475,1.581021582689003,-0.13631943344531097,3.832957816641301,0.33230737373009467,2.3212160618534305,1.7800874485406462,-0.6347786682059313,0.7031616820083979,-0.9882214077148626,-1.056645402381389,3.4468621416197256,-0.5614640624810043,0.1384961902322872,1.4941005887470555,5.207841309888628,-1.4242406206805986,-3.045267054967931,-1.3261666798109493,3.6525819616019493,1.727244549436928
386,0.7792715337985386,0.1539191480416725,-1.7323681240329014,-0.5261554054517068,2.7813956953571015,0.6165450665779376,-0.8285476416643237,1.1964181675577112,1.8748972044862076,-0.5800911030623254,-0.309102890757569,0.5415348471405196,0.3580589046768644,-0.32656450003714044,-0.31447410555700206,-1.5679781188438588,-2.901544266973619,-0.2453038616324442,1.4359820880975582,-1.8239951458274897,-0.5235983780053353,2.301266663307458,-0.5072071254732688,-1.0996288960961311,0.5064143479210547,-0.08440992956017374,0.4027233016124576,0.07313637220677224,-0.38653271220845087,0.7558842451652527,1.5815559883525463,-0.4931049617146321,2.712126940154892,-0.7905352601228828,1.4233608376836104,1.6521027735098444,-0.5853399811240574,1.9060073599527356,-2.05744702170263,-0.451931487285864,-1.0555972133730307,-0.29090255251890795,-0.77658608235272,0.6482572750585304,-0.09376626315047251,-0.06224197563281195,0.7844187738605635,4.433626158680605,-1.0819759045900312,-0.6375923266795287,-0.23903369199915717,2.8029381221487037,-2.1470140081789033,-0.049433514704625786,-1.306853539024809,0.3426414727906461,-0.17602097876092934,-0.12289119992419725,2.6902420210635896,1.9965382608776345,-0.8249989200808693
387,-1.3033282892519926,-2.9390061577969036,-1.114488271924409,-2.610006590867119,0.012820670888106567,-3.750745431645289,-0.9163187497020158,-2.4598682368664355,-3.457416107641204,3.8453023188978084,-0.2629056398072764,2.7685922671386565,-0.9315540740810787,3.410842764609009,-0.2956033209712875,4.20849683546464,-1.1254427782767968,-0.6116569615014706,-2.941201360981698,4.233175070961861,-2.8390486921920153,-1.4051378449791458,-0.8510051956620744,0.14057563678219398,-1.5114903935845092,3.009331548834461,0.1327985305627602,1.892693280792679,-1.007075659830523,-3.526032330331919,-1.0009757455846557,0.1407642677306764,-2.296184059187032,1.4611623729419168,-2.201368002627728,-2.6759028875579074,1.3065892008211384,-0.14199210101636783,3.728263598459754,-1.2992256190561986,-1.2529748788623674,2.338205883964142,0.3664968963401294,2.6794273344777952,-3.8914716504145153,0.32717279023336754,3.8648189638837445,-3.9542709003996417,1.7985528639178205,0.6980635848667704,2.622448132574295,-3.489847574524195,2.0296542437725886,0.8364731687165559,0.5299987244921809,2.3181756798711475,-0.3435039511638334,-4.610243174089916,-1.9762982322210534,0.26945699355663544,3.1224297577310924
388,2.4608088578935376,1.929943926311435,-1.6055372127556644,6.352285030970252,2.7524442310714528,-4.086608640976869,-6.417387578459066,-0.6866972782286922,-2.6388299479168538,0.16923667540234186,-0.2410060601131619,-0.9516359307208622,0.4704890144454298,1.6309875542680055,-3.1573092923205164,-3.5297341455664477,-4.592978922988818,0.9278892730476329,-0.03249995774419012,-3.5246225103001994,-1.8182440695373634,-1.753862063588163,-0.20929766203754582,-4.45670165283237,-0.7363660287320434,0.8538618314304472,1.990160660768404,2.320341477106611,3.665227463859007,-2.521763464105459,-3.134738508628684,2.8263514365127937,3.7945025853472307,2.447846397325903,-0.6811156301545497,-3.0769793161704175,0.9297766597756036,2.047125933933553,-0.8925234319942715,-0.90915569020027,-0.6144173049395447,1.6697887322018239,0.7935781672501874,1.9958341161064068,5.8808129830211575,1.0038093928482614,0.05421101409389839,1.088750802502581,2.2368639868254885,-1.9780323963855633,0.8311453691508075,4.994434387004078,0.003384030771746649,-0.0427016715771153,0.7968622918396279,6.840909090809123,-0.8922679690193517,0.6879174464429664,1.1687482252131411,-1.5281452979271775,2.989586872081755
389,-2.1483505032662302,0.7283913171015678,-2.569265658423313,-3.05393035080922,3.6058306049392406,-0.9183675063851211,-3.446702166729714,4.137062126930409,-1.301618029884257,-0.6425320488753858,-0.6681569556863728,2.92881681120576,1.319876548550685,4.352029445014248,-2.132051573020354,3.438370368474136,-5.967478121712718,-0.597933845729937,1.6274766683212558,3.666849850020564,-0.19694781083596724,3.1230037819842273,-5.840521838471137,1.1300912555536584,5.06702571023296,-0.36222911997170404,-1.8199123513647,6.407866708041528,-3.0298626708272667,-1.042308218321718,-3.4097564590134755,-1.6950069691940433,4.414294407493621,3.0368422657479073,-4.509020056380848,-1.6296127282888642,-0.7470299882771054,4.085877823205429,-2.9173617635088456,-0.09167393231876514,-1.777715974188844,0.1986059482064924,0.2797575263601682,1.9475594962926928,-2.701400255677019,2.531432463084346,0.2221575089172112,-2.648945861046912,1.4767944318440092,1.97562815027493,1.0538607439868808,-3.955102953426568,-2.3919134783774374,4.98131053025285,-2.694697491315738,4.784865003588752,0.7163897551455751,0.7217905886783547,0.9919955436875484,6.388723037273292,-2.0563853169690365
390,-0.7748227004683393,1.7840319575616197,-3.8068975835510708,0.6174949944618262,0.004803773939709415,4.520916481539869,2.09767132097146,2.7596556076076673,3.599144059206698,-0.41327381539246066,-0.7737194323761054,-4.346013673060118,-2.7737954246070875,-4.010175288245469,-0.8077230602612419,-3.953816482316189,2.0623662011108275,-2.1175665839589124,6.378183624014071,-2.995817710443617,0.22348305581299607,0.16472458443493165,1.8086170791182883,-1.425570737245155,-2.477172900561196,-1.2083829191269873,1.1855168611926499,-5.282995874381003,-0.5083828535609821,0.37071059570836107,2.470227343104905,-2.105757727744882,1.5114837962972838,-3.724004744729002,7.741601206082139,2.9315965064995737,-1.897340367683527,0.4627310272757322,1.1796545745000395,-1.7725570861798603,1.5109340510948024,-0.8767358561379145,-1.2492685921165394,-5.756731968604145,4.87953736825964,-1.6601323647803363,-4.947422509866006,9.95992659028532,-3.0984231331269916,-3.325110345391652,-5.787007604751125,3.7051295690697152,-2.2352536490592803,-0.9697888116864611,0.47040534473271384,-5.259169807941598,-2.278388007525776,4.945817911374703,2.119191230988501,-0.9533321163792885,-6.642145187262044
391,-6.713621134808989,6.908082034390802,4.5078463155311725,8.876657622330239,-3.00414587196635,3.3382484839318805,-0.9375528832362015,0.08246385535258144,-0.6244791605154533,-2.9095650482603226,-2.729275295727701,-5.5107846035150985,-0.06555464887056056,-1.4015747077710172,-1.6121783871013102,-1.8386876638539364,6.898821047414456,-3.513970698173388,5.567934343038376,-4.663704749241555,7.591957086407209,0.5379195159433499,4.338576967854253,-1.292091202413547,-1.8340783723451723,-0.07645974930772398,2.2896066990303816,-4.026052022180398,-1.0183558551547212,2.323177763119868,-2.142741744661853,-0.4775331849543865,-4.533278737848245,-2.6844125052439654,3.231866810540574,-1.2259481934163448,-1.3529460419420296,-2.15011885387118,-0.9747624538232303,1.4347300830536476,-0.5137229157695103,-2.857812560751057,-2.0523605576607418,-7.113975900940918,7.677477265500393,3.732463785620443,-9.928375017012021,-4.073276801069021,5.9262043847158585,-0.779721272619948,-10.095092658298856,-0.8566345656211067,1.0304069681414354,1.0972344106194547,5.046484250747541,-0.06868240335334774,-3.2833993247992113,7.047288161759708,-4.715676451888143,0.7476797358101833,-3.1356741414371805
392,-0.5477074735420959,2.7613197158881997,6.226759180193465,4.022383241805404,-1.3538578651808255,3.0278510896785353,4.840689140941108,1.2289699304740682,1.6032227388919273,-5.775907376480622,-1.070467562450105,-3.301086293265958,4.132251774745231,-4.067088732168352,-0.035401812232037366,2.537849265341138,8.047416917010642,0.30365486394992647,1.9602621286167115,0.6583872616190487,4.4514650706822545,-0.23617421989538614,-1.586241995031592,5.7731542029825995,1.4730834321260016,-4.113375056370172,-0.10585286333162736,-1.369174587842643,-4.698135748643014,2.5502514567939913,-1.8547366657157394,-0.88522147079334,-3.505022430559843,1.2115019895628478,-0.6694011390751777,2.2734347799821437,-2.288599521220913,0.5038288767509526,2.2324497945828012,3.1191835524023372,4.457852860527529,-2.735503585538433,2.037150443277752,-4.796965388974282,2.6049521353495737,0.7249371406057263,-6.673649292190121,-8.049615432498735,-4.018102086903515,-0.12068660087986222,-2.15186462872784,-3.0151811779697355,-2.653046522251178,0.25787288806906933,-0.34149795073477124,-1.5123328658791428,0.5827975125651037,5.062035486244788,-5.788609247518109,-0.38731213231923234,-0.2800162023117777
393,-0.6883879010082028,2.084879859727704,4.198382931290214,7.155719682825208,4.767876628537488,-0.36989095126351085,-4.27206880181369,-0.9828054481118116,-0.9426247027047185,-2.7221168712636237,-2.5996388393923486,0.8421510799436329,4.671294767298682,0.8424325230986012,-2.542534253408172,0.733848654611736,0.4772629221776577,-1.7918755079601816,0.41772062566204987,-2.337427993876846,2.811031181489944,1.141161029492405,-0.5886813921286035,-1.2225116150479103,-0.12626388116960435,0.1369295068558215,1.9920450562141052,2.104875860152996,-2.3820617557581993,0.3869337027133457,-3.5786899334655313,1.8515221132508715,-0.2046670973843861,1.409998092769571,-0.7502115942653262,-2.681865399599422,0.7288181014414383,4.0825194749308755,0.5830182986498712,1.091723911488491,-1.2309751651356284,-0.3583467303362203,0.3809927897075016,1.6174568416869595,3.21947031975846,4.519085391056524,-2.071354571040366,-8.341094326188045,2.41271363269274,-0.07681931691208771,-1.5723002654016804,1.3554824362654587,-0.46107396277613777,0.9349922992206235,1.6183009274481317,8.363119258464515,-1.6775109779097852,1.2142233085606868,-4.795159785741409,3.8475923621463015,2.2332518930422447
394,-2.1558331601315825,-1.6737512136457813,1.3230886417638477,-1.4134239616191417,-0.5682931637035524,2.8514062267969917,3.346816038167558,-0.4411320157985412,1.5126761673956817,-1.069315343976846,-0.8489724826070778,-0.45032674790120414,0.47051018551108015,-1.556314845851025,1.0589818108625875,1.5753333619834318,4.180877352347492,-1.731359486448222,0.565926914275013,1.1903174685131699,1.7037181068548208,0.892395965977677,-0.11118263878757495,2.5704029457703954,-1.267722389275276,0.25633311292862204,0.5021506473327042,-2.5746763932842365,-3.9891403074247145,0.638819026456866,1.7186752938205245,-1.3615665762779237,-3.443774937596438,-1.4091875459713383,1.8081319979916146,1.3287335155794264,-0.8290133795071932,-0.293729392075058,2.6696758489520476,0.4631694319516753,0.05475872069901999,-1.8036892646791567,-0.8535441195143406,-1.2367235527456486,-2.4946675808463916,0.24576377788697423,-0.6419406657719481,-2.1624442732824294,-1.8599694727068659,0.2851084478658937,-2.8759072111850923,-1.9410621956653473,0.13900160439443787,-0.3502733893076494,0.33790878955405035,-3.153459456038485,-0.291369834925859,-0.8248522027803376,-2.678691201896868,0.9368085408066539,-2.9211625619687185
395,0.8792372345152025,-3.4052863573867267,-2.0178574531183444,-0.9867235425990506,-0.4093270582361723,-3.8831285233831188,-1.3433715955617425,-2.3979278737494485,-2.5785575940359973,4.154737102025724,0.8401876239820076,0.8161295906945913,-2.11319046976587,2.3099575503064447,-0.46702135545482953,0.6598267835115657,-1.0336769253859823,0.9960342935041852,-2.3069397719888056,2.153753896371519,-3.5660420029847524,-3.266481073640838,0.42423463391641286,-1.8791725708570497,-3.0161112070610887,2.5950982410205694,0.2976165030560105,0.14999680760208714,2.1514414082968454,-3.814771960299293,-0.9011638272301782,0.368304539577365,-1.0830952254877984,1.0162464597509742,-0.6263447480164208,-2.429148812682258,2.1293328079176206,-0.759514730849377,3.550690696280917,-2.548192301022463,0.175490820996937,2.7413500449047343,0.6175980738653828,3.3771673290166127,-0.9747491806541718,-2.003298821745376,3.8892670113810346,0.8026201075996025,1.0078153740379847,-0.2546587544064278,3.145975895140811,0.13547605591442663,1.802222649186859,-0.6438344741518143,1.465403755184153,1.4503325904059525,0.009080759955454362,-4.358360408151335,0.2887273969994423,-2.3413559518758094,2.0335544294956884
396,-1.9747616660622327,1.779378609809989,-6.471178292000359,-2.1630876104151753,0.7272906791043738,2.3587857075275407,1.9251876927539744,3.0044026103275696,3.7004843144574133,-1.3010118306832945,-2.0626562512579647,-2.207837441492071,-3.4192661207792527,-3.423306277310299,-4.824892688831848,2.4899308213380302,3.977341273543309,-6.567518918061255,7.52219425902406,0.3943059807595132,-2.287263183019641,-0.35313281889250925,-2.1790888985243098,2.701220711338976,-1.8658044528172002,-0.33217478456565996,1.283670207345123,-4.613714194858401,-7.941143053560781,-4.111522114685206,-1.980204398965473,-3.914348215354918,1.5569054772786504,-1.0561692275321417,6.538451023114254,0.0017838630208212303,-6.207147055797824,0.9460297340419983,9.201787283390793,-3.703490764637073,1.642786338776397,-0.23693282996206907,1.1338173860905354,-5.643365069780937,2.0268213442904846,1.2084264502882482,-5.245691765322921,0.13027572005947136,-4.921901640786427,-4.480493907845875,-8.71825422297121,-0.4449884923568162,-5.49661592791645,0.010284567141219503,0.33520167166228165,-1.8688879759352228,-6.092727449750202,5.499808600931307,-5.315091471368682,1.1274306720017298,-2.4738335721488065
397,0.35771248223720786,-0.5519677060863358,-4.056112245449424,-9.108918416237083,-3.692065938457947,1.5319837731382868,5.578795123637903,3.1093307832988106,3.689031018288181,-0.3504746011631716,2.040480290007646,-0.12375865058531932,-3.7647662459810842,-3.2318316746993925,0.8336519357585965,3.46085872422001,2.7006882415896465,-1.6092383395079766,1.4003064696945497,4.580182716666856,-3.178913642756589,0.0625662531627515,-2.2350666141297646,5.826615662439338,1.9238711037893017,-2.29966231763107,-1.5833606577636428,-2.9318266246921985,-4.032764877468779,-0.22794961690352944,1.7786341689434157,-3.8374040221851162,1.163820877990177,0.14546860118256089,1.351334948724198,2.312164161974145,-5.338268281648595,-2.4846755630472583,3.738058231938841,-1.22557305777074,2.772900655341983,-0.7395818075259217,0.6685477576680404,-3.486197191216076,-5.045794163993528,-2.071513962836269,0.4634938735045787,1.2570600152723628,-7.2398398799278265,-1.18544004654317,-0.7283593988837999,-3.0560118041328166,-4.061646783960125,0.20007587202744775,-3.0373546568585783,-7.097732607438689,-1.6265804268296993,1.78620632265108,-0.003490256115010193,-1.3862166388532922,-3.8385520736830205
398,0.7470823486886942,3.58801701241914,-3.995143150994739,-3.0372360107964003,-4.275187564352713,-0.6854611619178654,1.8017143632117438,2.7325983377265497,-0.3590454264856898,-1.249420461267036,2.183811271160336,-3.208100125518413,-4.020729168449688,-0.8828034494131627,-1.7566002982532254,1.363089136038412,0.6009526818975681,0.22937238365494989,2.876058267079383,2.7404496918806753,-0.9570910811188249,-3.044141244345533,-2.314626674601752,3.6898643673865963,2.897181988719412,-2.6867069148473997,-2.075557030107935,-0.7036683454493213,0.12849906196261274,-1.599551405601565,-2.626830425586448,-1.9304049894678679,1.8773474659384053,2.3210672704267625,-1.0585628812916583,-0.9891853105105812,-3.0666980002190485,-2.976804610762592,0.7859741600340484,-0.6042809910235725,4.4535820169889,0.698590911527673,2.2134728950813796,-4.1016593890159685,2.0925127611948793,-2.555936169926706,-2.9507958286990745,0.22073460898505076,-2.9426107191402058,-1.124526434803208,-0.06783047973152086,-2.962072676596837,-2.5863318025992057,1.3733515854712885,-1.3873260402785117,-2.8828283543217013,-0.700991772022621,4.787351378602519,-0.21150888759736225,-2.5618325450067796,-2.7496014002844973
399,0.923245588655772,-0.3095347734755107,-0.8770175260010318,-1.7647962888122746,-0.8426945333155433,-2.8213593453955177,-0.5534175239886107,0.38689410992548534,-1.324347813765722,0.9364155923264794,1.550672610578074,1.9781015347449107,-0.6453054260033898,2.2569442084917277,-0.13669297550907444,2.621807511786347,-1.209377132960922,1.0230750227759042,-1.0273886954263727,2.584576722503901,-0.6766357388814472,-0.6541958678087403,-3.064931496646663,2.0272278246601734,2.34010487445235,-0.4703475386231426,-0.9943494344926153,3.1429145655281108,0.09217839118890225,-1.9144080421923886,-2.1956978315355102,0.5070161903651567,0.553502913793089,2.8863573144812693,-3.6374642134599777,-1.7395519823862897,-0.1879250360244642,-0.670709859582896,0.7385067257755636,0.271925616819302,0.6328978954323015,0.9736732823347999,1.2333979115440024,1.488008836737275,-1.937050622883167,-0.30097787967561646,1.638147780036436,-3.829631890183368,-0.1040268324617162,1.1117841771242905,2.854633264540752,-2.2667420593028633,-0.4449829549491416,0.8146756316117347,-1.5530614475134568,2.0834950838597135,0.11736217688641681,0.0030835677766041236,-0.667167753772049,0.29864023765760384,1.3934871301693863
400,-0.8552871125271126,-1.389769782803183,5.19839966396963,-5.875985078252695,-5.083702035892701,3.3226383657746976,7.398370271922702,-1.1579611565063885,2.8620834816803975,-0.5110434844031998,0.6821485630945564,1.337703230422651,-0.2762241472987959,-2.915799625022191,6.040905611999721,1.7811132286166775,5.649648545104306,0.5895302660060117,-2.6752141678604064,1.3045095406130822,3.067192336760854,2.1776436227475235,3.586798845734999,4.056189389190333,0.4649912334217683,-1.1176398807843575,-1.5079606108004133,-3.8089223995104757,-1.0886734221989702,5.4965759583483,6.551330664737944,-1.142320561074424,-5.302746522859473,-2.9591181084035356,0.17094994606258163,4.052613070929183,-0.7477572776218747,-5.176529675077876,-2.6102296687431155,2.514982557641149,-0.24339066705731535,-3.0054676066535055,-2.045424671873127,-1.8366983508688084,-6.146998858801728,-0.9296055336298439,1.086182980743254,-1.6319152359349682,-1.6647405880601684,3.079661522516389,-0.6007976332216819,-4.883757241996006,1.4325507966117308,-1.585207980769886,-1.2348658737193827,-9.325752987356347,2.5657642116699546,-2.7462275439184127,-0.2231927835129859,-2.169034590538472,-4.874768762703051
401,1.7372254052085285,-0.5806422932768946,-4.867270986079013,-1.9598860743058424,1.7262900365621558,-3.6319912471938567,-3.344450984798034,-0.13553078428582385,-1.221966562156298,1.8456038154569283,0.344666268825675,2.4184627395366567,-2.2024828696635774,2.554299117639579,-1.8443992594831427,0.8513551726304891,-4.083767190972845,-1.2649603972950345,0.2077287289841439,0.22115370025806994,-4.18764497779223,-0.03182054046696908,-1.5888124636618466,-0.6388891920599054,0.22058548118532273,1.3776464400215576,0.5803571362506198,2.248951396662288,-0.5475226105733034,-3.5361150936001713,-2.6004215191666677,-0.3939124456852801,3.924798844510212,1.312441474352163,-0.8158196289542834,-2.36581066567231,-1.53103090548184,0.4308594615857004,1.8143791216055172,-1.960467228186659,-1.129377266144816,1.7470632038309237,0.2003925003605043,2.0290705559849136,-0.961105058629712,1.2323228088728306,3.403360294345083,-0.6048425820942347,0.701131990676302,-1.2651645082745142,1.031015492103426,0.8463702640045827,-0.9779641419624683,0.37281839131780137,-0.5853560128816961,3.8618014948628976,-1.6574933235301206,-0.6134995162540107,-0.04752630822938876,0.7018152873183591,2.6919077288714375
402,-4.627784793406952,2.8043036764760036,-0.23477989794238618,1.9584398573521755,-2.8993003542443656,3.099777901634157,0.9496551526637655,0.9713608036229878,0.5203684336237382,-0.21252858499297123,-1.024621267621462,-4.550172695483514,-2.299256358804243,-0.9088222598169993,0.04981071488121398,-1.7297559005719425,1.1210169303459687,-1.5888877790237252,4.4429451839252865,-0.9641194909389413,3.0473934722465423,-0.15016075585644184,2.5911022736563427,-1.7885639576149273,-0.6188695693940204,-0.8530391873133542,0.14580284395589801,-3.1750224833128904,2.0358542967553017,2.130413192445629,1.1761762841465329,-2.135100551147519,-2.14737467989474,-3.1377380448131627,3.953426537143331,-0.16010456545425988,0.4369029380412304,-2.008249511518226,-1.9395385735199182,-1.2237189206721861,0.19289911369853052,-0.3740839305351762,-2.2604211411996866,-4.8025314594796935,4.701849530087571,-1.9373402976398348,-6.365107126503362,5.732525396078266,3.404034528463487,0.7487340633042852,-4.771917725244479,-0.6362108540071472,1.9646276572956225,1.9550198575493334,2.1901595210823643,-4.003636943225404,-1.018925959570792,4.179651662044778,1.295451257481755,-0.010993528145421561,-8.792353720502502
403,-1.7955909860672434,-3.4073713455622894,1.4638206311830086,-5.3362663920001925,-0.5599344584178744,-1.5246677081376103,1.893163537960517,1.7804292237887211,-4.253770303778142,1.2613701059092655,1.0411387117843087,2.223805803358882,1.8899279587919093,5.10315414972754,0.8723870541123961,6.5925006898348615,-2.1586749784167885,3.0764480665910683,-2.088736496343775,9.415731766654762,-0.6119913305579415,-1.0145438538276168,-6.432699881686094,3.1776913611331516,4.2072213260831175,0.44472023007984435,-4.049972012568828,5.919515591102046,-0.029401708374776347,-0.8695763958565785,-4.062982535312517,-1.6882796958336763,-3.15127419229053,4.6955491426457385,-7.551475629557627,-1.438576612907159,3.5077861701631345,1.0866245182037806,0.2497172262803523,0.41652077484303596,2.501296616248082,2.4193795309472135,2.0818169759133616,3.137004984747355,-5.455257336886902,-3.2364357867991442,1.0298701113998132,-4.971580348165543,0.9669469167892396,4.3234884595320215,8.281468054675694,-7.90247687056337,1.5570031268922575,4.675193839309752,-1.9300786589773782,0.7819947509796095,4.409430088527119,-2.588351701222937,1.0182833636859028,2.0531705013266173,0.7840124592306468
404,-0.940694222205207,3.9271945672462922,-2.2850240196138185,-0.32831723255814615,-9.224933469723801,-2.7432193859637035,2.286772255701454,0.3833738043193695,-3.2893594518002507,0.5626339676286181,2.346823956207227,-3.7419790562322177,-6.450555944898918,-0.39926867213138356,-1.347875260255007,1.408454334702292,4.836028773930173,0.6042311831234335,1.1485205387309718,2.50056465402452,0.07604798995334561,-5.570894688230546,1.4802820717816694,2.7658212256889625,-0.3732481920144707,-0.037571190008929445,-2.031170708461643,-2.7829661420282097,3.005858631959933,-2.35706108370373,-3.603108494627465,-1.6556137915369968,-3.19156937342866,2.4098221517265226,-1.8407827508179873,-2.1409261331159914,-2.5624106229843227,-7.160155198357625,2.457123298841318,0.4997080377006321,4.1512536483142,0.8954527075207135,1.0543546631496628,-5.435288598302746,3.3114695613183294,-2.716082381908787,-3.8877054757629326,-3.1625925669096357,0.7446925984151628,-1.0531521685948229,-2.088915832831384,-5.232667084916525,0.9031942063815758,-0.8011683029438221,1.9002475238792804,-4.0045972084034585,-1.7583343118560004,4.234944532580951,-3.2176705848485505,-5.846758943399172,-3.743348328937242
405,-2.605356490157587,-0.9532592546226014,-3.827947681756597,-5.488367159898285,0.49597503193120657,-0.49453329954958836,-1.438523076904787,0.3904012818772521,-0.5791050457197849,3.6265438011634687,-0.6672367366511469,2.947414739309725,-3.2858168473860037,2.909922649410369,0.6052667469052848,0.0002278018264691567,-5.44796951909559,-2.329346896719528,0.5921566592488443,1.4994308954037618,-1.494353882799035,2.505177062811194,0.046137818719510504,-1.9861611411056788,0.6239616364402553,1.955534267646434,0.3641874770388198,0.7262926833259131,-0.36712241371765825,0.16190035599767727,2.26783617899979,-1.563920466630922,1.5828191535539486,-2.942740239677558,1.4971032603205816,-0.5764869561970823,-0.03707559260013138,-0.2434745527028062,-1.9333011213364513,-1.9522810689747836,-3.6752370538880306,0.8662167850440476,-2.4100952571494667,1.155787365789077,-4.075033996548132,-0.2569686938463904,2.9544566864058615,4.632727482271871,3.108265018992783,1.442753744035346,-1.0081257984899563,-0.8016147031876832,1.6874899035246842,1.3296005950287824,-0.40595811587922126,-1.3945336211730148,-0.539218793536905,-2.553673316968117,3.343287845846,2.8318815392201997,-4.082125389768167
406,-5.284326678246799,-0.3605733526513545,-2.4693780839209274,-1.5821322215332478,4.9973246477027224,9.55074499276474,1.7422519603865634,3.8085029657236578,6.072373599400351,-1.1029351650407966,-3.1309244807286882,-2.306456925394641,1.8323774717638628,-2.059444663179093,0.410380100935314,-3.19175916201983,-3.477194633274813,-2.479135132715011,7.745130663693342,-1.8753019398635884,2.62013645561644,5.947995634709227,-0.5321846736955139,-3.60325692941915,0.6204172771884551,-0.9969047719533554,0.800450141962964,-3.5399310784745235,-1.8678636770981767,5.325708317902525,6.665890296227797,-3.78267113051969,2.450156276968736,-7.8578156176699885,7.997753140481696,5.142981561427044,1.593773353294556,4.791325192949735,-4.801897554133323,-1.887096562427554,-2.577081780698477,-1.3368530629376334,-4.204578510235507,-3.7824901064164043,0.5314520364544294,-1.3566458451376724,-4.846548367295601,15.418168293823486,-0.4630604689987925,1.6086717779324615,-5.357757965223198,4.757020230565898,-1.855166573837239,2.6966295705369228,-0.897438742749747,-5.945543454412347,0.8074286825542785,3.0013707795450433,7.483951853770761,5.643856370593201,-11.748424964501964
407,-0.039294423190897265,-1.6006319226414771,-2.536620365326332,-2.3690704884945917,1.2375954454647098,0.07791238730257521,-0.7214405246625437,-0.48701332363947625,0.5436174477042539,2.8406607525263317,-0.1510181854449852,1.5161083698021605,-1.6088126538789091,0.9161799462454749,0.05630822526545043,-1.570414019526592,-3.6749982467154574,0.21955461530672316,-0.6570912253563548,-0.26098554356399994,-1.5716850211403195,1.184252148538856,1.123795609105845,-2.6831836677181125,-0.9728152783954344,1.7885932360470322,-0.010166033963914606,-0.4865834908415704,1.466709718868427,-0.7494505131264872,2.848725720212813,-0.39855932424192053,1.483795886750707,-1.9922363750977052,1.4995535142497203,0.6808666176348883,1.2313449374282894,-0.4466259479497446,-1.3592607792074154,-1.5362535074478114,-2.3287787208019344,0.7524889294383658,-1.9580391322682433,1.790420446211985,-1.0236988843244024,-0.5861151715170213,2.808340611242648,5.595516127010414,0.7207683679052675,-0.3963944087104508,1.1188498111929768,1.956340972665764,1.5868765762643955,0.4377094308935795,-0.45856567773054246,-0.9174783132102698,0.2797413998181265,-1.8394102056799873,3.133653408919139,0.624571854671152,-2.6510597424121545
408,-3.0203382838376256,0.40230072578669673,2.0262243731228216,9.38429087804474,5.7699436024858874,1.3109151839990272,-4.328677604436123,-3.70285975706804,0.986257957553694,0.21287446803579646,-4.7945484393608595,-0.24536053410698902,2.5792053939447186,-0.9128608992670071,-1.4245459753769025,-3.580711867957548,1.70402819981088,-3.6959580799916276,0.6465554724840642,-7.4853479924926,2.5719190624711046,2.5206982446871806,6.082779144013184,-6.017008498219207,-5.846478043982365,3.116847964513272,5.352857356911834,-3.001769936433873,-1.921719767963584,1.4644746860445312,1.3884034224619153,2.1897152567031597,-1.6047118313798565,-4.7474494239363025,6.848518969023448,-0.16832862068056714,1.1320537875796404,2.6884136783404506,1.7585527710077529,-0.6516561681669344,-4.551957303085999,-1.148064598609022,-3.3271728852478324,0.6449313062807537,4.801757153446214,5.129904392879955,-0.45920540396818804,-0.24548114763950526,4.222535934023027,-1.5390964330130916,-7.0592425518860535,6.691784189219347,1.9534168133744296,-1.658290488544122,4.544514723560696,4.676747109268478,-3.101751188580205,-1.6836843978399019,-3.3907793198924425,2.9195025107340147,1.3459938766260149
409,-1.681026389858764,-1.020341269828588,-0.6022259052969218,-0.23210082852513547,3.1288680058798555,-0.1092675487087818,0.5862943959519669,0.701166920421337,-0.8072887327051027,-0.4561091058482294,-2.508980900114736,1.1029563856580813,1.8210552262868098,1.1620835028372034,-2.54734435300627,3.95442521192821,1.2392599601926646,-1.8389096942635386,1.9173616796340587,3.3895607578777023,-0.5300512982322054,0.45169586087058383,-3.7232139984130823,1.7652869148567114,0.9104783707804566,0.11326705867831263,-0.33167473754550786,1.6818449280966814,-4.7157920423821,-1.42360227946571,-2.546032256351341,-1.4050183459850594,-0.7038905133493415,1.0728571704497971,-0.4466534195008264,-1.306735707646451,-0.7132102024304604,2.6898662212067976,4.48932498311878,-0.9843070863454841,0.7495564552480581,0.8323517507401145,1.1745567199926994,-0.0470769293640147,-1.8066176210209735,1.543160917956331,-1.0527951675418805,-4.6909263762439295,-1.444751822054469,-0.8653401152057203,-1.0062939521515966,-2.250874595887145,-2.3366954908261754,1.6480581087732054,0.4017488536670578,2.5225863196699163,-1.049450656927418,0.6445602715711437,-3.0667624613343247,3.0117342391990327,1.4380442290333926
410,3.222762188331963,-4.411523463301134,-0.5814333892411201,4.371420547788562,6.668983660888218,0.5610912575163929,-0.14685694814200778,-0.509072126377671,1.2964555358758867,-1.0710320466632692,-1.322621275050705,-1.0271667740484178,4.300220827128985,-1.4812873544932417,-3.0369926617378398,0.20728014628456895,1.0424109657059137,1.1483031453474348,0.6422770415814164,0.07702793848771328,-3.7816511627476794,-1.6285916274523533,-3.1354213439506236,-0.0027114661401577145,-2.9231683644533786,-0.024754585809273706,1.3466461163164063,0.5078368855669955,-2.9312863284128667,-2.6827314298858314,-1.0752462471878994,0.3889193424121039,1.2310611284843502,1.7823417060210154,1.9248357871357147,1.966566534771293,1.1113360675225823,5.916618724924918,7.320706323562353,-2.5385867373873823,2.390710983425491,2.166884225982367,3.659468707784771,2.6361361444545373,1.8815912762916234,-0.6218010724377634,1.1594650328001381,1.830559352618517,-5.860161306631644,-3.584579777942873,1.5827847649066173,5.903437189266681,-3.3155091990046333,-1.1811289565302165,0.029138805265663294,2.820601566972051,-0.09652696354578992,-1.4426610219551415,-0.5126870781453192,0.17010825219288897,3.1445282822863643
411,0.8117988197498678,-3.712048884657129,-4.940310882681717,-1.9588603488365786,-0.5113505166092875,-3.3202757560800773,-1.853419879853693,-0.7948981426281105,-2.708939267636473,4.2495622679587175,1.7638109714647923,0.3163713807193371,-2.7367038785444895,3.6096829922647475,-0.13109961451057642,-0.49475279323401994,-4.899739589503796,2.558347803457788,-1.6862576060291903,2.80480398867403,-4.710911238129918,-3.534998857545483,-1.1858568751351743,-2.80875597563485,-0.6319970737742366,2.0367593405998408,-1.5049887333629433,1.63667243542066,5.595711759307239,-3.2915293138761017,-0.9480653210688211,-0.29635191814965794,1.2356113705759642,0.6492235728528688,-1.5287037835266444,-2.370076056350988,3.982081534692542,-0.5402448512235218,0.20042540347188442,-2.852802536561882,0.9571300125931442,3.5731715624701836,1.0510955260200383,2.636700324226985,-0.259600964205453,-4.113019483802522,2.9762948429662663,6.239115206962206,2.213376131773337,-0.08745318243792816,5.424782727058713,0.4038934211626498,1.9504330988406897,0.8644996991692669,-0.029879776211322637,-0.05989013533284626,1.8791335668921547,-3.2393113941685554,4.179986680515496,-2.1496954432004505,1.3205576327006827
412,0.8017435862019161,0.42301329643197827,-1.2194153627938786,-2.843602153567322,-1.3235531322140393,-4.000300192885616,-4.929365042251961,-2.3561123836627527,-2.6965480185891604,4.439032288238114,1.6838387158599226,5.008387726243894,-3.5964455970083553,4.428814530956886,3.5081947681104864,-3.0091449789117646,-8.607440438092945,1.0089687733519304,-4.82207465482312,-2.8505946989567326,-0.49764492844770497,1.758084355283811,3.725263019045748,-5.614574423032552,1.362923324135367,2.551586900236355,-0.8220893513169661,2.6005746701573003,6.737076338826893,1.785935815633115,3.560890226134948,2.1565545416645024,3.046935375915248,-1.1467127901973762,-3.193278592842839,-2.6007331765517767,2.11247523472807,-3.3276345479702236,-9.793167102115044,1.159970899054453,-6.274425969338308,0.13659149727938683,-3.113983859726379,4.848368924947621,-3.3770149290570983,0.7865429207297843,7.233594621602178,3.3806421064339047,8.142841554357748,3.7945727623610117,3.6078355310121184,0.708204322672147,5.718238737842378,-0.4478392249497312,-0.7146841774296492,2.2897321850478227,1.7230300244424452,-4.666716040560819,5.638131354705824,0.6295388883772151,0.5758436795408862
413,3.4866968277779136,-1.6656487505191375,-5.953777277884583,0.4531370879728031,5.038465851447347,-2.439924688353245,-3.9305407132005,-2.201737742900626,2.2017921981563453,2.584451031496684,-1.0321031163315184,2.9279101357755097,-2.2808917525054113,-2.3694021540844887,-2.4920497296736492,-1.9697757880476414,-1.7421946828889,-2.915378857262142,-0.12629512192672854,-4.101260772836772,-4.228110708087015,1.2811884429835823,1.9856607766904633,-2.9525968825230624,-4.135632543126326,2.2826055948029467,2.941978616814256,-2.048132294632197,-2.114038101587168,-3.6661539706883053,1.7993346770571483,0.7709650772213529,3.892810520945553,-1.4092347945688506,5.338754927856401,-0.2506356739772932,-3.0686531071849927,1.4483890927267016,4.738677508068214,-2.8318409711238295,-3.0240930737301466,0.41234370965953393,-0.4885435096730282,2.6523653130798692,-0.14751872752054465,2.763698709582275,5.347762579616432,1.8826868202811566,-2.16586526910551,-3.98087844966225,-3.6895923335709435,6.019717036188056,-1.1397035481279543,-3.633343722009397,0.586006242213526,3.410029650754095,-4.176464619871276,-2.674297677158872,-1.3548395553608032,-0.052183387023056575,4.984441080770814
414,-1.0957631691894685,-0.33903726528796724,-0.9414823126316767,-1.4655804360192688,0.26430658674377244,0.5631144445725104,-0.394642697495878,0.27708022508587143,-0.24220511484298382,1.3618123625379381,-0.971419272356711,0.28838174755006407,-1.0721967737650973,1.0191336467842331,0.10448016085600668,0.005286079016768919,0.08933302618955324,-1.317125058723481,0.7669775291586002,0.4187360124224271,0.00033916143443607494,0.512697900230229,0.748117014432691,0.26565867176746827,-0.4541243083462888,1.2794375411344658,0.18082614746511266,-0.5392433408536533,-0.29418645951069583,0.15483952925058303,1.264639663859365,-1.0150769289017283,-0.563370875315327,-1.1743627342865066,1.400819296477645,-0.43829190985662025,-0.15712330821373333,-0.36344211033477647,0.21469951930546466,-0.6957614304031537,-0.6890069674746788,0.24210930892107746,-0.5910586547711205,-0.02612551736923646,-0.7847952338870102,-0.2945069836001084,0.1670480373890003,0.4404787500294226,1.1738213832505038,0.5441311422021466,-1.0668071799156804,-0.44665110778415684,1.0107392523447367,0.606939407043922,0.33317454114262035,-1.011968028406047,-0.06368446959873963,-1.407295176487223,0.148152923642049,0.6690275648057553,-0.28717742055834616
415,-5.076692488382427,-0.8215477035764569,-0.146443323724126,-0.9501829924001349,-0.5380125609470401,4.716123019027743,3.572564802932351,1.3444453217719314,1.3041550524982286,0.2067317996944817,-2.8092375856749943,-3.4019125618372033,-0.7988382797166332,-0.9785106063548186,-0.9650638208790197,1.9455963873187974,4.2966047973794455,-2.7264917091286764,4.528313764540308,3.0993041425712184,1.525293677585224,-0.9470913946059174,-0.6046105475010551,0.7174981460856458,-2.3444034434749788,0.3144900484250548,0.3007178031139487,-4.188622063771065,-3.5334516679947936,-0.37757572078918805,0.5549500421632332,-3.5140826301202215,-4.35588470428294,-2.9256658416710764,4.451899233736468,1.0052395219067,0.5676955358307975,-0.2903285087207196,4.665471974641588,-2.2674904002391907,2.0965079376757094,0.22074060406125162,-1.10983060646802,-4.266905168432142,1.2963086662684147,-1.6064400022091858,-5.745830238326108,3.2662881404922395,-1.1792601475006546,-0.8389642715081206,-4.503425903786573,-1.8599881953285824,-0.679540843023847,1.2344823963793827,2.770311081960482,-4.471651194861247,-1.0888039245208423,1.8076282865219497,-1.817165572909032,0.7137540470123933,-4.79825224972775
416,-4.715938564721754,0.5463566736419362,7.488120972475025,-3.9419061287088053,-4.982558428561388,5.192831547620292,6.872194615287094,1.7671258765034767,0.23830677991613225,-3.5738649396415214,0.1374082938264022,-0.8238980976901322,3.104505936540079,-0.005859158311252166,3.0031795585658863,4.133645652791374,5.851013614722496,0.5906799945021854,-0.5254932946365757,5.196980715285488,5.979581100440795,2.077193382518901,-1.4053304131702224,5.65086912256838,3.6148237278570012,-2.807693291364608,-3.127241991116428,0.5610899280554525,-2.521216555057514,5.2736966180255855,1.1986578596240558,-1.8436656914613472,-6.8037541910360595,-0.313173749243882,-4.063571591068109,3.0023875898980803,0.3911192462920941,-2.552708136804739,-3.0029417746548157,4.2257691781524445,2.3280140525749156,-2.4875073386956434,-0.3628638567013498,-3.0879962618257477,-4.33165483613308,-0.8566080824575214,-4.554222496602642,-6.082376853675872,0.12445166416712791,4.458673399730472,0.761799768286503,-8.577884191767222,0.6810907743204677,2.5283730393321946,-1.3384246757937854,-5.6997957236047645,3.991289586113458,1.4142773049142412,-1.8124388645065188,1.6126530508418468,-4.998554012476236
417,1.5512079857168684,-0.020577904537712077,-1.220984335242744,-3.126475390999029,-2.347452493457247,-2.9042892099518727,0.5153172058630178,-1.0116737407001875,-0.5008604565341106,1.8166565047124263,2.2707221195858627,1.1348121632154748,-2.980709550701809,-0.11386929061056301,0.49598026540398127,0.8375669425614425,1.2487303555462346,-0.4692743013350259,-2.0698033875267337,1.4518486457809203,-1.386350679005104,-1.0153415964373524,1.0974872355774297,1.8015751058118616,-0.6743573446753067,0.3372952731927601,-0.24679407932698766,-0.38727650956964854,0.6448762013391784,-2.1108017073173166,0.18634323456243213,0.08027707439548842,-0.4895257805989298,1.0862890776227152,-1.1270713747894872,-0.8461595612698075,-1.5173541759913782,-3.303751535042945,1.7943155877253396,0.3938555737620503,0.3497387161737555,-0.005665936994947884,0.36470385207058575,0.6454393940554448,-2.2275242961754538,-0.025940339965330836,2.881634767643923,-2.8940488506368385,-1.11506190251741,-0.74089685064072,1.0022386814111162,-2.0108782808650014,0.5858261147737794,-1.674009315243726,-0.15816326651949014,-1.0907817294438429,-1.0476065594815773,-1.0807816202697382,-1.552665348297977,-2.4121196060171224,-0.0841832193333183
418,-0.6751443811076383,-1.7827126456838593,6.018775194787471,5.129079454583337,0.5532077902387168,-3.9002530927284695,-3.6346336408384325,-4.732194667067756,-5.226281782182289,2.314580019821425,0.18964211192609373,1.8761649277188084,2.6812760112870992,4.369552135206617,1.9193770019602254,-1.1388477327844981e-07,-2.5538551582693354,3.263214180345897,-4.858745752508582,-0.10480796157849774,1.7584161539838354,-1.3315960163016372,2.3145951346298292,-4.224152568392603,-1.1354912348652706,2.4750714283157014,-0.1170151225666464,3.8155909176698244,4.411734145131958,1.2111098207714066,-1.167488654688711,3.6030995839975257,-4.006464624245667,0.6173896336891668,-4.190274735900227,-3.198981038836922,6.46882367725358,-0.6343558094284529,-4.474916072819881,1.71485694984587,-1.7329636603672072,1.2964943057581708,-0.22369284310309057,5.543556965928435,-0.14665736687771017,0.4357214737998808,3.108947066354511,-4.31302150270618,7.484152042513933,3.1883857691518718,5.463723591488962,-0.5758150338645606,6.220492119257607,0.5096514447164148,2.446135945671364,5.662002818954823,3.5737306552753516,-5.445706953402904,0.5148562305723934,-0.6369117733937198,6.766574938467107
419,0.2260730133607787,0.1281972673302465,-3.2222619621941613,0.06755914766318913,-2.002364490990948,-5.658490619873751,-3.914837803367802,-2.3110974001845648,-5.009656410271157,3.7325068688000638,1.268547721115027,0.7731823639904671,-3.9525185699777605,4.008304407918654,-1.4259436632758176,0.6985949497049024,-2.6060288601004857,0.4207328129351334,-1.8496863376081558,1.6672975731979587,-2.3559832783977717,-3.9677351713473374,-0.06000628837196342,-1.9333347627312085,-1.0411686818168011,2.6565482492599495,-1.1818850068706457,2.2454439100397616,3.3465155161959887,-4.423466504249461,-3.9744073466095626,0.536158359073041,-0.2843981188536344,2.81975013396828,-2.8396058332966008,-4.935178392882879,1.1415020063634276,-2.28105985685955,2.2077061532256677,-1.4759031612347253,-0.45808337798091153,3.2171950637619213,0.8159321454908063,1.6129351920057338,1.0115171975560684,-0.7811589843296434,1.8969284256063013,-1.6374900303919855,4.760047392704046,-0.5006426971451912,2.3994770861435253,-2.0163039098920525,2.889572793665651,0.9000646851748937,1.7741538895916698,3.6047073824394973,-1.7765696620220859,-1.5768839155837646,-0.9393206391039279,-1.86507737702177,1.5447943970994304
420,2.045816362023551,-6.692950872208852,-5.806933926459838,-0.19962865376896116,4.560388525820817,-0.5853501297026721,-1.1390173805056003,-1.986823817874396,1.3989971520565212,5.44830817606587,-0.5419518311936415,-0.9705208633767244,-2.1025329669414266,-0.005077838615575536,-1.5517261016587278,-3.539729108869666,-4.222304180833182,1.5073903063345357,-0.19859982401707432,0.5637545392194121,-6.924874718771401,-2.985296549563781,0.22908636599258023,-5.86074855288377,-5.7174860264825655,3.3676213550762397,0.5445124650993711,-2.1529924702271908,3.7364970478375814,-3.771857153269981,1.9810644374118658,0.17661678531521152,1.2400461193668033,-2.581931066152569,5.414107722674682,0.5964366782922662,4.9289600855607425,2.2141959260703024,4.433549580457008,-5.160522567601626,0.19986595113029965,5.069950900535081,0.7845551155370535,3.707335352119693,1.6485209068541593,-5.555663228339903,3.572115167105215,14.671183699303398,-1.633326053255478,-2.4454852288705293,2.896835380081117,7.0501932130880025,1.2105852518613938,-1.1634875591662952,1.4579629413465784,-1.3812447974137216,0.818359823627602,-5.661193761783115,6.493347405155437,-2.332965612013072,2.1957318587741326
421,0.8273802523806382,-5.554557933224078,-4.2576468453505205,-3.4671248655653653,6.895285898006068,2.9324241079375555,1.8243896769335677,1.8121709040130418,3.795596125258325,0.5713116370868325,-1.050713595874988,0.7576542759740937,2.1807517451555856,-1.2900069930173639,-1.5659603093765226,-0.3491746900993174,-3.239994636034615,-0.04036740401538387,2.607272288735049,2.0557139437174246,-4.082298696362656,1.3227533794582447,-4.035412492751351,-1.0567328608471944,-1.1456210868643233,0.25581329455672663,-0.05008662826720223,-0.5245347887369255,-3.1243213290180325,-1.5986371909260688,2.4180697562164615,-2.412645353448937,2.6705075874538022,-1.951814846092785,3.6012751592809926,3.2835689402866017,1.6922528700673525,5.436000848803806,3.818103729444739,-4.046231597985992,1.046292974234262,1.296657410519804,1.0674662180151633,2.0574246046802718,-2.6682641506578886,-2.8635177866358887,2.26579280322394,9.515668787385888,-5.207175157331227,-1.9780544465702352,1.5887959042399504,4.821598826962388,-2.888277293437627,0.9598085565438119,-1.896843244412954,-1.9654088167827104,0.9234607552155042,-3.07685423922029,3.889551855782718,2.041802528131259,1.9773960768313061
422,2.25859177576212,2.889256223363704,1.2131181540468925,3.5733274765703897,-2.7923845922902495,0.318831405920552,1.7287219042472142,0.43856893221562926,0.32740190334640235,-2.0929202893690233,0.8049577581746183,-3.05339154916744,-0.5078205525347956,-3.5567456926503387,-1.1241082541314191,-0.3688952468767061,5.125531524434899,0.7990153546706984,0.5900087964329124,-0.7230229663427021,0.4003099395710723,-2.917822337392527,0.7585622604018107,2.2020219828826955,-1.200352153463367,-1.5287888812970458,0.02832373026113512,-2.312143403921824,-0.18849469634370639,-0.6845231671180025,-1.3826286382257966,0.41751264941813543,-0.7498050284138662,1.3632930003744461,0.28571220790479235,0.8273708819754602,-2.131679267008264,-1.764385735257202,2.7988735385127144,1.2371080010156426,2.779947472004226,-0.390695554250881,1.9217101218815342,-3.4588078448127946,4.23458616842147,-0.4401089685221048,-3.429194766999115,-3.077609774053142,-2.684868814000157,-2.1157946066146613,-1.7756800878420687,0.6167369947975481,-1.5931255095963086,-1.9904188129347964,0.7149389441092161,-1.3831167068477659,-1.0737055163114224,4.198755222765961,-3.0714892486128567,-4.219167358125481,-0.23296799504300403
423,3.1168831720718644,3.4193993866630463,-0.7704339645102929,-4.296613720445869,-5.39938980302124,-1.1522369173669658,3.694252359272727,4.099096455506402,-0.4382809273865972,-2.182865901838664,3.453188040404055,-0.7338753095576903,-1.735953892208894,-0.8275764490518854,-0.035564227098693446,2.1254218890496586,1.4755759368217856,2.870223934122388,-0.10781688487803613,3.443049416781051,-0.47298052421968384,-1.9331888492386549,-3.307851988974409,5.7595814579151465,4.422377467553647,-3.6234545487909298,-3.0859255232720146,1.3822885944705403,0.7727325909254872,-0.6258784799911532,-2.707183773814674,-0.6988494094150367,2.0393722165161257,4.261572209580685,-4.753483037519848,0.06069052145591916,-3.8863209996842,-2.511275322814628,-1.6868997010126443,1.364885064320367,4.377235630169476,-0.45708060087206465,2.531886145699541,-3.2008240759500244,-1.2853897857530698,-2.5571681613508446,-1.4410909451881324,-2.6283098376858445,-4.0349177830027045,0.7708853877613008,3.5021539374112907,-4.814704034252005,-2.5859952484338335,1.368686175878903,-2.747789542549536,-3.599316988227362,1.6479291675275238,4.5947792761867285,0.43410203333525954,-2.7695863220381445,-1.941453030667029
424,2.68720018770142,-0.9082248879318158,3.9705189111969825,4.641365870053796,0.9975850938953782,1.4363622652832513,1.9784270464907592,0.47128600145433425,0.9551598037015432,-3.2408670060753297,0.24738911096430732,-3.367467440598303,4.031556969826513,-1.6001680554023132,0.15636770808553097,-1.2482298380444725,1.9889100005166145,3.4529101826636084,-0.4608560226236439,0.15118025146253017,0.487700716329165,-2.2189868980335783,-2.053943181188796,0.3099595268130082,-0.1270446343254764,-2.8640877002711624,-0.1867344505859223,-0.04532151270597817,1.9850176284799295,1.7993499786106897,-0.409655409067169,1.1010993821726414,-0.12358228053862705,1.6691954565646772,-1.3171584906805818,2.101531982060101,2.1278893645361325,2.2914898220733497,-0.7926504963875567,0.5890909761522296,4.1218814725420945,-0.15319698882243832,2.7514239819927093,-0.10467119866731078,3.7396125268396436,-1.8698862021039282,-3.1023898420937623,2.157915564181656,-3.0677066246892433,0.22615197791850167,3.901069243257117,2.4979907845192595,-2.013414979521904,0.19280592863396867,-0.6353126517502893,-0.5697041831974295,3.110640885028482,1.416672298462477,1.954920864585435,-1.860845445459608,1.638261471378638
425,-0.6399713662162541,1.0076594209059027,4.16344947253939,3.3118580845986103,1.6404937526445944,3.128254034626981,1.9340808266406966,-0.14621569733585638,1.8085201054563784,-3.4489378757972498,-1.5851429317181545,-0.28186513514531436,4.054827106618494,-3.020603390402297,0.8636430879161433,0.019851642333641784,3.813016150713228,-0.3616642207765589,0.025103573752120356,-2.7256591381381114,2.6715320863201817,2.240055151538447,1.3136615853054188,1.4469329184025397,-0.12809372641137148,-1.9931693180565742,1.984266217100171,-1.396675478249982,-4.0860011610520495,2.596148416850056,1.1122262006505577,1.2876469829292407,-1.1067964837683086,-1.2187567462684945,0.8911458296581732,1.5966886811771999,-1.6180384877020109,1.6328662869805755,-0.26538199002956514,2.1417444041420133,-0.3949112263979436,-2.8588198116063284,-0.38992674557884355,-1.01171355088657,1.163511824474321,2.717543997406613,-1.7818238255599532,-4.22958958631515,-1.5230324624937186,-0.11562151055704964,-2.974675067153368,1.5471962194686881,-1.4394757671067204,-1.02272161839613,0.6046352037345025,0.8236563322543161,0.029140223701640655,1.390711104551023,-3.0135894699124837,1.7339226038989644,-0.9930686079391822
426,3.594598629572579,2.3421077777698165,-1.5384640936597185,4.649334965569208,-2.311837842867224,-4.533814183737708,-3.813528739534805,-4.710755340034775,-0.8805654058606994,1.97526911047275,0.5125519672552433,0.09027596102636176,-3.9379538219963397,-1.2928642504255732,0.5570998984061125,-4.0796966306691695,1.2111167649855012,-1.2318547338792245,-2.6735082618481725,-7.791962836267377,-2.143798239769607,-2.5907211005467876,7.0546672330265805,-3.650435206118692,-5.605173258403621,2.2040233558976183,3.3425339990830425,-3.9877179918127643,2.7130183159483297,-2.393169543919603,0.32883698212393064,3.659190396431558,0.9461359102421083,-0.1043814436690493,2.5542433294734987,-3.17355498545166,-1.8246970024031315,-3.729408381128189,1.7961642689990291,0.37815501910994354,-2.219178990144279,-0.7648395194982922,-1.3544948650114264,0.4488919949879655,4.986863610940662,2.2243512359512527,3.2796880114751756,-2.209251614577742,1.6541077065645449,-2.943662302595272,-3.8815892921356734,5.011908226079795,2.5270590921758065,-5.3159887873936915,3.1054792474524486,2.320729750280516,-3.5434220084249226,-0.2770141577626264,-3.0625951240908273,-5.054561882714824,5.919180307765302
427,-2.6642086909492306,0.4771497169747617,5.616497042997129,2.480915592188441,2.955061949541415,4.61317596385778,2.588156986780798,1.906372115939147,1.4583693388556256,-4.325438269145993,-1.968076042426426,-1.099656713884465,5.78031520245816,-0.36288588858270826,-0.3144974324670181,1.2942695435700347,1.328431560835052,0.44818421902581723,2.7365864249127427,1.2453073141236994,4.3112777358319345,2.5740249731723264,-2.935627123815317,1.9029064071144077,2.942750413361183,-2.3797694558503433,-0.9645320549537558,1.931788379350437,-3.1665796751712914,4.0102966314947714,-0.1651432376485475,-0.5222092564663706,-2.1177802505566667,0.10979544077474607,-1.229127127312731,2.546797349508628,1.2846913033525582,3.7131685560996894,-2.482029294066646,1.5797539163317242,1.4472314123694656,-1.4124743232860413,1.1556308025340738,-1.0482631882713813,0.5687781626093978,0.9472286981654912,-4.793678107998814,-1.225485586157946,-0.4273639989268701,1.6766636322681745,-0.20079776873744026,-0.9404354580169795,-1.9039204637550295,2.5706239989583626,-0.9810587929066785,-0.06070383018548464,2.2300054434248295,2.7814247859291514,0.11356225390270035,4.164467296962589,-1.4176729996563526
428,-5.147515059176822,-2.2119946316967862,-3.362435386304657,-9.42999960738881,-2.076271887644878,1.7138679813200584,1.447353197462582,3.3077888580254253,-1.469943059219,3.4043396607424214,1.2570035172598346,-0.048706351013396376,-2.3609856725586256,4.652013308307347,1.1903702450521358,2.81796144516008,-6.177112349624998,1.0694854709102906,1.5243601185810962,7.5704117332147725,-0.20159834657122333,0.3471994686249803,-3.8790842408495374,0.06087347661357395,3.7008734713571982,1.2197193070947387,-3.415913200470224,1.826795145137569,1.1677483705846194,1.3024090992814523,1.2081518188788312,-4.428001584029342,0.4635797916931219,-1.841537919289024,-1.3521619158331717,0.13334561826285984,3.333695787130523,-1.3497574816155764,-4.072008945017912,-2.2146590037798912,0.7007932170108515,2.6093603511139865,-1.823094003938481,-0.531340384470015,-5.196192948414205,-5.044815023778723,-0.33458070693886716,9.047652464904566,2.940854995741546,3.2558976089703475,3.8860248051595043,-5.228207960348818,1.5382127136084887,5.53223334495392,-1.7376512920702152,-4.666828407075507,3.157736714264441,-1.773508580098809,6.971272462911523,2.2977614155217454,-8.268968789520871
429,4.612414811254518,-3.977580753730614,-3.360627117147167,-0.41154033539879903,5.440458341419565,-0.8624393297463706,-1.865367805909923,-0.24179285482627183,2.1407942595670417,1.9077404958734596,0.6877907264540145,1.556712273254254,1.37627766727938,-0.42117027857096967,-0.057938975088422336,-4.060308310584495,-6.046799938858667,2.859818413212662,-1.9138181306252493,-2.0863096370579917,-4.746441521782484,0.9178362299397833,-1.2314049840420918,-3.3614915049442633,-0.7096423919849411,-0.009291014137876585,0.4093392682651963,1.1459402782409414,2.569552708916286,-0.26088471866011054,3.027320627015125,1.6813209267053564,5.150226586709261,-0.7683748553213638,0.8499207399780913,1.9236055663858167,2.2280661069700995,3.7282229223229777,-0.9535474346866066,-2.08573159422367,-0.9709974056537306,1.6712630480717727,1.3525752653898528,4.621410989746882,-0.5523481118199067,-1.6553397510462011,5.6821380497929725,9.040636175620737,-2.3869664435245754,-1.5833354890448943,4.5824221989235046,7.092498687295924,-0.8408426897467185,-1.611576919731312,-2.0542022876162536,1.6291093961823615,2.0767207721081062,-4.332378085025321,6.022580183094126,-0.21154289047405037,4.4068719021585965
430,-0.59847205892845,-4.720665016906798,0.9372493581331662,-4.383301045712643,1.6689065390134636,-2.944721550142174,-0.7716132861487921,-1.432961029890451,-3.291711183098906,2.741751998724438,0.11517410678294382,3.837918957290435,1.6843638755212933,4.833670515522518,0.6455852755120912,4.67001533495252,-3.5293226765675807,1.8249605670821452,-4.088255613791491,6.298345451038249,-2.487758503940522,0.2222593349254557,-4.392070009106607,1.0906287958154333,1.5354153962206858,1.8299416375616087,-1.8943316518847386,5.306277134577545,0.06503108980239547,-1.423212398855831,-1.9242182764225713,-0.1917604460156398,-1.6493643731771797,2.236957975370785,-5.7610413876919,-2.126276630426638,3.730384671788942,1.6674791523489199,0.982820379438724,-0.33879816913456806,-0.3140408593476571,2.3875202675470906,1.4494269169011036,5.789742746448656,-5.804285857362818,-1.208807864705225,4.609263416226988,-3.3078761044805387,1.204321394120935,3.1576472232999135,7.149301758750597,-4.469176601059509,1.6324570241522993,2.845778991577305,-1.4002354519619433,3.8328106495176484,2.852386815885655,-5.4743435679985675,1.187745354847005,2.4555593731598067,4.30899928665806
431,-0.5354906263276591,-2.638774937721667,0.3448271311815298,-0.8333922456082338,4.110366365053737,0.543430608422714,-0.07172587228338481,0.17592689771087372,0.6519254535630947,-1.287662682234967,-0.9561249203785895,2.7996017253083902,2.8605959420312965,0.2448543905455371,-1.168384404025897,2.592229197693083,0.13623008996065838,-1.5102986322031593,0.4051339649600811,1.4306636525312437,-0.10162012698063383,2.27835660816086,-2.7082023186441493,1.3383228949284,-0.08463047350102698,-0.10504788763235942,0.8196711136564675,1.8815723561107869,-4.59547674401344,-0.8717700649270509,-0.9329513786435754,-0.13779311921791748,-0.23502842028107165,0.9058487396301073,-0.372897338617392,-0.22527514067617133,-0.4180001983863443,3.361055626893703,2.4395079909838735,0.18023520701231713,-1.2623750112813927,-0.40521682233903866,1.0240479815765389,1.615377359205914,-2.319424244768785,2.441407863644153,0.9998309470854438,-4.25739875967746,-0.7573842749655109,0.07487809134712348,-0.09591551579794733,-0.7041695173447727,-2.0133989945406547,0.6095198345523913,-0.6761386958859896,3.333730143517042,0.16210925193671705,-0.9305709738659971,-2.4043811593006277,3.6706220913864036,3.079500104315338
432,-1.6857142847135873,-1.6102322620311358,-5.358488220561654,-4.450006738129323,2.254576279184438,2.7879876116553284,1.1214850123544908,3.1436119131893085,2.3778394497872926,0.8806364743417562,-0.5708694194335561,-1.3952092019425113,-1.6061987509425806,-0.6080012617110576,-1.4798557232953384,-0.531527504231858,-2.591636951593356,-1.8827299172392704,3.8410815144334753,1.3501085495228713,-1.4161155263703469,1.8430427544809675,-1.79963626190378,-0.8041135576833432,0.8166304046502266,-0.138593425312596,-0.5921324329773305,-1.2432809786795096,-1.3308309275073857,-0.5126011563631248,2.1763576922566066,-3.144017878191772,2.5980493614123774,-2.6970955847569926,4.239703388913047,1.68240189416423,-0.4181953860560045,1.7402444966538315,0.6905826732500246,-3.2949723404876776,0.0014581382665289633,0.9332411625088503,-0.5444251983625036,-1.3508082889861783,-0.1567715620107627,-2.0822104275688362,-0.7724161884262866,8.57292850009449,-1.5377799722109957,-1.2395473635469538,-1.5687793630087126,1.422513517542587,-1.4580721487754262,2.1266381555031706,-1.703707380845526,-3.1442860033468722,-0.5113324712152767,0.6696813132468425,3.7606678534601747,2.023112924364786,-4.667561943344971
433,-3.04196099319905,-1.8576690862282785,4.79548718067966,1.6762387419995548,1.6241890863167519,-0.1568127574028688,-3.0005374700255913,-4.605989694678171,-1.5492732238897984,1.9225337802210618,-1.574038301187568,4.219541340399139,1.488165916616939,2.535971779363699,2.247052272784544,-0.9788248794915394,-1.7293537867468085,-1.7120419917667293,-4.3349023938423645,-2.502545258775841,3.1390344717821645,3.693736314099748,4.41962629915571,-4.28638160917084,-1.6076193041912947,3.094113221619757,1.7364462973322947,0.7831611769518623,0.7626399062901066,3.0128495262714936,2.969806784259459,1.3991880737972944,-3.7279552256682624,-3.1312872049518123,0.038724584383745944,-0.915513799770637,3.123677891163504,-0.05629028279412723,-4.2038678023250124,2.058271873639891,-6.6852261849679335,-1.6112681420488477,-4.193504537084566,4.135930862782498,-3.4831929265613835,3.747754938710803,4.142952332205677,-3.689941447041224,7.339190984455511,3.0447934779573402,-0.511012631052033,0.5168741222620021,5.245435295041431,-0.234878781153936,2.6698685366458057,4.063957247578617,0.9196486736499406,-6.279163065528337,-0.9381489241638763,3.0504457410218278,1.8478242616893703
434,-3.6244919232624713,-3.323926252786783,-3.5136204763870924,-0.9512484641512292,2.802351142956281,4.178170133786246,3.041884112649573,2.4285096880770762,2.556632129869394,0.8738476184570825,-2.288282905722053,-2.8963131698635207,-0.5023263322406856,-1.0658233007531988,-2.389705586010912,0.8376160368869245,1.4460624157376758,-3.2690530666899384,5.503233727642901,3.0568585291801047,-1.5547629142740151,-0.3336510661222105,-1.8968801864204843,0.028070254421647234,-3.0750449478908584,1.1835613977716095,0.4979139506449969,-3.7319684516779117,-3.9272383778289472,-1.1453597964578086,0.9089995336574046,-3.7142175100737984,-1.83758491369864,-3.5487758231268014,5.788597210323304,2.048547177976288,0.3339985428877589,1.956892849365458,5.861752828561291,-4.3104740696432815,0.8861422982766798,1.4775096426571817,0.06490539409603646,-2.7282782206902705,1.440020298503201,-1.8875671164247267,-3.692669364630421,6.89864825257517,-2.9858195453685674,-2.20425968890785,-4.2988525675182565,0.8510056278217604,-1.7824142187048162,0.9470737328073535,1.5322820217120392,-3.5505596779842783,-1.1578286084303715,0.4695488804193276,0.9193475446691939,1.385388361701435,-3.3378675415223915
435,3.83940003427409,4.545991031008755,-0.650154931705206,4.429987850488237,-1.8193582614408372,0.995609351394465,3.1501578950103895,2.6043145424589182,3.1557338708876608,-5.616583758004499,1.1876282925652755,-5.763733836131536,-1.1162172672529618,-6.546643374712841,-2.7423192453173195,-2.5363492726226657,6.015488735667857,0.5353039214258936,4.172848994816696,-3.5146316347306774,-0.9837927454339592,-2.9619521476024175,0.47834992198200715,3.20018513923315,-0.8317744946757996,-3.898591770997616,0.739397329462332,-4.612117378850029,-0.8871317946058369,-1.2153523113302407,-1.8343188015280505,0.46902757299874154,2.1676696814948375,1.1002174997435579,2.6615509782926106,2.2325166328665973,-5.520410294699534,-0.4806565727294122,4.131644240851844,0.5496248301653341,5.396606895583069,-1.5772292156460455,3.05256237821721,-6.08364183829303,7.17146163160334,-0.37890256323029936,-6.043416881314742,-0.5406215133909079,-7.838457561194359,-4.958550428040218,-4.331682739902854,3.1876924151919463,-5.74781914558544,-3.1081821043587006,-0.7472564797925493,-2.7219846474654035,-2.56282319796898,8.55849205334416,-3.6555473340382196,-4.495502990163371,0.11452423667681055
436,-0.09324851100519017,-0.4775093326304351,-1.7188541494232203,0.2165999159411697,0.32858549664198344,-1.0164521575140195,-3.5956984827470073,-0.3029648643136673,-2.1753737620326583,2.121841758669951,0.3124434536402756,1.3341715200888002,-0.5097979305846612,2.938243532306524,0.2516002637002188,-2.0536762518263845,-6.547972542310288,1.9415704403400278,-1.556987289319887,-1.0320682802785397,-0.8100909838182476,0.3139981561294306,0.46552770077738187,-4.500978270773795,0.6649504881212231,2.3546203388769174,-0.6701353958711775,2.267419216755529,5.2480015134834685,0.7153429907615905,0.15654430322444057,0.8209514982698259,2.1635537152691646,-1.0418466256080157,-1.4879200543669433,-1.3137617620183524,3.625329552728676,0.7613101860591125,-5.752197891217034,-1.1793808305667148,-1.7146098817729982,1.3111738183522887,-0.9322757227340672,3.21901845571004,0.03972498291494322,-1.3534160973885816,2.451846382377542,5.213947426131811,4.930144830940934,1.546698910026408,3.9196987700633334,2.0742565998373745,2.954170220613957,0.7684487965046779,-0.28695277051822926,1.7401622149743317,1.7044073214699391,-2.795135559488755,6.131131818381418,0.7992214700725584,0.8008661710224165
437,4.64667540423627,-1.4766415644019935,1.4527264184082394,-3.7103021809297,0.9477018130276714,3.35562112087207,3.882280629983839,0.7091648534712087,5.4540682991571785,-2.8015784523229,2.0858594872699086,1.7429546227451862,1.9773472253023416,-4.81565634981741,3.2858799295148855,-1.6466770432413682,0.5310470651489867,1.7746670339311952,-2.15476301531384,-2.45308454219942,-0.8393945224677659,3.3216329382705867,0.31721149564295975,2.4736335761107178,1.5966506704575485,-2.9312486008780483,0.0910620089088661,-1.3242098107383222,-1.9667823920625471,2.7536184396233394,5.433378606960294,1.1122321755278182,2.7094130025255403,-1.4687913952885885,0.0628721950825506,5.142897503083623,-2.6940512272954824,0.6511094873137404,-2.4440792461270933,1.519544215098872,-0.23165119673347365,-2.350977206433361,-0.07059225329379756,0.6927499085782499,-3.5183092564039313,0.6266150912128599,3.650947022780394,2.11876781223187,-7.278097453293979,0.34591912247220624,1.727544267626321,2.9099262779397983,-2.2491841767483587,-2.430349555421591,-3.6611425487380114,-4.405501049024262,2.185411550171014,-1.353744959090665,2.1699211765169335,-1.168546599368596,0.8036526898275257
438,-1.339985001208797,1.492962170842211,-5.788929280276581,2.983911964888796,0.09257071492181546,-4.522759910963008,-7.28035477630636,0.4340205414348067,-4.384413572878377,2.9537860134858955,-0.9712321208019633,-1.1545024871609022,-3.5731004020773383,5.370575582586966,-2.560394007440211,-1.8349739346204461,-6.675594452247976,-0.32593492779845207,1.7238790382026097,-0.09124769106486894,-2.3021758446593106,-3.0939108788649063,-0.8443123772788823,-5.584514931955717,-0.34803573885500283,3.1824156210882637,0.7258317743502866,2.5488232325420053,4.922794204492586,-4.054461358604252,-5.382130918091619,0.364727476175014,2.804058987948607,1.327904919185715,-0.542689390243663,-5.290392814859982,2.7415968820057364,0.5188630125850187,-0.1470544791770098,-3.827591199236059,-1.0616086394660187,3.1328198272172516,0.1567557309444322,1.1398233501717925,4.236474188280165,-1.0356437473101299,-0.9488927262843793,4.498693977904635,7.059816940332307,-0.7035090079998991,0.7283055636889055,1.5453544273344761,2.3042122218177035,2.4886251223259652,1.546608544114179,5.558167728095536,-1.9359201944422197,-0.042204874411943316,2.0888772599376537,-0.125686027172633,0.9000476363431682
439,-0.07229301991732834,-0.736857496723764,8.122186810151593,4.42682772172646,1.1189663607989915,3.181908300386158,2.7522095861522025,-1.9548593005104185,1.8883872213260526,-3.3923997630768277,-1.0884042204215454,0.17072396393239053,5.362466064751751,-2.9161133726707584,2.5306882646592896,0.07841496886018179,6.1060358014215685,0.2645915876446585,-2.4499414653577656,-2.9189024880698002,4.7224127395174635,2.368043737234909,1.964551483633546,2.5766184808108377,-0.9365432643073877,-1.7081643013004493,0.7774909035775565,-0.7841582753734976,-2.354923082795606,4.388061269111981,2.0035080673346286,2.645265167271303,-3.3759724418486963,-0.5629798973351068,0.2413775358044582,2.7639340148822793,0.13167858302817473,0.7549057668677905,-2.3916442314009916,3.771346521558555,-0.4078469524384034,-3.3064159085761773,-0.3919742764119068,0.7281200370469018,0.012620704206307287,2.5298468631619446,-0.4856369099898851,-6.287798738818884,-1.2719790703928893,1.5911447060654214,-1.1290993926728876,0.6249564875810242,0.03209268247722564,-1.1414403454596425,0.23891856203900777,-0.3858352274171575,1.7519293441442072,-0.1170838732804808,-3.1754475913684415,0.38723045035526743,1.5704119902011955
440,-0.038294110456548486,1.861750549708195,4.392736130346624,3.909759443160522,3.9251441794012014,6.2968379260487115,2.049748199704013,1.4471599398458417,5.822746225171549,-5.286722742001368,-2.2028359932110844,-0.08325168750024092,5.361931402637044,-5.181204841100797,1.4215127002057693,-2.844099184229152,3.062539458820295,-1.1864012771960097,2.0921400953678244,-5.371373836892359,4.676025435171955,6.060990485128766,1.161795569133901,0.6586176404801315,0.7652836363535171,-2.581054244286326,1.8991864652010793,-1.8405079535773532,-3.8838480937415403,6.088174631110492,4.957943050505638,0.7791550985768791,0.8656947017687092,-3.154522581391244,3.35809575635953,4.55737369932915,-2.2744249159446666,3.539490721399088,-3.512754077531787,2.1251242756062183,-1.4206977178505342,-4.707414298980376,-1.288149734999793,-1.4001819613574222,0.6707610533710924,3.2989698856804757,-3.0340914932478826,0.8334776694906483,-3.2344430283508614,-0.11737952169514809,-3.9690317875153887,4.418481392519687,-2.938563804508192,-0.8480096545022627,-1.0820761745113774,-1.6886901413395008,0.4230972387750447,2.7720744364301457,-0.6480428734572051,3.3491118914655953,-0.40231758498712855
441,-3.221648327014665,-3.476812979121354,-1.2161869403660799,-0.33236408692659986,6.584235956839381,3.450728325430041,0.42759809185525044,0.9458695358500079,2.5434435125302817,-0.7024237448910254,-2.784671278865606,1.0975497320647483,3.8905980976445367,-0.2973953816363685,-2.6051541414880646,1.8385427939342505,0.18493517541803084,-3.787120794621226,3.197955765011272,2.053287849614814,0.22047376197983415,3.3268895000552856,-3.6636673427484876,0.20971879062641827,-1.026444736929414,0.4746023848821026,1.4586798715029412,0.2851047983122415,-6.80976261617215,-0.4076978653454043,0.6436376165972264,-1.7463859840742249,-0.014556141524320027,-2.2459816643189296,3.9119759545436734,1.8708333213133126,0.2124913289623953,5.807406310158424,4.24545192716798,-1.4911898157819465,-0.7279636670042651,0.12313275161913974,-0.4358271366568804,1.2086922841885248,-1.884069591285712,1.5839449264175405,-0.6018734454860408,1.0778237826246684,-2.7662250519160367,-0.7931722804418294,-2.353734668258046,1.2211598406321647,-2.899140392605538,2.4328592053588087,-0.04219752873569472,1.8270614849747737,-1.0635713726552383,-0.8468478825835879,-1.0235413112679816,4.454830153425901,-0.9463469708872428
442,-0.22529583813367554,4.930518365353661,2.3923169161663944,0.5381960995969337,-4.400853063764398,1.8973483815443801,2.6506913520735185,1.5970564789183523,1.5430526015983932,-3.5460909687134237,0.4624605509853009,-1.8865185135656,-1.0385558871620295,-3.198347283511972,0.8448169452954074,-0.5754798309353737,5.372946575614177,-0.7166082660750484,1.3116165497350163,-2.4395917105678846,3.665580788108103,0.5615713386882344,1.6343454790047849,3.6408537756412067,1.9809479990534364,-3.2421730042693406,-0.6508368755028452,-2.5918203476526145,-2.397957985503349,2.349300145704048,-0.09893481748309386,-0.1471848694795454,-1.0775430041795346,-0.03724332665254995,0.19163384717852228,1.1219665614325067,-4.1570073573495,-3.2799860575479185,-1.6613879338438458,2.359828449700742,1.2871062884063553,-2.4331816452594732,-0.29347714123318075,-5.0190427371735264,2.2950268548680675,1.7688870795926785,-4.466222348554787,-4.98878856761044,-1.7086086240246676,-0.3787781592541269,-4.6282312994140185,-2.4044183798621948,-1.761349306883529,-1.2874387094836721,0.25276461998340227,-2.578423326440246,-1.2004446543050549,5.074261833009917,-3.6253747218513133,-1.0190929288047854,-0.9967530623800216
443,0.18818922019884787,-3.2111625771400933,1.4371743983337544,-3.0590227389687854,-2.984878075384182,-2.4615100922256477,0.22084023428836003,-1.7803837839230439,-4.040745169449443,3.23525600944024,1.5276077160196138,0.675236291543315,-0.32688375785648227,3.9966251919571323,1.9421698230780406,1.8485867206681963,-2.217645225353666,3.8647949687944596,-3.867005504705126,4.763257230602073,-1.473450259410218,-2.657421859802673,-0.8093253821716,-0.2659423884484301,0.25586156295171875,1.870203181045746,-2.3907002160481836,2.4274019402983837,4.499101080433251,-0.4474192623530334,-0.3217110633562464,0.039114863202681205,-2.693735306188413,1.585580296327746,-4.909796913042257,-1.3254977487180963,4.425525920939556,-1.3694438288133508,-1.295232975825544,0.1724993792512442,0.7302612694698312,2.3266033696126525,0.554924219143795,3.486591123690248,-2.8275414462396284,-3.3340076238089993,3.1451592450146744,0.2696290583481239,2.821470200823295,3.1055590353540623,7.043352862006206,-4.121210895397462,3.7763695303105296,0.948964220542963,0.7503734420242303,-0.4437339916385175,3.877984778216136,-4.670508766203525,2.4178723093457672,-1.5724103531351368,0.40688103631706274
444,1.277868372058856,-1.6250804795152782,2.5288338484561903,-3.1180397295208717,-2.8885468373754617,-0.9919431267910801,1.7781415365216102,-2.135260688326588,-0.6086697453619221,1.6279701013845869,1.509466743195381,1.5593282454528314,-0.4587241343963667,0.16846615297885276,2.242859860344679,1.0586866558354846,0.9977551503376466,1.5358096504087853,-5.191056746089252,1.802244921039151,-0.5462897912729572,-1.0201280363016993,1.148667292836867,1.4010632342953138,-0.3867356152159702,-0.2816200343217858,-0.69583795505691,0.25791217747829764,1.1125230192146156,0.1995964847856481,1.49384373592696,1.092703075438196,-2.4133125297254105,0.7452054707549789,-2.6754513835228932,0.1358426574190778,0.5817159387812116,-2.9190875535491596,-0.037899404348629505,1.4464660004668413,-0.03913178176853374,-0.3050726341071519,-0.21370475577165038,2.1635346109470355,-3.3648474645592477,-0.39078062223946947,3.728440335610891,-3.0627320864423027,-0.7893710039292853,1.3698020048869657,3.3933171228177685,-2.3454794889493473,1.376208265450332,-1.3926637654340135,-0.7242078432696701,-2.318683782223259,1.1752113135918791,-3.7487770300119365,-0.7839940254598262,-2.1367031756165913,3.6723181817258084
445,-0.2854810946209921,2.0504301026050813,3.8294917385477847,0.3477845898315369,-0.6515437544600848,3.0401744119277105,3.3912070584387193,2.567377863390328,1.4488184275763336,-4.868752454739612,-0.4438020385791044,-1.0840860765097,4.409532732908255,-1.7495886706359614,-0.4530285391664224,3.2701836649615474,4.499376354423775,0.3276927819260823,1.734420959062302,3.0930865265685514,3.0445254637035917,0.8666849077628886,-4.18790441764884,5.647937553987169,3.793493628112585,-4.060499512796316,-1.2802010566023676,2.043570798421115,-4.004268335784117,1.6900969237851031,-2.2340121408013642,-1.1780112152055053,-0.8541926981311422,3.0052369566825456,-2.6603239784275092,2.2000190143062577,-1.681872427017092,2.111695588571565,0.05211694217447336,2.233101082446206,3.2181581872515497,-0.7894413102267324,2.1471723504107305,-2.7190768401918834,-0.025054671128507844,0.21148814070893046,-4.448164045262231,-6.1508906099986165,-4.274258992942334,0.9565647298721422,-0.00527731416256888,-3.650660019836471,-4.153404696187738,2.3315699324445065,-1.8237117081139673,-0.2322434861405921,1.1873546167929176,4.455411394070534,-2.822448330501465,1.624896286186865,-1.7054780843903772
446,3.5260373873348123,-3.0558860926297196,-0.8269116185987495,-4.982113028410029,-2.91412813528471,-0.7079043754128568,4.364393785323438,-0.07955627550172867,1.1108269682286434,1.3676056906938483,2.531200504175536,0.5993980944169428,-1.4933641705784415,-2.1708681411043336,1.8777683884613636,0.6169751950460898,1.7852858974274282,2.96919054703514,-3.233049591090796,2.559783981354969,-2.7891091078993213,-2.3607649939865527,0.5117214234420077,2.8467444611845076,0.009535818913341043,-0.24292309584166882,-2.0153129697268892,-1.182537871601819,1.775079662861085,-0.6871058584301466,2.596884621045025,-0.1984783519340043,-1.0903062809519113,0.24318095087732505,-1.1127592423904955,2.7858075446426627,0.10408856838890373,-2.9944611373860934,1.557771557374355,-0.11190521471303125,2.7615963444739657,0.6409004195578071,1.7692986448176886,0.33813629864892436,-3.0954060157632965,-3.6570784873362716,3.21030957952128,2.069970615999207,-4.819236098952309,0.01210117664335086,3.828423382001833,-0.8216656871381322,-0.24068777901417637,-1.8811479638412378,-1.608618903214934,-5.608782150686201,2.4897622892737052,-2.243255831383839,0.7932346286820634,-4.19548101833476,2.477502867308452
447,-1.57104309141583,2.7018239705094693,6.97225029805367,-2.2247795693006434,-7.983115339038843,1.2698374086125002,4.393762284191371,1.0311485210635931,-1.6744053477912435,-1.4072268979817952,2.143154630607253,-1.5811863331446452,0.15772098019893033,0.7668665558759253,5.109369888604697,1.431482723643297,3.1786011113687604,2.492071465102735,-2.910363935910974,2.174681206776927,5.165526586427401,-0.3994055233080186,1.3143997429684147,3.697920836712786,3.900134506441355,-2.2750353211503755,-3.503849742311828,0.05187711977072712,3.061533547011878,5.290971322337039,0.4953568231189349,0.35365859622408624,-4.804260774470541,0.48652914975162065,-5.827643240130622,0.10670677588593225,0.5095263261137961,-5.3011755484059915,-7.040365203229519,4.452419046220481,2.356446492835026,-2.06790237484351,-0.510468699255919,-2.7122961750961254,-2.1798054192742766,-1.26788712491993,-2.677101057372758,-4.442281186280219,2.468432388489137,5.067970985294213,3.2150701757880356,-7.6043794824118605,2.982870023693704,0.7808379448657066,-0.37278247570189554,-5.709635621800517,4.051633922158684,2.0101376009926524,-0.14915168854456934,-1.671941085478585,-3.1171770916243906
448,1.6142076437405868,-0.39700610785165613,-3.4656145001413035,-3.640010532024429,3.3510798400538553,-0.8137288360837005,-2.1580471435350237,2.505658200962485,0.6382543349408083,-0.8840601637198993,0.5212536234505869,2.3688766178759244,0.358927790699607,1.648933524451793,-1.7675821803501055,0.5474905320255268,-6.119412940095236,0.09553045574422214,1.6214403734041534,1.5547930490879334,-2.4310176175708724,2.0791369077153683,-3.891501927307358,0.6494908416899506,3.4852653209995936,-0.5687506533509787,-1.2365705285970252,3.8304570191051064,-1.1670618969711917,-1.304644891112464,-0.4901427584845998,-0.8274800517298104,6.007684552934503,1.3359902111653077,-2.1089001242945606,-0.05399504682127025,-1.2972264910853244,2.4671431479268606,-2.1196297907818566,-0.9623151066315336,-0.65002069262419,0.8167155131042152,0.22845058724154998,2.020578394064307,-2.0812824324831385,0.5862462209072256,1.857585638486942,2.3410869228509297,-1.4353749554235273,-0.28608066462151854,2.3790460917861704,0.03677236536251827,-2.773023436174626,2.34649938430239,-3.0487772429148876,2.135888191302533,0.1721658723494209,-0.12651928323508907,3.0015328582201635,2.7185265780544428,1.1295577014863754
449,-4.658172245133015,2.174768647486029,2.0206903097662625,-5.071604707595434,-0.7698759012226859,4.744549840988827,3.9881869859047914,4.573992019125057,3.247398540844049,-4.0363636786791695,-1.334986936587765,1.1163741899847706,2.3021614921409466,-1.405344268136259,0.2691485867505309,4.822598924579615,3.4480052563872383,-4.514518326935949,3.8728534110311976,3.6678062341830677,4.418481952182995,4.7875885456391805,-3.48692310121301,6.122607990477503,5.045857833880047,-2.9080706246903216,-1.275234041753118,0.4700738865992225,-8.44188957856797,3.2999732536728548,0.3145484688548612,-4.132485743001099,-1.0233185954333117,-0.44521483358884395,0.690707236363806,1.676674238477005,-4.792828527330865,0.938963061311314,-0.6141704641218717,1.7177471072866388,-0.03873612056295114,-3.2852030843206803,-1.0971184284420343,-4.480536969768387,-4.133043436919639,2.147867625700746,-4.795559012119306,-5.473321650781596,-2.652731196969253,1.8527922386116327,-4.916259733745922,-6.316986273062553,-3.9254808944143624,3.4433612017528668,-1.9348501677894832,-3.2311379778689435,-0.49289434478829375,4.21411263813506,-2.7320674853445954,5.478142586670078,-4.139158316168041
450,2.340655029710424,-1.996049130026656,1.2553002431659608,2.8473539924190723,4.427159708879783,-5.865361128476665,-6.633504706294614,-4.127553762206092,-3.7198134858700866,2.766371948958693,0.5492755916515931,4.8592380168699725,2.674154751606008,4.7187089609221875,0.042896609307816636,-1.089871932551022,-6.966806904238591,2.3687967256920963,-6.6225825029995615,-1.5729129253396714,-1.5525145379832006,0.5939006762130924,0.03457147367191113,-4.275005558758578,-0.2118585015839663,2.945212464608127,0.5665607531371448,5.641396379553547,4.055903184188022,-1.35883919128092,-2.0692827361833124,3.883863076789635,1.7419680837897968,3.0460435901675567,-4.675856732787092,-3.134570922132432,3.7669901718331684,2.0825915858093254,-3.325962057945022,0.7235276520902674,-3.6552173112570534,1.6578325076495348,0.06655230412153745,8.55378189982064,-1.3866980801964652,2.786794725024799,6.891674947392123,-4.226673259988369,4.5405367113473725,1.9168537785125233,7.002741511214351,1.9267278233429228,2.7611167480007017,-0.4133895037578072,0.18489286834951751,9.158359611018453,1.8026466876492637,-5.597186168011693,0.9886147356929087,1.3920577616555685,10.19414370726888
451,-0.34898583183771625,0.7211002567472119,2.1396087155428787,4.520166267050796,0.7242648389123806,-3.7039739747416194,-4.059104981827587,-3.7070405677110134,-3.3728124888613276,1.7228087915275847,-0.6696513689497468,2.4359704737996446,0.38089376055744373,2.8075530379009543,-0.806275257276444,0.08974502464564493,0.5631194860039643,-0.5993344380130083,-3.1452811820818725,-0.9498489868824262,0.691306466631794,-1.2991271658843813,3.233459826274645,-1.8808867463967232,-2.022070975540739,2.6074339330599945,1.8940037796246132,0.937124363899392,0.6985625958069965,-1.5813065655967427,-2.14095194785127,2.9761146712783333,-2.4077053337172556,1.1637273886886266,-1.6759963619016267,-3.550028534326471,1.5530073155193849,-0.36564573628371866,0.5813920366765822,1.1243402886610847,-2.0394118571233015,0.7610428243057235,-0.5698073185213129,3.245472430173512,0.9622386330084135,2.9772552686899516,1.9111598708900015,-6.73671629747563,4.972985114483896,-0.20972287661721062,-0.2772538662695096,-0.6333420986505556,3.2042342962358648,-0.7425161710666184,2.7851616503598287,5.789393873391978,-1.6368366089590802,-1.8954989329725949,-3.211819244506903,-0.6209553457191342,4.0363509917757145
452,-2.1837511375015453,-2.409626239854007,1.513727277309956,-1.6303482023715952,2.1066755933594377,-1.7094480877787777,-2.0766932734909456,-3.15831746117206,-1.1915898054434058,2.4184573454378104,-1.3393078964469163,5.154809482830975,0.3316790846382548,2.3135561617253178,1.7483842123858087,2.1822286709352676,-0.28539959042642044,-2.573997635124979,-3.708983412728226,0.14782456957610854,0.6428526324833186,3.201932655609798,2.203863030601992,-0.6511159081443896,-0.8665633145593095,2.791045573346522,1.2911527126583364,1.4620544788387615,-2.977994613565616,0.36201726655888167,1.7676528237010791,1.0316786917519825,-1.8953354443331878,-0.8464425473161674,-0.9928238764024706,-1.661745182963287,-0.15037623051974405,-0.4836172211296177,1.5073920817091948,0.657283500950275,-4.851106919770561,-0.71778930885415,-2.155055826539257,4.3940621205132535,-5.630737451973227,4.137190255180302,5.236943783123417,-6.991876461540522,2.8394629819242208,1.7937692654302875,-0.9250050402522788,-1.7910199822723172,2.671638335618369,-0.6318985390048988,0.7286671704783445,3.5112483855397687,-1.0302484039826125,-5.132433389517288,-3.432631132106333,2.7868656220917067,2.94935138266924
453,0.5446517308688246,2.1539791066574967,2.539793589252238,-2.9293275475179543,-0.8369809758960693,0.6916010742576195,0.47982797169082325,1.52345886311852,0.8347202523288824,-1.3635189979590565,0.28664189833704473,2.5013257107259026,0.7394829567148798,-0.4831248258899364,2.090917280703118,0.5140404360131576,0.1256698121939431,-0.5931441260555878,-1.5678352930479964,-1.066718380671635,2.4914441031368155,2.704416361431893,0.09779098888466874,3.0630042535511115,3.1374354675279768,-2.0677819658881793,-0.7477449443136188,1.4716026760330407,-1.3542142072971535,2.1310507207932794,1.2546414974860278,0.474149211418395,1.9854776314552172,0.06049914926692468,-2.1708107961837633,1.5113279920878187,-2.2896717292918645,-0.8321304780674424,-4.172440733996779,2.919828197967978,-2.230216050805396,-2.5518035069362557,-0.627959679738594,0.24887184285123576,-3.702443150278757,2.879067263621826,1.7439233248049228,-3.523031459774678,-0.48428377447697896,1.4881104839758041,0.014146911406774376,-2.285598184867917,-0.988051399621457,0.15159598130418023,-2.4322265657337074,0.15093800676903385,0.3910193094783556,0.13352018088528128,-0.988590772420194,2.2858091046976194,-1.2805278604260701
454,-2.1559043529330078,0.46739567522716785,-3.6727012117420714,3.482571844013016,-1.4228462229840866,-0.06307848705313905,-1.147399092101828,-0.04260818365662036,-0.08324158652006608,2.235292362424861,-1.9462275133350075,-4.242351963432348,-3.3550414962053243,-0.5516005086180049,-1.8961555636680432,-2.369544430822638,1.0300305475195843,-1.5501436927230834,4.461943295160082,-1.157780411704407,-1.2990240555607748,-3.7776330733453705,3.088850420447838,-3.224100624324369,-3.980092487553277,2.261520331969869,0.7745698156391059,-4.1650165716164,2.3117221625839113,-2.105997013949909,-0.6236341702152691,-0.9017012347303849,-1.1976210351365815,-2.647257983632508,5.481746418154933,-1.4026253338802224,0.8957602853298823,-1.9625125668228633,3.6055697803528783,-2.793728477106216,0.7742656589641376,1.2802460324573677,-0.19946362600613138,-3.7131171588552263,6.164553073898209,-1.9212048166149984,-3.951126964937538,6.828097608267761,2.616610255875667,-2.147202652846654,-4.299627623089873,2.4070450217339743,1.2686886521774903,-0.23019629234543862,2.9810121501799483,-1.568024813342523,-2.15988855524103,1.7320510925561705,0.030113699681358574,-1.9585761876127292,-1.0248611648475099
455,1.4354738267679827,-1.6215587052715235,-13.730139684096576,-11.687540399364348,0.793339374293334,-2.0125927848254213,-1.7652412038963088,4.038036364013126,0.8839912406864494,4.25248597024814,1.896644391550988,2.7884590610943185,-7.2954241860995825,2.17437369338377,-3.089709672274706,0.8285351090758926,-8.667290389197767,-2.4676754490685493,3.1244682734708715,3.1664956099110455,-7.594037313136543,0.6632474121114657,-4.434966711654324,0.0821473783310063,1.5517640604332965,1.2560949652222686,-1.7763528002514035,1.1184586102867715,-0.9757642461462636,-5.523611452864209,0.5035291268212936,-4.100865727627703,8.757713111163133,1.2203146955062398,2.168238493799348,-0.5939419589329138,-3.910797874419562,0.37722321369704537,2.3472403399024064,-5.000593613650394,-1.1387664927874406,2.3495288515784654,0.46785552587550555,0.8252907602612322,-4.623548364533616,-2.262324102569015,4.501379482814955,9.3646372996763,-2.344837759133451,-2.6120447915353857,0.21701464734550516,0.08360965592542115,-3.393077195169747,0.8767477906067386,-3.8040038105416825,-1.1461920611766743,-3.3125540209058784,-0.6558243593747275,4.813668261255797,0.9651303376811573,-2.9263447484257354
456,1.4450069095045748,-1.5103116409571855,-3.439196680872424,-1.660347757481837,-1.5751149822471255,-1.947399452753564,0.9414770289813115,0.7121410874369387,-1.1577765043595756,1.9258236665713282,0.952340185802898,-1.5403743564532264,-2.588813585963983,0.9931744698081868,-0.5510180578723697,0.6705651836823199,-1.0604641264587198,1.4595509614855946,-0.2612682433923332,3.052101102316068,-3.287489834092331,-3.624505752608681,-1.7734668752268994,0.3828210292564056,-0.4039498943558188,0.8461428139283865,-1.6467887771020495,-0.00753156927265114,2.2224422658194682,-2.6877239774229533,-1.66742097090084,-0.6692360131929938,0.09125929444347111,1.5867675938970267,-0.9280411314188057,-0.6609929939445556,1.2970979976094565,-0.7247819977256783,2.3210496693860563,-2.1325874468072805,3.130964755481336,2.9257622161578354,2.1431864902287354,-0.38093634298523765,-0.024679328637578157,-3.909316656371639,0.4485072171097318,3.5018499648468513,-1.6021242013204016,-0.28254951758674074,3.1058173868938437,-1.223675787587168,0.21741855121606868,0.3538165746361082,-0.20245392047968652,-1.0787944494308337,0.7454038784809894,-0.5038425770973501,1.629296899701791,-2.238403350774957,2.0046503140709504
457,-5.798425711516023,0.4946217725480706,6.267160901239993,-2.743901394047665,-4.98692525944884,3.541199149108548,4.595745872211219,-1.8955838462244818,0.7341622860120773,0.22759566033398967,-1.153267839365096,1.3129465787069028,-0.7161682916201908,-1.0124968641170309,4.663920746496017,1.934363525296311,7.267222714792196,-3.805018416795597,-1.6746818243388117,0.5832571755077907,6.186733429587268,3.089960742167584,4.945441221139217,2.8468985963974576,-0.9465958780756641,0.6817740699328507,1.1577922572384602,-4.105544542244992,-2.7171872508025707,5.229823995059759,5.108984427454541,-1.2536120956939572,-8.280359644006644,-3.899789689482417,1.4628344405438565,1.4911196228098773,-0.8176380608454831,-4.656996747214874,-1.6800285306318195,3.4874937392587824,-2.898588447863057,-3.260720198896982,-4.343863181777141,-2.6606435607654815,-5.106728454343382,2.626090852811889,-1.0705401704204451,-6.732687251767483,2.886821905757571,3.522339575352584,-4.74586746966739,-5.885686032540591,3.6905492179614736,-0.7778997665155463,1.3885137034589077,-5.141034602500478,0.20483418676282722,-1.792034418230116,-4.4883925811348675,1.0215818962134113,-3.684703034213342
458,2.594996250627539,-0.3723915202444395,-0.5918220502760628,2.573076606679553,-1.140073999067856,-0.5385703526362576,1.3037696506843266,-2.2544110153260033,1.6719400258623445,0.9825816399694774,0.5414417763966917,-1.5333827083193832,-2.2692884628677366,-3.466158167669204,0.3694504921387589,-3.023758492633255,3.6792033871925733,0.07665254197098914,-0.763741380348458,-4.062930595854546,-1.5484089940825378,-2.5201043881554805,4.677672037538642,-0.4154238748008431,-4.566533579812967,-0.1152977162905735,1.646528212025996,-4.699632891850643,1.6973234635732593,-0.3142696942451236,2.427748759602656,2.0952064214663215,-0.6109743024002405,-2.1751237664884755,3.9982054027189413,0.44822534479072906,-1.4954720482716284,-2.0721474450424218,2.7558988741943913,-0.5040792968672629,0.7030590560880479,-0.6943355826246201,-0.06857718336572334,-1.0121061432732343,2.947351317684058,-0.9332305287646212,0.6104534034567413,2.7316872516031463,-2.232516012170178,-2.2063786468154993,-2.2995026667743494,4.141781416409064,0.9018373373560765,-4.102885953521062,1.3854202773749704,-2.5180177452313397,-1.1255725068148328,-0.5293146777666511,-0.6332111008632083,-4.641870776293352,0.5792011177127099
459,-0.7345910445544449,-4.1719563315342,-0.5366832565654975,4.186662527632459,5.51333255056226,-2.013751097409938,-3.7453937709707437,-3.196960032021212,-1.1179231899073714,2.9500893426820305,-2.3893750082150147,1.4440909146558234,2.3425180116587287,3.018746427940975,-1.570134207039458,-0.24308030751439846,-3.5174513327500248,0.7120076726794353,-1.5643307800357538,0.2978897025942192,-2.703939155167078,-0.9737204216749317,-0.5828220877561917,-5.634800996367307,-3.7850729896049904,4.002721883289851,1.59913766138938,1.3709138138624137,1.2837003479915683,-2.369294130122384,-0.8053222785658366,1.1908256797153596,-0.7104791692986444,-0.8700423801123864,1.111081660317034,-1.5195154981754069,5.007912082256472,3.873760015557006,3.6993403113648826,-3.589076205371373,-1.6320736465077685,3.3404107898629216,0.16123243538083504,4.476219966746208,0.66740745991067,-0.13054575962105347,2.3312346850725936,2.7452166848044808,2.9440888483004746,0.17300443254015024,2.0560243143365837,4.2856635006672175,2.1402102577367943,0.3917019235568816,1.8834996140048228,5.547844663385888,0.259879855465546,-5.363307684840282,1.2636643079014251,1.6583848374328218,3.7892561763536126
460,2.1179208945991683,-0.10384573569719141,-1.315914523814671,-0.7489762601992034,-5.014872892546916,-6.688263220006955,-3.107521974976933,-4.319283276761338,-4.086959858076453,4.079507003099098,2.0588818329282454,2.5079593524363384,-5.208026517563881,1.9085717604777774,1.4611663095219405,-0.968090490353312,-1.964407276210867,0.4947021319434877,-4.9697005962755165,-1.6901755538995749,-2.4269505091975603,-3.3357830088489218,4.81484335138469,-1.8687127483339756,-1.9314908213085522,3.0150063442121784,-0.2980916236133946,-0.3572946321350335,5.343775733755928,-3.0553755718379616,-0.24542424073768593,2.118821051534932,-0.7197409529232391,0.4161750137424969,-2.3395004682974476,-3.872536215256837,-0.10320558855494906,-6.093915626433573,-0.5414467485141838,0.8451861156167186,-2.2099124827827588,0.97905328932521,-0.4744824378484027,2.3972119838657178,-0.5978381212020604,0.7699887564529828,5.598789319869205,-3.322814926359808,4.055397627553369,-0.14249516108303042,1.8878834305045389,-1.0576247283481048,4.453933297534378,-2.8249317132633727,1.38759390562994,1.6431654075685502,-1.015646928315606,-4.106444458307932,-1.1029776756673397,-4.452170212922583,5.791078716072131
461,-2.438833215812606,-0.03955926510937713,-2.085323022193918,-3.0287183900482884,-5.23740149796155,-2.985743609635764,0.700328781877274,0.6062208095288795,-4.239964755486787,3.4957257394325105,1.7361844901969716,-1.2893152533301295,-4.773977947204937,3.312395690103499,-0.1611184005371089,1.938975485442437,-1.222352115093389,0.917900115724529,-0.08469344872634513,4.965738066940308,-0.6447081014970739,-3.3093493718248457,-0.3154158818429948,-0.3957081619131284,0.9216241306416334,2.3426297294917617,-2.3150301374334243,0.66702999436328,3.6806232529517473,-1.9345335391348248,-2.918129914745511,-1.3301176072714125,-2.4184875456723116,1.412444230010472,-3.353032286404706,-3.234245464765254,1.338780905607274,-4.497739919775043,-0.11728779754969801,-1.0136677799981049,1.2454167295387228,1.7358081113009858,-0.18498780690028965,-0.9870416597070849,-0.668577499666059,-2.697747274272804,-0.7421567684027649,0.3774121504609892,4.010412088385234,1.5078023237327662,2.169198341877471,-5.0938221102482055,2.8137984930661664,2.3277743121294057,0.6166624586789174,-1.514635670599024,0.5203563441352758,0.012343196180299831,1.279408521481767,-1.8764484351614499,-1.665354825005279
462,-2.225037712899292,-0.613913937356428,-0.4392560743296128,-0.30159935848425967,3.3134030177484957,0.12453022971894523,-1.4676021900563028,2.9059536089209876,-1.849708859886967,-1.019821905036642,-0.9854583515806623,1.2231274315198715,3.2100887763765455,4.0775831564085925,-2.6124548730165666,4.22177810353599,-4.372792013616045,-0.13381908164401699,2.0191688807382837,5.007694107694354,1.209100811280205,1.368463632845124,-6.6699624145991665,0.09905107274763658,4.005782799331548,0.21694767305900897,-1.4721383030916064,6.022766303103534,-2.152487755011503,-0.6892013159709467,-4.43087355403527,-1.5127601939789557,1.168506534902885,2.7496659901425593,-3.568481652918414,-1.758231684953823,2.492086391556205,4.993319367340064,0.0202772805730429,-0.8272616801029238,0.7863557789226614,1.697905393363303,1.1851334803465006,1.4401134876739246,-1.1234805116624194,0.6335303319175836,-1.884533955438726,-2.4194334320680886,1.3900687178789963,1.2223239344479089,2.6935033875511913,-2.7262081021085445,-1.9410399599763601,4.52371405372047,-1.6290218369743377,4.275007313572306,1.8568898425029265,0.2074779231030851,0.7342750124173131,5.4050121069027925,-1.1161014485720278
463,-1.3780408095924592,-1.3790302521765332,-1.6525453686746274,-1.6145631229856794,3.5864068059748315,3.5883044275825773,0.7552384400531316,3.109524508567459,2.6192192053190695,-0.2565911784407355,-1.3017132149125816,-1.425420439840964,2.134793917670129,0.3632411812256878,0.21259762135190752,-2.2348307438623314,-4.230845426115526,0.7725981021122036,3.1422306186748195,0.3702446983778253,-0.4241105246275128,2.1210954932766573,-2.249485293432002,-1.8341983122094283,1.5577757467341102,-0.846392358342024,-0.7337718328783999,-0.5618301761727227,0.9513498070532475,2.531342559012054,2.683096759234364,-1.672171404315125,3.323876647123219,-2.5767833377064386,1.8246093924232365,3.0971727650593954,2.287866951812398,3.543670198813266,-3.8473899982812245,-1.9633921930761495,0.05834753753168853,0.4239642396537928,-0.8338490067911665,0.14663445655355795,0.3131744252265778,-2.60085279402768,-0.6755332571622769,9.74960315783086,-0.9247766875997173,0.8201209706151313,1.0064135295504941,2.09334285131584,-1.303473048972435,1.6131013395925877,-1.017988602946265,-2.52307617034751,2.0856388893182825,0.38347559611051457,6.323867013416928,2.9712213970828643,-2.062584884817174
464,-4.177842296571561,-1.0718366119765506,0.6139051482859413,-0.5366907099838315,3.9460359025678513,2.7699655848920686,-1.9077431822510502,-1.8004006072160537,1.4243826488516904,1.3331645988978336,-2.9431363804952824,2.5009448276937727,0.0988502099546712,1.2827890431216704,1.3290606830496845,-2.1944621392902164,-3.132896350546079,-4.08662360371963,0.5782371866131225,-3.164138401155414,2.4726659851286836,5.062673805654103,3.3111681324914275,-4.438593396984022,-1.1036133312253165,2.4144490098232043,2.7057808691137453,-0.6348459185751563,-1.4651282426464964,1.8338649236763356,4.307917834686057,-0.5399372860192039,-0.2725822784195174,-4.779732477007402,3.9647071175430018,0.39455604352113455,0.7600774537014052,1.0828258179073593,-2.8992082728781776,-0.1794659445319507,-6.511381062611604,-0.981884022708126,-4.640966635323886,1.719814883167031,-2.5031537742385774,3.7681026873140633,1.8641137402845631,2.0646141340585507,4.238443933330631,1.343403470311484,-5.231504529549302,1.4947124363053548,2.0426911371074077,0.38993072421668235,1.2248302043590293,0.8450685633439248,-1.101028962390423,-2.5058041757772394,0.6767807464840454,4.526516965928224,-4.863044038435142
465,0.6039505236837178,-2.9131556679280384,0.07414945823491631,0.509145098569994,-3.4837341160840656,-2.4017529005195466,1.4251433726039138,-2.648642329110717,-2.200461485123565,3.0380655931027793,1.640941909801801,-1.9093715464896184,-1.5937273857227932,1.2182994996127858,-0.16874786547498954,0.7558503326002786,1.6960108822123625,2.1280238121857655,-1.9688655309664913,2.48751750098814,-2.2676565637360344,-4.796447316002202,1.2632779261550728,-0.7158799072574429,-3.2613526665433374,1.2100886807247115,-0.5891533049367406,-1.3012964692879383,2.679291850078378,-1.5996732361070425,-1.176986822884879,0.1650018980064455,-4.028240738158454,0.7057587099062208,-0.41467253858980957,-1.1366730516652812,2.8347864291488367,-3.259376932930815,3.924377636329098,-2.1321985262997667,2.3644354769041467,2.4100972043232916,0.8826364527158759,0.9660692825438034,0.44724972265454355,-3.281650984231217,1.0071633490251226,1.2308851038356123,0.9286054893551725,-0.4839697713625042,2.658136507694744,-0.6499041766495892,3.4297900995502655,-1.2640785266909107,1.9128184017121528,-1.9246584427608897,1.048909196660738,-3.179730373040188,0.20974814644248224,-4.061437988674515,1.0250309237930444
466,0.520958738066516,-1.6904246700604926,5.019926201725425,-0.9112968039606443,0.7296337271277077,2.0991061345650692,2.104137022294628,-0.7595997343345811,1.003673117589276,-1.081556166696499,0.11144349186002044,1.308056762883849,3.437388246664601,-0.19765435261481226,2.952851577823112,0.2604889868442699,0.07836396577689103,2.186536689217902,-1.9860298911318328,1.4470777336669334,2.973591288484116,1.9693924366713558,-0.17870686891192178,1.1632724779388801,1.0070174662771572,-1.201293287703614,-0.9288856054299358,1.0274227882021532,-0.15893060726144656,3.6351766684807147,2.3352752062417963,0.2175471080501276,-1.9329702226887329,-0.719555195115805,-2.2476065022945297,2.44761660681443,2.66467166716423,0.6919068353559096,-3.5714581499986524,1.7476432155006372,-0.15827863728236521,-0.7771867879876597,-0.30582644955098504,2.0884560423895557,-3.3110623192809516,0.08943068826774875,0.6560210291235088,-0.5241092762256182,-0.8370026798945005,2.98753819104926,3.315393600492176,-0.9210420756299914,0.7973862989413262,0.7239673237933932,-0.7913724527742882,-1.4829260879112467,3.1627665281016846,-2.7554706277565963,1.8004565734375748,1.0634587229520847,0.2742790347531091
467,-7.214116703800697,3.5953594846374095,-6.275048630763183,0.36373128642195324,0.566914442051026,-2.108945723588487,-6.685867778650555,3.3517791975152655,-5.813208326521621,3.397330706694148,-1.908640880770441,-1.2907596483765553,-3.962684186968354,8.53045848237233,-4.472386609258391,0.40504492496832967,-9.541165096516849,-1.6461007604253262,5.712600079373876,3.7634095010467714,0.36423458318217383,-0.6199766041032594,-3.4463992441351032,-5.700333996225873,2.980317161849293,3.825308334523061,-1.1184811687066833,4.408056026340519,3.9541943226453236,-3.01510686021238,-5.457283574268865,-3.6046154851174457,2.6255971802175653,-0.3069138827572337,-1.424787902652516,-6.214136840344549,3.8613729984965097,1.1693386591074193,-3.3081954711252552,-4.051577471821986,-1.7194133000255423,3.8090562134339763,-1.8409011827654596,-0.5463250349704927,3.4563320946089853,-1.4157158474965987,-4.802982560824896,6.308236149712331,10.600823124771,1.3434980404868724,-0.4530180624334025,-3.7121039396746682,2.77361018529336,6.992713557174398,1.4419583064494828,4.987269648889796,-1.1325292738580197,2.4508233497221856,4.70336025738493,4.452394834419869,-5.307439776861287
468,2.418933147349367,1.0160228743376656,1.002309227475717,0.04674222554549759,-4.817900965804282,-4.140458660722519,0.9090579772046014,-0.7839459070853615,-2.65103309590701,-0.013452528052544155,2.3564149481977976,-0.334925965813393,-1.0620925592338493,0.4166387540112909,-1.1737217548081171,3.100716615960075,3.9556266323530234,0.5327245175361387,-2.059108169205783,1.5678384038646387,-0.8685428605372796,-3.925256229389198,-0.30217851159536147,3.664512217844235,0.5407998669203793,-0.7960582693326907,-1.0724479162383265,0.6051120056250414,0.256158454260305,-2.783145566009939,-3.6280273398688063,0.6410882019067979,-2.0242274233559168,4.145132940834364,-3.8326945707309394,-2.0575235748206797,-1.6476834953366453,-3.109358670724424,3.2798533488015775,1.3146054132096006,2.7767271786314427,0.4857316481967504,2.2063943694502934,-0.8551511830115566,-0.5700703745085435,0.49409577649923736,0.36855627127305046,-8.417632155048606,-1.4537625121950728,-0.31339013903219065,1.3938831374692129,-3.666807647269673,-0.15363960701181545,-1.0422519462869577,0.12256127252376636,0.5109307717627893,0.06394732976423145,1.0731542218962968,-3.9607541638460333,-3.4330379962791207,4.147436344909443
469,-1.4530692815826673,-0.14346179326817954,1.2735595476005088,2.0786763075190726,0.18134356360075046,-2.0742616909743767,-1.6792207424817804,-2.089962941856959,-2.9648606782092597,1.0657545324226887,-0.7867240092211639,0.35380473374097005,0.5001404254074105,2.392051204805898,-0.08998711276571063,0.7681552504351526,-0.694420586787963,0.231528498671003,-1.9955599083840754,0.7164560162076133,0.3869785772506777,-1.1685939333124178,0.5863919786529856,-1.946899673031745,-0.5901185489746664,2.290306143834858,0.04437368092650659,1.1593574087610687,0.6501960457775326,-0.3800969084151092,-1.814894934221629,0.7701482318375582,-2.10650539980697,1.1097007987170822,-1.3538829510062802,-2.2900461294741996,2.2027266348049266,-0.2448475867348951,0.6798436081805576,0.2851410892049302,-0.8803507665455514,0.9111239277004994,0.08997219288074074,2.529659306123595,0.3377628674911509,0.6018295855726195,0.4466152425177961,-2.9101233440253407,3.4934501643943126,1.178364039329716,1.2333195797658325,-0.9554852892783334,2.6861937529432343,0.7421874529400716,1.6375677420290904,3.1772319629785666,-0.1409698383725171,-1.7559551436186547,-0.7326621126396641,0.7664917964723466,2.5153966996288935
470,1.503241796797682,1.7744286228646418,0.5016529874262003,3.088053524092615,-0.8404458981031053,-0.7972516494740474,-0.10553582165996717,-2.087774043159765,1.3637365355153337,-0.351366338276226,-0.3255076339302814,-0.9815940343281943,-0.8419273098710182,-3.302890012406589,-1.2066985270815913,-1.1922985583385743,5.2065867711716995,-2.0257253960309045,0.09679965803904036,-3.5219561309559464,0.2617383296125239,-1.0903230782704336,3.7567135180146414,0.9422865631924148,-3.074621734965728,-0.18188288175544517,2.247552838942443,-3.912537235326421,-1.8055188040586874,-0.33168327391137364,0.37062787246371276,0.5034126777471509,-1.7225014899657076,-0.8347724593674132,3.2387903506634648,-0.0212986280420785,-3.2678141190300964,-1.4943141017108867,4.042752417811403,0.2485969398602259,-0.5578429218956567,-0.9130327284557951,-0.08520671030874019,-1.807063743159533,2.122834056417684,2.255594756401949,-0.35509321818247785,-4.451114753243932,-2.1816171660938473,-2.8927766324798836,-4.558241316896765,1.4296032662717326,-0.17724500645785662,-2.9870730555291423,1.3779317623284253,0.2557963992844316,-3.6226111289242775,1.5188790254190088,-4.363571042699433,-2.417990770401911,0.16913736491087739
471,1.5469002297096444,-2.9377634679633,-0.17784695563341069,-6.347870441167581,-0.45892776681743686,-1.8758844698742985,0.05227884766546482,0.5104076310999569,-2.5610067096356404,2.278536516768653,2.8667054063977773,3.2267509765042117,-0.3843322572140362,4.355995603390648,2.1197741713194147,2.3738506290522743,-6.591236425643208,4.619527134307675,-3.8554236699944124,4.874612402815308,-2.419339344619438,-0.5607608054758988,-3.1961140529148873,0.349846501006135,3.8279422693067433,0.5982000702583137,-3.745918325211756,4.404399023429889,4.271352439786243,0.5818366283717666,0.40637008464670116,0.26049744739259373,1.3230214971684582,2.008523427885143,-5.902043436710236,-0.5183512091689964,2.909818386797248,-0.5096301498906877,-4.084377213993057,-0.17748546656350925,-0.20212516398796057,2.2489493928622704,0.6256312365569021,4.244534844766623,-5.495995077793699,-3.0160688497353796,4.636742470389808,2.468611425981766,1.5464809886316315,3.3457247081108847,8.957316389490414,-3.2077431546127104,2.0632782507370844,2.7354492955723853,-2.306939794456831,0.371234893246791,4.755419100282429,-4.286582182889381,5.0524958058036535,0.08750888657303987,0.6664716847553561
472,-0.4809559741639912,-0.5753475608235682,-2.851129903244985,-2.359034590445955,2.004338958688971,-0.9390601061779449,-2.2636172011734748,0.5685993357283021,-1.2617307128053474,1.7210097526519257,-0.3282628094172737,2.043662121714653,-1.303521354327244,2.735026841575917,-0.11629692503157113,0.4416977440695231,-5.964569951497719,-0.35761284295405826,0.05272280496050516,1.2711368786581803,-1.5089966969027424,1.126881326906862,-2.0832822709332834,-1.5876578132300931,1.7881442157026193,1.1066994267005525,-0.3440003008117804,2.171317810175875,0.8074310580761009,-0.7979953447404255,-0.07887206419584852,-0.746489480708726,3.093294293778643,-0.36927738386555864,-1.025602099784316,-1.050873706059267,0.8248407913240758,1.3320736282919818,-2.4322870320194427,-1.2273824074895043,-1.9914531590496396,1.2890017567349898,-0.406561971586169,2.0298205072484556,-2.2820369743883093,-0.5497921729126185,2.206297881537777,3.3727907297299313,2.2290361404020493,1.3571407853494852,1.8089211993625294,-0.3031047308962426,0.14563934098062048,1.5933055281209687,-1.2729810156679386,1.4971345613932316,0.518479548706154,-1.4449399075284342,3.4539275270730703,2.064721055948913,-0.0805162402291626
473,0.06407148603178026,1.7932177049853557,-5.535628154397402,-4.286504273703038,-9.051039945920104,-6.819218573071433,-1.4850103073573604,-2.0184688366495505,-5.295218431600662,5.365027807621319,2.794528321647477,-0.3737885250625287,-9.505765646700587,3.040011639517206,-0.265782545666847,1.5139159035120389,0.7243327194179238,-1.2009925446304712,-1.8555437715846974,2.043405733101276,-3.0442692693610716,-5.873512939134967,4.2901516901655015,0.15922096476127715,-1.3631231339613639,2.7519136944017193,-1.392928392291338,-2.066891719661571,4.422941395684853,-5.828235036034979,-2.233730289943337,-0.8011927376723678,-1.2727169595429897,2.256418630844516,-1.5411002664183417,-6.185851928296493,-3.0097602190534474,-9.324902644280277,3.1499781668360756,-0.9488456002877991,0.0995767571511603,1.6239825547893938,-0.7315931173950084,-1.420026304340667,-0.9479212749113658,-1.163579211780723,1.961098922941402,-3.0300480011668376,4.113792943482447,-0.44736804534489333,-1.5099798576041166,-5.5938486890768,4.157677013255497,-1.8597690520409595,2.383561365911402,-1.6173074319373169,-3.944521973586432,-0.5365229918622394,-2.80956767451464,-5.840034168239329,2.7527781091751518
474,-0.885354060957142,3.420529750736675,5.175999126421683,5.778534098908476,1.1468632102444012,-0.011377485046624586,-2.3329577871248866,-0.04493127923815893,-2.442947842157888,-3.376794758828747,-0.8585211456795961,0.30144243275053806,4.636528580664247,1.8084471702700713,0.6886546398095819,-0.3483159407134581,-1.3176849207835546,1.8017232934593952,-1.0522052125267856,-1.072194934767122,4.439668830610698,1.5887975723395662,-0.49386101092647383,-1.5282498320876865,3.3489398494656584,-0.8328773094094714,-0.15506164709831266,4.168945821983843,1.2811980302128165,3.0548399443041356,-2.465302199505736,1.6181331678498105,-0.5861550489023603,1.2406571160758604,-4.332768157838563,-0.3640473710079999,2.353689671759666,2.3588558386375227,-5.923639931757616,3.096645116286268,-1.1354689785797898,-1.187153099287583,0.02683111367882357,1.1053645939691936,2.212262544220366,1.80355245851247,-1.7391516783039054,-4.984899928779297,4.21489646449595,2.8535075652645983,1.8229676232258076,-0.7381088381051314,0.7106842973811429,2.117477177376,0.43826942453084594,5.372480431959975,2.4705198288351946,1.7926458722244558,-0.06020938959034407,2.572325623758103,4.43810191632625
475,-2.823748616022997,1.3640597451728347,-2.1398365996091333,3.300024718663716,0.48106091475698676,-3.115833064610559,-5.442290409298092,-2.26267208344423,-3.33480051668188,2.4696559236982942,-1.6575475597909712,-0.05768674180362983,-2.5160373855955642,3.220184181498607,-2.0436480953014033,-0.27109482258998113,-2.4650120605526817,-1.1599151189223176,0.9716290524593132,-0.9495122390403675,-0.9922435960834011,-1.4462894736946665,1.990401878755927,-4.344952837999533,-1.9618691667951906,2.9589285056162695,2.0841076835732246,0.7068006050301257,2.5671532906265018,-3.19177218310557,-2.7626957160044836,0.540547892257537,-0.6195110415244525,-0.35313526669683015,0.8949406133762458,-4.200864824050408,1.413975030020382,-0.5892103180742222,0.9973840974493513,-1.7883093748547159,-2.470839742228492,1.6270147175185672,-1.0771565628354347,0.5612573941391852,3.58309147520639,1.3057174713134252,0.12958812485632726,-0.7021130060158222,6.179185226936931,-0.3787267366350116,-2.0807037505021655,0.2598514105570557,2.7123869900709483,0.6177341075967913,3.4300881153641147,5.1666468093250115,-2.151602684161263,-0.8205373412650664,-0.5601015293193485,0.11239853276592593,0.6742588136283606
476,3.973030532128562,1.852870810144361,-4.609076313168698,6.439509618251447,1.0945417015246461,-1.9688714827042733,-2.8182632110861947,-1.2391340350284596,1.7358136065868448,-0.5552885129495339,-0.5105684666508388,-3.5057743274120066,-2.814994984342825,-4.214338339085967,-3.9236003053371644,-3.9983509847624736,3.3334447611039657,-1.7372520224510923,2.5748356782216515,-6.417172632946416,-3.9413168540393677,-3.8444084774973897,2.821051330989646,-1.323381611318319,-4.812129694748627,-0.45794447251135034,2.1072487468726098,-4.790927549775888,-0.26963705724772086,-3.9204012100293175,-1.7739677633652915,1.2673201556415135,2.9852337779455342,0.5773566020052616,5.756614480559494,-0.6613831366340743,-3.3267015171457004,-0.008164148362347454,7.586334931582479,-2.2548757786975417,2.2656421596565033,0.7479615786604166,1.554276311505844,-2.91631651833707,8.136620127594341,0.8645359725132404,-1.9912388085718207,1.9324662052410273,-3.980314522764492,-6.597404608217533,-5.586248621624457,7.4585351142569,-2.3295089476803263,-3.9715126434694654,2.4670320112704203,1.5178542329527216,-4.977138180583931,3.529728618888296,-3.382216246229863,-4.667624669646774,0.8298366480202544
477,-0.22972361532852548,-0.9786278699492064,-1.1520758994463889,-2.4402670820577645,-2.5539202469171762,2.4772935238638043,4.957038580445964,1.9251341211232667,1.6090806514582645,-1.2099762041581248,1.297186115180081,-3.956427026892307,-0.23943623314433005,-2.9041959591341633,-0.27031481615874675,1.1342756907288465,3.7108434575294096,1.344689578153425,2.5640237226683094,2.7700201170117698,-1.2925774182482308,-1.7306440790229092,-1.939635968321141,2.968884209462155,-0.02701850524743038,-1.9859455085056512,-1.7695107640257444,-2.2557286794697538,-0.2170007934958132,0.3578715242649828,0.9675676619085313,-2.1843891101718076,-1.3624002172504306,-0.16616734347926015,1.1030796927392452,2.506446965213141,-0.9869406255427806,-0.6288531534129211,2.516813729317176,-1.0230342188045103,4.33735334607224,0.18834715519289316,1.6090947448715445,-3.8919235989320176,0.2764795781266688,-4.170411945473855,-2.5790030815095606,3.8818351681275325,-4.91232563595012,-1.0679977755600678,0.36416363646221395,-1.3621033704418994,-2.442706439682632,-0.4459067784226564,-0.5535394957653673,-5.981469344897683,1.3270615440841866,2.389737262312113,1.2303562297200106,-2.861832542952285,-3.1205126935799283
478,0.622964625180939,2.064384143914647,2.7077758994070704,2.9268933093969625,0.8529528719065053,3.0463411953602444,1.4199636283335677,1.9515277532792619,2.7014178555189092,-3.671601776475956,0.03640623593519848,-1.8690574543512701,2.6649038390257744,-3.1273674702168184,0.5519657309377856,-1.7884203458396957,1.1872798165199787,1.2645196384101072,1.8099039419997713,-3.038923156525307,2.809609735070645,1.8953630356026816,-0.14361506349461253,1.0577664547223138,1.7777376226365067,-2.804854821152132,-0.2612649487525141,-1.0435805617564995,-0.2005450259977948,3.7180556416436534,0.5220284766005157,0.3486242662373913,1.4988884412463765,-0.8299011485472079,0.27978019366632456,2.8205127481490075,-1.0356576393452264,1.6315622790518212,-3.3902948895113525,1.147229243677404,0.43216754471682584,-1.5863428221748748,-0.19339871691172086,-2.3169117156625423,2.3114779127913674,0.3507686852020179,-3.328785293155205,1.5552509850709035,-1.5986567162808996,0.4023603370264714,-0.8782632260862497,2.4008694496755365,-2.242016748020039,0.5139397005466005,-0.9973612126004445,-1.1116624635863597,1.0042512438609972,3.4312302148750593,0.7449103934891697,0.19526880498790877,-1.6366987061569154
479,-0.2875579731114945,1.4689659244121371,-0.17938918603742224,-4.38834174386079,-1.5391852696931445,3.9987853720193844,6.30964953355754,2.9658872390854345,3.8086620759970375,-2.3458482092764026,0.4242675498082883,-1.3888636799014533,-0.6969895613956256,-4.436319085874669,0.9456104337479408,2.1598731839272345,5.163940928208597,-0.8438272947622817,3.3734694161429335,2.619916479433681,1.261126392944366,1.5564644706788275,-1.8813753228234649,5.067732180711845,1.7226808738457213,-3.1887123009234544,-1.3614410408905857,-2.2077640272751275,-5.125163613758851,1.1333049828660775,1.4018438968681595,-2.2083881164413546,-1.0762822143558495,-0.809031543724309,1.8888409753414996,2.952482007572931,-3.701709662665607,-0.714275198790915,2.4378927490894258,0.6460129621787869,3.427568118387027,-2.1378575678999336,1.1842762015425743,-4.799629390283266,-1.860433447471274,-1.2064386299193197,-3.3361802604538,-0.16259822126293927,-6.770787091874406,-0.45486438971755755,-2.8529677551530335,-2.7393301155581433,-3.120846498094641,-0.225967776470574,-2.053482749453894,-6.6016483320587565,-0.4921398265601073,3.4897020802947134,-1.5507611596307596,-1.1355098200546538,-3.846654007674554
480,0.7157649084944026,3.4087676987431217,0.22795092026781832,0.35903737073248476,-2.283927909936411,3.379614159281005,2.149794972205203,3.188926604702625,3.0391345954013276,-2.5948074716728113,1.0899367555324841,-3.1634193909345982,-0.8211852109708748,-1.8996101402176118,1.8818020051089348,-3.2169670382979683,-0.403128501862278,1.8286637069595904,2.5995381889407305,-2.860495378640939,1.6833009396905863,0.8598417450631177,1.4489570744575646,-0.10572763663587431,1.7091585197264527,-2.7152717441294536,-1.1307088744297675,-2.110671058868528,2.9260352344589156,3.602451994924844,2.9965732628058053,-0.34201349223846533,2.583335261397113,-1.8151882311139074,0.9590093041331335,2.8249230716407343,-1.0745684952980448,-0.5370193591998278,-6.0751867668791615,1.0392430276315054,1.5127471600170976,-1.3778332770337207,-0.5487551343692925,-3.9598534380093766,2.568611454134085,-1.3353476145479224,-3.432200636534782,7.060867674899988,-1.9715986777042533,0.4815409828516655,-1.0053973360030537,2.085143803596878,-0.6348653691113897,0.1270452196496933,-1.4478293721463915,-4.780207436537806,1.8072932736157197,4.095005698099378,4.562060996782775,-1.2245309444037704,-4.955161686588195
481,-0.9041049244347814,0.7970456436268148,9.044457287873783,8.412716659687572,5.659922960539801,4.800570112491257,0.5490067858333683,-1.19130911270491,3.9550219466990404,-5.135642508664961,-2.7555144041081903,-0.7563406885263146,8.369737213615192,-2.8786193316256514,0.9492861590798543,-1.8910723897549777,4.23401055941408,-0.14191704488012807,0.0874320907722839,-5.909101860807737,5.640420538139035,5.070779468153591,1.0960221671003656,0.10428916045478541,-0.4609646216260319,-2.244038582304094,3.221683942827433,-0.1529168798175503,-3.6995894163924032,6.114675578940807,1.8296245721983866,2.7072309709620233,-2.184034672344603,-2.1467703414237667,1.639997555465225,3.29231937351798,1.3689248165091439,5.420101370883671,-2.014604430589916,2.9431489484073454,-1.2876244548728226,-3.562003385142202,-0.38041057787156507,0.45099627896187555,2.57872109270275,3.900652648221671,-3.0910816872302966,-4.610555357038414,-1.0900683609499773,0.38239739385821886,-3.0206950999941475,4.289010963101969,-1.4292528469963721,-0.9106311349521812,0.9039026322778475,2.4178170136422112,1.4632424029751268,1.383645553781033,-2.8004449236727953,3.459409046015137,2.5684560926631774
482,-0.22638153588920723,-0.9001611455578525,-1.780953919329873,1.9302007424192456,-0.9082886381691182,-3.618491972861481,-0.8509871185186805,-1.4084615832907745,-1.5057089129662282,1.7933511495543377,-0.18053564795588412,-1.4893006215527707,-2.5695707897075426,0.4258916558678998,-1.74252798428373,0.9216036338753204,1.6512988768446095,-0.24172629311625984,-0.25118134155384364,1.066357786268611,-2.3317288962673066,-3.3644063297529274,0.28451451334777034,-0.1632687988113302,-3.3361696351096732,2.1600803494705016,0.36218682253399304,-0.5149488216362479,0.7769134179090347,-4.002305856839508,-2.918903606430126,0.31652000802832436,-1.3425391272361662,1.7879111783635815,0.15474570972856577,-2.4307523733992187,0.09078134674043925,-0.6661850799022364,5.713758227133245,-1.856549861742703,1.3283671226022413,2.2248082293141564,1.3192107099423604,0.5958697019886718,1.7751961936472436,-0.12164104630752803,-0.11910416892225631,-1.8430722989476704,0.04805783439825609,-1.659503049193375,-0.5518878312334434,-0.31976837703331135,0.7346162939129481,-0.2585106885269365,2.489068113767273,1.2919546617850834,-1.9512811763304585,-0.806160158584668,-2.456372003890717,-2.5033041417163653,1.5343467545387708
483,2.886710373261749,-3.3217546710611963,-2.5839661798357674,-2.756981003736778,2.441187115241146,-3.071788442165443,0.3400108362652988,0.792146275240093,-1.0675449974003244,0.8884896033419354,1.5209613337906793,1.1362740584326136,1.0614567588606705,2.0663085234701706,-2.3190293593558837,3.9857266478657665,-1.4674920810812864,2.990506352427942,-1.3253077797696409,6.05850923257448,-5.7906468224631364,-3.8524716867279882,-6.423156488960006,1.9921449228771633,0.9656247212183285,0.5696201725366082,-1.8438422647658697,3.538010433122718,-0.9355996508161258,-4.92902351762414,-4.213152528432519,-0.4597897637438884,0.9936545135253988,4.670207133406038,-3.8998950670441377,-1.0289881484584336,0.9337388596842768,3.204350743530499,6.2677427997158714,-2.2739157131036363,3.5373125464972084,3.074232106115181,4.300042078709178,2.659499823484469,-1.3555656807989491,-2.5148522193668392,1.925922656309466,-0.9768183277517455,-3.9255076399510576,-1.2145923749681626,6.3981798417023965,-1.4884219831617793,-2.978565555574268,1.0573717734088504,-1.942444490738849,2.937336902493465,1.3060982703940582,-1.8811188199291284,-0.3765659971915667,-0.8376029866968017,5.802172765562693
484,1.4585147778157834,-3.7858420119925325,-3.496484563419174,-7.498313577750978,3.6906228830182335,-4.69764926191452,-3.7293086186420172,0.9262821042231892,-2.3960853691697865,2.236762894284312,1.588650740383639,7.44394340378131,0.872117526005971,6.197540436128532,-1.1271910778780438,4.373335562392251,-9.091923621004629,1.339184520965145,-3.1027588721789745,6.411050776905589,-4.175167799951952,1.8515153821656145,-6.797357567557231,1.1874066178781404,4.331967353840686,1.1228826447825528,-2.261992184163048,8.803985344808623,-1.409549187982032,-3.60408405254383,-3.3788526540964234,-0.5467189307895015,4.920387500500799,4.105816849221418,-7.367575937250815,-2.73364459528343,1.1075324423694828,3.3863850463247407,-0.6211877678686066,-1.172150354984126,-1.8485789292040824,2.3205711359378216,1.392133451707923,7.0958921399872965,-8.266382892687085,0.4644543523025161,6.895827218531521,-2.8195020771297234,0.7022379484780976,2.207956701917188,8.34872945739867,-3.1824166511213257,-1.1482121207318274,3.3987756432567227,-4.414562094783868,6.021444161367407,1.3733926517192445,-4.515412319806015,2.2960926329283864,4.717186124948126,2.7318293033706977
485,3.166537841558833,0.5820889874141788,-2.0017227693063546,-4.496833525947991,0.490209037756974,0.7976213129465776,0.9194918730565823,1.7824184639321432,2.9599739822545073,-0.8261979564501073,1.6033782868058357,2.028944517585565,-0.3924736276144115,-1.307884506792523,1.1382577968226177,-0.8515937013188434,-2.825241300299099,1.0178210294955343,-0.3862877759886498,-0.5775105790847616,-1.1639342777293813,2.3401895051000556,-1.347560864373254,1.5268546722567282,3.313728921812547,-1.9180040510313388,-0.6811012026225225,0.4423770316662994,-0.7341811056195806,0.9151663329436355,2.4718849324529204,0.11235480371194119,4.891514906639802,0.09009860452405527,-0.19835062623719113,1.771212689227016,-2.612589767634583,0.8883362554531469,-3.2617979457145165,0.8757555490876925,-0.04037929623780373,-0.889905778782307,-0.10576296388760516,0.6784708052073725,-3.09174376169943,0.5830699646030508,2.7224609023356057,2.696333664946458,-3.5652185172892445,0.17866162680924455,1.2233944506343841,1.1073448308708544,-2.5592235942151036,-0.7874713828293882,-3.9725146528815802,-2.083524923963657,0.5035088128020407,0.01260028159857679,2.067290728625297,0.3258784124169968,-0.684457515048226
486,-2.2037640800815272,-1.5217284751567302,-0.15478363522218583,-2.016557894962967,4.7359044854521155,0.7312645570661966,-3.8691668587258676,-1.0208730589284063,0.14920397424537918,2.0534799678269144,-1.6599586206725963,4.960737702216716,1.098431015433267,2.759396343235372,1.0198347434612698,-1.074743928750149,-6.628244727036201,-1.11515818054424,-1.7295154835571487,-2.1518232671030155,0.5226377621822867,5.340075274714474,0.41252201956460727,-3.9763973340805148,1.1904450721934863,1.8267840489733056,1.2846552158945677,2.4757053044512416,-0.479756704002525,1.9123894497420553,3.0944945565135034,0.978570092240201,2.073739845806776,-2.9844578285711725,0.6612738509500612,-0.2749381259268059,2.1885513359500592,2.6145773306085225,-5.159190265914256,-0.30492218868997684,-6.157387076367103,-0.9820460349508431,-3.069189590188981,5.227578309966872,-3.8082825754183633,2.881035008077162,5.36880683684391,2.0821739430410644,4.163932380867666,2.575316477959345,0.19535587195704723,2.24627362176023,2.0928269433843294,1.0779856628209126,-1.3133957674907306,3.3521079497097697,0.19468565410024563,-3.886101436024933,3.2892157841531002,5.152093024624215,-0.1527614561263178
487,1.7781601790414046,1.5949390304194933,5.3254412173245145,8.401022002287164,-1.1428713764425171,1.7111189492731511,0.003938015506829234,-1.809036297230389,-0.11146902450769575,-1.605550188897598,0.8290884430242726,-5.28159063313176,2.177607381506334,-1.7400113089471176,1.7151013805926458,-5.902182479452571,0.9775860658648885,5.067723011372128,-1.191028185490338,-4.601029670763402,2.5368368926612916,-2.499835143677709,4.055307005879751,-3.499886176540758,-1.9315260813149076,-0.8503679002600254,0.5768124270084657,-2.432347703550881,7.442252825647918,3.9014163725500386,1.8136803522057456,3.179334477189694,-2.1806958912720993,-1.756215820146841,-0.15647856176080704,1.6931717068763363,4.1924613155502035,-0.5974364418137089,-4.798070891526738,1.8916074770479177,1.6261063432708793,-0.48428013479654497,-0.17060094803919465,-0.9588088139632157,6.54685019352264,-2.1919589884009265,-2.2027979547807286,3.8539924333228535,2.2647509026696744,0.7563074334082474,2.166439598097759,5.387080578646344,3.3858790815852178,-1.9579062459020562,2.0577714470794786,-0.9742271537929273,3.182308358697774,0.8606069051560311,2.943917601399708,-4.233949560279367,-0.04226032245709144
488,-2.9369474691756285,-0.5273351630180227,2.346527952292954,0.3763689837036753,-0.10785116838208321,-2.2984955584557545,-1.3180446893109194,-2.618211810487873,-3.4249459676787075,1.2486951034215648,-1.0894617049245467,2.833265267821686,1.3724135604039926,3.3037620305890014,-0.001943137312428067,3.7876655354955204,1.5273261594988794,-1.876777924185887,-1.962133278780989,3.132815252160496,1.4526085766954466,0.47963274871079975,-0.017768550528999866,0.17468340935440285,-1.023206941489851,1.7270800757061298,0.43960753232747773,2.7301241448725975,-2.0022719735825807,-1.2673951795144096,-2.301158617787783,0.24289927424217006,-4.39463359905471,0.8972702843552722,-1.9691180404035151,-3.0761537469009945,0.322142402211421,-0.3302304213225006,2.7691109024174336,1.1593125222476202,-1.8617899441928234,0.5395911864174288,-0.5315584743269137,1.996559617885671,-2.1459922166692853,2.343528949211301,0.8338800759495084,-9.328956327029529,4.2900472663073845,2.015761483568576,0.34978926506957597,-3.9083452375052388,1.841000777805988,0.9689435344748423,1.8146589034215612,4.209708087871109,-0.2219781742126809,-2.0563465741789875,-4.901959506046106,2.0156450343385144,0.6877724809290533
489,-5.455128954242559,4.698518135419103,5.602531383152652,4.719510471502204,-3.2922728056473147,1.0281563465575991,0.47905673662865045,0.3312333734996557,-1.876121346044458,-3.039131819354188,-1.97220224458326,-2.561998601798539,1.4383130186502795,0.6280625613481852,-0.5064237675636523,1.8960617107718973,6.007174180464478,-1.8945600725979235,2.2390903302697245,0.7300747098161803,6.522164685815729,0.1926514643219952,0.34478654785619867,1.509297882457902,1.4226398194896381,-1.0113385133644064,-0.012592840038946285,-0.13354648878640363,-1.4483033752750631,2.461714827138039,-3.514074977363208,-0.23261990347846362,-4.614171083704827,-0.25897833343681126,-1.0734009774868154,-1.7355771574629586,-0.3877647812227448,-1.5558697224114242,-0.749397022280921,2.8594629552589326,1.2390632649149231,-1.3692857570405168,-1.0090210407953293,-4.461288888958131,3.037643156238512,2.4609090462603285,-7.7573204218702205,-8.434855642125536,4.500969419992391,2.122672117261942,-4.1283033557166915,-4.918449568028983,1.1628293607776756,2.0135857347088173,2.366369808971953,1.7140924428155164,-1.1075187473881327,5.411793150283204,-4.801432479998073,1.791631702117943,-3.563860538738682
490,-0.8584462740623194,0.6318909641074263,1.9191944011003685,7.119752003192639,4.257632641386465,1.6153056020760017,-3.30667429063243,1.5990707157606692,-2.0129270778161192,-2.953038071131231,-1.4639925715333053,-2.3062186091658554,5.080553094898881,2.293989743673536,-3.064496619236552,-0.7734997243164619,-3.1814812231782716,2.010656735812443,2.6793056571953917,-0.05743595750252713,2.301472730670244,-0.648410907212946,-3.7073101280711653,-2.7656272506618396,1.5505458451129344,-0.6171160009589658,-0.51482122698569,4.005179544199064,1.9499938564717092,0.3855587795084042,-4.513195264759511,0.98387909840544,1.1549990400350993,1.7259434274258136,-2.987921115345536,-0.5267948078277465,3.986581090236197,5.5496329393661785,-2.0990044831281227,-0.318416378285988,1.5608877751622987,1.222241598645687,1.2872209227343376,0.9090966412676702,5.416829277205215,-0.35425886513078886,-4.652984640627374,1.1969723134722052,2.4262112727943728,-0.0012282609872877326,2.26414430787678,1.405107405229201,-0.9150892112792847,3.119623103959653,0.532950142696191,6.381907362721785,2.2581978123075577,1.9333635316224127,1.748123693277884,2.409474297245979,0.37870071862102744
491,-1.3958965308863984,2.2892134067497474,0.4221012602613219,0.947456642442338,-0.7446695796746017,4.761694215625173,3.465819663596179,2.4622488720562603,3.5578989349093684,-3.688549449110039,-0.7106841223981997,-3.1072091459050277,0.39064647872521446,-3.7509744552056272,0.06253714831219115,-1.5815545429353621,3.6689153342755487,-1.6562780066306049,4.408830475322214,-1.4960566849711932,2.427825477578828,1.685869621477162,-0.22054107226507605,1.540767288224382,0.5753316501437209,-3.002498784237738,0.41873565843265254,-3.135001851827463,-2.5242657129041564,2.336772593943629,1.4844493892401003,-1.3689988109925286,0.21380034966281586,-2.2069429797529847,3.5377890523848876,2.9461772846082526,-2.850171621204427,0.2669345273687165,0.08125968075928724,0.3019383029139026,1.5790468472565777,-2.0058840199663814,-0.1804517431807484,-4.754435089873836,2.6942166337684483,-0.47657359727219784,-5.618676970035121,1.9323064863167358,-3.3326386903742122,-1.0299514826911935,-4.862696513362004,0.5118912231133104,-3.615947741960665,-0.17646197442979422,-0.18728015027536615,-4.300108333926958,-0.761546549262025,4.923589178661439,-0.9051446361687836,0.8351058475824307,-5.259057417414745
492,-0.7582633894074804,-0.8440228299888982,5.798401587879165,6.766014106864667,2.8832444366397203,3.031114756372541,-1.1086165350321193,-3.1286348092901113,1.7824878119601124,-0.6007019031391507,-1.7124565014515543,-1.625418307688558,3.1321458840626653,-1.8329941415473339,1.7803918473107034,-4.4847462281579915,1.7093113225217482,0.5046599277198006,-1.1370592552769216,-5.250067937363406,3.446468806545555,1.1205571520355861,4.986981259379238,-3.795717698273654,-3.840526094080894,0.21730136178508452,3.1408561575602287,-2.6585598251065012,1.9063204950456492,3.7629659948509175,3.7007582268860393,2.482399171219136,-3.0054721943596454,-2.8957249416390307,3.4045912019782447,1.953523828703115,3.0544872417755218,1.615088700274954,-2.453259974929491,1.3240183505279974,-1.9977283132062162,-1.6230644693098952,-1.6569653411746428,1.1138716110917402,3.298147542031941,1.2336610761725901,-0.06587670061611725,1.8699517628966214,2.3564752101033197,0.004845967405964047,-1.6057849054211397,4.987571962849607,2.635735357922204,-1.9104004283147173,2.0798440138442746,0.5416175829028933,0.5158239729534053,-1.2280777565776704,-0.06619318612588443,0.09256086658862997,2.371419808258606
493,2.745000507432235,-0.4774519107394131,-3.843924663377754,0.02877896675876307,-4.11817721469599,-5.363629698851353,-0.20238700282713828,-1.2960601802085054,-4.231828790433949,3.643450556562228,3.1908717501931876,-1.7744080414561914,-4.541580612987579,1.567770721241274,-1.8926928631894682,1.2116113250467773,-0.02836438999312132,2.864061271870857,-1.028602627207517,3.0413481332830314,-5.02159220836013,-6.814991637161298,-1.0454017972564045,-0.05214830210222299,-1.7504162050369119,1.4333419917174774,-1.604875133372732,0.5126825846154476,4.7422272446894205,-5.360207893392672,-4.055364444535539,0.28198100671134935,-0.3155741466503566,4.277798980123418,-3.6555674464819083,-3.50549272956937,1.3632686683998185,-3.3852196833427906,5.06593252912426,-2.137209746428671,3.981258478439809,3.5908444871534777,2.574976352509239,-0.06155175857949405,2.1432437925387897,-3.6539631261469445,1.1767122922152788,0.7188549038433071,-0.3527903662820102,-1.5949329146108588,3.9465184746501243,-1.603405875167017,1.6764676969860433,-0.7869807514921426,1.1819479520448322,0.15000197329116846,0.004302343568407474,-1.30469634393825,-0.33055849945286964,-5.7684501267448525,1.8118439738826548
494,0.473936914806381,5.364559944290355,5.944351077396856,0.16721585314813858,-5.37948761890301,3.7286157633536057,5.280433993241663,1.9262763154431337,2.3927307503562574,-5.576166818630793,1.4805628246801805,-2.5566740698777095,1.3523473131057413,-4.148916505215536,2.1625324504931966,0.4731496421222224,8.219994112116863,-0.08743762708561953,0.348687142750018,-1.4095181067441884,5.444924972036455,1.198890627542257,1.6853859656916934,6.45712879032964,3.469786338463476,-5.338905695999605,-1.6934957977791814,-2.534573238121793,-2.3590365251581265,4.74764520836234,0.24979417752284988,0.01682451112512523,-1.8703467052337899,0.5614391060439743,-1.7135155142772545,2.750272477551377,-4.4041380998091135,-3.902114157133161,-3.062241500508125,4.980949123457173,2.847405192986891,-4.137748210559511,-0.14823835550413833,-5.9428432632542725,0.7226867759659192,0.5917749402920103,-4.7608932738072465,-7.1510098966518445,-3.8416703586245537,0.8272576598744347,-2.899549167129986,-3.842807242085729,-2.3444638371173316,-1.4965767041248337,-1.5020750275958699,-5.2793032521012595,0.9101845004607678,6.520075130003162,-4.483006651217126,-1.8373300192815498,-2.1567898711613296
495,-3.2455193368339064,-3.6137750084643674,1.8911278776214666,-1.8822278956222314,-1.2598290850134526,0.5920636769812714,2.8362361458050285,-2.501774036772994,-0.8031059750745397,3.0089177893875396,-0.3340736457319258,1.1920994046929492,-0.36179526817723434,1.3343099565086596,1.8425163905136972,2.338678346883308,2.845403763010412,-0.21804241993255497,-2.009068584036502,3.5255260077633817,0.13636888790089435,-1.273783865568891,1.6389238414802327,-0.17490699910524668,-2.2805322036370868,1.5763182438965577,-0.3969349013976853,-1.1661346048256933,-0.73682785607159,0.08072422378379471,1.3913732038978872,-1.081961625588436,-5.881145946500934,-1.6974737516996685,0.27142022933097665,-0.5966813218930053,2.4947562513708452,-2.563191600887527,2.985311134753029,-0.005569947446390056,-0.6242375709792187,0.43383871916435857,-0.3993518952989892,1.34664255248877,-3.739328347203349,-1.1935988315406623,0.6890819541385338,-1.6235228952307106,1.904875631440301,1.647374763547397,1.5104184951865545,-3.682294911362215,3.49925022410159,0.3486408077995897,2.0442014459311504,-2.353894418855864,1.052388251991036,-3.92335471335956,-1.1675644257111606,-0.3750013995693124,0.5058384203902602
496,1.5018678147397,-0.4239033249282367,1.9896792464687336,1.7085006232614932,0.09942464475754498,-0.2701969537750044,-0.6109147848977962,0.7991962031665552,-0.809304905009167,-0.6576638015666597,0.5709258525533949,-0.38639103365802735,2.0381933325754003,0.7347571283886576,0.1535679234358941,-0.9615846011052419,-1.7028459130408307,2.808369722937997,-1.1993019657847857,0.7316281382611743,0.2752927208802889,-0.5452246534664129,-1.6936188391752602,-0.05138120943627433,1.6744713168010608,-1.0059759707327225,-1.118730395999646,2.491510352757436,2.1801280355863715,0.8827374556390031,-1.2690741214333725,0.8799341085041438,0.642421729735879,1.5747830217117624,-2.7580545342528517,-0.2636441669208506,2.3835177519398427,1.510307683181812,-2.2998905580480207,0.7358800606191596,0.9460412474520361,0.6567060869757708,0.8996799488962146,1.209899541179246,1.2974425301304495,-0.9038017429198283,-0.6201614311484012,0.2111770427612643,1.0610149062994756,0.9700632125701985,3.667888438613974,0.43885693608778215,0.11980604753762117,0.866801023450684,-0.7977910938382731,2.197161540606691,2.4425652764542733,-0.05866359454256359,2.1827593252556885,-0.05109432609498104,1.6949777531552834
497,-2.2111513700812795,0.8539799498870079,-6.3400795267028585,0.29490260194333257,5.147248526149092,-1.3140803351438128,-5.119106655013988,0.5701773049032186,0.17996685989844338,1.4045950294102596,-2.0371968476498075,2.0272317214809075,-1.708875496270066,1.1715207435847401,-4.657739110569762,-0.6380511130560819,-4.556737440000887,-4.920593039525015,4.121877886324413,-2.4814236637578424,-1.7176225743775257,1.653394472021387,-0.39507774681813146,-3.2896091387781303,-1.6395347976295285,2.2788148986951495,2.5220365245368974,0.9304090103883063,-2.349391289167613,-3.492676730732348,-1.2465095464108753,-1.2565330329604985,4.3876354971953475,-1.0415111125081333,3.9043436743673308,-2.923217043046293,-1.8246866405647497,2.9887733959770446,2.0097458945505524,-3.1118175684706566,-3.6933164886179384,1.0439139599761484,-2.1269103044374438,-0.05829438262667841,1.2065845651418927,3.125870897875925,0.02207858336644819,2.382551433911887,1.8205737584903372,-2.092117662234606,-5.011924025755304,2.591262724870447,-1.2254940552235736,1.3873409338949745,0.845444181074066,5.177333077273407,-4.229699367911942,0.9232545808734829,-0.39089635731100264,3.8229997859910316,-1.6290102851466344
498,2.3126162479706,0.5551710755924977,-2.0859000753211214,0.6688613164528616,-2.1853199150496962,-2.096643762611638,0.057151007592553385,0.6405208012531625,-1.341449492199819,0.11096802390031069,1.897692280059408,-2.617890252850543,-1.3540267511071977,-0.2719749621229999,-1.1706641828332849,-0.41233777029060514,-0.6151644881164475,2.354524743283488,0.5825107445292762,0.8755467717788906,-2.6094676914532244,-3.3831306062067306,-1.7032532496383914,-0.20269199647545882,-0.04009555479722544,-0.2673589781133593,-1.668705678167616,0.6321735670790025,3.141610283549754,-2.3829595050771144,-2.1384060228868393,0.3310647749046747,1.9890194250361644,2.141849451065505,-1.3754735428504934,-0.6237350671266825,-0.13558076820046228,-0.26419620696097923,1.6685037747765064,-1.408749247481263,3.217660692891455,2.0900632353233193,2.5649474530613254,-1.354852401999612,3.196093566416779,-2.8655504466492157,-0.9309724019017781,2.438494755138869,-1.9966686314971582,-1.7601717334428366,2.9002903550408297,0.6312608589087695,-1.0356630400164075,-0.5862246142661266,-0.6351572778170267,0.016240935925147124,0.6662999675584038,1.2876931078794054,1.503042196767282,-3.2572414286192175,-1.005203232664747
499,-2.445713820778547,2.90996844209671,-1.8531300751942696,-0.3302411220143997,-5.133184048712294,-1.2329447188781621,0.20390675205106856,1.3743559389239657,-2.0431865925082784,1.0318345951875707,1.0485212067564147,-3.3209722086125333,-4.493812867405691,0.9336248970065508,0.3884487922440798,-0.7228371779438191,-0.49949247771766314,-0.42991656401234085,2.5823457542247867,1.2847413796224432,0.7410412016834076,-2.5825573648723843,1.2729793874416897,-0.7849053053621375,0.9643417079696031,0.19327806177046314,-0.7712063371983228,-1.0138446431670047,3.414266454199075,-0.3336319010218673,-0.6266756124327851,-1.410956445668468,-1.007786084999618,-0.1377388332219997,0.09370151722205193,-2.403580495364401,0.19022055541824798,-3.9078048666344776,-1.2989806184803785,-1.0760158813586458,1.1638811443914738,1.350872315734057,-0.9414085742887365,-4.057512729965755,2.5332493984499425,-2.082179769321277,-3.548417727864945,2.667369747065573,3.669410148041984,0.13638401316638044,-1.5933130390645742,-2.425963288635326,2.0622358527090934,1.7211257496289827,1.7373722356532335,-2.586739125822518,-0.20687161255188652,3.01197472164292,1.8223405413104432,-2.352150139805291,-5.8967318465414005
500,-2.0264484552378828,-0.3110030800354295,-2.8384463536157747,-5.285506994688963,2.44692123911189,1.676347668949751,2.335649690768708,2.2572167557077165,1.9303295181245648,-0.9380992089825524,-1.400517962074708,2.908828581404308,0.09400484765793055,-1.0581086572189422,-1.916680513312852,4.597570190843055,2.471397593310963,-4.590600256169886,2.6338974995750593,2.965309531632251,-0.7476528362681328,2.747236329384281,-4.045353185869323,4.8895475472196175,1.3804562117818644,-0.9014082221300679,0.1134632121221244,0.2154746927051748,-8.587125416464836,-1.7364390018812816,-0.9020402381907364,-3.0586712976654704,1.2618817106384494,0.7475462726795276,1.840654903747551,0.25216484516370197,-4.833847642292497,1.8464161492041316,5.02624946326298,-0.7377017801684592,-0.5356748230445987,-0.9777258154523744,-0.14736058085685005,-1.7606148534890596,-4.271650393283031,2.6542119429531366,-0.2783782687926053,-4.995172111484818,-4.288016175854523,-1.1692639781083176,-4.02499798818505,-3.379700003179299,-4.336234891575242,1.3793724709044397,-1.6291272586646817,0.1245733561694688,-3.6766569597434495,1.6864710787862027,-4.110266399641584,3.518060410209908,-2.9753161726370934
501,-0.10420981336268026,-1.3250867095835446,-6.278932155810521,-4.360611183654949,0.7621676463061503,-0.7456019689736779,0.3515470396998182,1.5205581651461566,0.45709133699142385,1.9310911177307681,0.6200173960250539,0.6931940049660831,-2.963694595196684,0.8341155341128343,-1.6001837899155278,1.4541132099339538,-2.566558073487011,-1.4045139688620276,1.351119901322327,2.1291622253921907,-3.6499313100590127,-0.10587506051090753,-1.758878954695926,-0.0007117473592965218,0.10594094500142617,0.5385315026021393,-0.22157044926669514,0.002319141562201199,-0.9496459644303745,-3.4931450269572366,0.20767781841585664,-1.647709084047537,2.8179674511953356,0.3757129900705796,1.3957572144277495,-0.5442639826570623,-1.680740442705408,0.3735174065308496,3.112147934689469,-3.1672192310128024,0.02223705235225518,0.9452015857937769,-0.059891315657185196,-0.04901016497842292,-1.8035781821252685,-0.9602653121106866,1.8382656195348868,3.8177797649171223,-2.5129865380566425,-1.8133685132624968,-0.2655951753317359,-0.06086923142614231,-1.9728398428309357,-0.5670880435267565,-1.5938874782851058,-1.7636249590008943,-1.6620339073918196,-1.1279647352086886,1.460835215202966,0.5651839880004257,-1.6695238436135345
502,-1.0217663458434214,-2.9481887547245362,2.2153087281569372,0.9692332186610791,6.978100202267548,3.6913287922927878,-0.19472207664340008,-1.083689910914074,4.041418987750425,-1.2864242405400417,-2.6517790903494283,3.2867466434765404,4.856485814472055,-1.0731237073578674,0.3781213708027672,0.27944178794392704,0.36856669484823873,-2.7336549522811944,0.6492396611821598,-1.4890070471606232,1.5816701417254815,4.6646303754740845,-0.7086478129977509,-0.4221518990168274,-1.6130851895750609,0.3163658774904969,1.5632838849317925,0.2827846027518083,-5.506782579203098,1.9863531713488962,3.259530235405023,-0.4103518599323285,0.6374041926497436,-2.65064788685126,3.2796286747994334,2.48702298503788,0.5218434879027487,4.753882939951708,1.6387315559391562,-0.07662297466719381,-3.6488942756375145,-1.798805821623236,-1.5695302199145231,3.2958157075612977,-2.7622453451101743,3.6954647654290325,1.852740237632115,-0.958108676068007,-1.86065900795994,-0.29741747116114603,-2.4173363670872,3.6420529642326303,-1.2386694491765555,-0.15422308776204835,-0.32724813727730184,1.9741052769744043,-0.41506314838260616,-2.8899645203582867,-1.4405282339481174,5.498441635024535,2.7500934139293443
503,-3.064282456721735,-2.8165960054652737,-0.27899575000749843,-5.408940907826308,1.12910390888849,1.086592707186956,-0.28063649796490353,0.269531934257509,0.22692959030177873,2.501431264985488,-0.5915409917548308,4.3638815631296595,-0.1994935995364171,2.9384798082777572,2.1763370286451207,1.7899778053810325,-3.5441482205416883,-0.947666264809622,-1.3112052471960036,2.5195969328194288,0.19903792297651013,3.7048226859274034,-0.6957224598334428,-1.409687294993523,0.7573763811404589,2.292577223517644,-1.0592464634957623,1.1761539194109842,-0.911277154094114,1.5297598628292906,2.7774058836194273,-1.7623372017189216,-0.7916616428580389,-1.95105882337308,-0.6346376478193438,0.04765413909103189,2.0771134130433273,-0.2803040838443648,-3.4781928381000196,-0.5059816071494301,-3.3507053966659517,-0.0038950263455591744,-2.7829267277317924,3.0078117618270803,-6.27123636348734,0.8537393624348053,3.249734405084086,1.6937278829612072,3.633700335001195,3.3701373084619277,1.595625330997824,-2.5816694395897986,2.057619831786463,2.1676006413467683,-0.7912703864304448,-0.8667817129144271,1.0625969621709428,-3.9827592906114564,2.4132567714534603,3.683761924946213,0.04474496414922324
504,-0.8787426894708896,0.6666014928105182,1.0690803392879782,-0.6192021367140754,-1.1398243439367852,0.7381466165537529,2.105320009325885,1.9310916157915072,-0.7058810575330567,-2.213014634763847,-0.03381569892369507,-0.8262870894631305,1.8761038828247931,0.1140162771263182,-0.8636914508738911,3.5337786031425256,2.8246173484268766,0.5703371940417418,1.2047007938615315,3.6991402472170476,0.902209701881944,-0.8817923960657947,-4.333532524657136,4.058739527616652,2.1228097411044216,-1.6027636678172683,-0.894254533835789,1.0338035149255465,-3.0525795334654235,-0.5017711069981146,-2.7252470469540753,-1.3236095600173676,-1.1850331871469089,2.216312473071962,-2.043372328802703,-0.3168791950165546,-1.350057031679421,0.6108916751511626,2.096389752736753,0.30425147103042355,3.5462888055463853,0.4301785530646647,2.5785631211872704,-2.642684102179617,-0.6237129405996384,-0.9025713930457264,-3.13126018350696,-3.983557780721209,-2.160271645525017,0.6587801460908174,0.5668950992400679,-3.8960789109466125,-2.5832142816573036,2.220408501699168,-1.0702032287371401,-0.46472927631594835,0.2992072358547138,2.160118233286423,-2.247080096500162,0.49132932532964835,-0.2605674701770439
505,-0.9408143120109291,-3.2612737247589934,0.359802020999931,0.19846535942334992,-1.187060278851468,-1.9477630917876583,0.28095790149307737,-2.890747420540426,-2.241365566875645,2.7033483542145804,-0.1978259379981218,-0.2711821206015669,-1.5494640458529458,1.0589907839202382,0.9467617843601387,0.8076823038447887,1.5449373281040109,0.2151791798406871,-1.9513922089786426,1.0603153136085979,-1.2790369339704046,-2.688599410839318,2.2502685693891507,-1.7717609142555857,-3.9514778255544183,1.9743154085335841,0.17868342284070823,-1.617343274525463,1.9520820814290205,-1.9180991176957793,0.8165021300257047,0.1392207172470362,-4.504576465301219,-0.93565548822262,0.9064882547260267,-1.1099028825844002,2.7036012063805743,-2.8238123077384785,3.041729935765012,-1.3909775137664817,-0.261335741693473,2.124127540642529,-0.2043631204003542,1.3763864184594492,-0.47446188452532057,-1.648278816265804,1.8435169798677706,-0.2699328248270928,2.53604449394284,-0.2420406228801386,0.5389215056972818,-0.7118125633151413,3.573007832863305,-1.002996725190087,3.1437209149878322,-0.8719472738918637,-0.07447701716088144,-4.050689122530762,-0.5958432488659127,-2.475708819175125,-0.15502527193468385
506,-0.5930171170724087,7.838653658286117,-9.577062878422556,-5.4655575615546725,-4.5701535157728115,-3.536078049123458,-4.004186449741985,6.57252516673728,-3.1413928759773766,-0.7290251557671414,1.3243364523289805,0.025704147039837144,-7.3369889291845585,3.052286274568474,-5.110995921729296,2.0183514947778685,-5.360971545849649,-2.5060817259780013,5.338896006285805,2.4935365405825776,-1.164127459431163,-1.044078511182531,-4.44867449161744,2.453966590716253,6.515373453223365,-1.3788093845294926,-1.9770385001234752,3.345018532059328,-0.4595571133801194,-5.166258828737229,-6.9437031239918765,-2.869388595261181,8.67143052001315,4.302442998549697,-3.891911181104836,-4.944192052507554,-6.004219693149211,-2.6357478583359684,-1.27736868810731,-1.3213020991054618,1.4306145563577097,0.5718105823944352,1.0521109938855322,-5.145154046815069,1.866951557638802,0.8224799122063534,-3.419106854224826,-1.2969108877993518,1.0931410749463197,-1.5244478983405885,-2.4262163645585204,-5.1484669855934175,-3.6466059511359714,3.664905221513115,-2.407379876047198,2.0316647879758176,-4.880528744335799,8.55896648385626,-0.5280592774009197,0.8364913008813085,-2.854541175175984
507,0.5291284946702388,-1.4732517874579596,-4.921104521222641,-3.26393392302165,-0.9483682174130823,-0.3333874946089195,1.7811375786925194,2.5867970589363556,-0.7538770977842995,1.1569270159784286,1.299447723981469,-3.0888920697532165,-1.1207158117037488,1.091798801980777,-1.6772097795931382,1.6205006391549943,-1.547695175290828,2.4703078620291157,2.922576348413919,5.384468046024251,-3.816515433301806,-3.6398357162302273,-4.943492830344135,1.3935907032359856,1.1869685282555837,-1.0871666026200182,-2.732657608710103,1.085139290843843,0.45601846208211083,-3.5757815546309617,-2.6706151490095458,-3.1875702019900722,1.022510246197342,1.6357522076261282,-0.6908657400765158,0.6685333719435466,1.8827994875978575,1.060974395254079,2.7880586398297695,-3.0414792772385724,5.006644778076811,3.1687547319962146,3.1664229266318173,-1.5051365845898554,1.4815249979867628,-5.50044902477734,-2.1661324335544325,7.083787143719544,-2.7564934645279116,-1.5777454225517764,3.65673805474916,-1.3097679894178378,-2.1708657869236667,2.828433760956054,-1.267811340518692,-3.1587093019901085,0.9749408670133561,1.1442225869520737,3.82086846250415,-2.019483182528561,-2.487438455009512
508,-1.3986444658031145,2.237774876810731,1.0298376105829272,1.4714839374790987,-5.475769922605957,-3.130407039026778,-0.9908825730058861,0.24892869482957203,-5.272336082677666,1.3738781850594743,1.540456588405127,-2.3798863248429645,-2.4313302906608887,3.9658152808427283,-0.5649942381404184,1.7667335288475505,-0.11367329394631817,2.120347617573918,-0.4088635575096281,4.269700602123959,1.22081136234471,-4.408483654740325,-0.7998418494511692,-0.023943862402577024,1.6053582102096562,0.3635890251158989,-2.4253954007679597,1.772174682750738,4.953939861969307,-1.0829012688386963,-4.472500552085521,-0.11526601739181339,-2.938114508012488,2.9922236419677937,-4.805949297351529,-4.051960912556605,2.360954705340011,-4.042252117495967,-0.9354355470134949,0.7052316041755394,2.681182055210238,1.767329800486582,0.9909237182008197,-1.2784714889304951,2.176443706583076,-2.655034036260793,-2.8827484046616494,-3.2421487532494653,5.858607295028005,1.4002096645641462,3.5015853817019265,-5.883142538152241,3.0233766726063243,2.7204163519092237,2.3815817997082847,0.33695354685426004,1.5209881762800845,2.1030055788330193,-0.23643415546410965,-2.4036889063016322,1.0248192386420478
509,3.8551140695931787,2.3243783928824295,-5.410497120433405,-5.47084147140144,-7.056614571102558,-4.083762610551768,0.5745474208862025,-0.3588983595151506,-0.8371714291662755,1.7339395232586783,3.903257860960774,-0.35767751169015144,-7.459470241594985,-0.9845986130132892,0.9937587490708801,-1.129972242694457,-0.6451936322676135,1.2070144751184673,-1.7893780204800294,0.0726518967421203,-3.90959621795038,-3.0370219294753715,1.6109366149773043,1.8272321416292066,0.7477307400080919,0.03277686727895257,-1.1912228092175736,-1.9983196344855956,3.5808298757773884,-3.6401826671600777,-0.009981581491234182,0.020352408285288018,3.353180265683597,1.5317280348558744,-1.6360047667498518,-1.3535225485529634,-3.843647476215386,-5.507905553401231,0.4614290309320792,-0.2905904383197493,0.8877084515160522,0.49406737490235053,0.3609087468697424,-1.9051919649827223,-0.6826711280125781,-1.9939849671537615,3.205223050064747,1.0952610982351014,-1.6846933696713975,-1.6934695475698105,0.8730405858587689,-1.0718985446181981,0.19595356144598225,-2.265453615872934,-1.6836153823277331,-3.83952445613584,-2.0640731965290957,0.7003865807940411,1.0541659000600259,-6.146135020541592,-1.1949977744828812
510,1.6807692569564785,-1.1659764306110967,-0.7271973351205197,1.6533055246971755,2.9486220555025326,0.6903180950595069,-1.7746825528016847,-2.070478219827323,2.1998941957886173,0.9709195521281847,-0.5619274292853614,1.494977639147125,0.5703336751315438,-1.7519931938840565,-0.04121262032981132,-2.668905613813816,0.6905448371796363,-1.818568263061241,-1.1914501459077123,-3.7846600854235826,-1.1448876316832355,1.6403118214588568,3.1896487576111467,-1.9367897732132597,-3.6985704211273993,0.9989276648753734,2.427447123636583,-2.2434519623932214,-0.5429909027679923,-0.13392745561525382,2.8200561254015746,1.7483557939577254,0.9030313512560417,-1.956442669164269,3.721618171961012,1.2484818830945128,-0.20405561645323372,1.3874307794843315,1.140408991275432,-0.8872349617229376,-3.2700069794073334,-0.9873005645002902,-1.6253400649554577,2.0464123164155508,0.5097119219631538,2.2819652840452473,2.9978722397954165,1.7839246422658186,-0.6826906286239369,-1.2138548636849635,-2.387786580781333,4.730478347799835,0.6627725990272216,-2.7972629342347894,1.0247067969387835,1.0765767908885735,-1.175065645093078,-2.67604760986555,-0.2862913014882729,0.2090029108227303,1.1185369437484447
511,2.320920562646779,-0.1446759414509096,4.520416030026385,-4.021306892964883,0.5701622766082418,3.0898259129612895,3.4396043543122983,1.7555395033917571,2.736442644130783,-2.967037815891067,1.3532855558240835,3.772063935581946,4.1097023467106055,-1.6226732367318752,3.562674082752025,1.0813493024661347,0.21397634264673843,1.6334512346625933,-2.492577835882605,0.29850159387134445,2.527510595807267,4.923751671194891,-1.5784031686633468,3.493349635143016,4.516975744605596,-3.074106233850482,-0.8935031504140714,1.770240606116797,-1.823253955826504,4.919632419434974,4.0830837506097675,0.6672944444351914,1.5225784401863902,-0.013145244652057658,-2.6736849121674497,4.207840677134075,-1.6239442258369257,1.4571089911093054,-5.734283962270654,3.490660900239619,-0.48656716836970604,-2.6690524791902357,0.12969301975108682,1.6776304102667243,-5.796066810269481,0.6932984621642209,2.1749247426056013,-2.1625426580699956,-3.984592358030762,2.8844407764735793,2.8260588000845623,-1.1605166868302752,-2.0178788529027862,-0.43205610912126824,-4.640244625436393,-2.8655282170983267,3.3985025674323053,-0.6140281195446596,1.1729863851836113,2.0523494401505635,1.183931388784469
512,-0.16728747433746424,1.897910888110064,1.5834611770605658,6.955158580398558,6.98395494159151,5.852325942134355,-0.5571080127064469,4.271139228602993,3.7340561549291396,-5.295642778057797,-2.6069749605181114,-4.48148782982455,6.276990483743142,-2.203862527876726,-2.039153965122514,-3.5799360090138697,-1.7673683777107647,0.7301127566705723,5.648866885713577,-3.2600296438128007,1.830410599741787,2.4053021598136226,-2.94239150622502,-2.0348656381322936,1.420211725964285,-3.5364507048059224,0.7659614879598232,0.8730364642324244,-0.7695746483671387,3.2632658211796275,-0.6240175804747377,-0.39308509392046626,3.393733676719778,-1.3427214700510355,2.831454656022555,3.515000094925227,1.893382577398082,7.890216551701457,-3.2467797174177733,-0.512317596828881,1.8701801051390148,-0.707505339884604,1.2450769840514322,-1.6624118454922954,6.275039119456531,-0.7041010266402108,-6.692840449296809,7.454077428000153,-2.334761683474844,-1.0810221291753819,-1.4554642489111438,6.1248712027792145,-3.904576881905605,2.5637630097552826,-0.9975802913355594,1.3490143432663286,1.8202352526435877,4.71551007170096,3.860779860757208,2.901742640595365,-3.732596468478145
513,-0.9917698892636995,3.753632047993106,-0.7625968053424085,-0.6184621604746507,-0.4865811105411638,2.740669550486676,0.8067972683265037,4.832063818738269,0.1795167892580713,-3.546853124282619,0.7096153744875942,-2.078973093960738,1.116428162422464,1.0794738782463038,-1.427421179722203,0.8607850504874838,-1.7827183998020983,0.1937408999100073,4.129115772942076,1.8796252977108945,2.296579264722426,1.316402274853059,-4.381958019515533,2.0436391757181513,5.541380175610406,-2.4745887349609332,-2.4855743778557504,2.5440960482680355,-0.452654733321619,1.6177771318971852,-2.740527262481605,-2.272851009135141,2.5841747273702635,1.7134925378618704,-2.0759211987805655,-0.06318596998647508,-1.0447246376220067,1.4642084158443995,-3.2677231597336602,0.781149842221011,2.0094662641484073,-0.4867917110887638,1.0731578492590674,-3.104203578015351,1.6063617792369513,-0.6897173108531998,-5.3715094471352245,1.0509887929532955,-0.2768647690047749,0.6101848072199987,-0.23378719481986537,-3.1856341423880172,-2.8279486227833295,4.331553167065064,-2.2289925724204718,-0.842771957287376,0.947175818191319,6.015763550189959,1.7905232220444105,2.693094777613886,-4.950737994891573
514,-1.0064202185716045,4.036694398077953,-3.905339377248013,5.739878349523961,-3.386300529601482,-2.8081920435215046,-3.7831130880984127,-3.1689257951705443,-0.36539098688689853,1.8465257718334094,-1.6280427359844614,-1.6703648937176583,-5.525119504128409,-1.8216442554443206,-2.2336425047905757,-3.432893509404147,3.6146567176453392,-4.412723783015919,2.4452243964681286,-6.603503769880307,-0.26721629582684314,-2.4960885470304848,7.191403511207618,-3.4383468252837623,-6.043762018164453,2.920302040018513,3.047550202393359,-5.960734845009213,0.8477888130139969,-3.2114083327677982,-0.4345455653880539,0.40991499932127295,-0.6065710890725595,-1.6093309104289197,6.959426677654276,-4.151406932344785,-3.6211198748879734,-3.9429198326895314,4.399902683009629,-1.6288877882102477,-1.9591538738235112,-0.8144644535876574,-2.174374342346472,-4.223855134661379,6.669003780155393,3.1419664838372876,-1.6896279175383664,-0.15936014999542392,3.336891505278766,-3.620675723516624,-9.763030157043108,3.9453020949978654,2.33542176917302,-3.36233534988616,5.260086636798631,1.3286232484726634,-7.0321561492744245,2.918846747156124,-5.0943554271142455,-3.4201690094334083,0.8173050540401485
515,-1.8759667451464783,4.84493449597995,-2.049695062721105,-2.6266923558402238,-6.039214002231072,2.559068808831322,4.0544624308532295,3.6680410976780524,1.9644001465090044,-2.255570105135728,0.31735422958107173,-3.735708644427897,-4.73159372007001,-3.6272896763164835,-0.5552314405472676,1.5199889197281364,6.35018216381455,-3.1159386348540616,5.1500742013694945,0.25619282723964665,1.9921843099196126,-0.4816795063207049,0.8862471388889606,4.506906322419804,1.1529071389981034,-3.1614468616598903,-0.8215005256156322,-4.65556006725232,-3.339658221912536,-0.2061142302612355,-0.6367468026780885,-3.5066799952742183,0.11440092325663714,-0.9872839988785032,3.0110910779569444,1.259163238648426,-5.949972624844677,-4.2294377766372575,1.7140979216795722,0.5910217127823518,2.5021501346191815,-1.8237787569272759,-0.6288760652604797,-7.439801518682969,1.3244471945785632,0.03419074335355243,-6.315188508814815,-0.8197483444618578,-3.3022323370093885,-2.027413712279702,-7.22948068818996,-3.789879123585268,-2.983545247887145,0.12706668110005895,0.10416369709025508,-7.136417569970102,-3.4747784063220304,6.823218709180752,-3.525340339021345,-2.046035306476048,-6.296525997595398
516,-0.6529907317584609,-2.585209538468426,-0.7138358865191512,-4.031788037447853,-0.31402241524295593,0.07917958542660508,2.2397929437748814,0.20384060581401564,0.0391608048509014,1.1521542049845899,0.2099444114124862,0.49805770805968175,-0.5605873679452645,0.21189278590250085,0.25454937335194955,2.520758102360639,0.3994002840030527,-0.4445474076217627,-0.31194200563567837,3.3731129681310756,-1.1612088093426918,-0.5596612964334939,-1.2304485800353038,1.899870359850652,0.6887370755707103,0.43827120197193725,-0.7330121162036721,0.5133488337657656,-1.9957274912602694,-0.9678357933830007,0.598950241200375,-2.04191528269664,-0.9352728871760567,0.20787511432495348,-0.04186347596563278,0.532216258874309,-0.1507357953285963,-0.12070247872738718,2.5785127793798064,-0.4705322963032047,0.8878262377312365,0.6089729134767098,0.16352016678813583,-0.028500605032496212,-3.6454580406567993,-1.063790280182589,0.8023833316019287,-0.6512708857002985,-1.6274766148944073,0.5233726221280978,0.7193493397961179,-3.218293932549945,-0.40709585616101,0.2832777295281016,-1.2960239373485523,-2.6574905615375117,0.4342734626542192,-2.1102565691374857,-0.8742583323807818,0.6482987975269242,-0.5558923014469577
517,-5.13046137471258,-2.555869131357061,-2.3636540334157106,-5.951818823397593,2.2971055244813217,3.2784762369333236,1.2989483223932938,1.626363811124055,0.6278101712537849,1.454309395027912,-1.413866306711445,2.3360177274386045,-0.3525523914372597,2.6844418270243056,1.1085370849662155,0.7986702711272351,-3.6484075690697164,-2.2399001015173026,1.9730434280157882,3.1607101426807303,0.8152932070035924,3.950791885369609,-1.4158314337267486,-1.0873413164543344,1.3363453912952497,1.6732691478459254,-0.9907066502130242,0.43551257127686577,-2.0341538850735867,1.1751600073658541,3.2320751395258727,-3.2326488837365845,-0.9309290072822769,-3.033370288345671,2.5016052995644227,1.1277926659218032,1.6928542701500313,1.0820660373047244,-1.5367616631174188,-2.0296016085786657,-2.978971915606704,0.8685062042913945,-2.2089869791773475,0.47676400170607114,-4.543606317116711,-1.0008071142108868,-0.01655029960337684,6.299360724528666,1.8885727373782988,2.3762292505447697,-0.8389644939765203,-2.2331829417221294,1.3615125002360067,3.5053525102938616,-0.7714794466604212,-2.530482483800044,0.9156494077281722,-2.854266845109319,3.818196924162935,4.3046054580045405,-4.724812708795851
518,2.0262332329916144,2.142502644893419,0.8635559265189976,4.426428645761303,1.823938721627577,-2.6040636396473813,-5.911949002095997,-4.754902974958953,0.3914526502818718,1.3763775372826441,-0.7767932468578517,3.7060921932013806,-0.7538757492578552,-0.6613971722411243,0.7155543739569195,-5.102583467304498,-1.0051030687035862,-2.362245039905472,-3.832833909334532,-9.233329056771975,-0.04413625324880199,2.4566636628064846,6.472462376750761,-4.666411941865186,-4.142178674273834,2.1191904079651436,4.234351437311854,-1.6385368671980254,1.451701967482296,0.3558693165382287,2.8125200430876447,4.7867195658314525,1.9041771977845845,-1.7422747821302413,2.718738825268516,-1.3510187282411332,-1.1924469442203285,-1.2317311492022454,-1.7066626598349628,1.2690628052293291,-6.451005625350114,-2.2435221597969424,-3.3963366164043527,2.852806493274505,0.7898786338356172,5.776063699606011,4.906759199059168,-3.2886608536871087,4.451723374935284,-1.1736104002279288,-4.378165563638555,6.0375817093082915,3.268170487374529,-4.461008158095478,2.0599912563445173,5.006353532440677,-3.110610985343595,-2.802243837680111,-1.7021004945528264,-0.7266435014264906,4.088007070698304
519,0.04313622428711916,-2.9573453201446998,3.8541372841755193,-2.1017534435182466,1.8794557536308183,1.7607901347699502,1.6839867557745152,-0.1672344508828486,0.617492052187758,-0.08961808580060125,0.5503889441636762,2.053385898864211,4.170101924617098,0.9954845537799081,2.678330836131608,0.5861884968649612,-2.622785062864897,3.3299123645021615,-3.0956388900980234,2.0190142550932277,1.1277153507765638,2.1063604517190027,-1.8373281816844047,0.3954582268139118,2.639933182599008,-0.5033768767755438,-1.8325100480028096,2.512969263751293,0.7044817422076928,2.8406026646242806,2.830967402442149,0.6206210269296868,-0.1471541746588635,-0.08616820152552146,-2.675342691277525,2.4076069489505065,3.665777440343286,2.38539705444203,-4.220331922164498,1.381652010580374,-0.6317778209798632,0.2226549579403725,0.36818998447262097,3.651831643259338,-4.049656336883307,-1.6342174525767839,3.2425209639676607,1.7808668592594492,-0.3285935444968693,3.7031484694208263,5.5443544368026405,-0.4889729679878553,0.6739878102092096,1.0024826576729724,-1.9932895338479044,-0.8307441365822099,4.828969171289452,-4.297784641378411,3.0876666442649925,1.725935160627676,0.674376283105018
520,-1.226992529055392,-0.8142974094279549,3.646277351396664,2.317796064795166,-1.3698039766213814,3.716418140922192,2.9810153797522236,-1.851767825550729,3.054244454544191,-0.65932127720875,-0.47676494327445473,-1.3877386301794508,0.4643954695233451,-3.3429223393565963,2.9066226105809094,-2.475070952008688,4.431446150451434,-0.09856397510601927,-0.08610448069863741,-3.4708991293104607,2.9248249411846157,1.3080563194682242,5.535005426030964,-1.1800661233596574,-2.7963714097940744,-0.32835334384018916,1.5321794471537111,-4.99294527323542,0.21014993120442924,3.1796356697415393,4.710330370257951,0.2345635613764901,-3.489392579220233,-4.568242327479673,4.038404659167794,3.031806734877978,0.48514065999994793,-1.6604869279285268,-1.0150111760042277,1.553927694995749,-1.4556330308576786,-1.8086803971750864,-2.723302570574449,-1.410012263508711,0.9049138185500103,0.15222490174118614,-0.9525758457129726,1.7925513994469535,0.5325865408251517,0.8636153495017002,-3.7186427514526135,2.1348735745621856,2.3424725309890815,-2.989184642000093,2.5977697448879056,-4.408037267912362,0.39062185124031107,-0.44912955119444087,0.020759266423053563,-1.3967048101290485,-0.8048985467003639
521,4.077821323365451,-1.3852132222744,-1.5335042386316053,5.182229381712036,5.451941866864994,-1.870831080600759,-5.2770761840609115,-2.478180762646102,0.9206684727086366,1.098333600014591,-0.663632655970007,1.6895097980634404,0.847105047057074,-0.5707941038052063,-1.467575951623102,-4.936115737755574,-4.760230303222536,0.47274742271241854,-1.637837029899466,-6.45435532227127,-2.624863340488872,0.3915579965919577,2.573273327860279,-5.286057597471702,-3.0395396429907935,1.664139737158535,3.3186695046018837,0.1318341205823301,2.4621979472074584,-1.748961418340211,1.5920436880088582,3.2785792227777604,4.132062168263945,-1.0427221507774715,3.3417933597543263,-0.46223099589191835,1.172627237137853,2.777649784389091,-0.5933434192750746,-1.4689661144636004,-3.5350755798238658,0.3390295031229447,-1.04613070255242,4.026584602601643,3.553000489977194,1.560821944915582,4.312822970988579,4.595026057898757,0.5611723539187982,-2.1427516968644844,0.15378918698772281,8.569379426526968,1.00100110043823,-2.5879974753753228,0.8104664155751399,5.312705069138694,-1.4249481696811643,-2.1081225205000136,1.6209661414867527,0.2897784044399942,5.26961742295096
522,0.9820878562692756,0.7439814948083411,3.7864151744782384,2.5505435113933497,0.4078807205265711,-0.07592930544257426,1.1386072717902758,-1.4806078308771575,0.5335921345269037,-2.5905856953544033,-0.34679671324124084,0.8819293483233828,2.3496138729643925,-2.3529602993675818,0.5845134067413555,1.0858544130340082,5.2069888246888585,-0.28375834057246807,-1.0288994668923,-2.0313937297065445,1.9772688525225135,0.47884854548543965,1.121110052130076,3.022017444097996,-1.2363895846161845,-0.5721885372579048,1.4660898607351636,-0.8660615943325933,-3.0941966712742923,0.2250072017656527,-0.9199287821939293,1.4751949035400131,-1.8243819177393719,1.2130624686579106,-0.4209912739935925,0.11174875297631104,-2.070813329992738,-0.22666058523394728,3.0942605587665932,2.050448813627924,0.48290002167783697,-1.8842454747172572,0.8995182772416217,0.32222998024719696,0.32304797467712754,2.8714672659521026,-0.17450052325053783,-8.181215052871488,-2.614395548742835,-0.7015637469984315,-2.009559375684498,0.21091916393304735,-0.5412023150500019,-1.6103827590627744,0.9315409949623592,1.3895441478251103,-0.9063285556125561,0.8881829964954897,-5.979629724676645,-0.5464954894855549,3.707090236153269
523,0.7536553639272389,-0.8767940082065874,5.153483679037198,4.991687130302396,3.4623803853459787,0.5848386582333316,-0.93500597506699,-0.494292068442816,-0.7211224727584216,-1.7784209038289258,-1.1511950059489342,-0.002347661355876232,5.782439674405088,0.5110065764517306,0.4922158023395648,-1.3696180636459752,-1.1338550191261298,2.3322301593432577,-1.3192681455485904,-1.4447837870214326,2.050460317078644,0.5673730176254336,-1.4742052366115233,-1.6067257268642658,0.15561975221262248,-0.3384655128236359,0.33078834227729953,3.245727608681582,1.3689034802810292,2.079209694863807,-0.8663513756285588,2.054580187969566,0.21880613116030329,0.8206827608177433,-2.5551551540537285,0.1641865820845111,2.8038170498571855,3.782572053017971,-2.6246458647918693,1.7908832598233144,-0.2797839930754286,-0.2372630952460213,0.4850896696709037,2.665813260621669,1.220579257355065,1.090055577899638,-0.06559252794258488,-1.2253199739532687,0.6546917356132145,1.0369176778172962,2.798592026506418,1.9417540326607845,0.2862373482020846,0.7074870932316585,-0.4144379757363118,4.037972244360782,3.010472121242321,-0.8693268896971503,1.1559547077148316,1.8820857734823189,3.1309977077090863
524,-5.113371586813723,-1.179733805719992,4.1940761701184055,2.830920579644232,5.492890923020458,1.1631267846616247,-4.854626404202715,-0.11728444881748923,-3.3359982356573354,0.14453634605545024,-2.8140619830432287,3.524448709842385,5.658857795820583,6.103680056396494,0.6947247833705228,0.8762002601904993,-7.016201387766347,0.67704469916943,-1.1077618146966532,1.4624876133515556,4.213592609554887,4.008876181222603,-2.3168680610232135,-4.657078784740854,2.6626112762865635,2.600669847995459,0.20171512903252387,6.849664548095814,1.118446691636762,2.788078049836622,-1.759002213632308,0.9547094059662861,-0.7188644138529933,-0.09239960543381309,-4.468872200397267,-1.921019887477917,6.386116528722365,5.084656411965027,-7.146081985276608,0.4159312770802198,-4.512045519129467,0.9960480979794383,-1.8171308526815213,5.4027282057594554,-1.45313070752788,2.2835036710335044,0.6058615902863758,-0.9891132708063728,8.226588572392942,4.457408548992673,4.463410573784552,-1.3996769158770093,3.0404896556736234,4.807229859418938,0.4913070982471734,7.830664585147693,3.1252177709142455,-2.926757442791423,3.267563065704696,7.685336739491023,-0.14484931582671234
525,1.4207647349079955,-1.6757458316941376,0.2501535480597835,-0.1895625792379764,-2.2214817711131762,-4.688537453204934,-2.7329987362033497,-2.3205713971605535,-4.560469360253939,3.633352219821185,1.785747021604792,1.814554065161006,-1.8528742865160417,3.6165206257333633,0.7442406990086199,-0.48949665558895883,-3.7873946558340874,2.8287382580134994,-4.144767312447303,1.3374780154522032,-2.109062478581948,-2.791022082449652,1.5329490127073448,-2.358253809746467,-1.1206532193189491,2.663522348942403,-1.2190905914481969,2.6563217464594864,5.571474615936948,-2.0135073511053685,-1.368088260040252,1.9079903875825432,-0.3367370145113816,1.5956382339704769,-4.74353925796909,-3.1100787622398514,2.949020836196228,-2.57745450886229,-1.2795417743392594,-0.5950405656969389,-1.5700765243834796,1.3756658405469007,0.19283538236937475,3.639511859418229,-1.5976008249400198,-1.4833748135184663,4.025517736574391,-0.15101859476571206,4.615473449022661,1.5721857024953403,6.246476913814578,-1.285504981835655,4.267262723721396,-0.237923528166908,0.6422508027702833,2.5215045682970985,1.770708184659364,-4.587638977690537,1.8166239701047104,-2.568655738232549,2.486306366865714
526,3.7898287351369078,-0.3678752538668265,-1.262944043236535,5.5229550647907155,0.5144070213450758,0.1100289499039253,0.4210686350671843,0.6552896856017613,0.7737623696984168,-0.8081051895103306,0.983067242715598,-6.281586044852576,0.7073426287803319,-2.0736333260090825,-1.5234990147469143,-3.5374055663591126,0.3817561702284129,3.8762378814184775,1.5887009085905892,-1.4140472003351148,-3.514221475758508,-5.201029336644827,0.1250031708138688,-1.7871455505414375,-2.997174599051966,-0.219572274472812,0.010234052388020498,-2.81447582785839,4.803657522211639,-2.092610559304973,-1.2408721002514063,0.777925060310274,0.3230064512469111,0.1774428858832587,1.889685319720921,1.2144869005980201,3.317565598226365,1.2338822189684588,2.67468679749225,-2.5797354394278567,4.492425766861659,2.5131034288529808,2.6630185518220504,-1.1637406238669554,6.882625700166788,-4.7798399827666715,-2.2829572743593105,8.176898449139134,-2.6296177078611818,-2.6960933092353363,2.207655085718012,5.2246757278601805,-0.981917537319251,-1.50667472084711,1.4944481295116023,-1.5870718109155533,0.8944424668231321,1.5305545941363525,2.790154817016312,-4.880708085575931,1.4448772476388658
527,-0.7746967944061888,1.0878962878068283,-1.3183713357931437,-0.8684196512229196,4.483316342060453,3.7812661976424926,1.629571322483715,4.701484518408962,3.1961635092881022,-5.0436561790147225,-2.1376221940983857,-0.8591534793957165,4.137748420157334,-2.292315043908026,-3.6422995280319928,3.1273990251730504,1.4896508146611211,-2.1783884257311015,5.923572046182495,1.418213329895355,1.1125862882882342,2.0940933944500966,-6.2579176319526155,4.231988042120441,2.757802481315794,-3.4910587330562,-0.07959989928664275,0.5952561155700038,-7.738970697859997,-0.3546607412193449,-2.7559053791017636,-2.28947443248652,3.20837688635772,1.5465513733809142,1.3076654869681525,2.2074087940518874,-4.047493274803311,5.363124381473095,3.5374276425670614,-0.718090208424467,2.8190461641108087,-0.971676956804183,2.134286307338172,-2.843806906085557,0.4546688466141128,1.718470533278017,-4.992992354667073,-2.281851112259858,-5.894088959375869,-2.145677610796157,-3.5860573244220357,0.22869706790240074,-7.539256081037724,2.489453877331382,-2.57677292782595,0.9735456430403665,-1.3501156310314582,5.467172891452243,-2.006200625619431,3.812518429345544,-2.3251921096286097
528,-5.323810388250423,0.6199976257945929,-0.26800542168604846,1.6592067253077374,7.282537125230341,4.328807789277227,-2.194057275335557,3.0736199797823223,1.8376012483319693,-2.5400211066365697,-3.1978496304842894,0.6557675583834175,4.360745304367465,1.7793233729058782,-2.277632496332661,0.8625670073103613,-3.8017353087668155,-3.2701035974543773,5.318688761764103,0.428692800891998,3.043852163450709,4.959744510820222,-4.323092022385916,-0.9024251543945121,3.2243803736535512,-1.0241733127136041,0.6580745927016243,2.93529313486472,-4.379626118103351,2.0319731434244614,-1.2960177681569787,-2.065799949147572,1.9963661486366986,-1.6248351552570257,1.620829782737369,1.138825054719483,0.20010199783161858,5.964046048692627,-2.247904995098875,-0.8255924451878723,-1.9287107897242697,-1.067061148190814,-1.3474214144759047,-0.10676428104812576,0.7290622809085012,2.134598598297206,-3.944449651200694,1.2982942749907969,1.7365401763006272,1.1703522938342803,-2.791414692356788,0.465575359631135,-3.0232233853221233,3.9623451552624065,-0.8984144893259718,3.9171301835533043,-0.7626013000174833,2.4010220149041492,1.2637101792777716,8.194119601298874,-4.926594375232291
529,-0.590361026947482,-3.3345000306724346,-7.829311590829438,-5.589552651170315,-1.2638374975861382,-3.7284167384062346,-0.46685519156365624,-0.8789076657443173,-2.346036008217445,5.572382295060105,0.6400840704736481,1.0633894533028463,-6.239148317562329,2.6062681450896767,-1.8135807095813214,2.8683952324741147,-1.9747259261608754,-1.7738615331319358,0.3305193679452299,4.884725102197709,-5.684730529465528,-2.9750362835068493,-1.08886479263928,-0.456062911000075,-2.531385837092161,3.180379118483638,-0.8828611312278802,-0.5047378525325391,-0.15178675022443427,-6.927723836739766,-1.873360238292362,-2.456981980041001,0.36578574342220643,1.202248782351639,1.086342889372708,-3.0492392506494754,-0.06428702252977964,-1.9619965894371982,7.198344118703102,-4.3765863459368735,0.8024574950697436,3.500552693099514,0.39527526997558243,1.0620975810535587,-2.6774237049801832,-2.5041018999732025,3.5635842883675015,3.187045689469743,0.02343951733101647,-1.944429654059757,0.44613784594556505,-2.2352812275894536,1.2396261583468384,0.14140982867314594,1.032831190246,-0.9975197311953289,-2.8898649034984962,-3.1215642733290943,0.21756519656074305,-1.5431917635110686,-1.3304706587578274
530,0.32862811946637277,1.893941190473931,-4.6517255715866765,2.7204578077222847,-3.7767932876453787,-3.8939067340486972,-2.7666872991543916,-1.8136095655738536,-1.2564479595624802,2.6112475117415106,-0.11151304135139983,-1.511158971976588,-6.510070392544784,-0.7935782524878228,-2.5582979009010556,-1.499857133912923,2.7652596250312045,-3.5971648095698665,1.1551661832376046,-3.850187033312774,-2.8452223421629146,-3.633644929585687,4.828979116097264,-2.0638481267378124,-5.417457086749955,2.8860148776926944,2.865618797502317,-4.66289892216653,1.636068317123033,-4.432195748522,-1.4529277235966382,1.1849893893892487,-0.7838913419078588,0.04835435374675501,4.184613805829986,-3.5710153564558915,-3.1507208653481604,-4.5171475914042585,5.982285828894767,-2.167014390947881,-0.4629025525150974,0.904484715579675,-0.4761870611738988,-2.3040237947068496,4.175992475834266,0.5475974767725975,-0.31406523187241114,-1.2888416588504803,1.2881129936318023,-3.944408754600973,-6.084421194670515,2.3478880412372893,1.0713469295939289,-3.3643958598077686,3.718030642915154,0.13612140065989742,-5.595345272625553,0.7954326273069097,-3.704948526030477,-4.516227249251174,-1.3692442880211044
531,-3.221072859851269,0.4351700817800035,4.920433617293398,1.9096793681584552,-0.7446169716791587,4.430800588094699,4.253452953129375,0.29801282345268476,1.5569009989511635,-2.0350119820764787,-1.2481159002212174,-3.0676799038624822,2.3761121731923462,-2.354393632465583,1.53771853751566,0.10399656885656028,6.667822032452686,-0.5217176771414622,1.5037587939076598,0.3364690955699017,4.171099733722287,0.48186899800912286,1.4115249267705146,1.9582507234638291,-1.3610599227232487,-1.3343733845456012,0.5332751077488309,-3.2960310211695156,-1.585359054368897,3.5552571692200274,1.977216768860926,-1.1937086813801514,-4.704539161150755,-2.7632790786001786,2.09046604754425,2.5607623605266667,0.7452048859089039,-0.9845724202953097,0.8746148249877504,1.2211004202905755,1.5457409142048797,-1.6380388089503495,-0.8844117238969105,-4.067609787481394,1.1112845064405619,-0.9909365840207937,-5.699758706707265,-0.8499083846312855,-0.781588523085341,0.4007305346835753,-2.701705357921665,-1.910470273150774,0.02944191389212636,-0.2861371736966816,1.8974402608678682,-4.085893585109477,0.5858843730129785,2.434384118410879,-1.6908571988140932,-0.15262134204978944,-1.972895666406273
532,-0.17956655412990288,-1.4209348770496386,3.7048867002136436,2.663031401617441,4.905106574794785,-1.388835262005284,-2.4929118146345157,-1.6225172068068676,-1.9369601810389945,-1.5455888959996242,-1.97433174741396,3.7828591124590196,5.685812965433135,2.288602181238784,-1.006891999005645,4.065699856217537,0.04106412256323264,-0.9936199255250041,-2.2958875447923175,1.10594841042924,0.6871930675651359,1.4206612714234859,-3.1002754661728087,0.8376494827213419,0.4145611650421512,0.1845833619400915,1.3525309586204808,5.201838137586908,-4.753007386444348,-1.060902705516516,-3.985289125204499,1.5686046302353442,-1.2201770056726233,3.1262632094938754,-3.467795043796446,-1.0603483917612266,0.8899007807012883,4.02632969051318,2.0423744035992843,1.605107810903323,-1.2819757960262899,-0.4056660974753118,1.6007892292476478,3.597161637978572,-2.076711958534161,3.9799195472228575,2.0010436607699997,-9.948162923090987,0.6676303406101758,0.9291354492813313,1.483016920124752,-1.4164999244744383,-0.4910158357390094,0.7924920399348869,0.22506306431459683,7.235899176331606,0.1807300711570738,-2.0471493058443886,-4.578319044121389,4.062778444561911,7.495423315112543
533,-3.349520518791483,-1.4186729949107175,-10.836527043499833,-9.208964883783052,-2.981156314262873,-0.5309272044102059,1.975537529849276,2.7702348871947007,-0.8347723991898094,3.891923777646392,0.40133152946768125,-0.6437952434275793,-8.385910768713707,0.8646056134019853,-2.6933866813944207,2.5451327508241666,-1.0139525899402608,-3.790884367327898,4.737107495109021,5.821782259155962,-4.705529764503741,-2.108117910305511,-1.916359962985165,1.084432723093206,-0.9549578797472611,2.1088557146901317,-1.6999338274387907,-2.495327577330781,-1.7997852348048407,-6.0199843382425975,-0.17133248125686235,-5.383386529752381,1.6253723361816073,-1.3895161966479301,4.0700858115992,-1.8515366367873132,-2.9954805384373953,-3.163476417933412,5.928625924416341,-4.984970134384019,1.349778831931642,2.812671390663286,-0.6868472193423854,-4.16036742531019,-2.093897778121091,-3.620631032574271,-0.9020538844026152,7.7228140559852,-0.900526964789341,-2.327905502196243,-3.4355587309142233,-3.8201450973258853,-0.8119684581783424,2.458540889477685,0.41013810563435044,-5.830353493974907,-3.643656692757703,1.4030922251343403,1.1861444923247184,-0.30285542752835687,-4.7668780065903045
534,1.1103467132257487,0.8185298211787874,2.2737436650063043,3.2196520338317627,-3.2959897943045346,2.631076020343754,3.939857034818099,-0.014144677702855935,2.17616648701831,-1.543874943717605,1.1018592907133204,-4.718308765770562,-0.07847160021056715,-4.267370754325153,0.6506230934124506,-1.9620665464122182,4.611312097920928,1.3256015192165906,1.6928722449295583,-2.34849846732179,1.4799708869096186,-1.7632866304666917,2.0985118602031125,1.0817491218008168,-1.1130073944460215,-2.0977633391066974,0.37985399025117617,-4.442693035937759,1.5705164659586912,2.1791383736008973,1.3733898127499076,0.4807807722687144,-2.163047660390704,-1.386858450138262,2.6233847981681264,1.7769277959681533,0.09327618790280456,-1.426083678548071,0.5203360421455104,0.1658973621701051,3.2694418612743297,-0.700040789815854,1.1695148448496973,-3.6410205869944425,3.9955927315335185,-2.2382801140052466,-3.5952191300098026,2.6829678457214308,-2.922308618327868,-1.1909019505174696,-1.6627464822210063,1.3576721748021463,-0.8062047036920112,-2.1140877027026725,1.1482106715154081,-4.702881454963284,0.7035928504888921,2.646574986207569,-0.002202273641039712,-3.7415633183274486,-2.5583951886744702
535,-4.001181933049092,2.4302926320686415,0.718770476552707,2.522855287505421,-2.7083580410389283,-1.7237858486933386,-2.06436798647956,-0.8916855168333309,-3.126569852690043,1.726793500889685,-0.7389879969076836,-0.3169989140466746,-1.9352433560129918,2.9775925979550952,-0.7170771108876275,0.7865437659948021,0.32536023523507485,-2.585511457269943,0.63039423147907,-0.010454252967316502,2.452706847137281,-0.8203829314538326,2.619061285726239,-2.1654696720985616,-1.030710285201556,2.0424892363196965,0.9080663078463456,0.44368402925654976,0.8968770311018937,-0.03847654682097301,-2.1798528077206725,-0.5785532298993252,-3.1130497576648715,-0.5096441971613804,-0.04537130067281553,-4.051605894536399,0.96573419391722,-2.8937181216109304,-0.5644337826095425,0.5237295648735101,-1.9035134831014167,0.3119275778520279,-1.9643410408179225,-1.169542661625373,2.1451474813984643,1.2978188867367988,-1.9720133249825835,-3.5067094832636023,6.551474433718602,1.213644241537934,-2.6812020845735214,-3.2976090282022286,3.13698100045289,1.841436632741131,2.8873160245868896,1.7775348197086676,-1.5228151749679253,0.44845454273242563,-1.8233945655030195,0.7741795610695681,-3.7179098554133425
536,-1.8710952102291325,-0.06344392560275083,-1.882205807458267,-3.135463808660134,-1.1596291102312495,-3.858962940661733,-3.1617161460766665,-3.046614246281051,-2.0425767493949105,3.5808109805758668,0.054068873648794424,4.91854879634104,-3.811979590365949,2.560899275041808,0.31159693586224096,1.9531168350706305,-1.0133799655293525,-4.513517226625408,-1.957094408945287,-0.7900543624615817,-0.25622714835689436,2.0538438644835395,3.1173881952128966,-0.28545259158630937,-0.8017174848143074,2.904157270357278,1.1934072039893442,0.6907812636290747,-1.8649751779654373,-1.4507485124431194,0.3491391134367202,-0.04602657040559849,-1.0981264544342597,-0.4783421313102315,0.15228284932532746,-3.0138855318312947,-2.6100125894893256,-2.2948461732556718,0.8748160460845846,-0.025391819910598523,-5.346592706291025,-0.5608994083947226,-2.5570813233862992,1.7692036449790134,-4.095404708730475,4.201086920144864,4.863905903478185,-6.609650812407256,3.5070616538849237,0.32009772283801885,-2.7831634219602073,-3.0878316830892643,2.6397441894012763,-0.7414059707777398,1.4078220280969944,2.616713026414586,-3.721269885368339,-2.7627133165769235,-4.029775632568109,1.4820750808143537,1.1222187321719244
537,-7.120049516368933,-2.0361989167170367,-3.4519056212647454,-7.188570884484881,-4.398220861225828,1.3095898988358186,1.974248638662933,2.0678069104232573,-2.230373680601171,3.2518317999003554,-0.4937584948252961,-0.8447728783737016,-3.959589530249935,3.7318021711206586,0.9429705888747762,2.947794313756127,-0.6102138894064707,-1.4837213650739889,2.924009719659539,6.9561783610683285,0.3514589206746208,-0.8245196966116467,-1.4932568899503977,0.6979036034632344,1.0400866374112718,2.266309123991512,-2.459115945962837,-0.23891881893279437,-0.622884291236863,-0.8636328715606592,0.15401027066420875,-4.191276509345083,-3.469396481019842,-1.5883386150724021,0.729409369859479,-1.3602507024498642,1.2307031875133045,-3.522047126635105,0.4788516348597285,-2.523510123994647,0.1301404092738842,1.1546027336632914,-1.0219138521319582,-2.1891646448046957,-3.4998495379672407,-3.424191340214595,-1.8078701076025097,3.09750696739255,3.2279784805789014,2.366365022859008,-0.25521654685736206,-7.293780251156603,2.1895773763659134,4.234361945643223,0.5664836689952932,-4.661073130461903,0.4679019688001893,-0.24885690388023984,1.7095221819612625,1.8757757564493311,-4.626781844610873
538,3.446829166906077,0.1947293980284725,3.0270262123706337,3.8494317709659063,0.7430916119052803,-1.8802104005768512,-0.33902537287432527,-1.0993929196484227,-0.715981751452767,-2.5809395796805275,0.7715068221721524,-0.044020149138132625,2.7761390144297198,-1.4938330800607331,-1.2731276923869805,1.004425763231152,3.2302351602571444,1.2116744460652549,-1.5206015785777334,-0.8659099687866734,-0.09930760650125092,-1.7809771712140003,-1.1066545247137993,2.4007546509305207,-0.05151121888485988,-1.274874411785751,0.42973905956325487,0.8521908553229889,-1.7651108980820673,-1.644788318523171,-3.3973678274870083,2.2752656124804966,-0.6697667418827171,3.51974572712193,-2.194422017065792,-1.2552550575767278,-1.012693715714989,1.7335701678715902,3.464852767906264,1.3593641974784267,1.726214562133214,0.2715082685045841,2.712856059164437,1.465158443925934,1.5278711333749933,2.2301145088950842,0.06315347472530838,-7.774121989064349,-3.1163791425816623,-1.4258129253420833,1.6418438257811463,0.4949021195404202,-1.95354745914349,-1.6808839195097078,0.654817476075645,3.9146220763516446,-0.817005459024347,0.8026733185726639,-4.776713757596372,-1.4855789056716915,5.035804813117821
539,1.1619951396527368,-3.9029208558451245,2.1331842613866385,0.015541954334867852,1.053952980693263,-0.22789927697018586,0.42024410865191014,-4.183316522769722,1.004729127403975,1.554019219578305,-0.8481223020272719,2.8488591576268143,1.4072115649808525,-1.1318387712231486,2.4748975238161304,-0.18596441641450556,2.253832363756888,-1.1874377173894177,-3.4813667314558985,-1.4882477672579546,-0.12790768919128062,1.4273804444183562,3.9449894399744627,-0.6969882830777193,-3.7224782995450694,1.5010779476449123,1.7481886251327843,-1.6484740895273207,-1.715366855142205,1.4538206546125052,3.8957561322285064,2.249368080569143,-2.9367175426762513,-2.747057807361029,1.5655330174137703,1.6013545797361726,0.8772132964267902,0.042431315637162514,0.9995414414999868,0.3714173303306278,-3.2341190464851826,-0.8922363834347903,-1.4926924272188244,3.536816743792446,-2.8399248687509386,1.2972612637332974,5.028121646815342,-2.4482965286650153,-0.35128403314024637,0.8090678510056135,-0.3226122858450531,1.6321220477893157,2.288716653366225,-2.9828582070189382,1.7412786270117462,0.2883559831132221,0.2887752841315818,-4.799429210957318,-1.749352944261907,0.19728551691460303,3.036923801332661
540,-0.5461242187029713,-1.1690075533627333,-2.6154101275058945,-7.981840915686992,-3.227562857146789,0.7265774371419871,3.4029741914326825,3.0101479511325366,-0.7682572387184964,1.110627033833824,2.923691117145969,0.052342983541612875,-2.0049988013068707,2.4495310785530857,1.5634928876355338,2.733906771174089,-3.960465936217258,3.0454837001746187,0.35204489162645286,7.205348596877333,-1.2824266701600135,-0.9738674727631367,-4.968057646817952,2.709903947031339,5.28283754137485,-1.390480773230572,-4.461657829916423,3.121174608981478,2.104752755523647,0.14718799430120033,-0.11706263229217002,-2.7634788129882977,1.2298030292077229,1.9557296161003426,-4.043832425383688,0.7516118816406071,1.4606349806831733,-1.1172993800395314,-3.3794144436273696,-0.4866541635294242,2.4525578793013874,1.513354603677026,1.5673859458465569,-0.4781074912890209,-4.49272766026503,-4.586173360709062,0.07229076535744686,4.905757256259743,-0.2768574488376839,2.8021704568999053,5.4420867681370355,-5.969933398441354,-0.42105039578164116,3.835230123452133,-3.342660200568591,-5.088874676328053,3.5647748386845195,0.16031603222152552,5.117691216455524,-0.041114102787284224,-4.069270464543543
541,-1.5827030079995674,1.554657103818653,0.7506668839097451,-0.04643435764836608,-1.9924051185563403,-0.9153466899215601,0.9734013352443763,0.8574165777209839,-1.8347511779721448,-0.7045900177583877,0.5272181492047465,-0.7959402512695019,0.5530557467765043,1.9881370994276368,-0.3809281240737356,2.5706685846066177,0.6063599553934849,0.2615594829223288,0.9587414414218416,2.94628740602646,1.5803535730723717,-0.218668944543003,-1.7087762706713123,1.3128169545705435,2.6067289954547266,-0.22179402227252493,-1.5841828428846694,2.111686720065879,-0.477653088220627,0.36012444309511904,-3.3310954314494317,-0.6414665921370795,-1.0321486836649,1.8821712714681824,-3.5524459187035275,-1.8097611442098933,0.22920652217419468,-0.33171308498371077,-1.3427381329870505,1.5035918103785815,0.9647529462689227,0.42152744984513324,0.7813478980871842,-0.8530878782639248,0.5109539873753651,-0.38168322211568084,-3.242258885769283,-3.848422038988625,1.5120230459351793,1.7712747224791114,1.568760481088147,-3.7568098121578677,-0.257791361041207,2.2759398422457306,-0.28635185740038666,0.8719336704138687,1.344903534704239,2.472869758437686,-0.7740851733837713,0.9126699697497845,2.3569049893565115
542,-3.2757478217607603,-0.30930011683565267,-0.5100269394619591,-2.622587300167213,-0.41153608296587685,2.234317989167666,1.7196177511235367,1.5564565806254715,0.46627345446651386,0.2352086885242583,-0.9123913144978764,-0.7779987896748186,0.13799902447554535,0.7017795268754248,0.03906125595893662,1.445432214527088,-0.3422851400438722,-1.4044936960871648,2.8008560547723187,2.8224805423317454,2.0751788976226067,0.9770729034729997,-0.3566495159660096,0.4363766315300588,1.146753806009286,0.16557681418205458,-0.5453794629409057,-0.4799983059557822,-1.1579733445434253,1.1749812659469627,0.745630303066761,-2.7058887890928207,-1.613577596550069,-2.1006982494160176,1.2581480468800188,0.03339019274782323,0.40815187546784437,-0.1954541559518136,-0.8244972704926915,-0.5645122616851411,-0.3847227764908203,0.4350968519767079,-0.8416379812286372,-2.5737256843048195,-0.9501184408261016,-1.3098197524192652,-3.1614382900139386,2.0917494502284737,1.1596916104212127,1.4063649796889528,-0.761624452544441,-2.940051361324125,-0.14233000814014865,2.8975820489890323,0.0791869506932977,-2.949161208957185,-0.01718885022042932,1.6915971077785237,1.323483859390356,2.223451583166244,-3.725689652569829
543,-4.443293317779908,0.36320668494102426,-8.123267108126088,-7.727322843423497,-0.8001088395729082,1.2740343986961378,-1.3762903308973011,3.7374648860194024,-0.386430482304041,2.9146997313868277,-0.4854915798593882,-0.011153750953749375,-5.637422226545812,3.81887776010707,-0.6092652305082142,0.22857220691302738,-6.942771433631206,-2.699942258170992,4.627958516014325,3.748315163597868,-2.1181687329624457,0.9101272291586842,-1.1496449756646139,-3.0841603411987935,2.0012455678106305,2.1823954235634857,-1.2557473593615545,0.5692396771008535,1.631625302610832,-1.2525178679385243,1.1576464936053255,-4.368612834085058,2.692163227934491,-2.3006733067047698,2.5852445167112803,-0.64354074570936,1.2896996354435175,-0.5289392673067953,-2.8712185150326257,-4.19373633608821,-1.8882519777893734,2.026106238904819,-2.9329088913212935,-1.2483491938102163,-2.515009089337236,-2.241336903716497,-0.6228177433031182,11.024182162127348,3.2085335619389563,1.293092884078518,-0.7449844356800888,-1.8790872544005859,0.9613785641188719,4.696536197628485,-1.0449434479419426,-3.348517224687121,-1.073425803706557,-0.28182287535357364,6.638011538568506,2.875165950938579,-7.321330531556864
544,3.2736319895353425,2.3519646721670333,-6.382775459549454,-9.717344236797544,-6.752635152531208,2.2490838748893904,5.421046490388798,3.1818752155543684,4.639340404337179,0.4045609612788045,3.183043685847727,0.25792445675879644,-7.316078869918439,-5.064213235400422,2.0101633179133733,-1.7469142740432355,2.6890753569070105,-1.2383498233037138,1.6665022359882244,-0.7623368394511778,-2.7649166709342565,0.23200692657588218,2.304035515247707,4.058074425228738,0.7174263271871697,-2.867883720121894,-0.6370148006763018,-6.029160005425893,-0.5806997073179452,0.9196067892452924,5.463752596797768,-2.1956951957054454,3.962992958121,-2.102089277995064,3.736807340878873,3.4135471552375556,-7.291554210787288,-6.499525523351743,-0.9554726192955849,-0.12888195513498005,1.2632871287891927,-1.8424687351704414,-0.980144494476196,-5.49373784072954,-3.879878091333225,-2.733656631753014,1.1224631466533286,5.640195567890366,-7.166847638188122,-2.2641357744578197,-4.469725188463762,-0.9945262884904753,-2.8257934579152546,-2.9824346491613047,-3.7070961325110505,-11.028062819297727,-2.816507051805485,3.2480847585947377,1.2747712448020008,-4.263152836321178,-5.382768868283031
545,-2.415554900147057,0.6629005976197768,-0.9115243966287985,-0.9265226517930336,2.1330844819523813,-0.9632301661699791,-3.980494054834414,0.4396941497787905,-2.5825111331422486,1.3977116072888731,-0.9600009836328015,3.3474934755099874,-0.72159772558985,4.581341995117414,-0.6325670358269281,0.7583944443123857,-5.486690581585487,-2.3655704479361908,-0.2678646329372728,-0.27048245960442957,0.4072084519094863,2.7929727489309997,-0.9629169227920588,-2.059473612997784,2.7752878844427737,1.2803749216106892,-0.11009409301400208,4.0253899873183405,-1.097315915196265,0.1674912126984654,-1.2030748809553686,-0.44895490674854754,2.301534343223,-0.13759291864773482,-1.7445090175473326,-1.8465482313349861,0.29089232589461467,1.3141778090700866,-2.8667520027730338,0.13583922440104243,-3.9693609518741275,0.05597102076657518,-1.6853015646868192,2.614912134629468,-2.3094292664746403,2.884099150740274,1.993366753674154,-2.0506203959963516,4.8402642638013464,1.7775230595934979,0.29796230248132216,-1.6640114808301663,0.4660768130522355,2.358921717176093,-0.15281310455342761,4.472363176909428,-0.4048955917183639,-0.9047156837412447,0.3885569002157614,4.123174265756906,-1.2870227308791886
546,-0.3520364674683862,-4.825313109331357,2.7822479112719263,1.5412477802485536,1.3880966508181747,-4.264724483735817,-3.3669098854680986,-3.1715382859290258,-5.246202955327247,3.7959228169062573,-0.1379697907501011,2.582310611821831,2.318506691554857,5.8133733219825645,-0.12210374441343123,2.742527639871635,-3.6203315256237723,2.4023751901477683,-4.827291597927811,4.833447116194752,-1.4844125506523111,-2.4837754923379487,-2.3780245992299864,-2.356444875584069,-0.5513059127976128,3.4270638912316547,-0.9257954435035725,5.303815425884411,2.6939660648887727,-1.9550042710251074,-3.35285261954439,1.2176978063133481,-3.244246902986787,2.270705381776635,-5.754783263730827,-4.152328899650545,5.717540404216236,1.145582344742106,1.75865756567557,-0.5602927792013448,-0.39756967183797026,3.43102388678602,1.1517350821586514,6.192364102360844,-2.948945143448484,-0.7756547436796425,3.73889427590462,-4.406361383910249,5.7498827280308,2.4006376759735604,7.588817434553102,-2.364165618495027,4.280928351085019,1.3991742788426116,1.748824272984327,6.023537020627917,3.3192461994407383,-6.334284770518945,0.17959821060687953,0.2627483893985594,8.008313058650543
547,-0.25957448321094867,1.8026897919885245,2.559262325249088,2.5829562111993756,-6.4386805391525845,0.9045207404266584,1.6031018590675556,-1.761450471781,0.6373004383363335,0.8431388471645617,1.3200275397025354,-4.138833821415678,-2.653108247450002,-3.1818284832991415,3.3342292203617085,-4.89334927557653,3.626324861091013,1.6512006983837502,-1.4229910164202608,-4.475367781425947,2.5404477452808596,-2.5697160103667462,7.298500266856286,-1.9436203249484996,-3.0819464942622785,-0.11965169264942183,0.28609582103081965,-6.190374140487817,5.700631572781735,3.792525487869733,4.576067742856399,1.202334772833034,-3.2625742287603794,-3.760868855686797,3.3027138720603544,1.7617262408322425,0.5851510605804081,-5.496775087263749,-3.8361025217113065,1.3417376842265356,0.016065471811248812,-1.3085345916840898,-1.948981258508133,-3.4717157141990893,3.8866240641454617,-1.0622622852980723,-1.8632589528650674,4.324040541274668,2.097011155518387,0.33308686545912713,-2.4246972741214114,1.9195078195734905,4.051887772596407,-3.3573080962138424,2.460483713239817,-5.698495834723361,0.3908532006935415,1.1873224827924327,1.5105968217578556,-5.956605762197462,-3.951507593228036
548,-0.1828862848288238,0.7598880496708618,-7.573699305866516,-10.980082916572592,-7.733190538757995,-1.6619758918474297,3.7078535778215245,3.488968898674509,-1.1168302345001404,2.8930678221767194,3.1604136245784473,0.22767897335373732,-7.529903039914924,0.3678745164394912,0.13436247774261614,3.508729796704812,-0.1194507544617919,-0.4401661405006768,0.7480714694556381,6.478418257760317,-3.8534707810590603,-2.063208808933553,-2.3226595226836033,4.926543010441692,2.6770369453073704,-0.6005505769603807,-3.398444561405786,-0.2672073338693303,0.1857776053769537,-3.478748813366007,-0.5495001635919174,-3.628867944883903,1.5238848257249114,1.5433603643985996,-1.772280220642849,-0.7714847771417837,-3.9819260106890044,-5.485366211697192,2.309720760191801,-1.342907524740748,2.589538753092227,1.064586114600235,0.9913459687143213,-2.687390560220901,-4.927619250034082,-3.5502109671404702,1.0692907083417065,0.9913816052332877,-3.2317448314941073,-0.10745097881717292,1.1252423356169468,-6.584585609736999,-1.225882260571511,1.2183627100170527,-2.3820223911890532,-6.6332650384834695,-0.8931916630895322,1.3632689392825836,0.5634467295972938,-3.1053722744353642,-3.0745551823566255
549,3.164374792440645,3.181069937481249,-1.5742976609698203,-3.5722105533217503,-3.9538898902191435,-0.3503432394409966,2.2866808662854843,2.44377191917928,0.8289239832424438,-1.9532574975167944,2.726946205893513,-0.3331708844679427,-1.968750425815124,-2.0162491023561544,0.2128744484976197,0.8023473796039797,0.3180259561747769,1.345197867339514,0.6168965650460007,0.3191774711066534,-0.5489092049052617,-0.19032105508148756,-1.2507855992189463,4.095510970159867,3.6698087097681125,-3.0457879270576096,-1.5928379394901322,-0.15179466064480776,-0.5001030830079461,0.38217740976722164,-0.6192741683649038,-0.3210048187875847,3.398335128831066,2.188934418102338,-1.8928147868778074,0.5041928849293014,-4.421184554782958,-1.6886406075040565,-1.9799857532507419,1.745893398189571,2.8214034712362994,-1.508512084870862,0.961856967016967,-2.913220816980334,-0.6729553325618568,0.0999251415982792,-0.3714453507738428,-1.6054760109302058,-4.015422729146263,-1.2906388551446057,0.1996117122787573,-1.8759711829224928,-2.8773872879920237,-0.463594566831008,-3.030989648717632,-3.2659236487504497,-0.13177012581223405,3.4612072636209197,-0.6341420640206642,-2.242303885967077,-1.90292073606465
550,5.593605050057811,-0.2457830641511435,-0.618236778004823,1.0876570029220518,4.770557057904092,1.6006778953335286,0.6541426458407582,1.5125339253413668,4.4114781516735295,-4.103067090874289,0.3229586524323579,0.6199106806168039,3.905117455422541,-4.175316965230008,-1.2980235363025658,-1.1953727342569938,0.5931048390873346,0.9111476719295135,0.016445362871845948,-2.1358952001677083,-1.8126570736492498,1.5230661367172842,-2.816409473151424,2.5306330634692844,1.125840605356104,-3.974590675829675,1.1360770025282785,0.4711101765932422,-2.951442842324387,-0.38831101025930337,0.4006057148728523,0.9933868269327513,4.740221993691638,1.1156095062659033,1.1332715611751423,3.135645593287156,-2.8039703015176496,4.275794252307083,1.3723469350453703,-0.11696182419358958,1.9488061419999176,-1.2752161768761838,2.581294110671785,0.33132070898579113,0.8677648068016541,1.5536246665833076,0.9295787361694344,0.21253064256158358,-8.630794100121268,-2.88863993468538,0.05784017569221321,4.9472688572371855,-5.937900061057092,-1.7882593985203339,-3.0138346768891244,0.6829297477736017,0.042087912232376734,1.5841609186978505,-0.9275257181028282,0.2994205291989939,3.1231751543520883
551,-2.820087392903827,-0.35228771977931705,2.7787977968828597,7.376148324023084,2.559978740261827,-2.106549913526394,-3.9050832332119185,-1.5363692232652322,-4.557366003324133,0.09586374355502131,-1.7731488583891988,-1.9051494628146726,3.001627502832349,4.041100988105143,-2.2796762323835704,0.42352642084646286,-1.4229002205143293,1.5996853681366274,0.34700635869543844,0.8635423807808735,1.3902752954073614,-1.5241470182892285,-1.5016198090451056,-3.804945132419316,-0.589624178165843,1.9814463686619732,-0.3874906723065915,4.234483417127784,2.7309259720034804,-1.21128982532845,-5.416094523985285,1.0681172448423544,-2.077997340023143,2.410349098631834,-2.9410088250333,-3.373705343962364,5.098610282128475,2.352848993348962,-0.14066323330144442,-0.8518598471507264,0.5529152699756861,2.3805960170574347,1.0132143339258504,1.543684761096247,3.9494701934000203,-0.7601881872368716,-2.715939510570198,-1.9437356255692089,6.450077978155193,0.3913035749904227,2.5418557014323264,-0.8605137878762492,2.5277312305392816,2.2360876885830594,3.0170051615846787,6.586376436948864,1.302599734362376,-0.40376043984554716,0.08509173862411784,0.6095422311642171,3.3366221698190235
552,-2.536837961584472,-1.628837987208685,-0.64532941623826,3.230440764849038,5.960934017447654,-0.7926840316212483,-3.680612828522688,-0.5433906121510729,-1.6871085206109495,0.7880225979311518,-2.4468302928471157,2.1858774447243516,2.224838148570799,3.20729789858468,-3.098499176366921,0.9229358043567424,-2.635848600858477,-1.8629968848139464,1.3155916174423454,0.7910812622552643,-0.13666063487590963,1.4929386286672444,-2.1935532264254585,-2.7597172096176403,-1.2457101821892145,2.4781385253853325,1.087959466245716,2.4853796382029993,-2.429260612989292,-2.0337851426284304,-1.903940719875763,-0.26417843901309285,-0.08462027713598955,-0.24250352390249358,0.8000681961448218,-1.2809098077420806,2.1187425984905803,4.56277472522073,3.0284038084054936,-1.873957411472307,-2.167340916838402,1.4670388686439755,0.15620458529790002,2.7526004523775676,0.9185062836874104,1.9724907677332018,0.09035789646415604,-1.2094700481908267,2.4337785452689964,-0.8227796521916069,-0.491068108207523,1.498373967994879,-0.035734387316950916,2.205799817652613,1.534048529192718,6.377674660409067,-1.0919855043213618,-1.8190506284419534,-1.261268010140144,3.668661855088512,0.8962962419962932
553,0.517157042663965,-1.1395724428144232,-4.8367840483812055,-4.931854644833714,2.9639281430175797,3.1649399603757855,1.4137755631322597,6.0696634257716395,2.551801999246016,-1.2618725304709937,1.2973811026507245,-1.4785800301158618,0.9598165393061984,0.9938386075854981,-0.8191852291893141,0.2983689629140357,-6.402997421347694,2.249759267159853,4.0847151250586835,4.04592286696356,-2.816502995987482,1.7538214805826324,-6.290367469818342,0.5101493577450467,4.945655791855155,-1.6898138579617947,-2.753835908697457,2.9515831029653814,0.2185968986697348,0.4392949930474718,0.05804618495979958,-3.4495501438450558,6.370729608961102,-0.2701315141544308,-0.7217204664712199,2.9768443089354992,0.944645582263989,5.0897100812045855,-3.1477713711726496,-2.377734928902895,2.367226487053259,0.7336693482640094,1.6082607505434448,-1.0437910615753083,-1.3471765514291805,-3.871991536038387,-2.0153525025260937,10.615520253400653,-3.945291346163318,0.24252081668031755,3.458671636196284,0.9602320536022046,-4.277326823774549,4.061123149364034,-4.538725931031955,-2.397972890570776,2.7362995214290526,2.3406780704527086,7.82810578973267,2.8405095342029254,-3.807794866605353
554,3.4430739477222003,0.26921810732209417,5.519884110107531,7.14454407723755,-0.1983923123920704,2.3672045707299825,2.409710411390015,-2.640458719014227,2.5355688921087864,-1.8251617548175931,0.32891682186879084,-3.7930849995650187,3.121920777275556,-4.384337690894181,2.2584623386385037,-5.411322780428135,4.068941750697886,3.0760029579549095,-2.379896970783416,-5.868121764230796,1.9785756740127305,-1.399542716884731,4.585463247689927,-2.56491399289479,-3.454667479702834,-1.560232273788238,1.21182475317607,-4.259415855389711,3.756560240788102,3.416218608221905,3.879459407482836,2.561094081856056,-2.7598125477726834,-2.460061466728077,2.9071672928936474,3.859357779753739,2.8310160762176793,-0.20220535705124856,-2.1459122646018827,1.375261546778716,0.6661549894466543,-1.4144123232901855,0.47506443474721194,-0.14092709162658645,5.204411897940278,-0.8648609054145967,-0.7134900391612793,2.746695515602745,-1.0126772814743525,-0.8974001962773367,-0.5756173872592938,5.894726026181108,2.0574390052615326,-3.4687099752329016,2.07991242386203,-2.6456366954253907,1.4892085173798804,0.2665324454095064,0.7280319252562271,-3.992692979696014,-0.5548811323678984
555,2.6638028404450558,-0.31320019715986996,6.1714191199598725,1.0419119533800003,-0.9286324332694428,-0.013484997236866969,0.9813752603082156,-1.567711218154352,-0.9581232040160887,-1.3479838372162165,1.8665231303681071,0.7109312237261125,3.0501597081092573,-0.24426839661297214,3.0423469865405504,-1.2403281870854859,-0.069083693633332,4.167496773409149,-4.646574938136046,-1.3695835197297872,2.1420216820773774,0.43185750443817533,0.7025016666846341,0.7914317345272681,2.6577962245142976,-1.9293981278049,-1.2687368416788545,2.4921472050127145,3.219039694442805,3.8081635459873397,0.8768546782285584,2.5277812546831613,-0.7902613729556052,1.5636048828712217,-4.798985747582342,1.137481852355544,2.1875283669054153,-0.23359499656387822,-5.4750291445377295,2.519233651399727,0.6630641796760075,-0.8586037929230992,0.6581786083859009,2.4503258099897907,-1.5284524746120316,-0.6949380688806834,2.0849455355869644,-2.7598355654522484,0.26207629418391154,2.279789514690247,5.83154543751704,-0.06749615577563517,1.668144241904314,-0.5216247086508354,-1.5995345761646442,0.4243406232997333,4.37817628586928,-1.3491910077505456,1.6925342242918868,-1.3014226167385572,4.913359123940269
556,-5.990238780810604,0.7524603829116103,7.857154866184236,7.231077509452488,-0.9535270769921196,-0.34116197539729903,-1.1228441318216849,-1.1065735926705793,-4.572677231566316,-2.158813525843979,-2.564542655281677,-0.6144003089768151,4.988525833605187,3.5045959111199028,0.14353992511853808,4.081210789450592,4.188786785976196,-0.510371812536351,0.11218670748220935,2.33067594589746,6.064121865277895,-0.9571437612939053,-1.0795615673416,0.1229168765697368,0.07788544918704515,0.4650517373453156,0.17197410800226037,2.461240181870505,-1.3751517503642003,1.3517337016938797,-5.732524217394986,-0.09953644407813023,-7.359439025789355,1.2280636947509282,-3.5424477439291655,-3.2386297642879933,3.6167991459994617,1.182314337172536,0.3649491568398556,2.779417406459416,-0.35088167835334216,-0.16646562650459454,-0.29930031307574306,-0.227771613182565,2.6983128410492916,2.3595574007126765,-6.0093602432317565,-10.574539525657089,6.412904207939203,2.795696650033713,-0.6362077776153758,-4.968932865491423,2.9583353158542574,2.9986109390600624,3.287795242139254,5.089222814231397,1.2972588135371537,1.2158887789060904,-5.109962383022559,3.4292116352130204,3.0115464524252546
557,0.9586957985273232,-3.6810188089246805,0.5575732713085172,-0.47563106212256023,2.802642875529897,0.7592540542276102,2.215067361380361,-0.282721002095692,1.021980172263739,-1.1725942473841993,-0.34701980117698467,0.33957641784727743,2.677078003771684,-1.8867723417313764,-0.7728108073225821,2.2522040068966342,2.4442954435667574,-0.32909676039208136,0.06296197803440617,2.4700447691719982,-2.0453415659626857,-0.2928528962677075,-2.404791365011644,2.8720806429073793,-0.7719962158696265,-1.237867161672238,0.19267135717980932,0.04267573523600995,-3.955484523036482,-1.3085597346757811,-0.613673038686286,-0.81440802702439,-0.2796674858569464,1.048070070942247,0.6191730175241927,1.1922896470767599,-0.8554362623958991,3.129841743300573,5.815141741722493,-0.15234883032606966,2.0502705662750413,-0.1665444792205199,1.9165563712469107,0.5891316022314572,-1.7251351789954992,0.252898924467496,0.3152666420514801,-2.7881057441265926,-5.04907894382496,-1.6965479323622517,0.958501112029321,0.39175826881041786,-2.607166398568003,-0.587271568937434,-0.4880418899757979,-0.1715773905242148,0.16749635713066535,-0.37974266236549453,-2.8038211536077737,0.64473083835465,1.6409989383736818
558,-4.315269767669458,0.7607025386309378,-0.5884159689782473,-4.3581446289187,-0.04859788979283053,4.504907517296904,3.828348466764522,5.794374253339326,1.322073404359268,-3.430274176354816,-1.5086286500861172,-1.6963402459665122,1.7976126538906583,-0.774317151963003,-1.618886123221263,3.9000213711690446,1.3219615041171795,-1.125212640067254,5.985325191208585,5.808866519721717,1.597585820047015,1.754690537530537,-6.801083365364686,3.9063742893482063,4.233693939398166,-2.2687895371616333,-1.8473436473453313,1.568491653623043,-4.6792483336939465,1.1636712249291572,-1.8906197252762555,-5.127698709335644,0.29585253056385485,-0.10785105686529695,0.07977073399684015,1.5986033523298901,-0.9876093365159094,3.055151097260468,0.7575567444218816,-0.9385030455974028,3.7655166309057044,-0.21193805022298506,1.1749275650063318,-4.408395511573218,-1.3393075410571964,-2.2196222179379763,-6.654874736570979,1.555867901038802,-2.8878442920327845,0.8560493053809121,-1.1017782873831128,-4.5849484748365095,-4.116206573451475,5.3369976980362335,-2.16810145448064,-3.4208531798741992,0.6481458369932246,4.756255755037248,0.5647613262144063,4.087317133431637,-6.875797840255924
559,2.1989527315086512,-0.24175500309352788,2.4276206927269617,2.3902600882569454,-1.1787666679731286,-2.5670016143243575,-0.32584710129063915,-2.9062436180741833,-0.14191261227808805,-0.35803620801944447,0.48199625942344826,1.181964773412703,0.11158354887268251,-1.1854224391753536,0.463889167973547,-0.19374071464128312,3.2857862457348412,0.3303525208816816,-3.3988027876782967,-2.0403091386290315,0.02484320327382164,-0.304425795080281,2.9925163008050717,0.022835262481229024,-2.3686325661766943,0.42015856812324887,1.1381220734202726,-0.9609806153965741,0.3602512273271893,-0.4952451849148406,0.42548743650670495,2.7836813042382134,-1.1799251324573563,1.0499074251163927,-0.5440461844043991,-0.8991677047410684,-0.6259196802199499,-1.4274534231870983,1.0132408400426272,1.2053301080394967,0.02107938077035204,-0.7695558417831392,0.2668346918511842,1.2196754490500987,0.33454050423076487,1.9090161049762646,1.8992831677718465,-5.349686900423951,-0.048173321960854776,-1.058224135354084,-0.6689880229797334,1.101664485965561,0.7777104534074267,-2.939424492396061,1.1696462144095048,1.6271168463101002,-0.7141591176455258,-1.1994219926716185,-2.9007207938415984,-2.880208817702369,5.225938163868637
560,8.610085732420895,-3.100356199114575,-2.5842299398331043,2.417545749646488,3.4009896331952887,-5.241963448743415,-2.182416042100302,-1.1338185443738313,-1.429646136017759,0.557111262272004,2.8350690875256794,0.8935578019945722,1.0978804727411509,0.14413477797304086,-1.6158331409445936,-1.8198940592096053,-4.179291788311717,5.308245527210108,-4.2600366736071935,0.19955285506541132,-6.614183564418277,-4.597969150637498,-3.0983920735720925,-1.1922681709806229,-0.2616002799255438,-0.3560158379039947,-0.8311266898958329,3.3012369614402144,3.9693276683505525,-4.470080534954582,-2.7268250689018183,3.6294723411670495,4.5130160490845155,4.663581639368424,-4.436037367230293,-0.5198083211929114,2.1632420160525574,3.0988764766784747,2.1611818807098855,-2.0057816315537886,3.3300744012742998,3.0871874419008885,4.636708566485497,5.358937926459716,1.9251653950288359,-2.7501448579064824,5.088329575831659,2.0056535314406547,-4.541067495780934,-2.860971322232201,8.2217378698748,4.90550206976303,-1.6349984762046346,-1.9778093410133375,-1.791826382152703,4.804852338308519,1.955438230726405,-2.8794850781485066,2.279211781778326,-4.1262858069678305,9.109169445208057
561,2.0369416878829876,-0.9051035277951675,-5.551279196324503,-4.132457001691716,3.1313789350171306,0.5899631598666615,0.880503050741297,3.670270898829501,3.5800948735033504,-1.1905218907472035,0.7801457913507126,1.0878136236764075,-0.6142409320928786,-1.8525689884464738,-2.3598142851902084,0.6902283266557512,-1.3938476235812776,-0.7212667019436055,2.9747275065300944,1.0692733235577407,-3.686294993543486,0.3677697085327043,-4.192672884601975,2.3435539221207615,1.6974112814537068,-1.5097034234524929,-0.08582859734769788,0.4294186695929546,-3.771771881888444,-2.3034749992733916,-0.05263962684452944,-2.2721906405328456,4.746496049902416,0.3222533463791507,1.303738127929434,1.5839014622507972,-3.937737775234788,2.999976575293259,3.2031649457614813,-1.9764326311440334,1.1101958507790686,0.910320999216574,1.9633459413894383,-0.39094791284019126,-1.4964680110562074,-0.8288894906610549,0.9827392765984841,3.3376938555704783,-6.64303758204332,-2.759325579560311,-0.24825162759576172,1.8582258576530566,-5.408723316845106,-0.053203439014792686,-2.9902852007014986,-1.033059524237597,-1.4281475584584942,1.407052684723421,0.6367172244933914,0.600086798619565,-2.989180657350693
562,0.9816043841393278,-1.5457781457630908,3.745490796452813,2.5429421211741445,-1.808387671550117,-3.064652967144336,1.6607940306281717,-1.4029175462057606,-3.4492297867575203,-0.9508543940884298,1.0271505861424972,-0.7782433824328788,2.471616477994986,0.8939486532750083,-0.6321525917071349,4.371448184572362,4.58860182745955,2.248395268911575,-2.9024018437950705,4.459999433524485,-1.05320095346046,-4.49393008054745,-2.5823207890719515,3.759014695163838,-0.3992119325409371,0.28243203490957247,-1.3276467723810188,1.9213419033349164,-0.6409383846949785,-2.8530529208343385,-4.78638465662985,0.6076198488586464,-4.110960083759563,4.782396079091665,-4.718840697665606,-1.7462678865836252,0.5847325211912,-0.2590933573538019,5.681595548301437,1.291792455460258,3.4218447889716255,1.5510241438266354,3.3463177209659727,0.26268105196587077,-0.014068062124229126,-1.3012272388937456,-0.5702346439050611,-9.1474971955765,-1.4466948379135742,-0.36300851151083946,4.099132376674399,-4.214641963292073,-0.1679273330918451,-0.18215456556017484,1.3521772702563115,1.6340314089978398,0.8063798706122671,-0.7340340810862834,-4.777196303357199,-1.997324091777966,2.7282159635946237
563,0.4306601884553587,6.000555728213441,-2.7586204567465122,6.810144219045041,6.755803142514052,0.4230486539553616,-10.158941816480382,1.5542299915176234,0.9468084128273667,-2.0710218764130026,-1.7345630338262612,1.1760497658889855,1.0570308540399247,1.2340943342158743,-1.5451788178316108,-8.08402328219353,-9.351933821670364,-0.779847432495432,2.490011246590659,-10.515661071769582,2.4013439973704993,5.06317006438069,2.2363330992464125,-7.645056430961773,1.4211934831726194,0.05496207054704736,3.213718057501046,2.7324078781413594,3.3489750020664397,2.6124820466793808,0.5331173057852708,2.830286870496489,9.160890496674243,-2.1800951035717664,2.0305906383378014,-0.5357441514170198,-0.006303811817570393,4.776208025750143,-9.648728292526602,-0.14717461093334416,-6.081608078577352,-1.6179144593807022,-3.3241640762131177,1.4340945043039195,5.731550045680084,5.543703136731857,0.8854675207032237,5.571651859462127,4.843877257558329,-1.0515580513221785,-4.094546481857553,8.669494898441519,-0.017455528446458313,0.1212708560806336,0.09381662462150753,8.016349679713258,-2.2659712734486606,3.0654663076828053,4.627842556268671,5.015751078635584,-0.8857598523976129
564,1.3946028248291502,-2.892170576750889,4.04981596179783,3.835574184523295,3.0802703923005157,0.26442198404780065,-1.0007905380346038,-3.5507258207138257,-0.22402198030707984,0.6220492462455063,-0.4102783490638994,1.385562024368491,3.667633695500843,0.23382904264145246,1.4009830883193084,-1.4300051846550514,-0.0982412823510676,1.419873692786094,-3.9220856770030603,-2.677424382298897,0.359298290830145,0.5036451599973892,2.6182879696964876,-1.7929782379274783,-2.1108682171211886,1.610587224617686,1.4152742505265097,-0.028450664318547814,0.6926917396402756,1.1868188853719897,1.277305926562713,2.5781148113087564,-2.212248712689018,-0.8806575575436639,0.13771257174813878,0.3537918556397237,2.3367017699840016,1.2117221392530975,0.08949256563423576,0.7296237924560238,-1.8371010538793444,0.08164677835440398,-0.3439274891174348,4.1867077976932,-0.6263457377214591,1.7628616733795168,3.055043132542578,-2.016099790824099,1.2260030304720098,0.9756865234413056,1.9832401661302164,2.0608095433086784,1.993295846525746,-1.904550392061556,1.2026260653618555,2.4099139805935095,1.4337143897672264,-4.120504854472814,-0.7608764908639459,0.039699394718544556,5.189714891794998
565,5.063853849525879,-0.6201755421260438,-0.7560206512504734,-2.402982128121958,-3.9252080763722756,-0.49416906451532383,3.482339996251519,0.675518047886485,-0.2877668751483912,0.026434637561915695,3.5638810650906554,-2.457769316093343,-0.6355269283074545,-1.5742625578837675,1.640153624224905,-1.251515102230898,-0.8796157674985605,6.057144927949302,-1.7284759285722853,1.2702943643930118,-3.389286644489113,-3.549994466127768,-0.4778494599539944,0.903517469471795,1.2954545180212116,-1.753005928698379,-2.6288800680812807,-0.6701720947476989,5.220163500052249,0.11445174610030728,1.311584944484923,0.43673448276836446,1.8553103820247774,1.2356984774270654,-2.6996822168836685,2.60398717821346,1.683642442720568,-1.9079229410752068,-2.504552540220464,-0.3651497499883123,4.154318775239861,1.0973799600205405,2.3209494682461216,-0.5514543030411282,0.6170897527174787,-6.11588081094647,0.6852586732766726,7.132657126959595,-4.172500038145704,-0.3494800960763164,6.5065535605022875,0.6777472080848591,-0.03030471868356091,-1.1536714824310115,-2.4747716505547843,-4.890237739614579,3.6767092911540957,-0.6118515735289696,5.458162906755892,-4.816094381684607,0.31320783246634853
566,1.045593328222379,0.9375732022287335,-0.8617769825355049,1.762667849197024,7.873042585713469,2.9317109047982792,-1.7317111324334062,1.82500608198059,3.7425553728594574,-2.615566389562338,-1.9530661168043633,2.064176346746931,4.237563719423218,-1.0464022146490446,-1.491316374598604,-2.6811951028894705,-3.7817108679645486,-1.580744506862903,1.7250835380475014,-3.8876097785172417,0.13592094093826657,5.141169736411173,-1.6247986290536833,-1.7492069139076056,1.152801139190329,-1.9851453481268666,2.3325197652556637,1.1617255236392279,-3.4601138773258957,2.74779950793229,1.5007524035815798,0.4425873068576609,5.465261679901164,-1.2630634017861957,2.951645860292195,3.3248311478523718,-2.08749914600163,6.742089039582185,-2.564742359653612,-0.1878628112255587,-2.576161989552204,-1.5112423040829455,-0.483274894466383,1.1750252903012126,0.6353578965377349,3.8001331353700523,0.8519534906073005,2.860422295059048,-2.6912751334497167,-1.162904058968992,-2.9095460674281113,5.753738318328249,-3.799975431237831,0.4991456733749444,-2.824320814156976,2.9411427788260225,-0.0999808297376989,1.1100267937355643,1.9231813564269564,5.221551351598153,-0.11491805572602515
567,-2.4736612883796645,-0.6806985314377394,4.403434765205218,4.600162563213119,-1.3545430948998594,-0.04369029119671164,-0.819262807500375,-2.4817311088263176,-3.7725605244395704,1.4504004139525613,-0.2247316200196358,-2.0938562498931987,1.659578675064562,2.6486056952932318,1.5433532132222085,-0.7436701770951044,0.07893864548314863,2.689468425649422,-2.2307881038769057,0.45375768100735947,2.7954981709739712,-1.804065854229579,1.012486341331916,-2.843598532757238,-1.7024963028637348,1.2911967034077003,0.06785623268260904,0.797392947665846,4.757439287622658,1.7670256545077545,-0.898276019331882,1.664768831506773,-5.4337431714800255,-0.5614315432923584,-1.8215399519289261,-1.532780003414748,5.518240755228856,-0.9628196617091835,-2.6424195589803983,0.7307658427695781,-0.14940197823295648,1.423674885582585,-0.6752959653577781,1.2195501756513247,1.7311087574236594,-1.0336006534686797,-1.5074939001724477,-0.006147836858088784,5.494836060090946,2.258997012493882,2.5929760246373927,-1.152279089625643,4.333033649480051,1.1093533582522497,2.6786609042187606,1.5605014499225351,2.673784847117608,-1.9396846538039947,0.6917154134708279,-0.26537048979510913,1.3404303914342068
568,1.9173244111075092,-1.8796286055913378,4.438992186822058,3.772550617408647,2.10102697933769,-2.32319442955255,-1.761332282884341,-4.087837563505579,-2.0566040394390854,0.4514030306436438,-0.5106957783842704,1.4745552113663187,3.958042071514405,0.9731043118873441,0.04092866681148,0.9807928389369265,0.5390172792726726,1.5490803322164857,-4.2836612201097894,-0.3091345490564612,0.08144062479395711,-1.2029065065045783,0.5618388565094681,-0.9659790122680489,-2.0260753956998308,0.8024502765453779,1.1756141603752324,2.1768385868386155,0.4956133316652721,-0.4754938455533898,-1.3529324384533203,2.267140188246669,-2.656843053244069,2.1810816592346853,-2.149819808673789,-1.3721447452798758,3.0493543599650734,0.8636277985428815,1.6765750265884127,1.3052830022744124,-0.501984536526673,0.5084713731380438,0.6699733316455379,4.380265135385443,-0.18991916328732286,0.9306418206406228,3.197842357228075,-5.989600063905753,1.3086937340903184,1.0009726882719656,3.298238663737203,0.43302067993151927,2.465092053422251,-1.119962866324235,1.708032667369809,4.25164532267083,1.2126938089733907,-3.2979828490171648,-1.7463672128772867,-0.48451942211438787,4.09160534451335
569,-1.4338566565440525,1.012577282505422,3.254836962864471,2.0668675680207667,1.694959873014677,3.047092129669111,-0.43769580730825397,0.7186905061518423,2.0066262307185254,-0.601726902998847,-1.0070738592223767,-0.8424013364220412,2.307558903588619,-0.15050018055691392,2.3867801288284554,-4.209939888576823,-2.9398868284924995,1.8172552374121937,0.7488135918274035,-3.207572076878888,3.321002263217465,3.2916653810294654,2.527491309665477,-3.994294231022425,0.5827933930367499,-0.6982353080246916,0.9800760005814704,0.14159750507894314,3.5348192188473364,5.110295682816527,3.883717658575707,0.7329039790064455,0.10849603719727516,-3.008407974131487,0.9819974558311954,2.333996304530565,2.875097392161317,1.2831285565176123,-7.708821657473307,1.0073120743775141,-2.5402812601002367,-1.2462238559906202,-2.317130380165484,0.3393807810569983,1.7381207359486777,-0.45870275533344146,-0.8357888115408816,6.178740460901795,2.7857163144019834,2.127524452244234,0.5441656068628832,3.0562785444595733,2.148545211601557,1.329723668311988,0.24693033463467767,-0.9740156920946633,2.951533531500044,-0.03091256523078327,4.435194298749031,1.846691054175202,-2.837723682560938
570,0.7944573665228565,1.2652094342717917,-6.736658065232214,-7.434328203932499,-2.6559039807016402,-3.262584799910695,-2.0303886107843416,2.82210378814656,-2.0215078205386354,2.705569818210494,2.1484256797698285,1.9970759251773105,-5.632645543701453,3.245350871708924,-0.7791795486839505,1.2026724267411872,-6.4285968775168865,-0.39374853873283033,0.6516764112689338,2.917714361927827,-2.9142772527427154,0.042956788644288285,-2.1610247539435994,-0.0713032184343958,3.506325030792372,0.6694357638401898,-1.928211876559115,2.0909782064458176,1.9779615971006614,-2.3050965975322164,-0.5131424129399124,-2.1571664660604224,5.367340105734757,1.2174631956423294,-2.8375367981971613,-2.2742279866861534,-1.2846447179889067,-2.2191384338658096,-2.179943565257136,-1.8897359606743824,-0.8825788094374919,1.5120195332833768,-0.43643811171801783,0.7260567636605704,-3.5856624061105897,-1.7538178279543388,2.363118792846644,3.8518303281485533,1.3553778545437754,0.7109905518901439,2.1359526349996893,-3.544591510043033,-0.5341823559261779,1.9319929139860514,-2.723775142427832,-0.9255009735248773,-0.8119458238494117,-0.20586042621405612,3.62463165384814,0.8116522137531172,-2.3447400170290162
571,0.5009787642531325,-3.293353277207043,1.9585798233389857,-1.1880019382654026,-1.451554189284839,-4.538370658133125,-1.0713519771165199,-3.145378555696012,-4.521450918726036,2.994103253170628,1.0631240299126214,2.2440205495601,0.3290817312047936,3.090215905821685,1.4111202667928053,2.906312473289986,-0.3310114336528703,2.54126049184155,-4.84442746441751,4.221197567993977,-1.5808952640031069,-2.1238954166204733,0.015936132032691175,0.38623261898171324,-0.96313193593652,1.979221411491815,-0.7476075470092258,3.007818981431009,1.8765088229025997,-2.6768461681589417,-2.207048497552724,1.2231530995535953,-3.9035294950678785,2.431645371299804,-4.607146971589384,-3.196706705305284,3.472098044162718,-1.7714974858633468,1.7199784388337696,0.15094247891499585,0.06134576892175994,2.242588335258154,0.5737397680995109,4.319413166507936,-3.0038019208391757,-1.203068681386202,3.9698634675229383,-5.742642918331753,2.793566838101525,1.6980788226657966,5.927626889943614,-3.7798307823425237,2.833077902279066,0.1731039180953987,0.7641529078801255,2.1400368498848072,1.9356149345698008,-4.972216040460886,-1.312476116266807,-2.200077109478496,4.288897941042285
572,1.3312458703157266,2.520606525206132,-1.8349024612898746,0.6277790647257394,-2.196479017045936,-3.4303388143945197,-3.0619388045521028,-0.09382868864649821,-2.088248466971757,0.8172441755015984,0.9342205159161299,0.12178180542933446,-2.4769916429151997,1.5878113137934537,-0.41622312053443306,-1.9218638999084359,-2.6234965762632827,0.7966262678694593,-0.6407294797555128,-1.7502282198109824,-0.9466150794550079,-1.5949747263590413,1.3933117329812574,-2.0362570314045145,0.3289243032312678,0.4610547748305703,-0.20643595922396069,1.2415899948717584,3.5397278657169724,-1.5902608508981027,-1.5799073808835535,0.7263612041985725,2.8654527014493625,1.5772491423636192,-2.2145561392346975,-2.2850257191333925,-0.432722555140855,-1.8593809682335878,-2.5947544308176247,-0.22889799151760143,-0.5168738772401125,0.7983145180609885,-0.08315160985377612,0.20870045348858737,1.98381484952589,0.8405638150419936,0.5522612273589942,-0.04655918671816289,2.82761191171637,0.10559518025722892,0.526298718493199,0.09922322659137739,1.0531829489450573,-0.2309575043124128,0.4458662892509756,1.5846619489334572,-1.1554162669561099,0.8769447941211007,1.3776133341025587,-1.2829061338722205,1.423400691481934
573,2.358337479559731,-0.19755053623868596,4.3993427941944265,3.0839571545523463,4.990328781613778,3.6322698180454376,0.5850705775656244,1.0788509883925406,3.9850937966999838,-4.429807514602453,-0.43395210700726583,1.5647407742526893,6.338819081243802,-2.76709353357359,1.4332707137184553,-2.703249449005516,-1.1383158314893211,1.0347350677588065,-1.3191394266291694,-3.8320384715876856,2.053440842450513,4.355200630174291,-1.5281989044145112,0.230629308110444,1.9858732164150523,-3.084650486526422,0.5676938193369993,1.8303567188676269,-1.8206108445122735,3.959959876373376,2.2134257573140874,1.874608845000526,2.3225779945553624,-0.4533033497477283,-0.2255236057223886,3.953413338955289,-0.23770269432484428,4.779505213630961,-4.737481815081515,2.6288689709778184,-0.6688457694171305,-2.258143299800401,0.10226975351341352,2.1176686947448515,0.06850787452483995,2.157985940155089,0.9710145280855953,0.12079845289713403,-3.3041276681253784,1.463232163501548,1.468870374061714,4.597149183100176,-2.6491992356794833,-0.16852256873143606,-2.5118661735410384,1.545200573685238,2.2794328481564476,0.7784502565995568,1.686210986274717,3.5229665202419076,1.9240759007408126
574,-1.5185733041579739,1.9309181096713592,2.110946127291131,-3.781320476723389,-1.8388553664711906,-1.4775521556008213,0.46699447113897263,1.6071342780157212,-2.91022847593026,-1.5078029370815653,1.1257163555369702,1.7125717943973282,0.9551852942150446,2.059411611429686,-0.28514893684615006,5.152802309351821,0.8197347076697055,-0.18402384265856653,-0.0351963610051359,4.841732290226254,2.0554792548327945,0.5388188309841158,-4.2889203086620045,4.521888309363432,4.8642286693217915,-1.2717798913642768,-2.33464059067925,4.111648019592024,-2.9083495181109047,0.2300893337041687,-4.422337346663159,-0.7503811672528345,-0.012349615166656835,3.3736114888588067,-6.080559296342011,-1.4327503136763826,-1.6530640512296304,-0.338872041623555,-0.6248904670816197,2.123128839975248,0.8417843370727571,-0.27257384652248356,1.774999558836901,-0.25710208129343903,-3.711962291605833,1.2524664204125195,-0.9685978906188256,-9.0077022337962,0.5367445300780221,2.3916709651501504,1.7487278412619853,-7.018400605496741,-1.9780767676594804,3.26580937582705,-1.4625774969232923,1.8864222626756255,0.20021708260169424,1.9728437092675482,-2.484697014002046,2.6658087506548833,1.222780139137612
575,-2.162617267527345,2.2380710017325676,5.0058219676286715,6.497109785571296,-0.8850748091746725,-2.786776959456469,-5.141038951930516,-2.2325290953381507,-6.385435882303119,0.2646756604241429,0.15769052959123597,-1.0669593960527313,2.7512523644949516,5.942539764674985,0.4450577847642492,-0.5791779116613534,-3.4966611366805886,3.8712292095143126,-3.0953789572212607,0.11124094915041571,3.7709737932405343,-0.6997719179135216,0.8437448618529333,-3.636297463121655,2.22708211676382,1.3579284347410974,-1.0127138249170353,5.425001742141618,6.93479862934899,2.3077015114894,-4.141517194355058,2.65182230859037,-2.664983737020468,2.46494560271739,-7.112035386796112,-3.900168807818414,5.933256766379336,-0.13928837667561317,-6.548510586980783,2.272202381663833,-0.5527831301683972,0.8315846521747314,0.19358504573621982,2.148086992596667,3.8581710486877134,0.5645354842007205,-1.2967773185996863,-3.9460243854524335,9.125607551392903,3.814491932672797,5.209120261905329,-2.2492044605271615,5.284615446684174,2.509489708636968,1.81615528509404,6.299344160822795,3.5543505427974362,-1.1525164835389106,1.5517071086119625,0.5101169013926918,1.5417825523220805
576,-8.924660683085527,1.0649866340812357,3.5665045307027663,-1.899192714080415,-0.24672427131013158,2.040016598675278,-0.8325258610590658,0.9313041089962673,-2.2430790684054926,0.10753037130001265,-3.2665776428324205,2.144051691442339,0.5831501064007436,4.133257120001738,-0.08004762840469107,3.958359253676911,0.6002218971364042,-4.072584526760725,1.9271038048392821,3.591579606255175,5.415323888955285,3.027342969280995,-0.9157549608404243,0.9273298420336862,1.6287530242862711,1.4893177986157073,0.6590786342790671,1.522448462230849,-4.1446628569477175,2.5007420594932865,-2.0966462545813664,-2.2612671393610517,-5.047225641607715,-1.0984103190666574,-0.957820665713335,-2.1275559119471517,0.37129285385505784,-0.4161187413207367,-1.8335715059526578,1.2025745086517807,-3.206431715121404,-1.390550711491192,-3.309978155977862,-1.3872161980297502,-2.9089814272183614,3.14885322496453,-3.2886372361020593,-6.631868079940221,6.757182758446172,3.659069639619559,-3.8141281593930842,-7.327600754879668,1.852063466897151,4.101482068288828,1.4202313510759468,1.8990976629400163,-0.384814913692731,0.9566676829514782,-3.3857265777310315,6.412354072037442,-5.928827601741006
577,-0.8407371673527952,-0.5676921360245297,-6.740007516890834,-3.710713748878137,-2.1805813734172848,-2.490176039024737,-0.5829895357307212,0.501509397424538,-1.6238790509170116,4.130414160469353,0.7407117673608095,0.032250951596132116,-5.487638089650732,1.6162886665891867,-1.2049385909766754,-0.5292861496972753,-3.6539394245960435,-0.8983502168584024,1.5293983649523928,0.4562783901084556,-3.3965737164066963,-1.8174198248323645,0.9629098134292642,-2.135617889339251,-0.6620728662678845,2.3796694010916193,-0.7333626943952551,-1.193954903107254,2.6791770135448987,-2.8980100174675965,0.12093490607771218,-1.8457128274389145,2.031906829073238,-0.963570999516311,1.3366490916760934,-1.8801209290193652,-0.29230185135115516,-2.6064554569801794,1.019515501599037,-2.3323531250276703,-0.9846741578906544,1.8642564018870929,-0.40734988471837863,-0.964100942681833,-0.31700475023250907,-1.7047611689825974,2.406777212838897,5.916665834660657,1.3281866488709415,-1.1908133932485596,-0.4264716000116328,-0.25456684580760064,0.6126391002217694,-0.2681858686005696,-0.06821721793797783,-2.4576109124626124,-1.751420167329809,-0.5092021899451437,2.121235237141744,-1.602505955072555,-0.2893146119055672
578,3.4007114883992435,1.298382202868572,-2.0768476867053463,-0.1649680870703738,-7.129899600579101,-2.6262162360262917,5.3996633289351355,0.18393794102726668,-1.0651451357648218,-0.5966359399197824,2.4885502462323568,-4.85608446500669,-4.532990264979092,-2.666156704196901,-1.414823134138334,2.6028068670671423,8.449981414274482,0.579374340148525,1.188380960735175,2.667208763203642,-2.2192931769764206,-7.001466754272987,-0.3934243453523733,6.30318192021625,-1.4044563661145069,-1.4235369950050987,-0.9290526646981695,-3.688618568429582,-0.5737301599083007,-3.852389275392987,-3.5731308932922485,-0.7000725896311777,-2.7134221872213073,3.4632583899109086,-0.7789242093653529,-1.3427417079719444,-3.938274489581755,-5.928095843431753,8.20777012360317,0.2343506990762601,6.714350661754781,0.8818790458829531,3.6391683949761493,-5.412711591187718,3.2152048021123036,-3.2088843814603383,-3.6596134746630478,-4.32742046925166,-5.403735890056513,-3.4616862509789286,-0.364539662480397,-3.9733489507714324,-2.3620261752592504,-2.815970391333089,0.6517513126579866,-4.996768344584764,-1.5940948916961994,3.965435365304372,-5.240371011974321,-7.829546902257104,2.8996022412415643
579,3.4200656410554946,-3.552088761744796,-0.2988028478299893,-0.8846632108225877,4.213753899521985,-0.38329718667407353,-0.8266031096430541,-2.5577942576413553,1.7266342921808038,1.411534150148056,0.5982038275002317,3.444622739768329,1.392221838967265,-0.48019355124691243,1.1310513405192504,-1.2212504142137377,-2.0309282493291465,1.1196581047636074,-3.20779886569529,-1.7320869493148099,-2.968451830168691,1.1351824516085753,0.8164093599011115,-1.588925657907933,-2.116497715611911,0.3523392350186101,1.1929431709053784,0.18843115737766533,-0.4160051179197849,-0.45562309753843,2.9310068100689803,1.637965223416308,2.0068948144486325,-0.22941023927300747,1.3389205804865636,1.7690776096837124,0.5878715921267958,1.9000825527601242,0.3731516498980345,-0.642074078290947,-1.9338277695058501,0.10301992247265515,-0.1817947425626756,4.748134131854089,-3.0334444358989363,0.5298717770955159,5.820408735738893,2.2257140239860114,-2.849517065550423,-0.28857917071443584,2.687984388521024,4.599785100176951,-0.00445230882381608,-2.795417890143035,-0.9072799836501804,0.9751484557894307,1.0647360935059331,-4.603350111395099,1.0447091930406627,-0.09822028699316426,5.194416714392862
580,4.701455026906319,-2.439537267544713,-2.983725675979515,-6.816492738127585,0.05227706690137608,-1.5123545471822846,3.6253728863523875,0.046941095779577974,3.0086478397970766,-0.15117127883302134,1.666043407163702,2.5573681714052516,-0.6784806174710016,-3.3826783733850547,0.031241095643467,3.388039654011766,3.235088600379676,-1.2039337323337538,-1.9655113394438013,2.5626034684521977,-5.209429869515647,-0.0459027407338084,-2.9996017494072733,5.97243443158925,-0.12617682293227728,-2.0083905491250333,-0.9016276615615808,-0.4697384853461043,-5.356914064354721,-3.3114200351006033,1.2851876510248914,-0.7133090987800246,1.484939953190096,2.309408301496375,-0.32084346936521335,1.9083411369000385,-4.695695192113519,-0.4783982366141409,7.16556209557381,-0.2783258754320037,1.9854447039980663,0.9970097116482004,2.7118928761425503,0.7323667861178866,-5.547903596852092,0.4537343314897947,4.035241534035469,-3.717198619529138,-9.066415774887735,-2.7034881553248495,1.1573632135702223,-0.6424486884002958,-4.566709742510161,-2.3899711851125827,-3.292059130563583,-2.6861370201578225,-1.6200441605407085,-1.8125017473359712,-2.769562162200929,-1.868897605959376,4.63247705583273
581,0.5428226390444943,-1.791830049236273,1.6093299354478479,2.5109454955324257,0.8184290654290192,0.708801031983708,-0.16858260429472016,-0.7341521219227656,-0.33359118273215355,0.15914679016854358,-0.8668923463368219,-1.0556252618154496,1.5333454056388673,0.4947800086430361,0.4190047358254218,-1.0268860456068134,0.23324676749725004,0.35308785647949187,-0.9795020553561733,0.013954428568049071,0.3968310418098166,-0.3039342280173449,1.5008337114912145,-1.6757260406769832,-1.7827151360688556,0.6056100173493413,1.1458539392358773,-0.004297208920597595,0.700430832437555,0.5338154283404839,0.5977542740643818,0.6924142929326546,-1.5056927043167179,-0.9434763176897669,0.883464012291612,0.3031414131881921,2.5552623555902376,0.6033465084376235,-0.5925361846652171,0.36486838324116955,0.1651206545683553,0.14527406217615121,-0.03612929251969914,1.664220080007908,1.3944119388623102,0.004599984714382499,0.7422199377439358,1.7967631579521572,1.0487344805685688,0.420882616933203,0.4639863899074101,1.6252279774724916,1.3383886956019226,-0.4812849574829908,1.0649118445072987,0.125948555507774,1.078948760980787,-1.4846209184595223,0.6133904755245155,-2.03830472474964e-05,-0.39286383371063494
582,-0.8831474357171826,-2.0410679387088515,2.1294840107122863,-0.8905223013592884,3.208291843877541,3.5428859122377276,2.994037163489604,0.7553520317203158,2.5231847281398836,-1.3523002644394826,-0.7213403580354185,-0.018818509260711713,3.4052222758456843,-1.2347415864668123,0.450793297787035,0.7936537939216002,0.7683978903964169,0.7403826990044174,1.0354454582994146,2.007423346035557,0.9856853861054056,1.2724369804355502,-1.862319835316704,1.2935315878184857,0.36259868909912174,-0.9377046442350848,-0.011216632010531136,0.3697709754718127,-1.4143264499688248,2.7907751613827476,1.6281250354598342,-0.7764577910654534,-0.7207681101674328,-1.484516383487191,0.8345744756435042,3.3510468044598176,1.6820333094625917,3.253406106574035,0.061862118168594875,-0.11919975325140897,0.9544413735558083,-0.7561473841402317,0.4292012697454811,0.6536152471839312,-1.8111014759522333,-0.3836774432661241,-1.3224730463711312,1.8448374515072434,-2.3863226445131023,0.8622299705092159,1.3700423325726903,0.9314945202036036,-1.392353145874201,1.4179131798263191,-1.135043963762941,-1.8530632298376974,1.7496413684551761,-0.5386259416205195,1.0458499784207242,2.001272613912093,-1.9315168490125925
583,-0.03998742286137806,2.4909820113530032,6.739788489763038,9.828475512075737,1.4399437762624796,1.1516575897416845,-1.1602001408098466,-0.6909331867362415,-0.6506232303937697,-3.5746263178503876,-1.4289429514805256,-3.201821953665463,4.658083117293651,-0.28480154577289835,0.057955487641793646,-2.1762477703371483,1.5841743065054197,2.0540966704807486,0.38544812607481826,-3.395978943718456,3.7843258385129825,-1.1927958065826698,0.3582404245213516,-2.169565828785526,-0.0854063256070252,-1.047832187058148,0.9628238334354047,1.142585944768094,2.2876925411178175,2.864249156026617,-1.8610190340171504,3.0320003767975816,-1.7061503932295903,0.7032692529881074,-1.1678251703479938,-0.09052196427043542,3.2002908736053217,2.3210271798981514,-2.9969425470448248,1.4996961266386095,1.0064380970289468,-1.0241589768594739,0.6197891138966589,0.135950026153686,6.361556720992888,0.5000119209339289,-4.5507767437604025,-1.818328068126945,2.4197262540202837,0.7916602758374351,0.5445369775164662,2.272114646290176,0.5553403287741818,0.6906993571887369,1.5140696471740624,3.5013398878543103,1.5944950978747099,2.688952065706266,-0.14523503069958843,0.14988668337518213,0.497006210285168
584,3.1440053303279774,2.909850594495324,-1.7403980658892124,-1.1328314464881402,-3.738091482562439,-3.2560486754144313,-1.964651290029284,0.8964678444377479,-2.395687862538389,0.05264238995575736,3.1152692422214345,-0.1614130111501022,-3.5246343192795493,1.7150704312327691,0.43780073598080815,-1.3399544233137897,-2.6927800296059865,2.3545732474431977,-1.0909934124681144,-0.7119659732234646,-0.884557905717678,-1.4775542483246205,-0.19662142413240577,-0.2309983248477455,3.0011047044794426,-0.7281458630290033,-2.2113347819014537,1.8036377482022168,5.067554991828314,-0.561337489243682,-1.6416425221759134,1.2714058063091904,3.9008734970429177,2.388476954665448,-3.683499215313595,-1.8841826146408354,-0.1750415315864856,-2.352433066336508,-4.433482994092966,1.1255236975368685,1.1382576905813404,0.5240725293085166,0.6597251513883979,-0.5731335613199169,1.6481356000250857,-1.2059144773323134,0.8674977751552337,0.193150413071396,2.1296161509583635,0.5943893318592728,2.8118395088665102,-1.415921819672731,0.38229034313825855,0.44171334206177504,-1.2286457063557712,0.683176174611753,0.5118769894565474,1.9917263010657504,2.1924076830625427,-1.9608895856046684,0.5262842869058051
585,0.3197343016700026,-0.7601382297775126,0.8689870584850633,1.193291157988017,2.372782363527671,-2.6748531525359254,-4.144144660435991,-0.25096454113942546,-3.6139471146397986,-0.05979515500444571,-0.3658393464880427,2.3031499729530283,2.1755420600868383,4.104885319744953,-1.2850116876766888,1.7756845237673484,-5.346739351086581,2.2943677330476353,-2.517130145994529,2.2998477545635323,-0.35352559465535077,-0.22029301054795325,-3.9201645628044,-1.0739168712563407,2.930709626212083,0.8434007966799053,-1.3914566815288412,5.9840158668575585,1.2627783489479427,-1.2732571546134057,-3.9806373496322984,1.120522659784107,1.4314262519318182,3.6957864673492065,-5.777024810632381,-3.2106399300161654,3.0984230875214958,3.0231067194606522,-2.242461513470777,-0.10740526961899666,0.021478714767418472,1.6891748839492295,0.9627835834747678,4.37859499010634,-0.48029350869630605,0.6137530837014092,1.7581739276112227,-3.2224645907471423,3.395609096409948,1.0953630345584693,5.427906925488425,-1.768263380178599,0.8702451979865862,2.415668567687809,-1.1456308499605123,7.126123967571475,1.7581227263306463,-0.8779534325804125,0.7141079094526293,2.7217998097237084,3.9647195233101185
586,2.6610083561327307,0.9461978940108585,5.097906205611635,-1.7488263247475104,-1.4261514904427464,5.76372285285387,6.134909589079705,1.057090691062117,4.71756901645012,-4.680130716489799,1.0827437920614045,-0.8316402528672803,2.802688229784338,-5.287649180555108,3.14306073463706,-1.4225796204127816,4.933119290928259,2.1845558147723585,-1.093202937313341,-2.2174416644291917,2.8485999132221633,2.892840852588819,0.949443793894708,3.908395385572895,1.7860604574161152,-3.833616956698992,-0.46768723216638275,-2.367075195652286,-1.943438388301443,5.871245721218698,5.648105776333555,0.24258374222191012,-0.22761397166415187,-1.9464656696024416,0.46701070146602897,5.669785103958657,-1.7937278113017645,-0.6039392709593994,-3.9132207560127665,3.3020605896895914,1.7892352015151989,-3.519940751714581,-0.495827207367083,-1.890422101306307,-1.8189084198612728,0.27779846147500803,-0.8379089810777774,0.6872528004555365,-5.760883621388168,0.6749502116724331,-0.256417436312168,1.0080422613524762,-2.300143343671874,-1.691289005752126,-2.3808468337103608,-6.1024987702664975,2.224848674001648,1.853601905150777,1.0568317016233284,-0.6101143699444703,-2.8801083761839332
587,1.9586113941463723,3.2171585347917677,5.569562332907793,3.55236309516089,-4.8279834856293045,-0.18025307855383005,2.2317068725442364,0.0028367010440911167,-0.5846762348191127,-3.993336041180493,1.0983615149510062,-2.1875851132425415,2.1632310484120727,-2.3948434298939025,1.4188725036770484,0.7107996190432139,5.148727963384958,1.8888686703626307,-1.7897834149821097,-1.0020197671585693,2.8058318767350054,-1.4758366266379932,-0.2635003318811657,3.7093161069279046,2.410879821955532,-3.7339469639089877,-0.9679816174106014,-0.0597940770034142,-0.0044906983078718266,1.6172216652288924,-2.3258242542754894,0.8725570395808656,-2.1386599910051607,3.15783480709821,-3.3885936970743544,0.7073817566011955,-2.20740388256251,-1.7260444914271613,-0.6610346771004054,3.862220682188869,3.1576616580245638,-1.5379826652279946,1.874904882888225,-2.4891038266996706,2.0236169833011135,0.7745716942804609,-3.5059431446148754,-7.861129339260046,-1.7241028516969976,0.07867539764713227,0.5801042999179213,-2.4258861797954663,-0.976521797803927,-1.2989524872489457,-0.12992168895540052,0.1782276053183225,1.093478073406177,3.9126172150208354,-3.9893343578739247,-2.734477892858464,1.8119039414940858
588,1.4787424500615707,-2.057606784542127,-3.1942468823648515,-2.7815098942759144,-1.5573551373192858,-4.97058789547521,-2.8720441100543077,-1.8964973753003402,-3.488154861956082,4.306630526053668,1.9866126429185016,2.5677694806890035,-4.016297234508938,4.027761569795129,0.8390369101035078,-0.5747923103834388,-5.775492478483443,1.650677352424521,-3.4292237994263526,0.8892346476044601,-3.649568396484895,-1.5624382924101907,0.9726623562004675,-2.673261069411141,0.015361550418017185,1.873167578824459,-0.6883049761294178,2.3520806094240307,4.161851332602293,-2.8945847959258777,-0.43127780022677453,1.3595436052760206,1.7284828104346617,1.3714235983362435,-3.545269509799662,-3.36870109283244,1.8655640808729808,-2.5004074851711273,-1.0571271911174767,-1.1514733888506778,-1.4695452521963825,1.5015287844180873,-0.6579671914957825,3.1495089838522836,-1.808831148026918,-0.7950458199461834,5.4528609046696195,0.8810152966547117,4.040522968315084,1.150455728965263,3.596099412996517,-1.2700444743154522,3.025239246558383,-0.23023849017495637,-0.37009188771000656,1.749674230514112,0.377319814106105,-3.7279415912800555,2.2525778683123203,-2.0037474081601157,2.4917419104427307
589,4.06954915254932,-4.736328521449216,-1.2633591665936568,1.7471796393425625,4.346808707097249,-1.2090086518057337,-1.4834157320776764,-1.6922838697235623,0.21096950581677024,1.2621673316835345,0.41234809334018807,0.7591003736250238,1.6079540602030125,0.5212398503916711,-0.5361030621950758,-1.4522233407282896,-3.3151034150625462,3.252527000188033,-2.115569596635324,-0.7777502338401299,-4.3692620835783575,-1.4260746037454846,-0.9610857323020399,-2.8418552498190404,-1.5565409423151428,0.9067047003047999,0.20640862904792212,1.0199102575528578,2.7239502010033263,-1.8168506515981901,1.1502101557563567,1.6133055955898108,1.7835574919481405,0.4819296270613256,0.22133422928072352,0.6018732749095381,3.061172297657076,2.905969968752225,1.125589487459734,-1.9192920184313174,-0.029718808193562707,2.3838104793005126,1.4744757471324663,4.708712741433295,0.39708830170853093,-1.8919445380380306,4.1855965024574715,6.022392175031767,-1.596631191384815,-1.187390214261381,5.107206316496929,4.800331847028658,-0.10526720665817757,-1.8271326656558577,-0.6028653801159217,1.817212088144551,1.9060655340209716,-4.350738523136702,3.8124992600000422,-1.6299005805170577,6.471551052085263
590,-3.2578799149251982,-1.4124670092834557,-3.1040577012742947,3.2675059255328036,5.5940617030253055,3.1694733684278527,-3.615081445435066,1.5185278662063908,0.022001697455076963,0.7659537662590593,-2.6392277451430517,-2.1748488926992313,1.4907698971855192,2.968292319989334,-1.7059617731807764,-3.6528280304558067,-8.068853503490331,0.9627654986055618,4.379254314251917,-0.6782995572056758,-0.18532885063259447,1.2497349434361942,-2.189065872695073,-6.866057079554544,-0.6053550305231299,2.2900308309960407,0.8092370151284798,1.1584722948600694,3.5971146429336196,1.2978959362485503,0.540927792469988,-0.9088815676382851,2.795413453844473,-3.794916941942321,2.9955737193723184,0.31213403875152657,6.173702682739317,5.749650231105047,-4.000321396072003,-4.152772603377637,-1.927693374742255,2.5328891449409836,-1.0573031633514665,0.9931046436183204,3.91149746772168,-2.989231905204463,-2.560541007095028,13.205862255799884,5.075788795017798,0.8871037904841883,0.31567108174181724,5.529575937834765,1.118809891476585,3.7798831937865143,0.7219964915147485,2.043533742950553,1.754481993724202,-0.5893544236011895,8.054726420705174,4.198477506683669,-3.272637851125495
591,-4.068050929378062,2.520856611387344,1.0813363788802226,4.532881759148598,-3.385898997697466,1.8085495024646896,0.48811262758188634,-0.3350496240895192,-0.5365772863042388,-0.1922748582560623,-0.9911413949358501,-4.729101180275755,-1.135982572911494,-0.3844897366235906,0.09364460352042359,-1.5892810518737923,3.7949659227279717,-1.0103659610129432,3.2187775696595797,-1.5761062312428857,2.9265773780475146,-1.7282816075542533,2.4658308653840115,-1.9699806827793063,-2.043176234230348,0.06854664015977796,0.7718231825077682,-3.27428453265926,1.8567338161858489,1.3743641789208823,0.06680965163814856,-0.565431560819276,-4.010451644643561,-2.5751700978891785,2.896618255256568,-0.9893383463559977,0.9021333559680376,-1.8221738770352198,0.3853949332490703,0.04262104031076101,1.5796570296697547,0.05060640016377099,-0.9870216810536047,-4.6037265626855595,5.585096925051289,-1.4473535899075491,-6.484954619109246,1.7174197646933023,3.1269608251896788,-0.14073872963520606,-4.119671505163206,-0.9200521245561597,2.2779535490818215,0.9388760490692709,3.466651226825165,-2.063469541891757,-1.3255269037414261,3.9154193658435528,-1.0335132087295194,-1.618659017540382,-4.316776541515771
592,-3.8959950340327065,1.7390151412649408,4.663730129289666,-0.45755239245380275,3.085743598816959,2.997970873044858,-0.2405898061512481,1.1471283176383358,1.856351505915377,-4.134050022706634,-3.1950819011793308,3.8349419744247113,3.9185692462245134,-0.7496486628074178,-0.4636329427799401,3.730771107800983,3.1394261583021024,-5.0757068184695155,1.4595214687594267,-0.5922946232313412,5.075898776167971,6.165467141625534,-0.9959119253340296,3.7881279185767185,2.698673004163886,-1.5867580862304789,1.5400739374099763,1.8430389251570356,-8.664592560351734,3.043046004418118,-0.608540369413096,-0.8877315268265464,-1.4499767097072174,-0.8937897161928652,0.40059128297122915,0.9115424774496028,-4.15818784240164,2.5071106958512135,0.23038898864099833,3.245581185089698,-3.4954099058688244,-3.2078567084621645,-1.8124041581937178,-0.6391357661122086,-3.2300344647321313,6.248585751498602,-2.439860102828471,-11.083616390544508,0.3041907477702195,0.7500797432799635,-5.300897087347541,-3.060230215086287,-2.9242849300368596,1.521823827157448,-0.49685023561873426,3.166160833253425,-1.9663894580675476,2.4732853257124363,-6.099327505791852,6.906693558609252,1.582676525223894
593,4.42066976587119,0.598106262171631,4.179343359625327,3.7814639759641944,-6.377377596590789,-4.312121299208222,1.2007921280352554,-3.5611066280939463,-3.8499862081373277,0.6335478770400691,2.712049310132559,-2.5803488389689306,-0.8368340821537534,0.3259826076656171,1.8572195533085933,-1.0143745552545824,2.868574901691144,4.385257973490953,-5.670404842236034,-0.8698508340747212,0.03197796641962422,-5.428402520773764,3.0273421492643675,0.572597772990445,-1.6499823677695002,0.0720453773527176,-0.973349911152054,-0.5772155367524671,6.0620693758589805,-1.0595091901090932,-1.3570286742464308,3.317296858275289,-3.602440970561739,3.139700754874973,-4.231423742688639,-1.9030298402934556,1.6283916535871843,-5.1227293605223565,-0.34605107055359713,2.788622767633301,3.3292947108092816,0.6501975067788847,1.6413497043907972,0.10157208995685357,2.548596373187295,-1.6528270776969172,0.547267442734499,-4.403135302524925,1.2487335967457651,0.6521300372354469,4.3437980537888405,-1.17432765780438,3.541184791153031,-3.4982800639806975,1.0461757998643524,-0.4665192408887803,2.353495078967538,-0.6127387232143965,-1.5259951089450372,-7.118844529251001,5.47963148107393
594,4.144547496080456,-0.5027436146511417,-4.511463356012886,-5.349723850314239,-0.5344480192668636,-4.419995507187405,-4.045177682302875,1.177581637661445,-2.3508456103227435,2.504216061045827,3.6677577504329357,3.709234635562036,-2.3853607202895524,4.714791562690976,1.2292497401722136,-1.3139587428270312,-11.26395442812455,4.398141627606365,-3.9716736567265034,1.748388381668829,-3.9262257570210077,0.4791197680118293,-2.34219502934391,-2.5716859766281406,4.802262757821729,0.3010591774520178,-2.459554951795171,5.575534842280316,7.4978450625834645,-1.0160942046948673,-0.2669030906002875,1.1760303184874996,6.981567054548158,2.6898692149024037,-6.038395750019951,-1.729372007169071,1.8710689978616484,-0.4488388402850119,-7.942691719815887,-0.46638016897861945,-1.6864390755591891,1.4582877051169496,0.37474169417200937,5.606522949121475,-4.095736249946119,-1.9543589732995428,6.755377745527867,5.769220376211156,2.2536142329066364,2.0926260287359764,9.436243423849858,0.2370349598408087,1.075962608698412,1.096472811931314,-3.9877681567279946,2.501730694038458,3.66671348914699,-3.9267111263779495,8.046326579429559,0.21406010794654728,2.0368414169941325
595,0.07122594895547707,-3.7927185496794014,7.830091164128626,6.580385026139883,1.957963305245158,0.20242430956299085,-0.09082059171393898,-3.4754975765047766,-2.8351970664581407,-0.3984264133269769,-0.6904832135208706,-0.9495750020776544,6.434386748754791,1.693559517478247,1.283908739242289,0.639832272606049,1.769468612210999,3.5352072769081864,-3.49151488831707,0.7374534865410534,2.1374023746750312,-1.2969233701760285,0.16445033455798747,-1.6606076108605095,-1.6598271035246994,1.2000222464002754,-0.044483270345899883,2.0534046203317082,2.346916104434109,1.3677198629329899,-1.6143886644780028,2.690692066196752,-5.576455686325137,1.3722722107653273,-2.650988211447729,-0.47525666280353657,6.700404452606301,2.479896663120976,0.010293263073767878,1.1353470000922141,1.1596079961236216,1.749417463713303,1.7586420194104044,3.674660816538664,1.600975838843454,-1.401698366224412,0.08913020332654972,-2.7906412223526647,2.4845681465575407,1.6676468939569067,5.1871013887207225,0.8792742983839545,2.9879107640218,0.7647005975807514,2.583193733519683,3.765210337079707,4.0877586462191156,-3.926763901117105,-0.8495592191185213,-0.2235280022277218,5.89262221722406
596,0.19978227055107342,-6.313762851444277,1.00308714872842,-0.8948853837058548,1.6116894544526235,1.4713038648606858,3.4790816080649614,-1.3276280977923367,0.4814641325115113,2.0930668907879313,0.18871998511530835,-1.6884910652973093,1.8661810792412181,-0.1463765449647335,1.5159420676608426,0.985361065693336,1.358160745942973,2.523198851641964,-0.9387899784710269,3.891733191151358,-2.5816732809559135,-2.7714035192083344,-1.2302072429916866,-0.7649258881082293,-2.6154740587814795,1.0024251444377574,-0.8836356418363485,-1.0327382173923434,0.6092512783011574,-0.3234520859267448,1.5774723315132593,-1.1653662089561796,-3.5412414241695194,-1.1534831142912718,0.5970785473374722,1.7320114293085562,4.570449767133251,1.135744278162569,3.9679463814017897,-1.97537423863984,2.702672803042599,1.6194398199655613,1.970852556175404,1.8706322409823946,-1.7175803005444885,-5.020173098973894,1.3844391212651306,4.820384461537495,-2.4038077275822447,0.4117312618887988,4.162919494294979,0.19969159370466782,1.4887255901005525,-0.3915050456916021,0.16436841739718844,-3.8324659265043213,3.0227504042599564,-4.458064040422412,2.1970519248665825,-2.000715862800291,0.8802166422698681
597,-2.792928526152067,-1.221129809666002,-0.3925412452040328,0.9724201887698399,5.492086982778814,5.560283795284914,0.5053182955545521,2.559437553126327,4.125849926210363,-1.9494441947626668,-3.0130083939882306,-0.6463641147527718,2.819203222374405,-1.6637341227036373,-1.8267614230163127,-0.9119998432773938,-0.849448465094288,-1.6548722029845748,4.617001573082674,-0.3237039653023314,1.1802697064893461,3.499515440442674,-2.4601713294406906,-0.613435714304395,-0.10525661611850273,-0.6942901404824282,1.1183733376332234,-0.7586712702261766,-3.738702147333932,2.173801521588487,1.513121970825312,-2.312170815983009,2.1686287167102893,-3.331785664734655,4.78527947669504,3.3550892167572104,0.6458119602267287,4.916655708072841,-0.12352688328632656,-1.3779837722101511,-0.24281089149164922,-0.6085998394634282,-0.3630279740723028,-1.1460985073985825,0.8981613381019729,-0.044661923892113986,-3.8168357453765074,6.440400243570648,-2.187422761088749,-0.9755261138066236,-3.972796461210213,3.4937422394291864,-2.789533161561506,1.5257916120927462,-0.9709598946445838,-1.2824887399722136,-0.11847456371213151,2.1720189065374003,2.204649462190731,4.320013349171038,-3.2696534942700377
598,-2.4675913208900355,-0.9933503772414156,1.151096749889943,-2.5622531516080134,0.6200435234621325,3.726348365392083,5.308353212807364,3.520876276779285,1.4654227906459663,-2.935093764733905,-0.7095695669193356,-1.4631525455330197,2.740950645576635,-2.350489424447706,-1.1492714937690232,4.420019738553892,4.4718015360466845,-1.0161608083021934,3.7200971581727518,5.524311148231711,1.720905916168611,0.14242108717283067,-5.396542674078737,5.42347508365833,2.1362912300553987,-2.0972719757609344,-1.73050412032969,0.028787275242273397,-5.715550346814946,0.029284864487463702,-1.803132587039945,-2.8760266313280254,-1.9827223893083257,0.5526711347958437,0.3919183661376112,2.1249982547461097,-1.3165892269377082,2.6445918989566737,4.474944154286092,0.08419262566678279,4.148813799088481,-0.08136402119644465,1.935349912467902,-3.3539253754688474,-1.0227627564249535,-0.8434801681684205,-4.947406635804432,-2.2529580590006635,-5.177137549052521,-0.10370476682028118,-1.0012728405019706,-3.678314944017656,-3.8302753794502777,2.785249188264002,-1.4485270978296791,-3.2614417487912557,1.0032871147168365,3.355601481605074,-2.2278009006081616,1.4656874166649003,-5.965893920973848
599,1.1011316290475366,4.671286831731677,3.374090956615424,4.962749875058565,-5.440104005880134,-1.970916830064715,-0.14442509142788806,-0.37598633939478576,-2.8418837994078814,-2.223578755129948,1.5694873472956006,-2.9343254209303153,-0.7799227708168793,0.5781812911462056,0.03759206675583271,-1.6081085853992942,2.699942776637542,2.4425930040124686,-1.4218006996244015,-1.5163617932833968,3.159755458823726,-3.2707378644931437,1.700649171046259,-0.17111794139107317,0.9185461332579834,-1.3334381273498594,-1.1575001792611181,0.9412719975868274,4.072687489645568,1.2567866483586358,-3.127239517937314,2.364444049053157,-1.7259310508053871,2.814578531500183,-4.14975249308991,-2.292476116928396,0.30277957044555776,-3.8469565918477735,-2.910054015050134,2.5155994026416533,2.151853780430597,-0.6525436978398015,0.6652804411841634,-2.4657792585290954,4.073401849095647,-0.08397456828804054,-2.7436854143362135,-5.215351015846308,2.768255020785384,0.37259068181778615,1.5292878636003422,-2.4393033054723405,2.074514762542972,-0.3418002795827754,1.0629664753859813,0.8961870719127041,0.7620357475815278,3.591287769127871,-1.3564235647740865,-3.9352071472214347,1.2356658285077886
600,0.9578593419972867,1.2809748811049666,-3.3075957201928743,-2.435379544841301,-1.8555512750792682,0.6636005627684397,2.3489873967650197,1.449185348415797,1.5600099262091658,-0.8425202798746825,0.8328791434914564,-1.05949604988177,-2.475245315166346,-2.40633072778102,-0.8935222213676188,0.3018996123086252,2.4806014746593728,-1.0018923694332977,1.8361397557447625,0.6691546724451798,-1.2819383998797813,-0.5911555252959729,-1.176077202763046,3.429810392376587,0.08339320318215304,-2.165556419395468,-0.6454051656183181,-2.531992586909604,-2.0083086179516747,-0.4224260841619677,0.2331340294653213,-1.2991758914713478,1.7486153193196012,0.2011117481174221,1.3880663652790994,1.1559279321531215,-3.9325040065914707,-2.124850829198828,1.7860565114078577,-0.49641683767988076,1.903003140685199,-0.6607783354460903,0.6722492994799443,-3.6103139223326948,-0.2986318587101565,-0.039615062625590114,-1.2842699101084791,1.1377408830927376,-3.79196220847637,-1.7993365507065964,-2.1447499782617987,-0.8296579654764801,-2.9688279630141743,-1.2866700015898227,-0.6238804494865715,-3.8177868384412466,-1.3219319100457458,2.9248689212307584,-1.5037949377094295,-1.4090835513573916,-2.102152575344752
601,-5.292851725933676,-3.0332355776462157,-1.7375129675538996,-6.576290699657423,1.2921951304836572,1.7515352210870085,0.8261380303524323,-0.021657428550013624,0.5837647740356015,2.656451636646159,-1.2825858501868814,4.804750607100065,-1.6955184957372071,1.3056826555227663,0.12643932577192385,3.6007923835800786,0.09108047496966043,-5.358326460722352,0.8180090134219712,3.832295932716984,-0.13080675039543768,3.3985019784182153,-0.4781215299378975,1.14176089178609,-0.24880747281476753,2.443130393277307,0.4854323908712577,-0.4351471254005849,-5.854381660377108,0.30664929319931655,2.5929982234099653,-3.092032055902888,-1.8390273800193169,-2.2708819261596576,2.2414627460453795,-0.13966102721730583,-1.3210071670710208,0.345663470532206,2.7440131004642607,-0.9994486193762868,-4.1840735045080715,-0.43727808830362697,-2.9987446736792367,0.9726277366118226,-7.090395288354104,1.915271659018301,2.141602258331912,-1.6350100176208677,0.6601490129772405,1.5460573826575412,-3.280954171014469,-3.6006622191629805,0.2660858999910123,1.8334467372439955,-0.3102619405387244,-1.4939583147806301,-1.288379363740943,-3.418591959993315,-1.060316404229814,3.94468302640142,-3.616706576908145
602,1.518723389190903,5.584658704487741,-0.32300490688563716,6.017824775756982,-3.8410847228836555,-1.4161027262265098,-1.1851847040675765,2.4859893036765803,-2.560658125348644,-1.7081300008371527,1.25846670135148,-6.796637147592228,-1.5274121850299966,-0.17205136934870913,-2.788757180566883,-1.9760922949630648,1.316127780859653,2.2251135044080486,3.3083636911965066,-0.6383799533694641,0.9056779947812321,-5.215318908583327,-0.3594930559421799,-0.03457623098000212,0.5472615133867352,-2.1491827803352948,-0.6838468613701502,-0.7541356231463672,4.884838646019732,-1.7203767087363222,-5.417841026936612,-0.037437594248451334,0.8201672460148125,2.5648509578603784,-1.1210765579658681,-2.2324820761069994,-0.12376998859276117,-1.0837097980225754,-0.6913691465112449,0.06515464719283945,5.3136390396018,1.4799993208210027,2.8025846401035697,-5.0587466253646305,9.521045500307276,-2.9483581240245265,-7.401265358939912,0.46983891504072506,1.0901686877339605,-1.8971023588877756,-0.4840364575728118,-0.3088944975439755,-0.7512283274114947,0.934738173027413,1.8669682008560753,0.7111662591562796,-0.8493304254801826,7.263445174019755,-0.20477330368937122,-4.509050308787021,-0.37614953058555445
603,1.2684594264657014,0.9427374881402479,-5.421204743954575,-4.842062120241104,1.2180839149487137,0.9886331474883174,1.0184226492643789,3.3791745325555946,4.133986938644018,-0.9024383064449879,0.33858984212218846,1.1593927682061667,-2.2229653277277874,-2.693927790401169,-1.7158579239785097,0.6151612258485678,-0.3868272035696206,-2.4786953679180352,2.6959954302736633,-0.639035009578259,-2.5221735746765406,2.0086407341124026,-2.3378489539015335,2.598718372982861,1.7077958684736403,-1.6114827841851378,0.8131600301424725,-1.221106089865496,-4.825757185843827,-1.4553529806713479,1.0910508333267561,-1.5257622113493983,5.381452688798723,-0.22334067398755708,2.611171990189031,1.548100990991656,-4.696102565747045,0.659195582457114,1.811512928954918,-1.7963493282195833,0.033818181748006965,-1.6635133269736544,0.10357129688900947,-2.5543782917107105,-1.5557235701047951,1.2700235365233843,-0.25673694512683065,1.762607058604704,-4.643242326539574,-2.6944462537733758,-3.7315779439037624,0.568956680263379,-4.4002637110999245,-0.18168764726402914,-2.912183511949313,-2.3971328256602478,-2.6388192015720677,2.814556969640108,-0.23850131191002444,1.0205672011454787,-1.1301047633259087
604,4.60691191611188,-3.9290071512520703,-0.5449278807172722,-1.3215040806768292,-0.3016358496007475,-4.996333459374296,-0.494874573305777,-5.093292744078696,-0.2342292333852875,3.1034668304336206,1.8305141512256315,3.7916103801892196,-1.8076234476389534,-1.180683476834105,0.4640475437736482,0.7162346879744952,2.8559089315131083,-0.22607259033310184,-5.362855619944218,-0.6420165523162686,-5.006270229268274,-1.8349042498314811,2.7159998799538383,1.1995528419190498,-4.701271027666161,2.168882127371805,1.808530807350686,-1.7236390476174286,-0.8378533855618657,-3.6589845674398465,0.9173007207535584,2.1751420398879646,-0.9225415718039818,1.8383220920591943,0.3906194566698322,-0.8745593208254479,-1.9308742715846947,-2.375452716444513,6.901537798962625,-0.6278746724553642,-0.8647584834900016,0.8176444965969977,0.9340688734855871,4.38752702273985,-3.5107522891690452,0.96818454604644,7.9430508319619655,-5.247834145467264,-3.4563301426447057,-2.436859426703831,1.7420307895012999,1.600969443250063,0.4262384739224332,-5.609383936694819,0.6070377968514853,1.2954296273784858,-1.1114181569788504,-5.356260555321841,-4.203893821276855,-4.58510596253744,8.529007077457464
605,4.325653026133687,0.8105520046959142,4.891868714851857,6.47354336471837,2.907340772586013,-1.752197998272297,-4.700321323813316,-2.044273321778157,-1.9980617181846907,-1.8324071914317206,1.1961885773832626,1.8299603130227515,5.7072439831756325,2.1832885832665916,1.7939432905517607,-3.768642621005357,-5.705800145329614,4.862875016646997,-4.504633624962812,-4.066028005507291,1.900876097684371,1.6022564704148756,0.22001934047956034,-3.7518156311797917,2.6612633949884805,-0.6459049173521666,0.25405240584489736,5.6608216220811025,5.459104095110692,3.008392123627166,-0.8430279410577282,5.352963342550949,2.7405558543226944,2.2043931381313464,-5.815243462121128,0.06504251166106428,4.119546725220346,3.7320442564495986,-8.286824040627492,2.6056670647055853,-2.2439659599625363,0.012088314600201433,0.11195194388228324,5.984124344608422,1.7485190420914205,0.9556942508263901,3.3680487862057116,-1.1628277884473899,2.9699657753531246,2.63160371189759,7.24499718811058,3.818139361007947,1.906751592597784,0.1995455107203341,-1.3715319588501829,7.227532092911973,3.8582656869215586,-2.0435647093349063,3.9497765636575157,0.9419735716546777,6.95376757254421
606,-3.063958374465811,-1.6393639173997212,4.1658313661516795,2.970065164927443,-2.4044954468272506,1.990038227771587,1.7985837655087615,-4.0404779565394,0.2037405788476662,1.4022418551190903,-0.947983689429424,-1.6578875414749985,-0.6902544007543928,-1.5800978740895424,3.707448282605814,-2.5025847810073136,4.551896052396851,-0.025180007415143257,-1.4763422720777908,-2.8907159645084883,2.8564610826742842,-0.5401412417990802,6.067807663092946,-2.9883405561417673,-4.709849932508808,1.6248637685644725,1.9082871895063578,-4.710861947602174,1.4282687066955404,2.6051191006897247,3.7958682666029175,1.1777378273629553,-6.276771631062268,-4.244559057674422,3.5583608360330112,1.0402108764470879,2.3001425618993285,-2.792734733032357,-0.36834544936678826,0.6409149970092858,-1.2303828640628671,-1.393206000290347,-2.6272229441300436,-0.7707052023617675,0.8722675290710338,-0.5990232004424598,-0.1884427524653876,1.1837907340967873,3.2862921607919873,0.9557320249096846,-2.9416829872187447,0.8027370021615121,4.458105697314393,-1.75763333375787,4.061364739264544,-3.639164444003414,-0.03524252928968541,-2.2108397083491753,-0.7933693603337026,-2.1261537151723156,-0.11159663590870428
607,3.0968285557305895,-1.4693168385207669,-3.6870932258294307,-9.90844690947813,0.28928590231303863,-1.6946436092906088,-0.5294308520124503,0.6267261812421883,1.629335889272379,1.7588120700538026,2.7988850961992444,7.619915814563747,-2.1286498482530813,0.8049849803344458,2.783813495716211,-0.28137983566669944,-6.496737326535979,0.30204322837894526,-4.395568344887281,-0.0771989420365081,-3.5582760390506802,3.759813852787508,-0.8194551491345371,1.4067089528955157,4.01471878011019,-0.4641659853889018,-1.4737866672099047,2.3057078576177483,-0.7997694307197132,-0.25450171531227983,4.127797296345517,0.761686447016557,6.513167943757562,0.1297699684680179,-2.8532479015936776,0.5583588245993764,-3.585481115138551,-1.156141599004619,-4.746933661275129,0.9939748080628483,-2.98976193575462,-0.7238492059934776,-1.15787464575414,4.675790414383045,-8.89591221027401,1.2465732714302467,9.77569712802179,1.0858035398991128,-1.8955253835268178,1.3794176354662782,3.2065374365328663,-0.8361108855508099,-1.026771494059532,-1.1332574337476764,-5.279623041551119,-0.8149803893475884,0.004511447817602043,-4.557944303020817,3.1624882235042078,1.469235050772998,2.660184952589704
608,6.096312272648913,1.677493265092505,-2.252224459241092,6.9193028640625425,4.797757925966794,-0.24598423717486878,-4.5673721754692505,-0.3684380549666013,2.608605984607979,-2.373095724170161,0.21572605987321786,-1.0353553566681168,1.2792953034672285,-2.4845556359487104,-1.7086302885197202,-5.637947946046871,-3.165178913961076,1.4469171063627067,0.3819589286087963,-7.622196822826541,-2.4366572535725473,-0.3158211263488192,1.236481798663619,-3.783049104755821,-1.426998145271389,-1.6069997426364446,2.7781688420850883,-0.7870787321512331,2.8278953992229803,-1.2706762504664326,-0.18343207977706294,3.554925641096414,6.177569423645536,-0.5047955535297144,2.134678208337915,1.141908074290447,-0.9080705251086307,3.1059579076220496,-1.9140440770950888,-0.6563463845704494,-0.27409540611850564,-0.22603666921749693,0.6173670342560189,1.4501465039649444,5.905451710876224,0.5712477002978976,0.8504949847136953,5.335687527227987,-2.1825760733036588,-3.409807223684525,-0.16020874516731615,9.580369962706166,-2.30107245390629,-2.4872805522466828,-1.052655053478479,3.5875600245003314,-1.2886614266869678,1.5124093083464478,2.6406304180568996,-1.1463453574199873,1.6239407966377382
609,-1.7098177916023563,-1.5514389820132815,-1.4164679012817254,-4.597971682113682,-4.32858392298783,-2.417339801614746,0.8027559792548375,-0.4232042903946289,-3.3314452705909297,4.285307106022822,1.6561937272221035,-0.23202152204362225,-3.8077451621757725,2.5377098033003582,1.4468729687746174,1.8876765614430684,-1.8021447189943798,0.8435620290835519,-1.771970936466735,4.646471622418117,-0.6326006310440071,-2.6363236438436375,0.2778275713517281,-0.8367653113812068,0.006356091285369514,2.0690948849352844,-2.3069122071142942,0.3829166976663402,4.219997501646483,-0.8362347851122074,-0.3294264260649282,-1.458919300939583,-1.767288693251281,-0.12189273777931611,-1.6807744919922798,-1.5082376866168437,2.182854564900652,-4.468862774522349,-1.1613811244601955,-0.7386196233560369,0.37538840060968803,2.5188340857007185,-1.4678040418947669,0.5025267221015676,-2.750649181239924,-3.2065912059347466,1.148575544435715,2.48467735202336,4.149580217551762,2.144431291178223,3.57642579203555,-4.819815356748208,3.620552450440623,2.0221833908718727,0.3772537149767416,-2.749665179308764,1.4029210770816816,-2.1727781930049104,2.628013537439672,-2.208659487683275,-2.660878889416718
610,-3.4826151288650364,-5.006855526487725,-2.6258541400991566,-4.586993034182048,3.514255637762264,-3.2596405829472257,-3.755578770675881,-1.0982383884501166,-4.21275855293778,5.120529048408222,-0.6217404621422731,4.056206512559215,-0.8375667198632057,7.588488882969909,-1.1698534149901298,3.4103395613102783,-7.56131255460503,-0.23644715710102068,-1.99243807616724,6.639977237249757,-2.812282230922169,0.5190162403540824,-4.287138103575827,-2.4065047084141176,1.118726989417669,4.666621390814134,-1.3176877580741633,5.505592743508258,0.9003687668103588,-2.944052295403141,-2.1243278822589087,-1.9480594452342985,-0.8099639594724218,1.0055987917026754,-2.8403107363006983,-3.489105312687613,4.619450598829063,2.581000600471083,0.6690889703415196,-3.0739484283742926,-2.7122806054087967,3.9892263656016578,-0.9582110855007122,6.037645875172581,-5.777463271954774,-0.3910468240764168,4.283798480970308,1.2490633698769746,5.465703137319359,2.588610181735546,5.6353714449475065,-3.763909173574949,3.0406218485680405,3.977084870229071,-0.5811914439340798,4.3200696737676445,1.4669344748195785,-5.960790676009466,3.26410031279332,4.858474815017626,0.8162060116077334
611,2.4799391929655994,-3.3748084452551685,3.8662724909840036,-4.430021972209832,-4.08748696769127,-2.7687084912323643,3.0157381806624377,-1.8781666981540082,-3.0210617436833167,1.4204037951425166,3.360994117994808,2.044650067438724,0.9664317787054266,1.5685735868343582,2.7515235790298154,3.8721857548230534,0.6974503739142514,4.054186263947381,-6.041438022922366,5.558280988892901,-1.1191647663873106,-2.7533281858037206,-1.7161110748191764,3.773722854251344,2.0694297349833817,-0.5710678072544904,-3.579718723175533,3.198738127594008,1.6610271506239243,0.15835585560715365,-0.3174037700795422,1.0075368536151248,-3.3094447012866497,3.710822063119847,-7.5438977792165085,-0.122857004066178,1.856603176752767,-2.8822497149516244,-1.0767816878243857,2.6331451879696597,2.1466421392475734,0.9644058639122784,2.305765378535702,3.2245077446609063,-6.191536166747135,-2.4784005113838146,4.957300501664617,-5.564540342418398,-1.075111387145766,3.5094649152346236,9.029085933244557,-6.2677520898674075,1.4465842536109528,-0.2002502236954291,-2.061353632608581,-1.7801644054639367,3.9948676724532484,-4.39760602456209,0.4478512231476096,-2.3385249800908796,2.802462053397286
612,0.6630113672615525,-2.6779341783737247,3.1005970350532728,-4.896380857927882,-0.11890865614274948,1.3526669922930425,2.810004334239535,1.22579972969239,0.24865084469405085,-0.429964840894105,1.1753941841658504,1.4200607344804264,2.454087310753421,0.7962835575667292,1.5596527449702244,3.1385941106469364,-0.34437462653404255,2.5855279645354026,-2.317236075618886,4.678564033996379,0.13971912665060407,0.438609384520655,-3.4090601971666925,3.536033360170385,3.2766118064705765,-1.2959581697408533,-2.2502330790498424,2.599292108895363,-0.8172780835107367,1.678990479322107,0.5243461630866777,-0.6158143641530814,-0.9017663975525424,1.3075742932368442,-4.020644277476028,1.8145978595534524,1.3406329633295178,0.5576523883366347,-1.562941347118924,0.8201040962998026,1.66380460627078,-0.009598746332860623,1.1968441347972831,1.7510850221499814,-4.88085906511626,-2.40245891316207,1.8851501642494901,-1.3213045683072568,-2.620928695569082,2.974399810411532,5.40647145743602,-3.6119729526893387,-1.021314207823379,1.5020873247397835,-3.1458015125377017,-2.2482718332047806,3.971879604831324,-2.0391982268952265,1.8278327362522186,0.4658581148365596,2.3390396244448484
613,-2.8246934571315263,-1.3530175643456706,-2.381928854903188,4.234624399340243,4.698272060741707,0.5487080784494236,-1.2891710161229122,-0.0731242780164241,-1.0382052230798828,0.42305097729193797,-3.0693593649778155,-1.4894976481204856,1.0968942539232576,1.3460839402148075,-4.739121005486402,2.713199762935661,1.1642601516892321,-3.647459517703006,3.6380304564833965,1.6562380399053547,-1.354069410154563,-1.4608812622870382,-3.0175289281219255,-1.0030862086311902,-2.079686876014542,2.1239000831911174,1.923791875563384,-0.5249338991133196,-4.8604877649854075,-3.4708684605944873,-3.7467561417953616,-1.2970832809232196,-1.2921314556528285,0.4783021038508909,2.583524097361239,-1.3524375678414535,0.4045250809468378,3.535798595223754,7.15730904113923,-2.8069072171346185,0.7693129979631547,1.7770231207585252,1.1078486445602278,-0.28942528770191783,3.072075626695665,0.5117520508140658,-3.529927762959055,-1.2556365740062676,-0.45842291507320365,-2.5995054615932833,-3.4097672066271913,0.8575080025029308,-2.077340486310568,1.1741829119034506,1.8693432142079338,3.94396078478482,-2.2100045097641154,0.8105001686258168,-3.2961234658331637,1.494653686077315,-0.02848676898530289
614,-5.497022525800167,1.7322999503521512,-3.647529474585287,-3.98730592124702,-1.1969943609435747,0.5452927538965322,-1.9825433228313312,0.00203655044288871,0.09110385144441296,3.6121468000677988,-1.5238599946611193,1.4630862931402058,-5.199071899115784,1.4300762270834135,-0.23083302524864113,-0.6274538762497085,-2.0640359432457873,-4.677114757981071,2.1568896980312577,-1.580995600734287,0.8129960815310364,3.0958816638911975,3.9696465005161103,-3.0698163594098946,-0.7353367696318343,2.4936939359576455,0.8403696818724598,-1.4037514539433489,-0.7279993199747052,1.0295857781219033,2.7414920244990992,-2.185311030043125,0.24509784091596265,-4.173766618090717,4.047770690462562,-1.6582552533766297,-2.34406355937886,-3.4053874322673243,-1.938053131704092,-1.420541332358316,-5.3564528904363655,-0.6295603940019668,-4.810075887821393,-1.7402341414296165,-1.8846956804568435,2.2952720052388123,0.7992539629553087,2.5127577530894856,5.480702684787868,0.9042887686324275,-6.030629465078649,-1.7459126936333198,2.184251586121207,0.6824785226517889,1.6846479045511464,-1.1114504694682266,-3.3043345690740926,-0.16497503534852986,0.17070938305610456,2.7273657539729403,-5.591179182501168
615,-0.8464079164319591,0.26304535117684885,5.030765586833356,2.44506522399894,4.020999322135901,1.6697662301028713,-1.535449734892919,-0.16734914904289885,-0.53243814953454,-2.535624374624031,-1.7537264135555781,2.4474630564643953,5.896644627242561,1.7541944139846708,-0.3087529264737488,0.7818736151531911,-1.0349284583454752,0.34180053486207096,-0.4938705943802527,0.09173862508809033,3.7512635068476285,3.2472906966192805,-2.0674038147501776,0.2247802798203551,2.735591988806607,-0.349932466031896,0.13967707380221417,4.325345104424269,-2.2434378170715195,2.346601943701856,-0.9549743993346502,1.0063293417351213,-0.027282318367962438,0.9381976491988901,-3.1059607506067524,0.6864636570901848,1.829611920179168,3.8263920882043627,-4.021552152949121,1.8201587495393905,-2.058551391626457,-1.1361760791120379,0.03181681909336748,2.843611146922602,-0.9664491179407659,2.9293910636631133,-0.05696672886847631,-4.780202232606678,2.2004947707992697,2.241638527833774,1.9600539454517711,-0.20766133782195365,-0.44000625785092995,2.340998857072125,-0.7210814932937367,4.2168534257533805,1.9257036254823023,-0.40713281016170044,-0.3067308797445565,4.553468620900582,0.19102810795387715
616,-2.6744495233718473,2.9154564847220827,2.82905069437412,-0.9320914193785748,-4.723612300868151,-0.9851806353935378,-1.3004375629361558,0.1809164073653391,-2.8732977602606806,0.5814094573493255,0.6326580264044839,1.3880616004087085,-1.4293854208069385,2.303861539352098,2.6104974033302693,0.2225114120917333,0.11512797187396218,-0.44130174966330954,-1.981505615731282,-0.5006740697357152,4.52181291580068,1.4329292163354832,3.30521497851908,-0.0926296623887192,2.1681618317709237,0.5487269233030304,-0.8600133834798368,1.7415635980635813,1.6381604554666171,2.763790462228581,0.9225529809766897,0.5362724029812935,-2.217901965960974,-0.3594574778831493,-3.454949172636519,-2.271574266029903,-0.27038573028052804,-4.363565890532455,-6.605823525367416,2.978559502747432,-2.8343325749388124,-1.6467198037810387,-2.961256753009936,-0.9009966722508127,-2.226431502492678,1.9549879452329633,-0.5548011520554711,-4.679374573194221,6.452105979236701,3.6182237494840837,-0.8411887353941155,-5.0321882428394655,3.34143035745635,1.2263681085367377,0.6930256461581175,0.10390081092538425,-0.20195677487281535,0.32455406067288034,-1.0883310800498105,0.5295728066742369,-2.834170468623498
617,4.416967751993376,-1.5882552667146215,-4.809834246778541,-7.196174020626409,-0.6746871841545208,-5.626181278478478,-2.5856377839206455,1.384935972674427,-2.726901910639355,1.7071772495987318,3.564563170093398,4.3130073111319085,-2.1462182097282945,4.554363005185944,-0.34398476982021936,2.188676843881189,-7.233099424312075,3.1302772983794043,-2.632610565036715,4.475736235482275,-5.152283016763482,-0.7545183053649056,-4.824302912513581,1.9070150199600746,4.08310381353513,-0.12113096363106547,-2.853098635812187,5.608714968293044,1.8892875502468343,-3.5880436113178518,-2.0736083811298394,0.1646901170868054,5.7021731102409055,4.876412503327709,-7.24773211210249,-2.648661896766345,-0.6404528647789747,0.5914804475524478,-1.2534633377738786,-0.7196984445624723,0.4588233953825613,1.6754082856969812,1.8998286178830417,4.500008469316422,-4.974730975107743,-1.3382047041796856,6.263846138801229,-0.7623334932727651,-1.0733987494267916,1.2932413089862957,7.421243340111506,-2.920678359623094,-1.0309381571980303,1.0004067948327688,-4.3055010100790145,3.199015019020874,2.1089586967816913,-2.3838964852621416,3.0899323657543616,0.12723607452830812,5.231471874828693
618,-1.4421022384257527,3.833778770130251,5.34442638562338,5.983178267156451,-2.7406857931888506,3.4319732288058606,0.1648959136233411,0.40781969933637674,0.4371812292682875,-3.309441483785586,-0.9517658011406215,-3.8627569911871684,1.9111215562731545,-2.3039770640069572,1.1335877402227894,-2.406451569238662,3.523897469274871,0.1876000767423996,1.5252793894164662,-3.9308272236681394,5.433004440402353,0.6131307557771555,2.8109799438832312,-1.3760602018746977,0.5426141340731968,-2.396373641518847,0.35981351292095176,-1.6522047702033031,1.521154892239985,4.148802335767931,0.03076427290289005,0.5937909123442507,-2.1948012877853635,-1.3442902971343484,0.9400096266156825,0.9399286601669266,0.3270580381560406,-0.8198406609551318,-4.666070436643407,2.7770376367321963,1.1798151309333882,-2.6735961126121035,-0.9108949883964798,-3.7233632139869943,5.125724274190328,1.1803629413518657,-5.310993778387777,-0.3287213976066057,2.286051481645437,1.3165337954404146,-2.6616422857294966,0.6516522616842672,1.466860905031795,0.3079406215743538,1.963602705283483,-0.7629672412895259,0.5635261245775558,4.615957444439633,-0.9423287708596,-0.5786883122189979,-1.5947135156156262
619,-0.6956734168311561,-0.4625526266188341,6.541853105120692,3.180548259435472,1.6582215750019411,5.971030506814048,4.3332303612719425,0.6538740844549362,3.974580320548693,-4.093605148751504,-1.1643388537065897,-2.2903430301413366,5.814670854026314,-3.32270978114664,2.5379564326634116,-1.1395543691260075,3.9658936590155864,0.9148276698822955,0.7330878244754575,-1.5353278159643817,4.770682616168776,2.9836459648192846,0.18404769032101942,0.6640739528773071,0.04037274168614673,-1.8531819175950788,0.826888504702507,-1.5489146198527015,-1.4651216432396394,5.553252302477608,3.643561055329929,0.058450331508699854,-3.1695882538580515,-3.0143625996843966,1.6880700925524257,4.713590928482584,1.8726747294886008,2.4878818511256036,-2.692258428919891,2.327054510717814,0.9750374256910316,-2.572859136250562,-0.29383748928434983,-1.7927735897253696,0.7493333835168092,-0.27213706901268303,-3.19398663132513,1.6708052800385493,-1.8653246595967288,1.2278826922598034,-0.8374651130038969,1.6808185712872339,-0.8228358571595226,-0.07664901147488289,0.14935159003973564,-3.7206606108879434,2.7885316182430953,1.1203546005348193,1.0240259377073004,1.5294435699545672,-2.4057931570791427
620,5.737055617218272,-0.37275250309840335,1.3950483673522325,1.125019817470518,6.156963850795789,-0.1830832069201779,-2.008719010183972,0.6887269398851824,2.4993887617308097,-3.5442258995646734,1.0792155168012314,2.9756241332890725,4.986199068370673,-0.9241215966978722,-0.0867249720368842,-1.9691231732609389,-4.413064273875752,3.0727458438082786,-1.7186907959323259,-2.0924154947678275,-1.126146053556202,1.9715338693048503,-3.252044629875929,0.4056010121457204,3.112185194783561,-2.327156380208073,0.6336434814109494,4.680804922715313,-0.2817787985501651,1.153611830857119,0.12288832067364558,2.553458602292399,5.567607589509663,2.4805612949575537,-2.875606664788608,2.171345509824908,0.29070418008759974,5.598319359071544,-2.7288154942904375,0.8209545546574907,-0.34297553269505154,-1.021372195809597,2.198471446797936,4.341812425773339,-0.7221014580460579,1.4180881498246183,3.9539231405453457,-0.3423224266345086,-4.508962885379556,-0.8588760391449639,5.359999495369461,5.148269100313014,-3.8921790500660425,-0.8228777121834439,-3.9164558754169225,4.529801376222787,1.8722209454831171,-1.450574406796755,2.1674401887743087,1.9239394861951657,4.615482649575889
621,0.4168633440964334,-3.1612931742352357,-0.06622249449102435,-9.401120171096391,-1.590286248745924,-1.7327854526834299,0.43263270334863846,-0.9812397008859947,-1.0453556177838146,3.653748358663788,1.7199012030326253,6.736963865729772,-1.2382204233246237,2.7802613875682733,4.173674349791216,2.023418947174726,-4.036911659998744,1.4887723473183447,-5.236743646676236,3.0587602568013055,-0.803372182490364,2.7683324169863868,0.5969136262264446,1.0986567442034563,2.3923257906114217,0.9406000726159274,-2.0871147253010327,3.1722593240572263,1.083186790571237,1.7866404018699837,3.968225526809224,-0.10870578244460849,0.649755656405032,-0.16795325756487522,-4.138617239265524,-0.12837228959383973,0.518685624552565,-2.486411239782946,-5.102836892470559,1.8326004553875535,-3.71957989190526,-0.12555939934922816,-1.6134225401339122,5.789871083878142,-10.30550858648679,-0.3292715353199407,8.107702654789076,-1.6972271005181736,1.0758367584786448,4.128771497219325,6.012973353762952,-4.267093846949855,2.531350964918862,0.26277139173906194,-3.3084209066064703,-1.2800608660834223,2.4616305943331294,-6.534214878723853,3.5445752506481627,0.9615206416797157,2.5890156042580013
622,-0.07164136840066748,4.688712586847911,-5.074636156507959,-1.7569864187959734,-1.1943987233715516,1.5055060402498375,-0.6152740492684716,1.9575370570292474,3.332613723750404,-1.3840929919321443,-0.8890007070108731,0.05356893791111922,-3.796452498139067,-2.5197278285208786,-0.9194572416820889,-2.6170127294843346,0.03885099688477578,-3.9457152431755027,3.9478499419469366,-4.394051386804888,0.3033529720348759,2.499922330010139,2.0789898137730134,-1.1522510608782475,0.10359174776334293,-1.7112912045367692,2.1040677836191346,-3.0695141828451513,-2.1904358663757253,0.057639605071383576,1.7260020125612652,-1.232761427416386,4.649625276173516,-1.8422181991395208,5.45977572572445,1.524362168471423,-5.74369460167267,-0.978645381544363,-1.2583407595657194,-0.6287169269174272,-1.9799573112383317,-2.1489760468017414,-2.134904230825852,-3.7498946902837247,1.349358258284836,2.1981915749695706,-1.1630157991648251,3.673654706332231,-1.5298770635990393,-2.9118532601262643,-7.539305353223561,2.7989697395357234,-2.748545660855395,-0.7347288576881517,-0.7965735002582806,-2.7085232303889852,-4.228473503802712,4.3011381010459235,0.26675789867189964,0.9070839369847873,-5.074951792080816
623,3.8632722735217278,0.7463637043830292,-9.315793463434453,-8.98129869494885,-0.44087452444061226,-1.2936237946773326,0.5473048654016854,5.2006571677103945,1.8611953048235514,0.4894495612930897,3.705446259162232,0.8995483971813296,-4.36192843655734,0.5202310854815448,-1.0877888273087437,-0.43237533934975414,-6.893919029412392,2.0078280914462496,2.2122187149980133,3.419904258368116,-5.684175793464115,-0.09534573401120122,-5.02128719006925,1.6106766996073054,4.326266930473048,-1.7896761807906774,-3.4122417882074956,2.363722753475061,1.5655695020534148,-2.7459527618067416,0.6270506816330639,-2.3799307832988417,8.780778653599052,2.2257298685069564,-1.0381636921469364,0.8463411319878692,-2.272179340461503,0.269224556079593,-2.2178471872238723,-2.931591573123378,1.8555459805497636,1.7942395813604606,1.6256586829302357,-0.16858639819698007,-2.4140713420746422,-3.9648846752425597,2.9749408910813973,10.28144289921892,-4.950103345020807,-1.0747058795481141,3.8241160273348918,0.45716027571704526,-4.018930235063316,1.5152810107592936,-5.054555427131532,-3.5686845455613154,0.5525921657267684,1.288918033191754,6.887342210349225,-0.8722708540492577,-4.776598539518639
624,-0.09269921706365855,3.525488065021344,-1.9186447445285941,4.707498846939982,-2.2984975099222957,-3.9884028807224734,-4.032066381631217,-1.8513865390166206,-3.2203232545367766,1.781897490890758,-0.14787505966251263,-0.7438995477167203,-3.6192666627336383,1.0187175944496505,-2.294374078699034,-1.5817686008166643,0.46217747203951154,-1.1120668295262657,0.6029939409803511,-3.9798107129832125,-0.11091517061385736,-2.6021946969072958,3.8605319352806116,-2.6847106002163366,-2.6303808194206413,1.4735512331360117,1.4206136048568023,-1.1491148336475507,3.2179191739528816,-2.541360793423065,-2.835351924345585,1.765349824578404,0.2132474185950956,0.7004084734210687,0.666574373963891,-3.6882532393118685,-0.8256096140760191,-2.799616237096775,0.642299753519453,-0.9315191322876448,-1.2381009699431225,0.5790285702390592,-0.8946734924866286,-1.016242816909287,4.695666946740904,1.6126473019768093,-0.5090286635954848,-2.015467024194268,4.904798254909476,-1.0747611977148277,-3.5719657352380025,1.7474000743934452,2.6367795332412998,-1.7666120409084165,2.5841964373272415,3.705428523014885,-4.173124679592013,1.8986614810774678,-1.7252030308403308,-2.1661043053907614,-0.36599126868494447
625,-0.2720770478601925,2.1878909259945223,3.8687663642892884,9.754031517686123,2.095077662393181,-0.9295382528498236,-3.037099524255893,-2.784639280011117,-1.3760652669810587,-2.386866413539466,-2.1737900278010254,-1.722778731515684,3.775392279360554,-0.45882294791929035,-2.071967027394993,-1.855782736836875,3.6291699487156883,-0.1494611366856775,0.34539215575634835,-4.424472399685509,2.5733669327752335,-2.0237894737401767,2.0900667356010443,-1.1854444705435885,-2.351963736132501,-0.1235166554588923,2.311789749275519,0.2095328712490181,0.42475505122569823,-0.029545014665062902,-3.2981160085493366,3.230231834485702,-1.9516086611482377,0.5998111772886027,0.012139227072314462,-1.891773501680335,1.1082171323195196,1.6948445767775797,2.0305902503986695,1.3940826681173926,0.3028648011563754,-0.5873787133852357,1.2288809279940764,-0.1875992725586303,6.92504568181218,2.839519187233446,-2.5103683670417882,-5.355519338540224,1.824682527729936,-1.3023837393491051,-2.318761142070832,3.523016388403355,0.5468937016506213,-1.9302506857094506,3.4463290596302096,6.1533301271153,-0.9888022870226439,2.428533369759145,-3.716823663591527,0.005957100722480124,4.964833770566748
626,4.800974381906104,3.0500935676148484,7.974430266766879,4.84650152090797,-5.956324470252577,-2.227137483382246,2.0625287059725634,-2.582895081918375,-1.1425220392452926,-2.51016115185694,2.1292885404031656,-1.825745925259277,2.2152886573003814,-1.8417245185643183,2.7872410785028015,-1.1472996249644172,6.24518495384376,4.4509202175381395,-5.321889640884469,-2.1700494877553638,2.203379706272059,-2.951543976791648,3.3582760108510032,2.5321030392126374,-0.09399617007574959,-2.608681036017549,-0.966022568418879,-0.8381134389945613,3.7737668558120845,2.546010246919423,-0.862560188871746,3.6833602742139235,-3.5974255701796793,3.1627140584428948,-5.222537578746802,0.1236512805120587,0.04708490572473166,-3.766019674166792,-3.0645707371861715,4.321769786516144,2.6758474693248204,-2.0795409675235974,1.5025196992989418,-0.424889165359261,2.3767431122393354,-0.14810184909545082,-0.07591320806223673,-8.158795096633353,0.20367348604479807,1.2043180374526705,3.6185102310187736,-0.8433543808454509,2.1082720137539677,-3.4127281285192765,0.3973704916504599,-0.24895600540336438,2.295467120678787,0.9129393545262054,-3.2626623023173855,-5.265224373092245,3.155695725494297
627,-1.8279090071707231,0.21293435341185568,0.914349808776596,2.4386396564352304,1.590331013945723,0.8561917280844329,-1.916719903621571,-1.0255353258662172,-0.3589074534880806,-0.400144513433964,-1.772056780438201,-0.05945518680862043,1.2430969134774599,-0.04311974259041246,-0.38562150646009796,-0.8871922859249671,0.47108529554312895,-1.7271381039579685,0.8197692807764524,-1.4767659760727279,0.7130884553621681,1.4135272170006836,1.3059414605307627,-1.1657617376147038,-1.322994666800883,0.905192381428285,1.446644505579094,-0.0690450373225231,-1.538618916773224,0.31555072833603615,-0.5114081663913408,0.07841904936542893,-0.1499021386756716,-0.3915574588013914,1.660674198372796,-0.6060726808962805,0.17953542740724657,0.9024837570706826,0.8161255327848481,0.10142782501035183,-1.1671192327950992,0.21640713484223656,-0.5139796070873154,0.2226013547065907,1.8537967456358557,1.6474821535216166,-1.3796847710670723,-0.9709402238695017,1.0997331083757644,-0.43499608423043834,-2.463601059976185,1.3667659856712473,-0.359597326079939,0.6111380987732689,1.2921381875438516,2.308740052311857,-0.5540630008200917,0.21650142776000394,-1.4404599236476872,1.1098085946138414,-1.8887212923485348
628,-1.8738737240568555,1.9298962733804637,-0.3366211677178087,-7.354052868985789,-2.189450573764835,2.744840174892896,3.8968206721115357,4.799171980431016,1.0400830045811524,-2.5568854104723187,0.8246626359883825,1.7876329895169119,-0.05956988309446265,1.0445626779885873,1.0397292513871232,3.1004276098071086,-0.8537649058377689,-0.3344016415841888,1.2547938684253066,4.437399349076149,2.3658100249369816,2.731693017557161,-4.331836961559247,4.4925094500517915,5.957007322358887,-2.507486024087923,-2.9930406817451285,2.167332547537277,-2.4254061334519617,2.9881896759206006,0.08562915053863149,-2.874406584594862,1.7187353353997115,0.9066909322990792,-3.4559189660672085,1.4760518603470647,-2.6846722197498214,-0.15887173223791737,-4.119652642421263,1.657746026497793,0.8186978865938747,-1.3870450469305646,-0.10871736859882,-1.598819825272912,-4.488559082513957,-0.6337048014298292,-0.9851282932283968,-1.626285881670329,-1.4798948279309925,3.0399236281719415,1.2133965088679128,-5.915744515423518,-3.040111344292246,3.613468034007855,-3.4934670186599672,-3.4150056402087543,2.0347439076436693,2.518549578225528,1.4292621867343038,2.792028379422728,-4.887922061022998
629,-1.638847108459211,0.3606966678208464,-4.14481944917842,1.0989177075194374,1.6234065175543906,-3.273063577882615,-5.131873992223378,-1.1339403377325987,-2.332597273807536,2.989702097840055,-0.8338437065649121,0.9329998890027509,-2.606644857977348,3.675094648866608,-1.746839544614598,-1.2518895459239578,-5.279206847322975,-1.5407791870564294,0.6408494021559121,-0.9811762610174002,-1.4700397513396273,-0.25089284147934876,1.4899648862154575,-4.3356759047826525,-1.3654930045366402,2.8404789752719664,0.6336647940822897,0.9008176478944068,2.4384852785094413,-2.4398305411306245,-1.293496450935611,0.3397145937293035,2.2809932964078126,-0.5718947969053815,1.1376609630966223,-3.2710800530294786,0.8834397251121338,0.25105876452052384,-0.04128496885038341,-2.3122858827880135,-3.5315256020948276,2.1138206717826793,-1.1382767863381291,1.7589636587228217,1.3492042911902478,1.3501883918263302,1.9221283331193462,2.656905617733696,5.063716358255147,-0.28648105650810196,-0.6561764828272428,1.4634112545520266,1.9403698118018593,0.7128279139406176,1.7969572010994879,4.52831293531904,-1.5428374270501384,-1.863649109890284,1.7636216643719282,1.0623570628733496,0.7402782295371935
630,2.637203765039488,-0.10582811252152874,-0.20661768905359273,0.5008903356830169,0.9155859339217469,2.798735670521843,3.9546350761399176,0.7418313662627728,4.651548450215109,-2.3360244303136803,0.5752798270730866,-2.255746747564382,1.4568373345770496,-5.2733800837102045,-0.31950941681271805,-2.5127545251735324,4.802043348183739,0.3168624396459949,1.1380626473305107,-3.0192669757328625,-1.1022126098423197,-0.4698557379395667,0.8073845531159165,1.7496216576748471,-1.538889839359474,-2.658990116323529,0.8965772031210691,-4.920880114798631,-2.1930289260749003,0.5133595613530706,3.0847375575934453,-0.43349061717472226,0.801876101222053,-1.4468696891865422,4.263546562203319,3.822840005963117,-2.840937796668088,0.807295791538237,3.69366589383054,-0.07983602173576052,2.3508123986506293,-1.1664813308791024,1.387936140148117,-2.974624373630265,1.316481954208506,-1.5440578663709525,-1.050530169727513,2.830861221277545,-6.675954443568204,-2.829126174207117,-2.949365077369844,3.2963512011001046,-3.5895370757927005,-3.0861633897419445,-0.15117730553026293,-4.930881319740845,-0.9508821008378312,2.098348719457748,-1.0663344974868474,-2.7715787440594823,-2.021690678889803
631,-1.1887933866795444,0.7357993813026082,-4.791722770509577,-7.190396719584922,-0.9917416078847433,-2.6789568221432303,-2.566407260062299,0.7272778542686091,-1.3901629746589137,3.127150794318853,0.3646306552803348,4.379028375780291,-4.166055600067148,2.8721244792441194,-0.07836510756986201,2.0807998453478374,-4.02867576265783,-2.156946008490154,-0.929073588560605,1.6669031230749825,-2.0646309563590393,2.402756539837422,-0.28899103802656567,-0.27585070955954605,2.3477329675859377,1.333629888107699,-0.6579255745555459,2.329830277818011,-1.3048363500006026,-1.9469195392557717,0.16309896754114087,-1.4663574353845115,2.61188693716539,0.04697529132660899,-0.6680279092873025,-2.2610574509320847,-2.590322243721238,-1.4533504453451394,-0.8499023679400537,-0.5815252517967388,-3.266537219880724,-0.3674654724455666,-1.8439388326934372,1.635742344094418,-5.808223441062763,1.9507731754006195,4.161301765122211,-1.3418003107059226,2.262444973680477,0.8743395423401855,0.1373071349424072,-2.86654968601182,0.22765989616259372,0.7685618541728425,-1.4333129041100159,0.9804121337982326,-1.9770894757426658,-2.2654195307543907,0.38174055642670196,2.1819304021359502,-2.136534524696951
632,6.711453243195801,2.386867110876481,-0.2919606836033859,-2.573956771810599,-6.693875581962837,-4.241646711465471,3.6430591041233873,-0.1746758460492095,-0.1929020812767281,-1.079453192358347,4.660730779260007,-0.5127396134512445,-3.1397794422532166,-3.893685215703383,0.3015287103979127,0.7977016609494179,5.913810135348018,2.6207767651288285,-3.95721779407998,0.40442125813608,-2.656091983439243,-4.043057469338282,0.34353193770872326,6.27508554598753,0.020305588758713466,-3.3569401481315975,-1.257738784217996,-1.4830088391644969,0.5025761736124986,-2.4457180782582313,-1.71350939527375,1.301808043716201,0.9516319872029748,4.576183141242356,-3.295066332493263,0.417913060552959,-4.883492829426146,-5.466572965859069,3.9107990604337637,2.3627605530349913,3.558838413320136,-0.7336499650292363,2.835407799971937,-2.1024208387992096,-0.7944487676512375,-0.31957430850828,2.0871928388825958,-7.592027451841593,-6.64014974969807,-2.2984622681388256,2.0245106413407314,-1.9880383557936654,-2.413402668113405,-3.8446122912883602,-2.0535666307658467,-3.3058052506311286,-0.7106644179975262,2.7885405992674626,-4.579919029939352,-7.30225817116745,4.426534186156102
633,-1.2722632079667633,-2.227602961739871,-1.2084496566079057,1.5575790581349984,4.283650945832363,-3.86799344346131,-5.825724752238789,-1.7579374920363604,-3.889007825298,2.8060597976970247,-1.1094414313003387,3.0430813767792104,0.8643095657148935,5.2790996821727,-1.6177249569271954,0.20836293107798576,-6.307751233228524,-0.3387420477433385,-1.3826068052044815,0.12393163866533374,-1.8214521533545727,0.20418292444226518,-0.9790176029047698,-4.987978422541158,-0.8357963415435037,3.432601849283677,0.2541316369853989,4.861988798391749,1.4684307601071223,-1.5989791195659824,-2.5821812514549682,0.6362929013905014,1.1897381995962502,0.9632252501616299,-2.2761693055723695,-3.5119782661391366,3.6555841879307067,2.539831382158246,-0.0024325487737206913,-2.0381517446181268,-3.209484145559801,2.527282383445775,-0.345051606922537,5.787925992232521,-0.5603163412228427,1.3753468334207335,3.255335207336293,-0.6454236081035607,5.134672179406019,1.2354702121628365,2.9147279039648306,0.279954657215857,1.9639088574926353,1.2530299407715473,0.6331247588682112,7.626869842594898,0.7475859250444754,-4.604728202120635,1.393219635461084,3.023808143591502,1.2894189600792982
634,1.539748302517808,1.287242891263738,-2.305354159130555,-4.786155115295387,-1.5697308252849644,3.581379157801667,2.592012892025477,1.4968215330765464,5.619857908544173,-0.5019771051146812,1.6470746828791527,0.6524911839057126,-2.9457424026030608,-4.576219405349458,2.5306226192364507,-3.1224443611860058,1.0795543156321532,-1.7985170402393604,1.32270669375145,-4.208972868331389,-0.04478889138860931,3.491933001118539,3.3326847897240754,0.700856204799243,-0.2868894996091547,-1.8466188939864376,0.8987727597947899,-4.8312619213092685,-0.7187453857413697,2.533788725632768,6.5016781092419516,-1.2248438684397602,3.365815937622059,-3.3127910356448744,5.382399357749266,3.8745939596166394,-4.281152860468253,-1.8913911042342937,-3.577554304856659,0.292174579662938,-1.8897356485107626,-2.6210440824171393,-2.54152305363357,-2.4857852606387945,-2.009280705064031,0.8742162518895872,1.8045649658045662,6.115772404830463,-4.247926700553475,-0.6339332143897165,-4.701378207366162,2.0733223685502766,-1.038664033489081,-3.2490987126210125,-1.8162773208700873,-6.9526556192506535,-1.3906797737409649,1.0829551627542855,2.4088214360143434,-0.5841649678482373,-2.8079221187858816
635,2.8353555882416837,-0.6456188707216282,3.1374621640739258,4.700605201133674,4.009936004770108,0.04352965201638734,-1.645929802574333,-1.4229486516307346,0.5862896817675693,-0.8395453638904975,-0.5727398482283298,0.29149142384899135,4.323951592769682,-0.6182804382321212,0.28287562378527437,-3.154641142019008,-0.9603882718766995,1.9036300790923313,-2.1633917200565134,-3.390338994575445,-0.19572944997847283,0.620510707236975,0.6883004971975883,-1.5376340055582558,-1.2276007618055946,-0.25804210850526704,0.8847127564128681,0.47840471708036303,2.2060585787965312,1.0625657281236807,0.910396942350191,2.2552758141173053,0.9894848628214404,-0.5240692580493844,-0.08389424229634918,1.4206544171288449,2.0822521399257408,3.645319575642904,-1.5789731572398793,0.4733513090430067,-0.6854236278281816,-0.40869913490888654,0.5579493428047816,2.6604500768333583,2.2430849041407184,1.0304517595363407,1.5038012453236271,0.9838257351916692,-1.3820379904529547,-0.041072615385491396,1.5735835792146977,4.832935863725537,0.005210895657109145,-1.2932940393846177,0.06462419395363656,2.933378098951178,1.8109815647244076,-0.9399138687170818,0.6687638815021903,-0.2603484071284379,3.9108724943792272
636,2.8483934919804565,-0.1294674462104745,-2.118535655375634,-0.2407442603653324,1.2852425130497218,-1.3500860103210308,-2.4527619022172846,-1.7817160706466808,1.0083998768395706,1.0192620954388438,0.38180535388868564,2.2448422012412266,-1.1237125017462262,-0.7745722417179697,0.5575719218129094,-1.3630320232061148,-1.9124893177943367,-0.1425453706610662,-2.193704624887748,-3.3738165636931488,-2.0002306385355593,0.9248271522339866,2.6401171167192126,-2.26561296815865,-1.9210331391529372,0.8700898950716437,1.4333913743613547,-0.6924590621684586,0.3719283706362292,-0.8750547456919702,2.531497858559651,1.199977699399017,2.325103660224532,-0.45875223250648134,2.0947246995830247,-0.1167255547962424,-1.1345182983174624,-0.13329566294123382,-0.4511051317084108,0.1733033962856585,-2.7201837968705713,-0.45733870380652486,-1.2315983173666394,2.436208456403873,-0.8486699055597864,1.525991176603187,5.151188979761964,1.1228186066274488,-0.7524469653831329,-1.0771376574086737,-0.12329485942195567,3.6015856444001737,0.21446885794928353,-2.182632343685475,0.18211500957798138,1.0752782284325835,-1.050626340530359,-2.3025325708918967,0.870422603618415,-0.7100577147295646,1.16720047532692
637,4.568016844599773,-0.9958851522562776,1.2707218203979218,5.819222695364776,3.5496093490003187,-2.1749371688878143,-2.9186261560281603,-2.364673714927209,0.17300946899308162,-0.24389420742023454,0.46445611418320215,0.48489749957711215,2.3826887411490483,-1.0312918063373597,-0.5216868277625514,-2.7093371245044837,-1.6069863331920784,2.2433499193407265,-3.2761318673278885,-3.8564831541254505,-2.1458119560136764,-0.46349578919364787,1.1066575382298818,-2.341515626355538,-2.470661856816296,-0.2684549581754318,1.071638587573706,1.2287222373433226,1.3822633848360706,-1.822725951723981,-0.35363369329281674,3.4630168758923694,2.362830156884583,1.5672626136605399,-0.20099533278120513,0.5943927227018277,1.5501124777185973,2.2988572708553194,0.3799176911845586,0.2398840313119012,-0.10366122894517596,0.9430912029555534,1.620894517819166,4.1618394548755715,2.298079545106749,0.9151936052940562,2.538082627118942,0.1346441527099242,-0.9670539986609645,-1.7933015151639826,2.403355765240653,5.239794450572513,-0.046856261406236555,-2.8061599440254423,-0.171801509325235,4.586772899656004,0.5600159275775556,-1.683553041032954,0.35463306234761627,-1.6775179859824563,7.620624874718478
638,-2.231471590481225,3.102479205918406,3.604592042434407,3.8106688576428622,3.5663334429443507,3.702573049769171,-1.9681474567221864,-2.41657388900501,4.064688826661463,-2.2322597813732274,-3.069876802726386,2.7741066455907606,2.143995704673424,-2.736225129507457,1.8143061082226544,-3.6231006625026727,1.6080019516613062,-4.847125514683123,0.1470408415907403,-8.97350680604931,5.499188239023384,6.839666234401497,6.331536502375992,-2.3426769660197126,-1.3785020248902813,-0.3176879817455781,4.321906548189018,-2.5923164600846533,-3.8830187751181264,4.926980571415717,4.805429925103221,2.0311408515013207,-0.3151226270703955,-5.236221737513672,5.444671876087981,1.992620456685022,-2.890534507123532,0.6509364257281233,-4.115545169408477,2.432618156176428,-6.878817949255956,-4.374655281565881,-4.908723611858556,-0.055663600350064346,-0.13832884635906598,6.674570877454767,0.4746296079275692,-3.7539850844935785,2.5691490609148495,0.5070444735224773,-8.227455855454622,4.283141325539852,0.4514325446046877,-2.396469707770305,1.4288732404451288,1.5419370887732013,-3.0191307025573555,0.4242600663299869,-3.056199526408885,4.057915647962311,-0.319242849814279
639,4.019266920282352,0.5580835227538542,-5.735931021579795,-3.6720930116028905,0.27565847893641177,-0.5132795688440219,-1.1274866044549743,1.31519524861678,2.4820061371091997,0.996002164613798,1.9511767095682298,1.542519385495645,-3.3737088176272296,-0.57091168880792,0.007317608589833061,-3.312706219814936,-4.072154845153206,0.27438995826568613,0.7623884106518307,-1.583402792209482,-3.875836655986722,0.26797265523985025,0.22445158977587135,-1.1094462815052055,0.5401817303102273,-0.9186316091638069,-0.2002202594578804,-0.5268477318630607,1.9793335339904041,-1.2957617074808867,1.9675298015520748,-0.22706101137979126,6.10707322976885,-0.6668783883938322,1.558544285364271,1.1592370477931697,-1.979318733573287,-0.4226010828559845,-2.3104244757958194,-1.8025554572653095,-1.508179308567451,0.49588693639792203,-0.5020294714566548,0.3558424158200901,-0.8521176235633026,-0.620243756598849,3.370124832021663,6.643109894753079,-2.229490080425891,-1.6159567092288398,0.10821168733690525,3.5263381482310847,-2.093656512371587,-0.931933732566095,-1.6044489648234566,-1.2419970325286123,-0.651686712072217,-0.4597405603837357,4.103888220192237,-0.7224559389208554,-1.0472050396169479
640,0.33849409851548123,2.6068603409394657,-0.362509264181682,-1.002358303184054,-1.148036822871899,-3.3059226651372238,-2.104721499231799,0.6176508571080921,-1.9801687630773885,-0.9385494228821538,0.31509696296489936,2.4438542909558696,-1.0661056486387035,1.8002374899195606,-1.8363771834627807,4.02687349402002,1.0138365343712428,-1.6129384862624623,-0.8021765074321225,0.9442833105161905,0.2053562817876894,-0.07778059367207238,-1.1033135162060366,3.2815747242223803,1.9651412143826215,-0.3530881262665379,0.07584400191513638,2.7182037879749275,-2.9307863824455325,-2.4817634568167075,-4.243864815980795,0.43733882164984217,1.2490772464169053,4.389885164242657,-3.720465913403182,-3.548880612517047,-4.509063605247323,-2.0303706431034816,2.5310798057645947,1.256511522923592,-0.5292706725793497,-0.4142528461262652,1.1439941384127266,0.3509362640405361,-1.575989688546767,3.624893797411912,0.5903854669544089,-10.234293178463002,0.15262460732272434,-0.19287717059045784,-0.2818447857653227,-4.069345274274197,-1.828598187414827,-0.1629976358952257,-0.6708886947466826,4.838730407810758,-2.951755798891607,1.8055817705069481,-5.740506470976209,0.7238453246575234,1.0826556095521418
641,-1.4226484993654716,3.768403617475647,-0.06846193658254013,-1.4916751484905835,0.4521224610917164,3.3961011123744806,0.6706839267021266,2.0786354107822005,2.7778189972247005,-3.4365495889492093,-0.9674228770173763,1.1469407493030461,0.5880543958299769,-1.928654739747746,-0.4606736268083373,0.24336121696881338,1.975188188720284,-3.5354556917555233,3.8192250969180854,-2.265397354218428,3.2351501427357277,4.48630119204411,-0.36975904653719605,2.581759792826406,2.536760050236018,-2.7752866083245427,0.8644433614137463,-0.6295195634195346,-4.911422971551409,1.9544386631028627,0.7186170994222442,-1.5125654612443582,1.6785453120669036,-0.7736494288149227,2.0982354888079704,1.3592037424959977,-4.831130619762143,0.39166370298028935,-2.2936572177856354,1.276398909123626,-1.475340714935639,-3.1821042927636984,-1.6063593802815301,-3.4486540628693505,-0.09069831312719945,3.2647368837705635,-2.5966046208336957,-3.3531938657683855,-1.8136698015322437,-0.3234140175249048,-5.761846942158656,-0.5593073047583529,-3.1828738939259122,0.18887720338965863,-0.7360937109826301,-0.31739466865307847,-2.0997569618283607,3.5546358464034977,-2.3672234019912843,2.96018835077288,-4.481285709963154
642,3.809295215295619,2.6355589903155434,-3.681828370471936,0.5197604128863271,-1.500981806122178,-7.44152661214957,-7.343697896828241,0.28537370778598303,-4.7721571376400105,3.2278825657011074,2.81310051641133,1.2360084775066948,-3.3852251489461813,5.7492255287397604,-0.6116699738381917,-3.669638996314692,-9.884116701156273,4.002762075930485,-2.6288059295844297,-1.1701362536386086,-3.4873397237209973,-2.2897565937601208,0.3113208217116135,-5.2092788358754,2.3854880829072984,1.9652791037280983,-1.1190508789097444,4.886915074503239,8.864594743544163,-2.8859259808107978,-3.516943155822161,2.3235031641156287,6.459314208415101,3.6525471255019335,-5.170741717994927,-4.590466289292329,2.100488153724637,-0.9824228441193593,-5.510786672034752,-1.0617454732527865,-1.247811225996106,3.250463291076996,0.5446886407102041,4.023408331317899,2.261381899382535,-1.3686549576862221,4.605300349965964,2.856684701141818,5.58302538003373,1.0430845287755584,6.433208708047946,1.126695153126941,2.4226609728075976,0.709717610910384,-0.7325965121325402,5.819431558869436,1.3993318684190794,-1.1939311955285887,5.06210316224888,-1.6318339214844897,3.8954358271502723
643,-3.590152829835433,-2.7358459379811064,-7.478306219845746,-8.485786037401397,1.6459788649711415,-2.8766521465001116,-3.614656562940302,1.08879610894667,-3.5809297500813586,5.623590708895906,0.03408932641747196,4.333240980398692,-4.264057779531851,7.331249356459773,-1.835171919919568,3.5021008726445366,-10.367273384615979,-0.9343776918476856,0.32117066812408523,6.418405662264094,-3.159571789825428,1.2960885523220815,-4.572438483457445,-2.6280446777871185,3.5195777880026657,4.210547189716843,-2.120959146951242,5.39354711934023,1.0323589974001446,-3.5958372088243546,-1.9692167193063075,-2.9318694607023934,2.7582078727282826,0.7898063597410571,-2.0058004944174943,-4.305580144205923,2.91439878774315,0.7386535167830561,-0.9033379004634556,-4.281270350383153,-3.320948982919927,3.529907154823765,-0.5423702970635266,4.192011552224527,-6.595077126435146,-1.3634738263696278,4.659430991534233,4.995705477225333,6.001241001792497,2.2136100652107125,4.378313166031975,-4.333163324485589,2.123171127578062,5.113585097766472,-1.653045819899701,3.0431603011335655,0.5756397202663907,-4.893030501147722,5.2399115219354835,4.4524953172487285,-3.5175166238374413
644,-0.6076849522514548,2.6076472498605234,-3.1759540638779606,-1.1922561534715805,-4.311346294684723,-2.9577421659619856,-0.12036556126581943,1.8111387684413764,-2.018109786314697,0.4034926105563496,1.400170082898763,-1.5027628560624915,-4.057300302345453,0.03899981130945063,-1.8559414435417847,0.7526556694255451,-0.49225424317271194,-0.3374178904649768,0.9736437796713704,0.9406070634879009,-0.7396082528315423,-2.1855124082105473,-0.17653263260384075,0.4525701391840623,0.5033087369590585,-0.3943636746516359,-0.8119733391147813,-0.21372219307240187,1.39473403340351,-2.205942713687272,-2.8306739312644744,-0.9339782437344003,0.807620542090322,1.8920042137146247,-1.1669420394250174,-2.2454180502198997,-1.8562458035880276,-3.7845542835203765,0.9055202462267954,-0.0390004941989511,1.5269566318813186,0.9599802605646797,0.5405002815559712,-2.3621949875164363,1.5645135121732687,-1.1946499595899511,-2.151731851461877,-1.1808059397280823,1.4465731774721473,-0.8022753262371374,-0.8330438087688815,-2.8458775869183515,-0.3315879130560878,0.7169878398357435,-0.17778091549105995,-0.6915558981032959,-1.9856220825064037,2.884553215583937,-1.4854168703301982,-1.7818130317854413,-2.9394184162696275
645,0.7031555186985355,1.5186747185253013,0.6894611875146657,5.522944077161459,-0.8786526963079673,-1.0320561678631932,-0.7697561018279471,-1.1550359892612359,-0.45302155150758455,-0.5974656422985328,-0.819361502431796,-3.9009693868476756,-1.1057067511830179,-0.9170961641593225,-0.9150873634836909,-1.9598403316080895,1.9935288335692312,0.46817510693779407,1.4183735920480816,-3.207710453769536,0.4066825402120271,-2.403917475144276,1.6153190399145068,-1.8786372545991485,-2.9802144322675828,0.6805190357973843,0.6599694711156169,-1.7700830149593425,2.6816134839869252,-1.3622055400020385,-1.2198782958325756,1.1453292727462918,-0.5666842448632202,-0.633495438098094,1.7438006920332767,-0.9590831886237179,0.6518758405925912,-1.2825689150908266,1.147115835508732,-0.019943478485846877,0.7905109094276438,0.7514306424335317,0.45634325398576137,-2.1766018661717466,5.493567302138283,-1.024893095802462,-2.9743112908748977,1.040370091146578,1.5529909353459264,-1.1918950506470076,-2.1335518138374034,2.3734213114668106,1.1724125233395737,-1.3239449811413093,2.310987931113022,0.15294153227540236,-1.5213105864472136,2.3126436813404636,-0.6638004576034197,-2.155099365782455,0.32272392336986166
646,0.7300440439238587,2.452805208565173,7.891194071996138,2.8216257075528564,-4.572138494001831,-2.1839310853193536,2.1400151044183873,0.5146526728932548,-4.858253863801438,-2.9361143899697058,2.119454698214788,-2.5273355761392553,3.4130555211968354,2.196902308278104,0.8011738965160176,4.104471381769371,3.9512764310747173,5.1958350526900094,-3.1432418043239245,5.530118387055896,3.3447193518062863,-3.8439375144091135,-3.5635644603176204,5.364557041892209,4.781057961237248,-2.3024454182477374,-3.753511709460611,4.845319409812347,1.9506402722659677,1.472053790271626,-6.213138690052476,1.4455358186618148,-3.7666906917295875,6.045957510062636,-10.280432883887883,-1.9425117721973688,2.312562283432561,-1.1404452090931936,-1.6560069347699276,3.695727760867691,5.3648939000511,0.014739682585369868,3.5463147807399005,-0.3623905235297117,0.7498678424208467,-1.1207201585052882,-3.513114031997967,-11.25482499007164,0.45977243486988123,2.6440293337847467,6.751288858490432,-7.498427486187223,0.5844971785071806,2.3416355153434525,-1.3407723324138536,1.537787094515873,4.563922920367223,2.699429758370814,-3.316042044588769,-1.8992580445772669,3.860881201261245
647,1.714015525094656,5.762449341338431,6.147389124030671,11.005993966355048,-0.7972366763937851,-2.3509623567773965,-3.0864739195727937,-1.860602369845184,-2.2796321526185097,-4.27445623126199,-0.47476695679113157,-2.467560945076405,3.2097206574647026,-1.5676278478203716,-0.761020886891185,-2.145151474201983,4.258828621994158,0.9476271894792129,-1.6714901084522333,-5.69992430677623,4.441134469028212,-2.335086865583576,2.8952434456675404,-0.3922199679622313,-0.39095403923516814,-1.9082757587085135,1.6883913668415313,0.4122787970687093,2.2048195172486356,0.48193380727536755,-4.529515414513504,3.8061223584114634,-1.6850813328489984,2.6732046728873016,-2.160259059924997,-2.815376837391698,-0.16410955952548867,-0.0869485264503882,-1.3211646078481496,3.711001147838127,0.32994786008581867,-1.68452411187513,0.8171361722022656,-0.7660010351874705,7.985698134422271,4.044381810142154,-4.871446719004719,-10.506574177346494,2.327046944379,-0.6038768036891116,-1.6281704705136797,1.5314109199509989,0.6926237525895613,-2.0887162840807605,2.661302207544997,5.88364226326736,-0.6124618219845941,4.6220570563893135,-5.542861993223913,-1.7587741706603364,4.812529884294839
648,0.11701892893865018,0.0017724719377532616,-1.6603695533596006,2.3117953409811207,5.017867702248325,2.5396119731449165,-0.7403095308386095,0.8005452999299328,3.769443901526936,-1.1998849804385512,-2.954822627401426,0.4051978249653121,0.3690150407034476,-2.2706578452687216,-1.5313451234476338,-1.444329497312175,-0.8308311658160343,-3.0425853748960097,2.8755002870820574,-3.6895810287556685,0.02649527732078516,3.4182224779166597,1.1732719199503254,-1.8410408302810968,-2.551259102494629,0.17359496655525278,3.3848955769779447,-2.4498971115952766,-3.808859426239596,0.5411221278818997,1.7151741613454583,-0.5709537471114174,2.029005391204868,-2.713787224949466,5.110972328608378,1.5192328743910812,-1.6633285898400267,3.462532156855178,2.266749239426604,-1.645352282346409,-2.589109779080548,-1.154128818421756,-0.41210288349006974,-0.6933467375233402,1.7706597192856395,2.364320449348874,-0.398928753953045,2.5238553467504667,-1.7191281522772512,-2.158427394370188,-4.893054256366421,4.94843718592901,-2.1222357646006063,-1.494148053125534,-0.16513364047413903,0.5391948423293279,-2.8937152575629406,0.951984699707817,-1.024961629058611,2.3225046421812383,-0.429822713120664
649,-0.5374697242376518,-4.40120802997567,-2.4484861610032307,-2.083106334799112,-0.14786532039890998,-3.3502192039705343,-1.8209980870634652,-3.449934459305284,-2.631275029474727,5.8187814863602485,1.0613634393551974,1.0594748366979445,-2.6262036797376593,3.4726743834906477,1.3050085330192096,-0.17246131279235244,-3.755468210597035,1.4838948293194805,-3.2664277329639275,1.9264231442114457,-3.361898715878623,-2.519005386124147,1.1913761226538515,-4.222978826899732,-3.7520921458104146,4.123362893105947,-1.5371408377684346,0.3358543042181558,5.141287228216407,-2.5419742242332384,1.5527636296239227,0.12685933915214065,-1.9713670304783604,-0.4604040976545633,-0.158969387965539,-1.7433257827081117,5.20905070334726,-1.7524459700150938,0.9975999884019842,-3.108956780158791,-1.403389354413034,3.4010157611525393,-0.5345710694901166,4.712510970791404,-1.98638183635826,-3.3580076246716466,4.621276915082932,5.944483163652988,3.7203608040620537,0.7309567292718415,4.872534467023512,0.5999535476951734,4.6319114059300315,-0.2696820988238009,1.3841297162040314,-0.21188807106742555,1.5183688847843124,-6.3150307631862965,3.9615759625248077,-1.9388572434939275,1.2990310235345595
650,-1.198976998251466,3.7642392786001615,0.020417831213049686,1.1695198765161972,-0.09530572710692667,0.34839378400662646,-3.6077528479387575,1.0655203742412187,-0.8496946758096493,-0.6916603867524642,0.31917173800202725,0.10179921541424988,-0.4199183236765977,1.8764491457464452,0.37243440762469593,-3.0099615184599897,-4.840133120762204,0.39192629878194185,0.26084852833214284,-3.41919030422048,2.7822768763103825,2.168232292275769,2.4556330384256113,-3.2686701781697516,2.870399256447617,0.1991989346967532,0.06445399230295316,1.435144199833653,4.082970734422434,2.376812481139713,0.8368297048827708,1.4288513226797188,2.3635170014436433,-1.6788233709589642,-1.191988036395477,-0.6790675391382475,0.5910625092625006,0.023687198319961023,-8.325793611674758,1.3172210188057023,-3.1269669197534373,-0.9089062508493928,-2.9148076262184186,0.22513904434356558,1.47424659871566,1.2798247393696356,-1.132501128871368,2.5031151590271645,5.525081478755488,1.6045485696715476,-0.5626048866951985,0.8518888202547519,1.6990818999364636,1.874402832002627,-0.25643962233251183,1.708496158175043,0.8926007798221427,1.8699412357193723,3.6291671349393027,2.276771392338109,-1.370871440690455
651,3.9623778391768054,-0.3835444539292252,-8.254395049160195,-10.625002649538063,-5.238090810940321,-0.9339510539818241,4.172278589839446,0.7247544797958062,4.187055609822232,2.347180183428186,3.0678059107608706,1.5459429997640668,-8.466057699422155,-5.128121555932387,1.8799495782905686,-0.8123667165354125,2.4815126337779945,-1.7856925428081154,-0.5404928833595857,-1.0033566519002508,-6.129347532900575,-0.4721658095744212,2.9165628026187305,3.48729545047009,-2.139131517336068,-0.4396503717927613,-0.1287625176882679,-5.781782961567109,-2.1324074235070873,-2.7480439333983666,5.113812868587149,-1.7645201642580788,2.824963831503715,-1.6578371338692388,4.544878668285799,2.488124667628123,-7.525276922444198,-6.739372642828742,4.209473922318895,-1.2920597371805207,-0.40236236119783936,-1.2123995003364887,-0.6620176372458288,-1.9941845840523822,-5.044073524592253,-1.5125786137789086,5.850579395722303,4.712316996567226,-7.392872039397689,-2.968167859912091,-2.9302712361265795,0.06422184764868037,-2.103711782497027,-5.000718687143146,-1.901596238246829,-9.676699781965484,-3.66177413685777,-1.4632592078901014,-0.600583401442921,-4.882579797346323,-3.2600204325689948
652,0.8332233288783448,2.547458718311964,3.245778764227332,-0.3011458080673332,-3.3319152537629577,-4.03637491723604,-2.314495083156273,-2.46780339343537,-3.09671091117599,0.5134316401013163,0.9149268605009732,4.772890651655157,-0.9127954658333632,1.104986339598478,1.674120988385017,1.5649428090054425,0.4752288013825673,-1.0873178990411194,-5.151306364691982,-1.8291423646749023,2.1090531683280043,1.3839922162241172,2.8384018616133257,1.1546435924180822,1.3191594412810737,0.7980210967646933,0.9421560123752528,1.9762606897386021,-0.1425036754170807,0.7536251412368127,-0.32575012585728125,1.9340158403427137,-0.705078980791937,2.26543408452434,-3.7094616099433413,-2.556853542446176,-2.333749642095901,-3.452321697412271,-2.838724191224159,3.4394022375064517,-3.411308916555165,-2.0759302926745757,-1.3724589193546037,2.086258085793881,-3.2218331410329526,4.126719894062694,3.3739086845342943,-10.802966025326272,3.603961129699608,2.09325841849842,0.38146354023789203,-3.9261330286440637,2.098010184135533,-1.1069476170453718,-0.03922987049285448,3.0233238637269637,-0.6782344699176814,-1.3196068635956246,-4.277839320591808,0.3932746552436011,4.614367248723834
653,-2.632270941292469,1.7714508805868376,0.6203907706036028,0.37942183841214655,-3.1710429009155923,-1.6713385846110949,-2.4701888491474553,-1.2821529241947878,-3.3529101886791763,2.4867113499190556,0.24033170290849834,-0.7013475753708873,-3.1330591753612795,3.5502382087761477,2.0054850214820887,-1.6704512087917396,-2.623877329073559,1.781598108689184,-1.3143490571016285,-1.4081869670117857,1.9111813427856519,-0.29513551244664615,3.4928950759135278,-4.187783095293821,0.6903366821216791,2.6777408493034613,-0.7210616516503214,1.0530991493721917,6.535077583650863,1.5753516945965123,0.29408360236890035,0.8039340704321333,-1.2074841020132367,-0.9494835719557679,-1.8371252119346222,-1.8730016259012645,3.616248157629866,-3.5858939327551775,-6.258199911842282,0.7853523558580745,-2.11393107291343,0.9105381241658743,-2.0716625017803567,1.2414116218240951,0.8305853150265251,-1.0525287544026363,0.3839440130552021,3.415079007098172,7.365946143481426,3.1092690199097097,1.2396709849294367,-1.2870245673942033,5.240538458213335,0.5464031860418681,1.5530211724539515,-0.10203956354031439,1.1716031877005708,-1.486403253123506,3.5110300157622696,-0.5697576105177806,-1.7632984291611609
654,5.852115866266871,-1.6559228927870828,0.25838243666049565,-1.7178650332521106,-0.573537244825709,0.09205007777619828,3.4715898464837576,-0.11550448546409925,3.3588610745084573,-1.253179429217884,1.7068907042140973,-0.3568425096919543,0.4412152164166306,-4.958750744974709,1.514820388652748,-0.931557778949416,3.3497621300219165,0.9086971527840967,-2.246189706850498,-1.0583571648132213,-2.6033173338007405,-0.7308250354180195,0.06522280877071684,3.526538243855323,-1.4555306768219198,-2.4589200177997634,-0.07799438735689321,-2.691782165650908,-1.0548497669182442,-0.1466876779783601,2.5905564019320755,1.3415531684460453,1.089649284150497,1.1349194449212054,1.5636512080684226,3.389155930817851,-2.2208825520440496,-0.25349392330855436,3.1824958202434903,0.5160478424637508,2.0094662707211066,-0.826062319913841,1.4322681748970454,-0.5056826278671875,-0.7714887829633483,-0.626020293702801,2.5263349990809556,-0.029445607866025625,-7.325120138074289,-2.1611271724381123,1.0630767052052048,2.314203904880888,-2.7434600463958545,-3.826786773386032,-1.787628816215926,-3.2101825623033853,0.45249513040552036,-0.6271334926367838,-1.5919668212495321,-3.233027267804567,2.0288258303822557
655,1.7984816861523742,-0.5906840247620925,8.218220083542903,5.147629775270504,-0.9901300779166408,3.861882694718761,6.3230973960616055,-2.132649393249117,4.08114965088818,-4.138627758857804,-0.19231598706388955,-2.5519549059444904,3.5025055633819853,-6.806582196560523,2.623560829140728,-1.4953316137624793,10.554488213217155,0.8714110862375684,-2.066808930305161,-3.6214100338887683,3.754818998477678,-0.2204691320419028,3.9062483518581224,3.843972370449456,-3.0075970442487168,-2.9539076123942265,2.002281437866854,-5.550858269769369,-2.64406072893489,4.458728086954127,3.5785761031309375,1.8291285181812216,-5.687487859778512,-1.40386311209036,2.555089002755473,4.305691380212205,-0.773150054602278,-1.6451692236273503,2.0176242615767954,3.482107957019462,2.6261672341161577,-3.935404670881047,0.25209347195739706,-2.3332626019068696,1.8970261099583974,1.145353793132189,-2.5256491562533876,-5.162618785030491,-5.355769421926696,-0.909364338643128,-2.4500010971052517,2.3630276774378034,-0.9447570073724956,-4.531146113925853,1.6766708917894033,-4.221402543281966,0.7991089704201041,1.356426657234926,-5.50095373228857,-3.0988539392255054,2.6774720760809223
656,3.5480602624273594,0.7643640441937594,-3.094945284431368,-0.37337441829930296,-6.5513361413940085,-6.390971372829276,-1.6216147062827948,-2.312027634621824,-5.080833693798786,2.9726425785322474,3.331204209733922,-1.286418977882926,-5.141252966565751,2.395377702849637,-0.40233219911857887,0.2767674126121597,-0.2386986295547397,2.2927730116585154,-2.8924095987135896,1.1067565547202625,-3.6088472595778853,-6.484023852782387,1.7676614713482777,-0.18485325839792607,-1.4369821783101766,1.822534143199691,-1.6175225619033042,0.14950267489016877,5.815898559179474,-4.35163010005566,-3.6803089079277607,2.107582987086495,-0.3912885831022278,3.582309130403722,-3.07386746739947,-4.714747008271641,0.27420120242411544,-5.283522679235062,2.3685776713371105,-0.46172823623776826,2.4320274069007355,3.013295326671657,2.185890819625956,-0.47987312075848143,1.779315263489424,-2.298015733051051,2.194346404712946,-1.9277684700550122,2.3002175520952606,-1.1780132316291174,4.105044903052054,-2.2154172040203446,3.018660720201961,-1.5824786322590068,0.8878030690964764,0.4861176782629627,-1.0143675197511945,-0.16746804656395353,-0.4662670188956854,-6.464424733981259,4.687337279050084
657,-4.722167768367958,0.15464169331852345,2.3555662764029597,2.4490869092279124,0.9242767324293435,1.6140225215728665,-2.011465779304156,-2.524911323045895,-0.5225193173251304,1.5330059074163191,-2.9931847757530363,1.5815277315842375,0.9962839439943796,1.5504773693179021,1.101328082377797,-0.2476211548396009,0.3182174845095927,-3.5849115933796156,-0.142284731649153,-2.360977988918012,4.152974185060139,3.6887103348302004,3.587461326371904,-2.879666784030331,-2.011967825254469,2.2042570268795214,2.535460775724206,-0.6597574629579497,-1.72888427750217,2.302773746476632,2.1137825553507863,0.28905161970014515,-3.484272846733255,-2.9343086005640235,2.1023571584836382,-0.6625528667674303,0.18359573286880848,-0.2943771270164942,-1.6666729791965273,0.5890152239561632,-4.528522353711621,-1.6080229519267297,-4.2695495979718565,0.7777881731492752,-1.1044071652025658,3.690678164665566,0.6378846766341661,-3.50693586216553,5.034106423344515,1.9542210060084888,-4.664359051942444,-0.9524079818738649,3.5186533203441592,0.16030909264214477,2.4541505853184633,1.900334329388683,-1.2041749650288867,-1.2616770549132796,-2.4305938592474132,3.7667353056575568,-3.2709419772798976
658,2.2296135192282533,-1.9385251697872148,-0.11280264153370054,6.147012189296976,3.536218979539263,-6.865980043709353,-8.36424545339608,-4.725483329200021,-5.14432421005653,3.208039892437141,-0.35886905864680796,2.6033966525491294,0.4480036368709337,5.602744355138309,-0.9927613129147554,-2.445684146907684,-6.907157884152515,2.726895228893078,-4.809927350707844,-2.7665706973840356,-2.824092717762055,-1.9758476651539767,2.2591427540366835,-7.07785904654915,-1.9687096746126924,4.055928064375757,1.6874645508101382,5.014182555987177,6.354142202838953,-3.3395432428516907,-3.0311773818824563,4.127569109798222,1.49767251555374,2.3434598025861395,-3.024288684464699,-4.189298294750499,5.038272123382011,2.1793209620901886,-0.6993134227809363,-1.4539451438933881,-3.458328685042186,3.079391377882885,0.03040431714160982,7.072010982643609,2.841883032889214,1.7725348432555275,6.021345030945473,-0.8917984924164506,7.040511457509064,0.29454709280464625,5.512300711043451,4.101426930332421,4.732391745063066,-0.37172197912918886,2.278491678300988,10.80434236001093,1.1428099786780646,-5.543676154093609,1.2339255712953376,0.19951386786322545,7.162002099192638
659,-2.3982029771676077,3.0262869018767593,6.061730332225619,6.01914763063251,-7.020636923550203,0.10235578883131674,0.6178553101422226,-3.8527529423147207,-3.0833576331879993,0.9893632396501224,-0.4714973790012967,-4.123728443417235,-2.1816489102399528,-0.27419537230801916,3.389916427568451,-3.260491997085983,5.062078382448609,0.7893814625539555,-2.5173875634089136,-4.100014259530538,5.1696466691507155,-2.728434254673538,8.478800185465081,-3.160177056590225,-3.4298262326127373,1.498670233235249,0.5133585615196702,-4.20098145320782,6.471576465914711,3.4935793465677594,0.9634315953154604,2.217527607855733,-7.131696803484269,-2.494693675767916,0.5563296516066192,-1.2402643631170105,3.120944663377734,-6.825775058743636,-3.641413753419757,3.0821313342882726,-0.9445942000193243,-0.9151322239070241,-2.3997363149521647,-2.575167366479452,4.660044529043461,-0.6202420095536689,-2.7108171705461612,-1.9420876236838298,7.747648184205118,1.954490072147307,-2.5447176944835874,-1.348415723167869,6.293806673493023,-2.240150667708629,5.000757949042273,-3.3364119668426278,-0.17742885759969207,0.6481164955491869,-1.3484755290424393,-4.846575413026504,-2.5187342419577985
660,-3.5708211048536094,2.9319640537366567,5.854410041237695,10.414052230821959,7.126476637347272,3.453026329117473,-3.430089232282278,0.1330731150107913,0.49857173820710843,-4.437388361193109,-3.9670153599884586,-1.4506266743822385,7.369504560770192,1.5951437528145402,-1.5989468925327661,-1.688972391716362,-0.7357295621339102,-0.24878146248265515,2.353592953913032,-3.537963326721296,6.26859298110435,3.807516976319441,-1.1807326552024988,-3.0863786788766965,0.7514091024699712,-0.14805766076981497,1.9061670084846565,2.4293166646990723,-1.624415828230328,4.10090100439586,-1.5819175223302169,1.8107725615154993,-1.0113062885710526,-1.214408188487918,0.9749559978768934,-0.001976868896118089,3.129212718932729,7.05952320174477,-3.8862211604473917,1.6676385967827247,-1.838281023832315,-1.321702806895722,-0.9160734241208205,1.0158013414661027,4.77932724595289,3.5824133628400636,-5.000612245738542,-1.6780470404399161,4.017306897980809,1.3807845773158562,-3.0507608848665875,4.338744445115548,-0.46327220910235756,2.9204162010480608,1.6416689172066414,6.62841984738955,1.4322026098600125,2.7539547363729526,-0.503899617393189,5.875700487963119,0.4228795441840712
661,0.20158254650370472,2.089830868277617,4.368670322414556,0.3078707924572165,1.159437252777312,4.742323580281679,2.2563091985777235,2.1947517128884497,3.4705191589789086,-4.11056347818037,-0.33728388031146533,0.698393025072715,4.325663501707698,-2.5582860619573786,1.6149430444593305,-1.1242633136848972,1.1217571586548842,-0.23075560607139428,0.7016226469801151,-2.6051855741271677,4.5355166536050255,4.594647060298456,-0.13737609240580095,2.0833365248134066,3.38089262763492,-3.0462871586801312,-0.09882034161369149,0.05016314033685743,-2.54194761648156,5.893259934241092,2.562243861419118,0.13837358962091134,0.8130895587548143,-0.9551566198603183,0.37160082745486406,3.3047440390801666,-2.0013781618887965,1.5979764871866722,-5.348376839187476,2.8965043956739573,-0.7480685978656108,-3.585692039360569,-1.203139478152005,-1.8613802317474097,-1.138748765698952,2.4825888537535477,-1.6314544212254043,-1.2547201569685498,-1.8711311460450053,1.7726672134268668,-0.8728132470315848,0.8292847080876627,-2.3857173966889524,0.4615915221338132,-1.8953305628047552,-1.4116862246436745,1.321967895556811,2.160930753852223,-0.16243947781253476,3.3329624200312513,-2.0724469695811236
662,3.846225566855958,4.566388804891551,-5.33023972682242,0.07453765400000989,-1.5450813266542922,-2.6512220889515694,-4.134905097790149,3.71827879431028,-1.1464553524258767,-0.9585609747834658,2.5691237171884502,-0.5565403875944758,-3.1970123025014034,2.6400717343726416,-1.7897736333645562,-2.552969356480544,-6.617635537616129,2.4411888477208623,1.5817104028692028,-1.8270031429071345,-2.04133241723147,-0.8654909674660697,-1.5119371131556574,-1.5770736979258633,3.855208615222331,-1.2876566778069491,-1.5250919508100855,2.9235705276809747,4.9497382708766935,-1.4477978772658429,-2.497664570639195,1.0999010047608504,7.878340755527159,2.4080657338682943,-2.854722923282893,-2.222971655181654,-1.13522433727063,-0.14452182341874875,-4.861250425704912,-0.8387519014255722,1.164542046448664,0.9504929816044924,1.7055610278725482,-0.28321850226914025,3.1716857366701086,-1.4686509788202322,0.5570367109604146,4.549838897816151,0.942549360011338,-1.321238165889804,2.670715028157119,2.1970300845730617,-1.0487389298388663,0.476472466371318,-2.947625826919921,3.018331301911232,-0.39677133857682706,3.1710138926742695,4.268715564661932,-1.1880057365636956,-0.9356615120854372
663,1.5205111209873345,-0.5550389407232774,-0.15713863337098857,0.8869518177464888,-4.52340637619718,0.3755186399007968,3.108716251112157,-1.7684138468601098,0.42817826103205453,1.3515183810872453,0.4222880880372778,-3.473576495473898,-2.2860929664034035,-2.860549819459323,0.7359065648047503,-1.732139395273661,4.264022178650477,0.11890783255343812,-0.7132549015547132,-1.4197697156977105,-1.2938872696858246,-3.501507366553658,3.7654434799322987,0.22729125909941286,-3.8505772499264634,-0.25595469233843954,0.06999095207428496,-5.001007692234504,2.569718090163124,-0.17931431272762188,2.323861111484693,-0.3061036233535469,-2.787329496772344,-1.284150817588301,2.7675845333199427,0.8856371429208377,-0.856012098982849,-4.807620333173086,2.6381456216815575,-0.0557266939849671,1.4796988335512242,0.01368675940245459,-0.16039415888212016,-2.4034209926984733,2.3029505479195773,-2.5237111660469465,-0.3834113254079851,2.6813063664257437,-1.3429640988225076,-1.3938131465801815,-2.328034777932043,0.9051701890460309,1.6367001937303294,-3.26876208495086,1.7945912696451165,-5.109253412722082,-0.528785727597319,0.539558343877372,-0.7068621750813371,-5.250577124400152,-1.9163619266549046
664,-2.960626341171335,5.958644385836432,6.811690242631606,9.16795068506015,3.942427868397679,2.2380206382892074,-3.90302605901653,0.010119576193648769,0.37195538288723196,-6.227920409619858,-3.645246492345983,2.061451746757502,5.453590876260075,-0.5231150942370398,-1.2886443781818655,-0.6910400971681956,2.458763858279651,-3.3187398676252804,1.7618169977070686,-6.646874218351368,7.448034812629167,5.502790310730741,1.8039251765313673,-0.9035088049402903,1.981506839069878,-1.592918928632753,3.274942055165456,1.9329268444544323,-5.031540042953233,4.646100067791976,-2.3609236137418956,2.9062842262715898,0.648704189834838,0.30612761577457376,-0.5343619521944932,-0.6384769681848423,-2.4821791662516333,3.042428613926609,-4.458861192039097,3.9667328462776235,-3.4980382130392886,-4.199805265307216,-1.5884555631009376,-1.112539492410693,4.068602164685063,8.096640522212413,-4.105224123374365,-11.594465985973367,3.7908584988287886,0.5202617518572694,-6.806744885907067,1.0284436244272264,-1.564937809603765,0.8345635059367168,1.1520895076974689,7.093306111203692,-2.26432487936574,5.471491359412767,-6.270994217320229,5.935742189106448,-1.2588108035832493
665,0.7321945296972012,1.475819622619241,4.856981146670452,5.8287134276180925,0.20699274611869903,0.6709126961461775,-1.3780724917007736,-1.391996102061857,0.36739344759897774,-1.8002785526436829,-0.538053181365383,-1.9363579488142872,1.9337182801414605,-0.41918644039137676,2.0954921181164505,-4.324145970164823,-0.5763131749378232,2.1086244830517566,-1.3700486565065095,-4.560758685559528,3.5537410642839253,1.0554562999128394,3.096504089957831,-2.9769791343803904,-0.5121824894568225,-0.7357085400049477,0.5180867833627276,-0.25165780978200425,3.9515182165649962,3.635458289556282,1.5053056820782795,3.1082910486380197,-0.9660243807984548,-1.5009157405474371,0.012647876838081495,0.3821098787884644,2.119399696509041,0.2154945935543361,-5.75658065651415,2.272368349939866,-0.9767973574390703,-1.1471017648444803,-1.2730587195726262,0.5750555522055927,3.1001371110590066,0.32454732219395815,0.13707070075720418,0.451791931921498,2.9469417996325546,1.3665872237229824,0.5655937983354968,2.899493636042728,2.213719747191243,-0.9828605421132569,1.0191361711557594,0.6267278263015799,1.5850964419108982,-0.2353727245590759,1.7436837747668825,-0.7330505742544342,0.6562512585587887
666,-3.824408881900253,1.381153308725023,9.957125515372503,3.24641651307518,-2.381125130370251,6.438323646703844,5.836817604674003,0.16012723100448856,1.4436197576125547,-4.945077363181163,-1.159011136539781,-1.9843207790541206,5.503426533301426,-2.7920626489456417,2.7771266754244124,1.9549407700815744,7.650515035239601,0.5818500631335829,0.7092678692414855,0.6036864882608005,7.31398061714881,2.526841606486001,0.5365827786864062,3.4321945868139174,0.9424182401068831,-2.6666272805007334,-0.17919297011601018,-1.6798688341864842,-2.7359886276355625,6.238153341667514,1.9147502767317834,-0.22734520354365045,-7.14713362761813,-1.6842930775207074,-0.6186676289881069,3.673290593010551,1.1022006899499777,-0.1680212071528705,-2.906879803350745,3.87301390235274,2.053133274918691,-3.4232571558993166,-0.7503414766508436,-3.1422512285756623,-0.23800911123971216,1.1206658106885918,-6.176452055509061,-5.340024305863451,-0.49302016008261734,2.9839992376414672,-1.8189348236231866,-3.476755827574353,-0.20789644029612836,0.6646980507836102,1.043675674685427,-4.315405483994951,3.0760800420181944,2.4115460887742124,-3.02092174324487,1.5987706669906852,-4.090599226440164
667,-2.5931067567371366,-2.224361342978627,-7.632325394148568,-6.8582957785441385,0.3947003468181214,-0.7688430656979676,-0.37934301618013233,2.2422314886948604,-1.109375001955055,4.0009389958864015,0.18875499713700378,0.7611308332530655,-4.113889585310203,3.5363076220276985,-2.548196076758135,2.356256311148472,-5.731947023453972,-2.0056559787910637,3.843177606638074,6.337904946714368,-4.084862463733945,-1.048482082907912,-4.366784525098927,-0.7932669996256282,0.6389672038468193,1.8776865524263475,-1.8501122124197864,1.1536178787713236,0.270402715824162,-3.926136786122787,-1.3377810573741002,-4.408224881076156,1.950270806673092,-0.39243491254753593,0.6435037274857367,-1.6787452892218122,0.36997387577876484,1.0410946476785907,3.352588044123653,-4.739738362656316,0.5472537477221124,3.460003727198669,0.1333161561890244,-0.06926359762532355,-2.415888603917652,-3.0035373477037957,0.36356443947309636,6.979931124400338,0.6211529737244449,-0.5974787494352096,0.6783928019912038,-2.3221706932857478,-0.37679875265682133,3.530460882303181,-0.3416542712882955,-1.0416860949517277,-1.0523021063471854,-0.8487418330762946,3.5102233280603734,2.514614048330043,-4.149621616163584
668,-4.072719259978806,-0.8420585753025791,-4.873559777367492,-6.328727289447621,-0.011950334561518478,-0.4163545342455024,-1.6617441273299427,2.2655831149150103,-0.8841507078732853,3.2180877464146005,-1.1307048380844118,1.80495274342572,-3.507780688922512,4.073598424048651,-0.6482829757620456,2.156314806102327,-5.732983728442432,-2.5429300332706988,2.5652975491379313,4.488765657270064,-1.2463433602618632,1.2310040727016345,-2.0310803439141965,-1.6337012936208004,1.6930440000278746,2.114153149102799,-1.4147932470791764,1.65044554464031,-0.008044689929512516,-0.5342503748937976,-0.14249747094919604,-3.901219274669957,1.4106975179398498,-1.3536279062012628,0.13150164404356335,-1.3174224445393818,0.611614392077025,-0.04840271717123221,-0.8338964597076655,-3.0930888494430375,-2.0359853903247886,1.337427659042983,-1.5598122638228793,-0.5569246085067506,-3.91837068870774,-1.6236820001736822,0.3438787382922872,4.982950619244339,3.7585489714520555,1.6308464111900685,-0.2949976976137154,-3.4361174122902067,1.0547115975085546,3.9391142852602403,-0.5944138250640352,-0.4660693887513273,-0.5400213557469039,-0.8081457042804417,3.72954715648174,3.28557687982033,-5.147780850879569
669,-4.885004494558414,-3.0802377405317456,8.675812695528796,-1.9928762965397593,-2.1634192506611476,-0.43654821995518617,2.0553227702357724,-1.0882094982705157,-5.683672250514453,0.4721105299804858,-0.40304759475930674,2.5128776924769656,5.505902243626872,6.060524212738662,2.7210282832006385,7.191946304180827,0.5514533486300219,2.514683845074671,-4.318693764585287,9.405433724994994,4.945389701807807,0.7849940218574168,-4.599684835982211,3.023550279406117,4.870584849925087,1.1949671841809797,-3.1662838452962676,7.422620053925508,-0.5215798047911238,2.808487938486096,-3.425531845333904,-0.9573437606661074,-7.907286488735285,3.087289199243366,-9.563180581716233,-1.8028496554288913,5.593829084463277,-0.05142076031512367,-2.9412554449715906,3.6069580437997453,1.0305063925555626,0.4409243093363025,0.5038210352655754,3.440936309639993,-5.91525289892664,-1.1957510810359455,-0.3007507176757934,-10.636484028825885,5.816771714040845,6.794000740240638,8.231703301551782,-10.893386087228508,3.8176244478512524,5.547252942135013,0.1763311834139527,2.6226133489234447,6.04667487347184,-3.8563040774083546,-1.7099568920647306,3.9263643206747356,3.058184251159081
670,-0.9534143902277287,2.776525274700166,-0.1982673128011903,0.8954242588510796,-4.138596521535166,-1.230494421616944,-1.50274733479664,0.17568784723600323,-2.9609386402420412,0.7933824635314196,1.0786025643381407,-2.579610238923839,-2.571088017379387,1.9000627970402268,-0.6390489858924339,-0.9109141193671316,-0.8185178031815363,1.0057903361265144,0.7367101859131513,0.28510251020121374,1.2825371404705255,-2.2041168922647283,1.4757673151151722,-1.8497729392647,1.1914245738787215,0.5104831434866535,-1.0512274560501982,-0.25534062969629057,4.760572208738147,-0.12467903549703502,-1.9766877941980168,-0.13756142617331094,-0.5986969952395107,0.12735087040794216,-1.566852931661424,-2.0045737066842206,1.3519733045930986,-3.117423484359825,-3.8111753077904886,0.16278921735022334,0.4635125078513694,0.6952586084380342,-0.5957906839956677,-1.8742795916206916,3.2843933907037797,-1.388130112422217,-2.501742778110864,1.2195293383902688,4.704920409885902,0.6102334033074568,0.06069864201810493,-1.9069484816525246,2.1927201970294705,0.9763422995687763,1.5379854086862024,-0.2380526820774313,0.5345372138751696,1.9221582195501012,1.2409792982267802,-1.6635356784683557,-1.3952489881745667
671,-1.5611104268183418,3.1315857967355427,-2.1659907992036453,-9.367022771393968,-2.928972332203145,0.40396123272970835,2.268421792322019,2.4879490029139064,1.4780301823147526,-1.5807623053547426,0.7113239932187794,4.182611646312146,-2.5834954560247483,-0.4816683059148069,0.3025300916943201,4.450932420530065,1.1893157511620043,-3.93578179416099,0.7925397282143237,2.406277513799423,1.0202234359382565,4.029105554870682,-2.492099269915689,5.889959517515645,5.0150416943424,-2.343266615604216,-1.537367846029992,1.232588812582357,-6.135881358687661,1.1721580064340773,0.36319665553298597,-2.4692626393665758,2.288911239165146,0.7197452339022317,-1.8652356412525022,0.20856937047079502,-6.668072688730818,-2.2501310964575314,-1.4456018645046993,1.83619962256597,-1.892746740902568,-3.0388596512039134,-0.49052676474210277,-2.4265645698814646,-7.135524463171937,2.69449033465298,0.7044209952742067,-6.554348917027281,-2.2178753879876316,0.8828027371307955,-2.8172653709708575,-6.068753140147167,-2.891692360975527,0.9420945278523389,-3.8274498897742513,-2.314010108435476,-2.4291778202872782,2.6922978154622617,-2.870900117170718,2.9106455209933273,-3.8935846131591565
672,1.694583294823035,-1.6620361410015483,-4.937884298673792,-0.18301138878750545,-2.4682833117828347,-7.86148874883182,-4.8336132579095805,-3.9787391354902173,-4.753175238093557,6.243051969523308,1.5353580287531892,1.2650841960272399,-6.679235992336263,4.000383164289783,-0.716706224749353,-1.1937248054847316,-4.505097700898421,1.3638888919615093,-4.3017134952594756,0.23630861580142754,-4.924877901701576,-4.357609937650828,3.2417855522174923,-4.448709657272335,-3.5980673699989563,4.918690441059565,0.7655344034600473,0.9053071206381016,7.080779454091327,-5.658695228578777,-0.9818869873930356,1.8268253237060947,0.4766375570952687,1.7772014544748183,-1.3769674500659173,-5.535026268167081,1.8226124417163234,-4.162125008412842,2.3930877884132147,-2.963316160524519,-2.157091984525499,3.374475482962883,-0.13660365273747696,3.5098451018816386,0.3832325176459631,-1.865732245362445,6.047236258812734,1.3998581870482467,5.377084681078009,-0.4872051094224933,2.907979466980524,0.7013734036723578,5.258132488427991,-1.961441064617539,2.5839959477203056,2.508037127586512,-1.319886080243669,-4.656636853965269,1.3198979675316214,-4.276361369379581,5.676149397027629
673,-0.7106461650682736,-0.961038096088006,-1.8473478325754509,-5.51218911350564,0.12145635254965088,2.872189286102359,2.5408897341234233,5.025810326478514,0.4986241748883464,-0.6991468748962744,0.8312623684979195,-1.0780417005565017,0.40612438741199647,2.4444627571845903,0.6007809140903385,0.6843281233114632,-4.320319394998769,3.8560909025024777,2.7865362091321075,5.8824110509258905,-0.6076912535550453,0.4108389222162841,-4.947241385618095,0.7014967751695861,4.490048352321098,-1.6781868689486352,-4.121334268179143,2.579507621158213,2.333541317456566,1.2869094138588801,0.1818467464214049,-2.80890109322888,2.1139412069820467,0.5635692929412742,-2.1116745666227827,2.4803021619474124,2.846020915437846,1.612240353242203,-4.741568948565059,-1.250261545657572,3.0486395096460797,1.6363720315725878,0.9941087381594066,-0.21820928702595038,-2.16253215098431,-4.89477573766643,-1.618025817038077,8.371206243211649,-0.7358333516600046,2.8404006842548744,5.465350259090378,-2.5892281117480827,-1.1946643668411543,3.8736688062995728,-3.5848112988239507,-3.4546560857309485,3.989169380757086,1.0430892054861716,7.29709243054953,1.5473275031831761,-4.2302266409920675
674,-0.9390328113303013,4.191904321490247,4.146255090684095,5.698087019207542,0.41929821559510655,2.547677636584854,-1.3446112104004786,-0.2807506846006164,1.6667707569214558,-3.3726535314227695,-1.7656582997611079,-0.4091441500826188,2.619937260530601,-1.7947606513084755,0.8220616650771795,-3.0282088454220855,1.0023330131576578,-0.6653171551160295,0.6986645233074873,-5.95419002557399,5.656888255458859,3.1522942525347966,3.6760503409288567,-1.8071268632799753,0.8469138429827924,-1.4689941773233974,1.796551047385659,-0.9056697426579907,-0.030045809326147324,4.792372717041194,1.695582638511666,2.1046163062724013,0.028440836437365433,-1.8497187021781958,1.028985715711798,1.0088528393917364,-0.5356198916873199,1.182351948329074,-5.827857747146846,3.6148065177042676,-2.3690208606782495,-3.3003304152885047,-2.2877192336217047,-1.3361573092285681,3.5879900871984853,2.9020077160491446,-3.196546420503666,-2.739647361294391,2.1434308173049192,0.4371062689899011,-4.322059136512101,2.4269673332098116,0.5485287720966756,-0.9035513359852527,1.2001006396530405,1.6241448322346101,-0.33153655835475887,3.040281244113688,-1.1445051457007032,2.3798423723001068,-0.4915824778584702
675,5.140198811379177,-3.620346149548491,6.729431866769034,2.5305689056754836,2.803048480694721,1.1234070164202867,1.7478230681192797,-3.5443342961259443,2.248466326496954,-1.1575773223820005,1.1224506508155059,1.8007259286803605,5.3029250468917635,-2.053851176023466,4.441243495084301,-3.6890529401322945,-0.23246793313863934,5.490411735107088,-6.364105909406044,-3.3565570774309283,1.1113472241283595,1.9790953461915552,2.5143545534237393,-0.7814331732366286,-1.1189392422052498,-1.0054486098597732,0.44072788137925833,0.3384863069236893,2.7144608287906666,4.590533240822058,5.387362630292437,3.5584398873832987,-0.49002292782470985,-0.8087122682811068,-1.54695862604453,4.26412118724955,3.288805773596792,1.4742305318373363,-5.448249497894098,2.4908875422491747,-1.1184907114453817,-1.2151794314038358,-0.036856637549147364,4.999138216044068,-1.9472408594478035,-0.38054803282288774,4.691353665987425,1.7594078001572817,-2.1943079444002946,2.413940616661592,5.805952716938894,4.328765653154829,1.3760016337245549,-2.6647972668083426,-1.7792758720798405,-0.25722798124896856,4.832655530899295,-5.071715681695747,3.206579295223036,-1.4877593699317846,5.360220633596357
676,-3.007145317641445,4.526303895020186,-1.5613121680699582,-1.3888392352518302,-4.160089369881905,0.2274059652882135,-2.0740498414416,1.8946866823977038,-1.4695154964173656,-0.08770764776760895,-0.019869874157053713,-0.5839249896513359,-2.8387287178061955,2.232631068166281,0.30081823041027816,-0.7049825588239567,-2.1932059923013227,-0.5632726637268055,2.3848422036810315,0.13347102731098917,2.832584053079516,1.282582221187882,0.7393615785797889,-0.47457127676112953,2.6599972040169417,-0.3758365412928544,-1.5401420853696413,0.9478072841107396,2.2507250340996015,1.74129772555335,-0.9720024685959399,-0.8128799277996794,1.169934617924857,-0.0031793653187554005,-1.4871244384580717,-1.6115361510023611,-0.7678187428734654,-2.375153558085857,-5.463631551501179,0.21141001120399977,-1.317430425591914,-0.361547048707604,-1.92038691035832,-1.9953699381872778,0.4818380282513172,0.27147516351038364,-2.3356707002765953,1.0577574807734043,4.8036298068418395,1.4531670576689648,-1.989375857984569,-3.645535473775986,2.102527078155088,2.4690014883325384,-0.09692206341077383,-0.9705184457792954,-1.12721025958438,2.4973902911562877,1.9359112726980512,1.2035893462906735,-2.3944877245145944
677,4.286162215772054,-0.3177939798020022,7.689388087919133,6.542625390959626,3.5841666845416635,-3.2823484507048626,-2.1085211062258717,-1.6435776970031024,-2.703575722771962,-3.5834351877941,1.3813889808857476,0.8542009685163056,7.485586673306958,1.5266401948988846,-0.5410176109131991,2.586362282226172,-0.21884049665448602,4.980144259738976,-4.592786755983298,1.2223956939549572,0.9329314423102123,-0.8732187569342417,-4.672208806207327,1.8870306980648452,1.962878191743046,-1.3554323888569926,-0.7984031001274119,6.897361289746311,1.201119086077809,-0.0032412134153277095,-5.514578565436392,3.735684891479078,-1.2288114608462197,6.3520231208013325,-8.161206566744749,-1.1873463794239838,3.1763994037671526,4.662140583349299,-1.2523712550905008,3.0536306708113443,2.43590913504106,0.3399007405778486,4.257903598158734,5.17163034303823,1.0195380722918974,1.5704014262959696,0.957463328904358,-9.925645339258555,-0.4491048573788538,1.504291458631234,8.778680958702385,-0.02258652779229428,-0.9395694041037006,0.6305431970671063,-1.505674039547198,8.489712126112568,4.686663992613507,-0.6969744996427936,-2.2079204140321833,-0.3671579930759423,9.393165015802587
678,-3.818157640792551,2.4102965019473177,-6.610395174984195,-1.2123769981489758,2.9887193774443968,-0.44705826951203054,-4.700841432707442,2.2007410197448256,-0.5859209358487125,0.7025495548500377,-2.4773503128693246,0.9757576959634282,-2.7925166113573368,2.302759105106355,-4.131224979565511,1.2654208174859811,-3.2899064608512405,-5.9319199711301005,5.858148157786278,-0.3399178203743194,-0.45944249924738867,2.704175676560629,-1.2328509079537402,-2.421962183222132,0.5948368767737345,1.9364080526209455,1.760051848524822,1.0931656078222824,-3.634340814654381,-3.4375256722773275,-2.8810216129655615,-2.6084670456236125,4.566529257027719,-0.5260145793320886,3.2414073295594337,-2.635696386919538,-2.9368441155906937,2.5154565082496534,1.8142356048415225,-2.30711142957475,-3.237762633528184,0.9857039908112859,-1.9235713501526823,-2.0428356541830412,0.6930292055918335,3.0837409864435754,-2.1203811216015978,0.6554862454474313,2.3488190537003932,-1.3664235125295314,-6.49773558552856,-0.1996116871143285,-1.6196657710209645,2.9060958379751187,0.9097527461027878,3.83224743818524,-5.0652405385052255,2.531296213525379,-1.3033882792734253,5.075250129859972,-3.547653178928305
679,-3.9774579019578287,-0.38073671737651293,-3.776729967596389,2.727098183093867,2.412574828515896,0.7279593021738419,-3.2980625392753105,-1.0097994542647128,0.8535580775541659,2.6729792078404704,-2.7159362903907103,-1.2812576622246437,-2.8797286944474445,0.1940412803215265,-1.7387108849866606,-2.5134504117639116,-1.3389967875496875,-5.1846605191729385,4.134680386855832,-3.2206487883361845,-0.4175490168709221,0.844340577323248,2.7921793019300276,-4.590056158041719,-4.345006953237605,2.563994214873521,2.644682051474225,-3.489989571453396,-0.5312793833510342,-1.79223578871506,1.2267992421427016,-0.8451498573216437,-0.2997335205859999,-4.410122410139721,5.890273946440263,-1.3721526932522752,0.07822765885499361,0.19687526789755203,2.66313933620532,-2.8054535016808066,-3.277678773290696,0.4759536140396239,-2.6415225819799795,-1.5860509306018469,3.513360675553975,1.7255948490940445,-1.68627103050478,4.828479338751692,3.706507196098002,-2.10608242641168,-7.260909702140476,2.8516388383785225,1.984255660288569,0.10283211872180359,3.3673736094907745,1.0081114291047508,-4.036866629872734,0.27957789393086974,-0.5871810284929011,1.8813869004013402,-2.195027999139249
680,-1.092023868725583,0.8937063548759794,2.6044741160348104,3.995021844946254,-0.6335115983773462,-3.665721531948863,-4.307320905199288,-3.016079936124819,-4.757980015095199,2.0466398358048132,-0.5460951100479354,1.699041982092622,0.6729121629649073,4.654638886404673,0.35804145538874793,0.9408243426795928,-1.1571063124866883,0.8486981457930834,-3.3591293174272745,0.14940254265039074,1.3709309459785077,-1.20980145734793,1.3648008731279522,-2.783825505704957,0.30094995319577555,2.7017843547208225,-0.015144563344491185,3.675005806880167,2.3770779024254365,-0.8903636594864136,-3.3900112662362263,2.3858229990770075,-2.6211274430566895,1.8995640794238031,-4.156804837953115,-3.8533316739847434,2.928856822899751,-1.283549156396647,-1.9948690026618119,1.6593645923055882,-1.8577473336881243,1.085214924906994,-0.5898384768475368,3.312501498032612,0.740470420694458,1.7419701175285904,1.0213457263619008,-6.827716186524234,6.97648526623567,2.092620848210326,2.7154339425460736,-2.1858322143120565,4.3536458620036145,0.7758813142285833,2.36032768436997,6.134219034788265,0.8235811803529323,-2.2975443267014692,-1.9772930268259368,0.7916237945330813,5.245905135986116
681,6.261839249418432,5.829757741094679,2.9810074681150147,6.227073459843419,-1.0217604590896665,-4.013970536887436,-2.0778861268576376,1.545277886321328,-1.5442868026465248,-5.779990723644636,1.8004671218602655,-1.1463550169812946,2.749916524642549,-1.0175375931016126,-2.3087562498559517,0.8530547114160463,2.514952483485933,2.8747093795408794,-1.307737128842579,-1.4970459976861439,0.6305128619588789,-2.2836196165769116,-2.766627652498497,4.448651255091136,3.2979911202459697,-3.4733562979977353,-1.0965618381712319,3.919079370161326,-0.3236234046569528,-0.7634160331442895,-6.441759523684739,3.5496821546149513,3.8349481213465637,6.670251472518888,-7.081474029879947,-1.4953612474737352,-3.642471151748903,0.8702982476797588,-0.2698397834190599,4.221094247681672,3.6012647138224896,-0.5806189697646591,3.588820535494143,-0.616542185841106,4.353757561820163,2.7910982909376547,-2.1984312026877286,-10.566226202817532,-3.853512608808205,-1.7050666875461622,2.6494491019303825,-0.15642842869707674,-3.7953116279657078,-0.7696339460252551,-2.1801435618871214,5.927865527590102,0.4168299088714922,5.6827335348202945,-4.358979642722285,-2.1796776609769837,4.854413569918336
682,-2.4862329440732966,1.1766317105870854,-4.952728568887995,-9.297618840421803,-0.8016805732571394,1.1358389774256215,0.3573699880164344,2.93319068381241,1.1501597407589634,0.19199772998354742,0.5746780710114997,3.6651462732061026,-3.0193177731747896,1.0608920526290833,-0.46811531219234115,3.6321480230370358,-1.4397544636590023,-3.4731047900071252,2.9575805665300354,3.692450408982949,-0.2493473964515011,3.165790850043664,-3.133143315502295,3.302736173754923,4.179161414104726,0.16928936019512064,-0.8842158574452543,1.7620379075776031,-4.994940708568336,-0.7255716354013694,-0.16307252656184956,-4.044129891474384,2.312015269836575,0.06423274466649691,-0.009911252631913212,-0.9205266932174521,-4.744247669582677,-1.1633157411657864,0.7766788365848801,-0.4652772503150922,-1.7874118856971566,-0.6497971762640072,-0.8125352853088001,-1.0183651018270874,-5.290771402291161,1.5596359667056103,0.6020666116480968,-0.9411562778309723,-0.8610211340071139,0.9567238674578109,-2.989478028321231,-5.221646162403334,-2.0943608075392293,2.4880621644751524,-2.862966758077249,-2.062154653087548,-2.286408538401021,1.1811263847795384,-0.6663931649218736,3.529487300639927,-5.045545153508094
683,3.6890870799200095,4.543935997116881,-1.2146614120957733,-3.1394668494333096,-12.789095602203654,-5.270120407766063,4.868036446895278,1.6179463507838632,-3.5425405275575654,-1.186233038841356,4.749657712206145,-4.651585063941741,-7.20220187365325,-2.651443137611325,-1.1364849410464242,5.214014618322932,10.274820610034293,1.4800796354843948,-0.47241429691975434,6.014317580661384,-2.660213476052336,-8.769332693165351,-1.7396138501502358,9.011921350175507,1.3564236538760477,-3.140768011958817,-3.0760147255901256,-1.9886316862621956,0.6804778485576681,-5.547021350397594,-6.77707105304552,-0.49380751414699064,-2.5314195786657003,6.86900773278461,-4.52839778178403,-3.4643625943005345,-6.8036842030926,-8.933831843258258,7.829188609606968,1.7013318834639448,8.776079263555738,1.1065664636241115,4.942765380864423,-7.157177537652205,2.56431551620026,-3.1461552436280944,-4.565991120283571,-11.037176265239065,-5.2080948053594796,-2.664008279982843,-0.2617416592843876,-9.038893117249408,-1.9829632791835734,-2.0989614543118265,0.134156422988155,-4.901960652904889,-2.330728585322294,6.914780037046484,-7.630259916930088,-9.226086017646361,2.5718034650147574
684,-1.847724426168352,0.3423813085332986,-0.156788983803513,-1.3512706045240843,2.128677727900018,0.07887560639056543,-2.8831856710487473,1.2036957701905322,-0.8597489448864785,-0.2433287127054779,0.03515160353701258,2.6925894131478114,0.9292576127311625,3.8460400958535597,0.1653694049886625,0.06244999387584721,-5.118286586427148,0.36515979748125693,0.3049825725082307,0.7253191481049059,1.1376941127572793,2.952581646020871,-1.5398635429658853,-1.6545345606520627,3.566275050808975,0.409974655407613,-1.3503920660234594,3.9354436728227165,0.28856440983044396,1.6222203597103422,0.16837417067897037,-0.13167318470074033,2.2405238264491336,0.002732591674228832,-2.728775552653791,-1.2055029362210508,1.5118624237577378,1.8096181051682791,-5.386330230570166,0.8380446374123691,-2.5538994733993876,-0.23283357630693802,-1.0440889340025372,2.2624566737687473,-2.3252055488259917,1.2699693205156068,1.0461490781545326,0.6533636467930315,3.6622247114681454,2.4701834797283047,1.9552906741412934,-1.3674059271844854,0.8545422151367417,3.460244065436499,-2.149487771870425,2.8080298173865277,1.9532583752233896,-0.11727236032864186,2.322917783129367,3.969095342042695,-0.5380046200691083
685,1.3772539303467755,2.54267152887821,3.487059073412156,-0.403830462415923,-8.431175076202255,-0.24122284435821406,4.480439273909486,0.6342763813038802,-1.4440472162478197,-1.1765921087561897,2.8604083251354666,-3.3354209984187895,-2.3435136193078128,-1.7362075417602094,3.278887957983958,-0.5770619844811494,4.175464676124827,3.7566881150956637,-1.3186578981570003,1.5672282228214267,1.3391108268041638,-3.555827617586712,1.9915481061640128,2.2373259949547704,1.715260198552138,-2.234432195988035,-3.192013885181485,-2.1423884348345505,4.441133971374372,1.5791983514247923,0.898997190430657,0.06070740611100839,-3.5136857724367982,1.536079002405379,-3.305415722334223,1.1305031096880354,-0.23784333523173332,-6.439855954053249,-3.309517592965951,2.686370489328833,3.9628525016434564,-0.4598218731339979,0.3281469182701794,-4.0946252693966585,1.1315614233643547,-4.424654078085902,-2.292255832137531,-0.900038510735156,-0.14289327650808145,1.6250191187775014,2.616554098981301,-3.695288129146462,1.9032209781354492,-1.0506104542571302,-0.44504921842158557,-6.12444433907833,2.3133958612200254,2.2410055734439234,0.9285597739044698,-5.750753532119125,-2.486038059040994
686,3.5528694443382554,1.2289705198608325,-2.8077273662605826,0.5972286461575739,-3.0497913600060738,-3.8643549554474843,0.5644645584003891,-1.4795923385487573,-0.2722208710873523,0.3130098716874841,1.1321282063077949,-1.8299569653883472,-4.212845756843277,-2.762633080893915,-2.542878833636685,0.8335019692728141,5.154760605141128,-1.597857386923866,-0.3337995886797937,-0.7412432844820094,-3.887821629915046,-4.8446369841096235,1.7150207856558766,2.579461524470303,-2.985416954669238,-0.2597750402600113,0.5635092185338615,-3.4239784938880464,-0.9846362489562129,-5.408189986885088,-3.047433286325829,0.2286216998321138,-0.14137756888315756,3.2413038885992,1.1709751565713205,-1.9783920745070922,-4.407689357120137,-3.490279566560832,9.083302166856079,-0.8309709466440273,2.72817089125034,0.8375630910808984,2.278341921698638,-2.191191334032012,2.7980431356040985,-0.11665477626635545,0.06820147509242519,-3.8964086183012427,-4.217823797379531,-3.9550138600138594,-2.306217269238325,-0.1735813155097113,-1.7218910689896083,-3.718713239298474,1.603112158502887,-0.7953234010307513,-3.1779965637973953,1.6226449360550939,-5.946395071658335,-5.107842842836275,5.346474185839092
687,-2.556786131396446,-0.34612853922847153,-9.704306147977928,-4.15178176397957,-1.1443503979581773,-6.922336791325079,-6.259337298516361,-0.17056833865077017,-5.701562441058172,5.410564509855142,-0.49400517040126574,2.192883115949656,-7.449402215709229,6.110098153493777,-5.423424908263217,3.87020888557332,-4.482180025298441,-4.053501833582909,1.7313892755412414,4.253562315068085,-5.8483677018374935,-3.7065997720487855,-2.6255736397185365,-1.8212618387263495,-1.238272882550382,4.932438477458626,-0.05931779022298311,1.9860706023555204,-0.8962780170717668,-8.908710317563168,-6.762736635822655,-2.5724981188492633,1.7271658738387832,2.613738808855915,0.20345749448774852,-7.595756752620639,-1.4918332811623132,-1.9849776002980115,7.50789418488876,-5.338300562794636,-1.2177788660448279,4.294754865250946,0.30690398835351296,0.8781292885605853,-0.4402476615230463,0.5359908335460482,2.0823084622359596,-1.7832925553121906,4.376313959694442,-1.7158088682750372,-1.9412800582889478,-2.7666654077699118,0.8387390426213401,1.5609126844045513,1.7189769355833977,5.815049859298901,-5.225398780495085,-1.765785418243958,-2.4700534169941513,0.5865708308557065,1.6841425313795053
688,0.17408180119369962,-7.226968744105898,1.3595673928429097,-4.464087740637482,-0.3014179426439063,0.4900393374681461,2.514657275565785,-4.181070591952009,1.1481795937176817,5.3171362464833924,0.16331022977715393,2.9781479976568557,-0.9822647018025894,-0.3420578541810604,5.187861623666572,-1.5372594202458396,-0.9432135628546416,1.4894926475348065,-5.449061532633641,0.5245779663128177,-2.579604967042648,0.4691750708253027,4.7044609310108285,-2.5833415595297544,-4.473463195038704,2.8349122912543816,0.016761331242095,-2.812725056876214,2.816470414975609,1.726163916120393,8.03191169150129,-0.12422346927669697,-4.031511130249309,-4.885924487196499,2.850202374654383,3.418991313413132,4.123425754754046,-2.3338247189467265,-0.5812579690084264,-1.0031575057401585,-2.890967844933504,0.16755970317904956,-2.098625681817979,4.535015848775269,-6.216828449215285,-3.0201504059391118,7.951884053083772,6.123731946862536,0.271876344346884,1.884789246671565,3.400572145926614,1.9798831388316889,5.1190004094979,-2.911678958455588,1.3360183191300217,-6.032712996469079,2.6440253771371407,-9.530768835241915,3.8768998259436707,-2.0045008778443973,0.12292493350848654
689,0.9853978845245138,-1.671040588881604,8.61539483900011,5.139243048804284,-2.558558248428297,0.5302528912907218,2.411436784344696,-4.447709767398971,-1.1844915579671027,0.04079138425101042,0.15920502157964533,-1.3055769940486874,3.0098622340602863,-1.6516603631786853,3.9354615585859323,-0.2575486139246954,6.4228202453431,2.369061239317263,-4.334374425984049,-1.2897421296862224,3.181300891087153,-1.786930366841912,4.363041301243901,0.1674411488519547,-3.4816061476585443,0.04446881177392378,0.4380886112544561,-2.3449537531017777,1.9292926460043935,3.0995548247770905,1.618722488349984,2.9714873198539538,-7.066378776810446,-0.4545336858189652,-1.2759789015178213,0.2317182656671345,2.915515771930712,-2.876236083775174,-0.5893424217074796,3.2929444047464758,0.26670670420160403,-1.1229131195558562,0.0003722335594911058,1.4668244157351709,1.0393936756688726,-0.2838191847116516,0.26925734815995706,-5.483720295981217,1.4944451170109567,1.4295127564143746,1.9821717711916444,-0.7870530956681329,3.763547037049457,-3.1079572459371296,2.4819625365245326,-1.537502853287281,2.7053327268499396,-2.1282485531267215,-3.142901865852006,-3.25423688399861,1.5252065343373578
690,-1.38802960273004,4.800561692557149,9.38742001411595,12.172008703808418,3.4394957844047713,3.174738991414821,-1.8329101747992818,-1.4798162916220372,2.388859697017493,-5.693876023480633,-3.9365545453891917,-0.8353732770632746,6.993513087681139,-3.778214290594717,-0.40119512597370466,-2.6159910681806244,5.427859182834459,-2.5143137620858345,0.6715443143657047,-9.071935430017971,7.583766088947274,3.79453329700228,4.61611034792073,-1.1609889823850545,-1.646739010217081,-1.7511361839641835,4.089005761703831,-0.8817793179164731,-3.4039330228982334,5.438448721403882,-0.4677312500541507,3.9812926755577664,-1.94113122703076,-1.6803013442437367,1.7538868107965688,0.801310118723409,-1.1224129575786985,3.0455703639639475,-2.7679537337368054,5.221252936568095,-2.5785633940930484,-5.033558700205616,-2.311233320771622,-1.0832931536154604,5.498005985617532,6.932832752491069,-4.831458215529138,-9.233161339001352,2.0196919354377316,0.4092397485863713,-6.593627235665418,3.8230822080049127,-0.6512496424411303,-1.8895203266318885,2.567209948680499,5.669225482645818,-1.7750092624190799,4.654041375008947,-6.2457446663130245,3.306109381847232,2.754855059083277
691,4.0982347915234945,5.335142172785025,4.2887627479379224,13.23984178455365,3.499556102981619,-2.8635315791974576,-7.14565556051568,-2.279493875860341,-1.6971176077761527,-3.7560883438499935,-1.0968803315060192,-1.2916568475601955,4.172440336774071,-0.3761327158224319,-2.2702576309445814,-4.66546915901982,-0.5420783485951985,2.120810515759285,-1.7769877283903215,-8.750427622156511,2.4374380399438653,-0.6533406226157377,2.584341169484724,-3.8533499158808673,-0.8245037686676991,-0.5338247048918414,2.969121204907524,2.77608653050998,3.7628058920647334,0.028059352924700354,-3.9127808220805176,5.669161958243108,2.241760785853022,2.0065472024607724,-1.6797147077360979,-2.7471832135665526,0.40739150871890834,3.0897807499245586,-3.1002150215417132,2.3167244909255973,-0.47530413585482767,-1.1527764572849493,1.0383317035461976,2.051883731425358,8.767524580142831,4.558569433697061,-1.2350381905517318,-5.310067020873727,3.409707256663993,-1.4262444210953884,-0.1503180493749145,6.100414975119401,-0.055636312676476785,-1.6483461738209453,2.742014795286492,9.724029265136316,-1.0030474371497655,3.101007598311152,-2.3909437576536714,-0.46390674082714944,7.040504533067777
692,-1.854926331223357,1.6851947553956819,-5.539253627379115,-8.436099047779837,-4.8054382014956225,-2.771932281462326,0.6830203721075124,1.5603315242584759,-0.8342082719023775,2.3190355519284696,0.939730346234666,1.9912453701190498,-6.0780827141456815,0.6446757369378414,-0.281541963501097,3.627612446871277,0.6366801034964811,-3.7576291557953025,0.8890172909703062,3.128687108458051,-1.5383835075073247,-0.4318008038534636,0.30278865625787454,3.1772797629817937,1.476448664893718,0.9210320080622993,-1.122484012514558,-1.1243592880152462,-2.68398240064954,-3.682807178788468,-0.5496105317703316,-3.4831973118603745,0.5134350765362664,0.8238723110068384,0.2781298265839673,-2.6427831154797037,-4.73684042093677,-5.049645503610602,3.0499701170636704,-0.9437348778072888,-0.26719851366355607,0.30647852670834835,-0.8177433590469343,-3.060706003129997,-3.8374386997791237,0.8134184831456571,1.1018407868475824,-2.651448290269709,-0.17077174549522586,-0.9413069024073019,-3.285535869374415,-5.424723943616491,-0.2927157787097141,0.13209401695606904,-0.6213331176327996,-3.17279998038158,-3.2596921716622114,0.9917926718148511,-2.709611048915168,-0.47227325534265363,-4.172922063978611
693,-0.9613794823953493,-1.7790037392746403,0.7711556083648281,3.43827215351129,7.605965685343262,3.3175276669579685,-0.29489937731494265,0.1830205419743338,3.431875557326531,-1.692499538521372,-3.1479748668003573,0.5375801475602943,4.682283527810975,-1.3268486979041456,-1.4057436216759576,-1.6212113322352235,-1.015391413905167,-1.6095051832541944,2.054402706524969,-2.0784437472576927,0.28044789469221487,3.114627936303745,-1.9067824540074678,-1.9018230824136069,-1.4290210118695856,-0.3467747863216526,2.332981406762504,0.10032497894607618,-3.578791264588697,1.3327237963254341,1.5906296126649335,-0.4141453787341822,1.8495629856447966,-1.956318589245326,3.4145293034784454,2.3360820112736063,1.395759667938647,5.8437549454489055,1.0392491476853885,-0.743644136020577,-1.0406445484548177,-0.13457719601581875,-0.4337297952223682,1.3406118989882936,0.764555566405961,1.728297482310696,-0.7621272047139018,3.4949495827942774,-2.0741008055345658,-0.9180466640764059,-2.2573143791652632,4.91598888797807,-2.133668067836857,0.6236677596030002,0.33476172479336636,2.65652978610628,0.09604518821277083,-0.07565948241114256,0.659590320400222,3.649986714209593,-0.06441237450560489
694,-0.7573571186820113,-0.7311096413937981,3.112998652598665,-4.21494976977149,-0.834609281729926,1.7322400121682344,2.647863401715445,0.16038986877477956,0.9081378940513712,0.2657658668753474,0.27145258710839965,2.921957347979771,1.205163613957624,-0.554306384275196,3.065810046068277,0.7914398393566143,0.9990238709046239,-0.5002679533312847,-1.7781922412006352,0.41334860326126144,1.8196857876429167,3.2740834923369455,0.3395343033400826,2.583204139888169,1.6062703889640644,-0.8821381481917956,-0.7077193550131443,0.19641724032436544,-2.307932470236581,2.861298875866604,2.6931650267409317,-0.3772351788555117,-0.8789923086696725,-1.0311292852233107,-0.983576218407963,1.3498234115580874,-1.1718106483096133,-0.8485176118934832,-2.8353544846839394,2.515300361111198,-1.847293251830799,-1.9172506325822445,-1.0401761473212745,0.3431170559028917,-4.93729023647004,1.3297471029512422,1.8814445138227351,-2.7975700130929106,-0.5402725117442967,2.251291926468846,0.8147184561924248,-2.7554298194174516,-0.08865686877491659,-0.08082550181181491,-1.3927395475026612,-2.085980645997557,0.6442105918206638,-1.774317844733031,-0.4796714314532598,1.8959076535007329,-0.2091235654294925
695,6.738317036696258,-0.6439763282577642,-3.327547954428059,-2.2257363292238983,-3.175305597935152,-6.422461325860293,-0.605612730386804,-1.7942900079573303,-2.534959115337181,2.122665296035664,4.323243595275187,0.388263353320229,-3.4369909935539122,0.47706234818764864,-0.27899271453059066,0.8023841708890438,-0.9195155959661079,4.463721564574374,-4.561897632334405,2.0158990520201887,-6.144599534228676,-5.009125450922687,-1.68566298886991,2.720167051585381,0.7688972131007134,-0.519420314861153,-1.5663404806496835,1.4365816367982664,3.5957259914360176,-5.817980089920355,-3.286462015443828,2.084925815708244,2.8281719948816857,5.379661609202764,-4.766418614102078,-2.068583725193302,-1.3183670917780594,-2.491449978814573,3.236446545911081,-0.6877247825599175,3.3325974482779612,2.8429185275907187,4.071809872692991,2.5129766049546154,-0.8700053987738605,-2.1756068698930147,5.283503232806277,-2.2809913494140863,-3.535631503868886,-2.370570465714358,6.5566100966808225,-0.07711829251251326,-0.14239383112217818,-2.920387311421292,-1.953060227695351,0.9095615856667871,0.6711425499690027,-1.5585891707886046,-0.3707339267644191,-6.551376231515094,6.024582193741851
696,-5.489938914603763,-1.2665075325020247,5.045625797002512,1.1984532553453981,1.653572141478203,2.283997187263007,0.7964994834455403,1.5046052779440702,-3.922730482560211,-1.7922615021013408,-1.3896476266309592,-0.7325450148512405,5.2393796471167455,4.661270051086058,-0.04985207920995577,4.173750725411636,-1.5507252545216654,0.9073012012354276,1.3798993071074044,6.74119580030882,4.331023025452658,1.1454903231695954,-5.010219074548747,0.21292759114228985,3.6247341454562365,-0.13193705414448498,-2.0838254908040064,5.44123532998032,-0.3283260073950619,2.6348539548420353,-3.814943425237873,-1.821301227574749,-4.104256586529725,1.7892819236645543,-4.4284916279236075,-0.8682810038539227,5.381160753113073,3.3954945545269637,-2.1494427164435614,-0.0888048058473433,1.3816969617753154,1.2814981744258918,0.8751777588642707,0.9165081662229959,-1.085449371414876,-1.0553849793237806,-4.497439915439528,-2.5761728270662143,4.3725618665844435,4.272100348748689,4.034665058380635,-5.615926655542047,1.3935438881877287,5.8133602526785175,0.11249175964807552,3.1400945545018235,3.7702411836684626,0.16557809753136296,0.6661877885063119,5.061955133268792,-3.293003383409416
697,6.584101910586922,-4.5550405186988305,-0.5696597516203495,1.7915830353101216,-0.1687249267616283,-7.034765649380113,-3.7798384574083745,-7.604723786497233,-1.5011700563207138,6.04425289563452,2.603626832583567,3.7584170313768896,-3.0107432050698346,0.9234024898760341,3.4031528645430478,-5.79117322634094,-3.9767777148163583,4.121005618496288,-9.297778898688128,-4.751520358183062,-6.008343930121359,-3.3814333206814604,6.8165090219312,-5.916097204594359,-5.928733217686234,3.869841204993692,1.937649259282032,-1.112885637832717,8.72817712262372,-2.3382359554252967,4.369500598149185,5.911284011135957,0.13384167715166856,-1.0279308053265623,-0.5858016303336555,-1.3331285001587618,4.66328430602775,-3.207403204905744,-0.765920463434561,-0.9128933066267966,-3.5109405633676203,2.1900128780392634,-0.9305509900540843,7.785132350787053,-1.8574766179986366,-1.4536333313046903,11.33939730749981,3.708700850706527,2.88818816153058,-0.06865584535319241,6.841847589708395,5.97255483475909,6.647752247136525,-6.5402645048197305,1.303159283311725,1.8315185217878645,1.4436175409712853,-9.229089794999485,3.310987077638564,-6.325077342208401,9.817600785877042
698,1.4189572779148856,3.364299961812979,3.118768882958461,1.7919232003028924,-2.494098602255908,1.2080592625054243,2.346369895321282,-0.13007910555399183,1.6057134384035694,-3.24391949175952,0.3874138696742099,-1.8147551610159605,-0.005689346880425994,-3.3712103588825695,0.18104933625161906,-0.4111426023941612,5.52526430132203,0.2300169996240775,0.40874442109093984,-2.097139440084799,1.77410774165894,-0.1297357653918535,1.9090225270983794,3.466374149198875,0.06365132613016977,-2.816429752389176,0.01989715524797908,-1.996665181247415,-2.28957188086881,0.6082998624966738,0.018695189605985804,0.38479247385292326,-1.2972879071803338,1.0682300323999139,0.1101556135991831,1.2737903270034825,-3.160037799467652,-1.7891394604877648,0.3800886721969832,2.5908524295617856,1.5512366856014033,-2.0928327732988197,0.6162971899030062,-2.6847175064205566,1.7455449348066143,1.1479753155881494,-2.5357486376144847,-5.039286754826838,-3.0150418822188914,-1.1050790629634868,-3.3518840880662752,-0.3727374297772851,-2.029310343675538,-1.5265902710648245,0.08937926784180553,-2.3763899558878454,-0.5848219737734239,4.302833450646273,-3.2066247814928537,-2.132268396085277,2.219640981370518
699,1.998122090038243,1.1117867587375287,-2.0340100974580575,0.45036295912972174,4.2773643355318285,-0.09379966312741064,-4.487765231627975,-1.2951645612090947,3.5541265860830005,-0.2894265803064736,-1.8816459272211428,4.380387010964138,-0.6860369920789043,-1.7694685859650645,-0.14098740192991763,-3.4921386101845084,-2.1129040414892324,-3.7492999998042698,-0.8628139089328355,-8.176284282658095,-0.5763791386892141,5.552362695053473,4.371383458880486,-2.6739065248472103,-1.2430736237610667,0.9721317285782293,3.8613488016049273,-1.5348943640990405,-3.2367559220424864,0.37909576600927086,3.9076858049405883,2.0851844115887155,4.713051128421703,-3.0714843697591965,4.913600224180514,0.9651649222187529,-3.841228327646904,1.7151356316593804,-0.8629208500137527,0.09684477100416192,-6.871970688894338,-2.5645930221012883,-2.834786736418394,2.6026563515596584,-0.3352048793418676,6.094626763378578,5.363625663447056,-0.7505229864766081,-0.1297923462209946,-1.9777885850626775,-6.429440328848508,6.423892684505003,-0.7061646418466538,-3.1050935199003318,-0.29778025260646723,4.189446746267351,-4.1973815581378355,-1.539312482840506,-1.4901743005082355,3.0125480180417714,1.7092444032292042
700,1.7581025639809371,3.0936780161920594,0.6474561846440879,2.1268467164330054,2.5657746427604775,3.9153258096905366,1.4412383425645585,3.3322570425537803,4.372302951422087,-5.777294378940064,-1.0391569293228957,-2.0271622390419344,2.6229338656983683,-4.735550401394497,-2.202472531417068,-1.788286290916778,2.564307305485046,-0.23314384088310774,4.027040402870737,-2.679937103758303,1.4118224416742229,1.8217035404750463,-1.95611474872825,2.995918140170304,1.5297207735321745,-4.130315507846671,0.4073168372058567,-1.0229388183728887,-3.5076082905420485,1.2961721286708192,-0.039863643480754336,0.3337151949586632,3.510890322378152,0.45044150952496587,1.7896725303210765,2.8527801205052876,-3.8034305015757104,3.4166501026186435,-0.22371288834030384,0.5333526600784058,2.060124948845681,-2.4994238843705205,1.3083598575556854,-3.4164260610327615,3.529986207771129,1.406567024316424,-3.685143956756333,0.47459276098478964,-6.10116462912346,-2.532558443189345,-3.3314028205838393,3.170852200068873,-5.515007880044407,-0.23674020551047467,-1.8071951065345115,-1.2072709500063117,-1.2088838980322756,5.45705728217042,-1.182296532366959,1.1391406978889007,-2.336927097224008
701,-0.6594334158893934,-3.7498959301076544,-1.1914385872587145,-6.441395028149232,-2.914600712974479,3.957045548473551,5.884138403445288,-0.643820926870178,4.241124526391885,2.538146721537103,0.5048781234354427,0.10105280545497886,-2.748493108356132,-4.198036269147176,3.6408068241099008,-1.239938533813738,3.7058741307986613,-1.177660211239853,-0.11435097849401583,0.44489083892397085,-0.9183236478806129,0.6163373294333191,2.85235048244613,1.3662872630261993,-3.6789432830898576,-0.27762820634070007,-0.24594072060724392,-6.434783717979065,-1.3196447121126533,1.8319819385141733,7.293177305598271,-1.8864583122954452,-2.4888613917372857,-4.806848961163406,5.794542231294386,4.5199606589631705,-1.055563218595967,-3.394394252324458,2.318850151466981,-0.9424901713895502,-0.8049527692668206,-1.1023663467465004,-1.6908077069579415,-1.6512592803106338,-4.3422617574683295,-3.00114070313201,1.565295697042492,6.994257256778901,-3.6176455766565114,-0.48885631117841477,-2.6424998989858657,0.1674689119852663,0.9245958516531372,-2.7001756624286966,-0.28506789370174124,-10.185262630598334,-0.42223232691449475,-3.268830465643877,1.6232637817952684,-2.8758402636806175,-4.427525442612216
702,-7.307182683297794,0.45883265097688697,-5.4202770063005605,0.0848998351404352,-0.37355718760851514,-1.7543401220647197,-5.36991495381878,0.39697185099240095,-5.494976709095166,4.1539534775476366,-2.327079690173587,-0.8331148218692644,-3.7787239019875725,7.293651476997069,-3.391234102302327,1.5164477358476773,-5.65327865818392,-2.801256297548508,4.214423811072653,3.764516675530495,-0.36030695114785066,-1.6707711371328782,-1.5150460630715514,-5.399076994581432,0.16508266176922415,4.082228078018598,-0.5786264177763172,2.2818350222299304,3.3421237957234413,-3.1513982294733154,-4.4645282078966595,-3.319280141336797,-0.7896330261564765,-0.32234989077089543,0.068027555765731,-5.555652408523665,3.178912034689795,-0.6811470690001731,0.30181122606491967,-3.7546971636756945,-2.375905776110234,4.029170144393802,-1.6860447889194456,-0.9056227044673448,2.230946374790589,-1.2001186889386428,-3.480826898246304,3.6866812339929953,9.473135320344136,0.8966869823627239,-1.9559708416840198,-3.156537645521114,3.3279448995637297,4.930262986571433,2.5246482850845933,3.8855676140557565,-2.5336072622709427,-0.3062612617658707,2.2173235236690645,2.4447761326162727,-5.039870154435434
703,-1.3009991243376202,-3.036127816998655,3.2814856743838883,2.427814709805742,3.5973421696251506,0.34439396437515934,0.1596971862838421,-0.24827129500344647,-1.5111610151165464,-0.375202153026739,-1.470249978912667,0.8446806507496073,4.047406173771742,2.34787676313687,-0.7893753632106058,2.4509026009055543,-0.33434700518827576,0.04745663020927393,-0.9863557029198056,2.8537192282396315,0.8818143488697161,0.6409353404864367,-2.635942247683266,-0.06379751384237871,0.10228931701659513,1.1633949355377566,-0.07173833087165071,2.923878629757532,-1.5276339917367536,0.23073697271972615,-2.114539581436137,0.2502553821719053,-2.146653561465664,1.0746787771404207,-1.6699010549294444,-1.0911660254170497,2.786860449375729,3.7531401770396013,1.5400537071800702,0.20444444888478924,0.4489908727976943,0.7006237242555928,0.7379659831708785,2.8305085108930657,-0.8760049886944286,0.7191028279688649,-0.46364868203726134,-3.081875102889749,0.4743085557765787,1.1563537412009688,2.456834278141344,-1.33030899464574,-0.300425078345412,2.0735191007462777,0.8004606716535513,3.6981974149461023,1.5197672169948118,-1.827071335384974,-0.6818210847120816,2.837570055601892,3.5028671918448797
704,2.234169052859816,1.5171013227193324,-5.34323141515876,2.2528481404619103,2.3643359178948025,-6.399867039720966,-7.866553150986103,0.13154546547489457,-3.967750765635354,2.2192381757337163,0.8240350020144793,1.7620436936796395,-2.2113297429402254,4.907147568845172,-2.39149893178784,-1.909131864053115,-8.925605825923249,1.7968775900629417,-0.3548796985917249,-1.3753679143616928,-3.2500580368257768,-0.8094776412268457,-2.0186916483571298,-4.354417813214066,1.3191018308564202,1.8764674637254677,-0.6244252213464118,6.071436794125747,6.1200744235271225,-3.5604663740722975,-4.168959159543041,1.999587404466396,6.469470453179963,3.2628920829637575,-4.120177854762569,-4.283358933800208,1.2612531503480358,2.3302503432227404,-3.1445889878260758,-1.3824925898847484,-1.6684406404664431,3.192189996144306,0.9139621194069176,3.635677343224092,2.9392774775182686,1.0361199892597837,3.0532352979247093,2.1052158032356294,5.017355284717352,-0.7936113680131689,4.029688134092429,2.3376470123436044,1.0857211649329863,1.8987981968284267,-0.5862997363929763,8.069975946700259,-0.07288645555397821,0.009334235490713438,3.1412880645921417,0.521353215640904,2.8382053905657405
705,-1.5674524111938437,-0.43717772875624816,4.027795998412799,3.7661237376753554,2.330218628927303,1.2391749226057494,-1.7176285724630167,-1.5240363598820659,-0.5578749493087073,-1.2851043202233527,-1.2897414970391274,0.8377910796771004,3.535289747623454,0.01665038377344291,0.44151114447292,-1.4320733552482015,0.5741569618452997,-1.1092770834594914,-1.2470844363376057,-2.633106253191006,3.065659454803391,2.0163287131700502,1.0427064857981705,-2.162119547114192,-0.8476544028927102,0.3645236631920826,1.2808895445777382,1.336720372392831,-0.09488084989135728,2.0980636067468166,0.957800964093243,1.60189468306471,-1.3268577022980268,-1.3685241243168118,-0.12955346428627068,0.11622673381728064,2.0320705646590187,1.5705096574440935,-2.2879399563071026,1.2460092358825716,-2.7421253378104398,-0.9596320781894715,-1.001170750782339,1.55673993860906,1.4930735836157916,2.4115913584659827,-0.2798872498436449,-2.358152814369042,2.7861656657963154,1.1554853941021739,-0.8218345571477006,1.5215262950302741,1.4447406349366283,-0.37043579137887434,1.7261132997000912,3.2078174564663944,0.7516888020595991,-0.3387167782887561,-0.8293802663835959,1.9355684472927874,3.3844217150915243
706,-3.0872782089646686,0.3985147371556098,2.9969322149111055,2.2658627773844744,3.9671281751516414,0.9608658314037952,-2.1546796175392298,-1.1911747940947,-0.20670116420497114,-1.2918099688723785,-2.0860208477111257,2.9868504873292414,2.7664091934298125,2.0175998203977934,0.0448032097725644,1.1570252565972357,-0.8428553433536641,-2.3212996405773976,0.33546630542513534,-0.8696323378076484,3.7415079956372734,3.5451108980782724,0.2607093052341769,-1.0525900746767045,0.7932151437685101,0.8541389764418196,1.4867360506970524,2.6294971352228993,-3.100101036661489,1.9431742756516326,0.03728113249765819,0.7436111098329545,-1.232426462249674,-0.38189026596968045,-0.2966962819210727,-1.2186709602719055,1.0395657966821175,2.652343920503838,-2.128781763633967,1.1810054861641661,-3.856028890448743,-1.517086620324712,-1.6051055071091318,2.12476847596564,-1.7587820737794848,4.630663527274681,-0.04014151026268903,-5.324126875390718,4.133744829421803,1.6710826117653732,-2.3294486574744915,-0.9027449261029576,0.4781309992587912,1.7698493843659913,0.798188867863246,4.950969830186255,0.028734844593925668,-1.1640555821874845,-2.246209273188114,4.2131961952102905,0.7312953144067416
707,-0.11043378596167622,1.5820553465247447,-5.510954015105588,-4.313600327976537,-0.2679719806331401,-2.092765281206518,-1.902026462646342,1.696864501432302,-0.9162065962194496,0.7421990485015673,0.5301056268056172,1.5288876285494504,-3.12932939693569,1.049502321588479,-2.3031126951437453,2.5364350421990576,-2.6109261900055634,-2.2310455408186747,1.7611707448762364,1.6236992830824777,-2.638768225418833,-0.08208017787654355,-2.275151001024592,0.37468963885842943,1.3240154326164886,0.43046808834623884,-0.28251968196301774,1.2497285557969893,-1.8124986711784412,-3.3128222652346295,-2.7130079194574037,-1.8250196088518504,2.9091109183586106,1.5694077513950584,-0.9280943021800931,-2.1246487797070417,-3.2796387516519756,-0.46227654179411426,1.9468244556835093,-1.5859640156470183,-0.6688804923743443,0.4533911275669175,0.6152713186028107,-0.5805564731980403,-1.385026540706574,0.7524432458395269,0.22477863695322703,-1.0011561019541624,-0.6764268725229989,-1.1948259152455734,-1.0240181698903044,-1.8449438848591333,-2.2040148501013967,1.5823508550790069,-1.117720453438855,1.822791891576951,-3.2329629244301863,1.0517847480476048,-0.9215530563430072,1.246508325044309,-1.3451628616072782
708,-2.364018986808546,-0.6650293566663499,2.0695108812235112,5.318750024653695,2.8658702182585896,-4.5559577262903845,-7.44035503500769,-4.458057874387761,-5.100943468805908,2.957253913327127,-1.5281504644172073,2.9950258531199485,1.4371103256625979,6.315568312202612,-0.6967843992617629,-0.6224525539737535,-5.364722575208461,0.554442736032954,-3.8067300338177423,-1.5381662107317615,0.863697084488235,-0.45051380301553856,1.9899471015379908,-5.514566796654707,-1.9932622840249024,4.327616725517193,1.4448085469650147,4.315011768801154,3.414112878387309,-0.9396106570244558,-3.089269218739176,2.254310483234038,-1.1589273097645394,1.4413162757391347,-4.008350930516821,-4.888757494456957,4.59345169384055,1.3802034311332965,-2.689620949031755,-0.2665456444292702,-4.425904335168668,1.4011850575084643,-1.6245189165503298,6.220814883397734,0.7990824578952774,2.529570844024965,3.2948840766363774,-4.364863119136629,9.231797482952906,2.108798700449239,2.603702238397904,0.3190322084853787,5.72823983979606,1.0369603128135638,2.4554556247087653,10.311892709829763,0.5145738951402423,-4.487623447602715,-0.7555627950799704,3.3445272003484523,3.9278463863276114
709,-0.4012558988240477,-2.036195302503798,0.25737657315683865,-2.801415821605065,-3.885524789714967,-3.4416832448771446,-2.09600001020219,-2.3597128334383135,-3.2623912441491876,5.01443127077138,2.0751950854049124,2.0610666077245643,-3.062051075948821,4.207073207936202,3.4382535127188034,-2.249464881033924,-4.993247091916833,2.060234077362028,-4.869843314142146,0.07845678882886936,-1.2911244970639797,-0.9392739806853383,3.7172220232597026,-4.257094210950917,-0.3868584040816536,3.2120013798105496,-1.5742080189030572,0.9550611469743284,8.013588562640615,0.846739736500295,3.2558662191382144,1.5257347961006378,-1.3425350782647312,-0.7627609866593424,-2.470183227291726,-1.50607745701171,4.695461228397549,-3.7022227793627227,-6.7161165581185305,0.5450354384895632,-2.8321120547609047,1.445970981047201,-2.546939397463993,4.364261263111389,-3.3031657772726435,-2.651868118079353,5.07621776044839,4.425649256458563,6.423116747038849,3.55828204334055,5.245700815579103,-0.5584920214519046,6.478935512840055,0.09771920053318972,0.7004583900598853,-1.0363835081500326,3.0478467767198936,-5.645575660574161,5.74218953550897,-1.8647169066164413,-0.03797340987772896
710,-0.5255279328914195,1.2322277321692763,-1.6699976485781498,1.4445287715113069,-4.659471990869729,-7.044542294616149,-2.9882291426257703,-1.5337526018680843,-7.156984100466284,3.140803201173215,1.3382453364826281,-0.6363458969237334,-4.539456310031723,5.747193792495562,-1.9891040397534234,3.4889858498437833,-1.9579994036533652,1.5203367342878895,-1.7158176664042337,4.575353020928178,-1.9063114408341053,-5.431778253416526,-1.5718840713287423,-0.935814603672735,-0.121651683996781,2.151744612654267,-1.9112911855274475,3.5933895683395183,4.424791204216735,-4.438158430496378,-6.9456679587759,0.7733819605196892,-1.7070332459775797,4.497962942271671,-5.433109405435312,-6.292888159673511,1.9171096917284258,-2.873334645911811,1.805887876257663,-0.9402629832380616,1.8969597322247034,3.489796741217657,1.294539200347363,0.21106775492895147,1.9475178186941018,-2.267548531499784,-0.31344878658510544,-4.482441780579475,5.2408128553930275,0.517894810060883,3.9507502480146117,-5.06086566033769,3.3121707651817367,2.4311322116466765,1.5295312204773301,4.293791000813886,0.21763616719126289,0.1554620788965353,-1.6263525076272114,-2.7665191879226096,2.006616100327009
711,-1.1960866868961886,2.8544819584858097,-0.6738459898102077,0.7604938782388103,4.77132809331597,2.19531633775573,-0.836735812537579,3.9649563411676834,2.5724295480391315,-5.035540862239773,-2.2116833611165627,1.469515815716545,3.750603153395774,-1.2373126597920194,-2.9391385026667516,2.7709763042958593,0.7115156106767166,-4.424415434842436,4.69101760078044,-0.45337234898422507,1.3752161001978045,3.6338467124118004,-4.75637292629398,2.938565521840686,3.2866801384699245,-2.958013430974828,0.963990191292163,2.710591651290585,-7.637627701648659,0.24430554443240313,-2.6201860441806364,-1.2097548762675296,4.114044419600793,1.7543997662384707,1.1420662781743958,0.6246141295498823,-4.186995576679641,5.210981837165215,1.3266034499758248,0.7062646579162697,-0.11558582228428552,-2.0228553236455795,0.8020539468493523,-2.6246836496719865,0.29829141840844653,4.285480471011631,-3.429633968932301,-6.207506401608008,-3.4590767951290164,-1.0754154117241121,-4.486059800076207,-0.423703768914328,-6.154595639377203,2.840037105260249,-2.1961373523751937,3.840712899499076,-2.2471910653871956,5.154251653208379,-3.7587144160665873,5.9070082912816755,-1.5719220832938525
712,0.9693567696069268,-0.2825454988706501,-0.7960626717674066,0.26951071254259684,3.614312897179813,0.517104822522291,-0.6783295643782679,1.896834331218309,0.7154584763023385,-2.082732743452385,-0.6107788329162757,-0.30883379297645336,3.3551537991890963,0.5294788643929695,-2.1736490052575665,1.0437648040830738,-1.9746631526397462,0.7812616969139563,1.866145477641241,1.5758162004715424,-0.629502153227767,-0.005084942753549981,-4.858884203320302,0.799052165663612,2.4903503384527244,-0.689859110998138,-0.6511586086942381,2.636434014527908,-1.10006939905331,-0.7865211708454355,-2.45777886745446,-0.12578519818754058,2.5971457306055172,1.777648615482149,-1.7067939636619849,0.2668726009876024,0.2415366534096223,4.139353839033957,0.8379399582418515,-1.04416608377788,1.3473263617017661,0.3872350058264948,1.7235691608542019,1.046305369417465,0.567048790619113,0.08458643085681952,-1.000878773361803,0.27030177526994137,-2.172829038018592,-0.31324113569900036,2.210409814759384,0.8668651657357515,-2.857445480245706,1.9480987773984557,-1.0703129981630501,2.751353057903875,0.7129897980922962,1.1452902678577217,0.4895962625276563,2.1862368465735926,0.7518435858150628
713,-1.415754989140367,-0.7459521072897569,1.2211044895409655,-3.8551848506647337,-1.1351434939744312,-0.2939745820809303,-0.6501316239547931,-1.2747061470784127,-0.6629596004756786,1.4297283425591136,0.44034555549985904,3.6822247658655805,-0.37314738918709833,2.216255099575612,2.2987846647717762,1.5366470163586778,-1.7718648879864345,-0.1980846914536017,-2.4921339046460385,1.0891957964118786,1.6930098706550876,2.594251522833299,1.041732369616811,-0.29204529609428154,1.5165399274511744,1.2282054378372684,-0.2392509176550323,1.117071970192384,0.5123700123481613,1.6591759543949955,1.4546274284144907,-0.2352597695947107,-1.199144331156738,-0.35135568627144426,-2.1332397122772315,-0.8191597243515514,-0.17347745895586586,-1.300142945551591,-3.8825073212782244,1.4556470314161845,-2.462320410512385,-0.7359422747741008,-2.2774075954247213,2.219571287170543,-4.480328273673835,0.5950261290759925,2.74703908731552,-2.449325339814235,2.763373839650533,1.9588770877172603,1.6635683127301473,-2.951659155571818,1.9178596583105385,-0.06719483691313355,-0.9426870760214594,0.3797097714024725,1.2259901649741178,-2.207426572690676,0.6614933601690299,1.7672293009929612,1.7134616927686073
714,-0.07943373563230366,-3.6620610888791987,-4.202367713338969,-8.416741558287516,3.7140373196453647,1.9141636518636824,2.7056396069426603,3.9727359977775256,0.7253408501592791,0.2606683307134932,0.2771076738705092,2.604204361693048,0.6534556403919163,1.347657868415532,-1.816991578590141,4.515409124456818,-4.207305527606716,0.17766685972053914,2.435197968868954,7.4867507089408285,-4.287276208574256,2.1349983323463366,-8.840377504623135,3.0700197824093602,3.5262302701983375,-0.6125260722234966,-2.5422823837622848,3.5626745035247316,-5.091633348518765,-2.2354560835993205,-0.5270455675071745,-3.6361516208854017,3.7353140046039948,1.1829934377532196,-1.3110712786273995,1.6771877248617362,-0.7835305975790237,4.4312966307982276,2.223545162100078,-3.2310699835976746,1.154320971874074,1.2582429039718888,1.5244081590988092,1.6453655258772395,-5.786214610974811,-2.02480773081943,1.2899823414921867,4.017133877511265,-4.854017551670466,0.3874991773303779,3.6553871997383958,-2.4711977278826414,-4.017570665651361,3.0939621475083223,-4.05617856428719,-1.8317483857547692,1.3873034934902138,-1.2299286839828771,3.369451825625088,3.2176722226485266,-0.6678049729861419
715,-1.0726658258435278,-4.144869432559548,3.628004859428988,-0.2736838308242954,5.316419369374602,4.291865489878975,1.1225213971866808,-0.9232483249187735,2.8390499401880493,0.040787741228195895,-1.8425965629421588,1.9146553556159764,5.3703868782299535,0.026294436605105775,3.155833112020726,-2.284516542634658,-2.4112512564421604,1.0857422670398245,-0.986210883735638,-1.3636743724843692,1.9166595761474925,4.5431019265453925,-0.07452132432940528,-2.7799556447609204,-0.7955742111156354,0.21496083086584253,1.250546207624236,0.48480172072232486,-0.3228558665390773,4.632126555153394,5.421008791721858,0.11348307588155679,-0.5982412543117166,-4.1206540116799095,1.9468408713527519,3.5041983032638377,3.653530024102054,4.487128727437792,-4.4897614024940795,0.2433663870780321,-2.8829961467332086,-0.7843396144324593,-1.880914261926939,3.3117871666988656,-3.114947293586903,-0.4844581885399464,2.144750232443466,6.472422911254705,-0.29706673204522466,2.7791891096980277,1.7334133712619735,3.50522868412798,1.2474533218588382,0.4120910683148906,-0.6525142068981624,-1.3450244301687098,3.1394483073511297,-4.329691466345764,4.762063868471655,3.348626928343973,0.6904402709357211
716,-2.1955258382649685,1.1624899037583027,1.7101131743296012,2.728706130725203,-4.579097420324566,-4.645269046817541,-3.8657623744762994,-5.408670915022089,-4.804559748024973,5.028166712845134,-0.020563577294293867,2.1280578740177356,-4.12796976759218,2.8872740061314084,2.1992909151145668,-0.966355467341791,0.853261337453656,-2.4732199329942635,-3.799353529812664,-3.591129173861684,1.6506112114112481,-0.9923742549159915,8.523309709964428,-3.360359174230214,-4.002524255731817,4.08819749595732,2.0281529198038117,-1.2172893364886588,3.61416269562846,-0.8937386287450042,0.42002747744368607,2.493201533981447,-4.819006915489441,-0.8064829549389756,-0.047947961241896014,-4.948253989069605,0.7971128673737238,-5.829962704138344,-0.5599453510469853,1.3665750470671807,-5.170658648032936,-0.6269724881190528,-3.9941257998572546,1.6232726441152971,0.09555045310020865,3.317394654811749,3.5565067399173693,-6.235060934585817,9.057546593519167,1.131887637189112,-3.3265809213986137,-1.3879752623246606,7.044681012489637,-2.796132885006281,4.569048267826367,3.0964259434082555,-2.9900368954873318,-2.723767183812957,-4.450469868137615,-2.2110621783594184,2.463912947713417
717,-0.42046422255805854,-5.963033102697585,2.256971977362696,-0.1459857431974433,7.835535945909825,2.3521629066029646,-2.791904363454144,-4.134642942194464,3.886307039853725,2.8773109918171644,-2.9589114032389947,5.301981687219692,4.1865673803605485,0.3665456373694743,3.8026918131460206,-4.674415653350865,-4.978614056527389,-0.6647755616314066,-3.4599286708173893,-5.920087781802861,0.38312422376066085,6.724037488009848,4.288185156551716,-5.964535586293158,-3.2028400010853475,2.719959248329585,3.4013220032927536,-0.1962321387189096,-0.5372907573183887,3.563164588063667,9.247275330066628,2.191130269075636,0.6550598848323231,-6.612141280204695,4.6459635998061195,3.420129741363985,3.619124056334336,4.087769403923112,-4.866194071641394,0.02289288328131675,-7.5262360205992795,-1.5366276396968621,-4.0698211141972624,7.550282717035636,-5.048358218452438,3.2272642615402973,8.087820020835725,6.094735821280899,2.424806020271038,1.352576966187505,0.2996325343306131,7.469989347437781,3.065743917601203,-1.7314501096792878,0.3401516205311655,2.017531177829338,0.8263515630271968,-8.49467536702373,3.734252860585207,4.217075236854641,0.9677361478382809
718,3.269814401036641,1.7857010212619526,-4.35553506979584,1.4579855049054395,-4.283477120549539,-7.516994813356303,-3.4635939429444513,-0.7501801788960012,-5.270611347929712,2.364885960263084,2.6100239286759686,-1.814099156090528,-5.560090978749133,2.4631552023751184,-3.2863693419460644,1.2826032846146174,-0.9212162502372314,1.3285036402907129,-0.8748132218815169,1.8804200830056197,-4.562456663490551,-6.640527956841202,-0.2266427765634506,-0.466834755096866,-1.0178735695393675,2.0190458773102806,-1.138579250186764,1.5372215414915142,4.359431378072247,-6.773607809357855,-6.6878074894204165,0.5324759974447051,1.9297745775761124,4.925176624651962,-3.0252801644842138,-5.761564917919245,-0.4524840474197424,-3.4088050030330126,4.668296951497363,-1.378738094903077,3.175045368569986,3.1783765899234493,2.6855106286228603,0.09133521986035997,4.166577840561954,-2.268793139902637,0.4381755623436248,-3.0796017390770647,1.795031908944192,-2.719055297650933,2.5004473501447695,-1.9444012179446142,0.8524577116799045,-0.7003409591623676,1.6931035075277294,3.315021707038617,-1.8434593438671272,0.6967775735822378,-2.040438649756996,-5.579418899834949,4.521243786571581
719,-0.9047812049232192,0.6320425504511766,3.912651293140284,4.036309120534314,0.012614197872420992,-2.8859538580492305,-4.224347692782004,-3.059356354660858,-4.426893578632737,0.7838518142799616,-0.6962389717327754,2.4076139725208106,1.8146649951106517,3.6852152478894373,0.7201580955088466,-0.452501417339086,-2.0558928864557773,0.2676979603106761,-3.661133678462327,-1.2503100472280664,2.4672947892219943,0.7129556239605854,1.730632830182709,-2.736494589664972,0.4303150143905514,1.6995108521509625,0.5379859729950914,3.078630146002993,2.0422029438569793,0.8149898196143409,-1.8948381993230687,2.2187163845324878,-1.6777774329640915,1.3072623023260965,-3.7206687217236585,-3.1741958470363505,2.9071622438464346,-0.49492626563126774,-3.140386993570697,2.0906462797431935,-2.4654816829865474,0.08380131213531347,-1.7163578032522686,2.960139835709342,0.686842619626871,2.9945561814877437,1.1654217283854886,-6.403353655358416,6.711941303525529,2.727145456295122,1.6699294855762616,-1.5171937585523074,3.0343939598651692,0.9958384528354978,1.275029312423511,6.445199298690416,1.0618495857411112,-1.946702031184792,-1.2814957257514363,1.1076907543500436,2.449248480605166
720,1.8811228903897859,-0.9882718745633272,-4.21009685228983,-3.0617018223930055,0.2902554794510064,-0.6300624268142941,0.06572161821340416,1.1504994361851733,1.2078928706289973,2.0792388915861393,0.7139011364968239,0.5429293649941115,-2.5369586132563313,-0.3890983523668915,1.0872419719060316,-2.827728662309383,-3.946782538525396,2.099388409164693,-0.3314427247495314,-0.8301084767082147,-3.112561147678009,-0.2663350105640325,0.3352693529908706,-2.231488626539979,-0.2756658269009018,0.481756697133529,-0.17897660357403666,-0.5373732744933354,2.9837411327481593,-1.3170237503047189,2.6237242879251093,-0.5575063355050882,3.561595884503444,-1.2288752109930683,1.1948903952184533,1.0267464357298037,0.9148985938428723,0.50339206758919,-1.479979498986562,-1.6995295471975573,-0.5038764587133183,0.9309616237393588,0.08903617916124026,1.6171068950184893,0.006158050543556781,-2.8961756042083886,2.7941435417391944,8.127994832243129,-0.5644643225099613,-0.23854356341022087,2.432077647579333,3.4225582582856804,0.5880360877396762,-0.046948057140031196,-1.1103007275471042,-1.2928594097395516,0.3181670535831731,-1.5873787686585408,5.029295873150794,-1.2993603693478597,-3.053487990819762
721,3.25023176462681,2.9800519408414186,1.3825137437880644,1.463306752063299,-4.55832788970602,1.374218888321889,1.8521884701836462,-0.7041328980585593,2.6468158020090127,-1.5832927094865676,1.5108665865277862,-2.0673979709705197,-2.6786007414347544,-4.9029429937227675,2.8246505152205423,-5.2864243001057805,3.3586325636096137,0.8004355227787001,-0.5756785051188784,-6.0712192395950755,1.561983533489311,-0.3424976145066778,6.364544609449627,-0.1920833867119602,-1.5209038382131632,-2.5198427121632836,1.2746261718510132,-5.445697239847554,3.2225470966190497,2.8593455460368333,3.813492776253698,1.8325775918089648,0.726972966354646,-2.7676526183134444,3.2671775630038273,2.315975148137474,-2.6318225112746583,-3.532089811523462,-3.558493314177174,1.8261880230732057,-0.6104553540258626,-3.017183524917148,-1.4019782930402234,-3.655516781351941,2.501176275394922,-0.03053401212374668,0.19687879367999678,3.4426551722890175,-1.9016770089850148,-1.4226629194462637,-2.959211541280383,3.816677339344116,0.1257193977124359,-4.302377715203649,-0.16369793602897026,-5.3974046101302555,-0.8349340826222011,2.898909384897089,0.37769756383232195,-4.9431645763639995,-0.3007952961809188
722,2.4020822520424314,-0.2080708705922496,-3.227716473282577,-2.894211738339888,0.16782623616278602,-1.3695006334329083,0.5338001915208702,0.06438021844222461,1.9663956236096534,0.33314731165712846,0.5539164410065951,2.1944328907785975,-2.2597682513940716,-2.5049304941270822,-1.5905182942512295,1.10706292227204,1.7926395922371454,-2.841140932896081,0.4487435964760838,-1.245065966360909,-3.0106851509002666,-0.2702094977807019,-0.02986175998237714,3.155726826817449,-0.8225343275853778,-0.07494604448962622,0.9739952933103965,-1.234353657262678,-4.597851906991486,-2.873757236138497,0.7921937367593221,-0.975019907379326,1.9902457905431217,1.0147278957220731,2.6467443783510554,0.15047661955524685,-5.179827728143755,-0.7166345825655768,5.2985017609172385,-0.6222119832869535,0.02860252492187254,-0.9694489480458652,0.6341907912325953,-0.33691742324748136,-2.0746292791779073,2.564319674496516,3.0530650863155366,-3.110909592955836,-5.061820225239221,-2.548575271035753,-3.048299335406701,0.3640221825923245,-3.6543845317537937,-2.7783427448929467,-0.6451246688886723,-0.09899756303780233,-3.510934682680873,-0.019845171145038865,-4.261614276785164,-1.4542922778557072,2.1603619788548962
723,-1.99245119990709,2.5761702563916518,-1.366150653124446,-9.580312626367549,-5.497449480862599,2.155153692324291,3.766300263909913,4.777611450612687,1.2247055111173502,-0.6294970483082887,1.5570765960001762,1.6771533838584096,-3.074525935941577,0.5361094976610278,1.8885178369107312,2.519172740311464,-1.144268699926924,-0.6215738765020786,1.5628957440834694,4.653011114872092,1.897873422506665,2.6462345992931957,-2.46092281166935,4.9630322499841935,6.419305408824079,-2.817583188802407,-3.0095848581883367,0.47378095732415904,-1.4413948067875193,2.3008902035505443,1.8656665582172267,-3.414826574806176,1.0766747051159513,0.5228415052144416,-3.0298934347745163,1.6520885222751749,-3.9482342943994744,-3.380098860680024,-5.405563097784351,1.54917790466642,0.5274061179121569,-1.9302147878451645,-1.1198219720300964,-3.5911305246942202,-5.43844989939094,-1.370934080347625,-1.264439203538872,-0.10971755939321526,-1.0385386431981005,2.873611699239852,-0.09377529580091792,-7.0580635138527725,-2.045358592436815,2.715080287739737,-3.6824094052658807,-6.082497045250036,0.6374310184236346,2.6096053388086435,1.6709961155430764,1.731373829745909,-7.8425615015611605
724,0.8153710009691496,0.9126574021359488,1.5182187899123551,-3.110276907057902,4.332286737770615,4.760214244968183,1.7376756303309024,3.871868026968198,5.002262982555134,-4.70659791293867,-0.6048494699454486,2.1836878613415704,3.973634862435829,-2.4393329235899777,0.0819170379736883,0.7375567474292524,-1.051439666815522,-0.9023155570057284,1.9394734220660261,-0.007455925151546694,1.7090840821606232,4.6657265194754025,-3.7462898615951916,2.834826847472992,3.839520562495389,-3.582478161989075,-0.4664540572122151,1.191217424525865,-5.165504846547891,3.5975567367684316,2.00668344018773,-1.0255665369858178,4.054357716267171,-0.37053189653566654,0.22590021715119105,3.9505643624591316,-3.2873434854935093,4.59166202675509,-3.243365373651341,0.7916389766704917,-0.05925444180555692,-2.3223020181999177,-0.42710733156773784,-1.027167161652829,-2.943471786914575,1.9973510019725402,-0.767372859313853,0.4616989876174269,-5.269214300319549,0.3825223470699669,-1.3069005736524746,0.037947890883109126,-5.559071320290487,1.3496609041496526,-4.2745093177831475,-1.0255388262249139,0.42378794907741846,2.7418665342885777,1.0921526483122066,4.428847367196798,-0.7445479004153679
725,-1.0609593092211858,0.09807055640828077,-0.9240442502115446,-1.9902260152936018,-0.8832464848075636,2.2842850772153622,0.059229242705796215,1.3988532858854068,1.3932295578167153,1.2101813368915941,0.5080696663314981,-0.7806910586867083,-1.973398850448921,-0.33141835366638694,2.369000002472749,-3.987886368065761,-3.7814531626416903,1.0062670018107465,1.54270598222061,-1.2322389232270283,0.4980827838994503,1.8057424245091978,1.5682416880317191,-3.4730275182150536,0.5733511202183081,-0.1540007113070706,-0.8174326076574696,-0.8069467022004474,3.289900980455045,3.0933205386492544,4.158780859686991,-0.4977316383470075,2.00664948139891,-3.4431009930222998,1.7554873858833864,2.386708523198692,1.9679190853953212,-0.3294831242751937,-5.73374523262659,-0.7059479752854507,-1.8873724960328366,-0.12548110650864375,-2.1856821776537787,-0.5800047348510505,-0.29091014265027026,-2.3324977207852116,0.43670089906869486,9.830794677777172,1.3277205428713807,1.0811533995375113,0.6792222809194428,2.494957066967326,1.7636746613902525,0.9434742176806468,-0.447652780388589,-3.5789919302098423,1.5115924287939668,-0.5409117805813679,5.764012869452807,0.19069867112708097,-2.313680022847828
726,2.7458043554614386,-1.3040012328700483,1.0333119852982442,1.0190274615679353,-0.029980240915324474,-3.2391984722767106,-1.0895567712585885,-2.3475885707210344,-0.6817645183971108,-0.11179491644418998,0.6076700372947589,1.6226103735046733,0.5054526277366203,-0.340026455760579,-0.7078526416982929,1.3670425838308065,2.241803947318151,-0.2071750689578675,-2.4949690122679584,-0.5825052531735442,-2.082939059569107,-1.3986554861065321,0.4904469762847961,1.222864566026018,-1.7332738637666993,0.0889452832086578,1.1900594309998698,0.3966911097984822,-1.7641692868044372,-1.9959346731019152,-0.8788528636262466,1.5338863890835601,-0.3341719566926741,1.99351303335873,-1.1084565895773604,-0.9400682152427579,-1.3318968091736783,-0.343597006172664,3.3172877821413636,0.7366094029900181,0.42703370836832544,0.004484306737625815,1.154138310925557,2.3802398976545005,-0.5753851199588491,1.4863954944737963,2.6419149549906495,-5.428918999742875,-2.0043208449863132,-1.4967573608323659,1.0862968438032292,0.5898011056229739,-0.8097786956055797,-2.3827358044548137,-0.2235030177745053,2.2575344587976214,-0.9731205202850015,-0.9608702662814962,-3.706922748638349,-1.7435696265253904,3.2915956696987845
727,-0.4216890826850672,2.6010906609686026,-1.594464937921049,-2.057014880470361,-2.8668652302654842,0.17668084673521797,1.785876607735652,0.5189476520101478,1.377559795284149,-1.033024725268112,-0.13140262664297125,0.032265868512110184,-3.6462057845772904,-3.0446811352573793,-0.7550915397181063,0.9488976495226602,4.9246615357336285,-3.4762920706516636,1.4871786795256112,-1.346995428426807,0.8863376273325201,-0.2640374349376092,1.9554679495531342,3.71217949668627,-0.3807412971652955,-1.2295531050250794,1.103650837206251,-3.2151192820074583,-4.308539656679815,-0.47689998478531254,0.16445345914811002,-1.2120980324225146,-0.25849688361766543,-0.4755824692801737,2.0118662354787307,-0.6355569922482912,-5.5019631641179085,-3.8330505105477206,3.1740493641290097,0.7234360759261416,-0.1550873767497008,-1.9770024471453713,-0.8142345745691764,-4.049304233806363,-0.5296827729695621,2.2134122367975566,-1.7220188115765682,-4.880597066810881,-2.6653368157098334,-1.7895869486598648,-5.941896946737927,-2.039479399785734,-2.022115776924696,-1.5144314529066123,0.5743428607051099,-2.3888875095575495,-4.064498996506002,3.1181140688834144,-5.1664966398983925,-1.3974845015112038,-0.5749646531469685
728,2.9509686129980763,3.24359470569531,6.06971105195788,8.216104232219488,-1.5500103076516623,0.8208397336513505,-0.49396345349515886,-2.375151853074385,0.5924119556693785,-3.2781217950524617,0.6365793282747448,-3.4838038689225934,2.399038609416881,-2.9275137288127295,1.5813370768740942,-5.390432196549268,2.893369551937413,3.357500751939394,-2.503611662696186,-6.4311782515774185,3.5598383500284703,-0.5794626206562574,4.676948862032973,-1.9297788643237985,-0.8510527167844799,-1.9311487666607805,1.1506976153477526,-2.214055967102119,4.3298213535870484,4.390817668336744,1.6754685489567642,4.424716818882099,-1.8205176629120947,-0.3695159891535985,-0.02964422359383989,1.556937789371606,1.1688592524387103,-0.5507044542662789,-5.345102096668892,3.269993890694152,0.33839577592180775,-2.2296489566759856,0.09527157827482673,-1.0284267354321077,5.682194403710195,0.9836728511925222,-2.0554442477948927,-0.5600407854319152,0.8823445841441862,-0.08881305638202147,0.05256564994703211,4.123593442483914,1.8447321228509481,-2.7129675843318983,1.4207101296351907,0.7976243138342145,1.8537682866516734,2.5272345131714062,0.2566748235385802,-2.70835530644829,3.051152265680135
729,-2.791855113083816,0.27912449389374483,-2.560230008224294,-10.000734818147262,-5.808278324990756,-1.6326158255657859,1.171623798049314,0.8880231297566605,-2.29419283544497,2.7065116210446987,2.2767709721350653,3.3774928065407677,-5.36526527612665,3.319898599701833,2.4079634884654,3.959993189134889,-1.5729310724736019,-0.6633001647964409,-1.4740624137400664,5.408424601268979,0.6975560093248647,0.6562621346271817,-0.7137080673893592,3.039917708451566,3.716434135305383,1.2605472754882296,-2.3736275318527813,1.97708509665872,0.2476850218648644,0.1392108871915925,0.521041360979008,-2.075572933478686,-0.7635211652200683,0.44119199718615815,-3.045837218947789,-1.8899331474875276,-1.1566447527330552,-5.533522373192103,-2.8059222177843393,1.2492818606097091,-2.395335132538271,-0.050150772186145144,-1.482838716609219,0.049776412371666356,-7.038468091004771,-0.9492103483169803,2.818935752484437,-2.457496001560071,3.107123500304888,3.3782730821427283,2.305088915360793,-8.181046314147293,2.085978117042327,2.6562311514913626,-2.272288030490934,-2.91853462674006,-0.018807295167346805,-1.366914172622527,0.6977329876034281,0.814430615696286,-1.340363317748768
730,2.951336601292814,3.0391834030780296,-0.4864061543340211,-0.8109030577579002,-4.049075259340881,-2.217709149915643,0.06815496889430445,1.6303803285277771,-1.0653946441211999,-1.3357613000185178,3.3513941976902517,-1.3218492976508684,-2.0134039473344747,-0.05845104229899034,0.8753126404646832,-0.964270806265284,-1.0789806654939578,3.139038009982868,-1.05660779824435,-0.3869945510851587,-0.24994403022431616,-1.7600284044582417,-0.15020183059241396,0.5827316805820814,2.8300992870781725,-2.315360447281704,-1.015112137650354,0.8856750050316949,4.505716607238328,0.7308461981060372,-1.5873006356091592,0.8799568160816783,3.2730160169457196,2.737609563333366,-3.565941943576754,0.28683513287816276,-0.6936303788757805,-2.59493742607208,-4.751398054356498,2.037085200322906,2.2228553642554667,-0.3384093806129091,0.9011869322442363,-0.9829805265611264,1.5623409293966513,-1.5950831383753434,0.07539022000355627,0.3727200624569713,0.014753274404367633,-0.020609751320602276,3.097408216193579,-0.861305628971524,-0.7609893985662459,-0.827670815970956,-1.9872458499031898,-1.0547539398914783,1.3461652768289136,2.8655782495858846,2.402234130616066,-3.374431680241064,-1.9155668365446514
731,4.434673452958465,-1.9684058754049873,-3.4460416929863427,-1.6767484769527516,0.13163936138419935,-3.3927294603214495,-1.330915244307992,-1.2488782476688658,-0.0820953148511212,1.8177622107963802,2.270069432902566,0.15035435587885693,-1.6569000312063413,0.5688851902108816,0.015666773482523322,-1.5041027872863724,-3.4147568564339177,3.214838827493865,-2.335343839994257,0.0871327083347217,-5.056255651574526,-2.4308394738085455,-0.864802940017106,-0.5022541930406176,-0.6431641756187079,0.48988077104569083,-1.0846583684899533,1.0081830415859279,3.7228420487748353,-2.925556277855885,-0.2619868830556398,1.7485691570297086,2.5726885308670537,1.934200438434274,-1.1289460660169763,-0.3630256509350872,1.162259076881173,-0.6268366979649248,0.3908358097682343,-1.2469075247587387,1.4591466318808066,2.403915231427945,2.468372388511715,2.243335129200733,-0.4442505015670959,-3.3141192580547285,4.071987299020895,4.2880930204461825,-2.5047889561857084,-1.555582210347288,4.647613249333465,2.3815956065721413,0.42444148093061607,-1.5118740681510476,-1.9513190908475662,-0.06568730444319293,0.7295015933225742,-2.4212868669119434,3.888643970298455,-4.00235932101034,5.650741552237697
732,-2.3621325508358915,-1.8106598703800891,-5.571527223649136,-3.894701287734761,-0.17006804570031323,0.7193218541311973,2.4321956719103865,1.0019252510473113,1.296284573226301,1.7518291077268466,-1.3179924306493283,-0.9047595869763834,-3.3210395119774936,-0.8044524739856916,-2.352963964105668,2.5302199531310356,2.8177671277595326,-4.374926507056525,4.7411262238672425,3.2363656769846956,-3.5455826212322146,-1.4470123903495267,-1.5752355989905837,1.6055233597712564,-2.7935656912213025,1.78349994413556,0.616399195844988,-3.9990734965316475,-4.405307354142021,-4.989060461953803,-0.08850307750467556,-4.207860873482145,-1.059523465883096,-1.3255958386787756,5.266055941075776,-0.45132275267537547,-2.69937194231188,-0.6116116859211828,9.557849151423444,-4.1861051986262074,1.6123182539642031,1.7433076185011702,0.4444987802696039,-3.073528892814071,-0.8957422253118189,-0.9486831132493876,-2.2734959228539013,2.69072567394894,-3.0633181131977616,-3.0435585703594876,-4.976196983731857,-1.611353065852903,-1.8981256231764985,-0.06740963035658232,1.1282553442601624,-3.6658411603267114,-3.4971455004465413,0.7158684674297721,-2.5185262396169517,-0.5141305617232159,-3.7521640708630404
733,-2.618955960824589,0.2502045400380099,-3.637277946813395,-5.10990614094921,-2.2098414816172736,0.32499996838600775,0.20696603768317362,2.111895613780896,-0.6902903391720538,1.7031153371337198,0.4607512377508171,0.039412331436742554,-2.18082056412116,3.0567861996898986,0.9733550652769096,0.3992392272987509,-4.4656453512454615,0.6855741356633422,2.1085081346695795,3.9824659993707567,-0.03342998517141753,-0.05611147901900443,-1.169855317041322,-1.0390032041185282,2.919947174508567,0.20368647175653082,-2.125059582517038,0.5696013433923827,2.7283795814206573,0.984260180513923,-0.04343466422609654,-2.297287257516478,0.7708551732595077,-0.7290561297522153,-1.6934035376021024,-0.4005911766981094,1.2172372309114015,-1.2266903530682847,-3.3724990583751695,-1.2540612484008022,-0.45737224087686723,1.0183026599017917,-0.8657942626972899,-0.6869520098537816,-1.8988021248524412,-2.44744322379872,-0.8446155281080394,5.983022247150508,2.779323741128055,2.3762716533492707,1.4860591462863193,-3.0140423183716707,1.1760271832994247,2.6394945918120913,-0.761495158183557,-2.5049739561015976,1.5759422326107875,0.33381758381823157,4.428866542011129,0.9018278519159233,-4.744573434031045
734,0.7355678652634353,-2.451007884447178,6.600232310210045,6.351861600617279,-1.386505387685309,0.20759294048567412,1.4225070490207974,-5.114349266987064,0.027860947879487397,0.48064065937424155,-0.45022093510620687,-2.2902517835106657,2.494039869951817,-2.6701363954630755,3.109133356918894,-3.2874993388999334,5.538102160543946,1.543324748003628,-4.16571319097754,-3.7117228400604194,1.16432259741997,-2.2218860628000052,5.890497324712662,-2.180197204605832,-6.066044701410261,1.0577411802022791,2.1717638699834296,-3.818478908777063,3.492083260550989,2.0760280245926137,3.244109247409026,3.2566951304467917,-6.421431663402154,-1.7412379097980883,2.3385639257143964,0.8668486517671268,3.3541033591540867,-2.6850047799655803,0.9141617508839822,1.8591376471072056,-0.348018557661184,-0.5664252899025036,-0.6737406921036818,1.4435649222845484,2.3340564970732878,-0.5706285695631085,0.7623647546200801,-0.5819353704944445,1.4126648944893807,0.5124554474657368,-0.30967774909100193,3.0926712987127876,4.25538180558742,-4.238795577024874,3.9332115801967142,-1.3356615275152757,1.4778780297336342,-3.9007485434979974,-1.1170708872687367,-3.4997390157540984,4.372906098381755
735,1.2383157635452378,2.426877845033485,-1.9913391526512163,0.23632809068954985,-2.7687018207832668,-2.454534301287847,-0.315570957692096,3.8602195148727234,-2.783184842730356,-1.7912997096649554,1.813371497990032,-3.4586267040576106,-1.1084092713157396,2.446133228188029,-2.740688431831807,1.8964277827305496,-1.131248766265783,3.0174329615933377,2.414645145718049,4.336779977447482,-1.5432883081234063,-4.6539458558086,-5.201323408798973,1.976354578843588,3.8264007332657672,-1.5591308381364508,-3.2817107327699104,3.271560926765763,2.67425857595106,-3.208287631808224,-6.479456872204354,-1.0822588608130943,2.0563137724350287,5.0053625103914845,-4.763006009315664,-2.75955630518979,0.27063804824959387,-0.23263655612943462,0.4678894071897025,-0.2945535998337952,5.875675057425662,2.50655419145847,4.022556062559951,-3.068373146675094,3.96870455733147,-3.6071945857657672,-3.800547063148757,-0.535089855576163,-0.38303274036693896,-0.8535180505027222,4.390409843467452,-3.448730136334911,-2.729191612936842,2.8679146958249038,-1.5036941367312728,1.2115341883595692,1.2509717047769078,4.7733663216158275,1.283060333125957,-1.9171640007840027,-2.06968319619532
736,-2.0222214146107,4.610044624744397,4.206187217741565,0.8556856178152292,-4.811039594084354,0.44477453813242074,1.1029599818428097,-0.32830000882214494,-0.9631311120314583,-2.3478917471179144,0.1249038556424324,-0.2557817328686265,-1.4076345426955246,-1.2000651530302264,2.259451628379063,0.928148229896368,4.801747547796258,-2.384875124264429,-0.9959385144071304,-2.138678850797981,4.764507370109822,1.292999695410245,3.5386577062772053,2.9801097538760217,1.6959154027949466,-1.7779092585742653,-0.0708776163393321,-1.1536365383044243,-1.1133238818981968,2.8848863499407487,0.29715026203791106,0.23038051697997775,-2.553177562471173,0.07762147777768859,-0.9952709591243716,-0.2675153133468783,-2.959101768006688,-4.8317055001836025,-3.1814709008729296,3.840733629186644,-1.4176695528125847,-2.9172911684806384,-1.8128819824402025,-3.6375843895045437,0.1309560383054319,3.2978648460377173,-2.677163378226881,-8.870343264194531,2.100844513824223,1.3680817708872586,-4.533067435359195,-3.975089783409123,0.7507091026369193,-0.5580653185705646,0.730905251396797,-1.1750330471136932,-1.2345622315447795,3.415473889269409,-4.614582157145805,-1.1183537255547773,-2.015114743114254
737,-1.0517436342798359,1.9731357258731799,-0.6232540239102973,-0.506880267830305,-3.9063340421851556,-5.2567463913207915,-4.942409994613201,-1.31308984859652,-6.074233383744488,2.6319163567121784,1.7522386519510151,2.4265769549262637,-4.024694644362221,5.960976610779578,0.5497593381079486,0.7950255852320671,-4.454404825456717,1.567614096424374,-2.751574648656501,1.0307621227229466,0.8255522600964145,-0.6380335475620853,1.0016146754538038,-2.1184344793464507,2.287209302930619,1.7734782318162288,-1.6902959915316687,4.630678218628166,4.198481646531356,-0.7281818457301097,-3.093921838863534,1.0946816510316086,0.3747320387201696,2.490072722114136,-5.589377629856893,-5.152132555318618,1.620631225693995,-3.7022723825121826,-4.883680258219925,0.9144226677117043,-2.2163219517817385,1.2529551702347093,-0.838236793475942,1.945839520474382,-0.8442686629168483,1.2204392526122092,2.1174013722525657,-4.523135236929052,7.380054070104521,2.5850305100790427,3.2053277381470444,-4.29590963219171,4.077932288768219,2.0705938735026583,0.5864346915483079,4.541717735980984,0.30686949128047813,-1.3149069225349925,0.6626102068737751,-0.059199014684856235,2.0475512445625945
738,-0.8806386133184008,-1.2212856861519679,-3.30959462220457,-2.7538065090096158,-3.140124787738273,-0.11770522858016497,1.0040519874284048,0.2161814201050306,-0.8611086591562992,3.115038766257732,1.6138976495065294,-1.3869594269914223,-3.7213477253008134,1.2168357622282717,0.09984376893548441,-0.9965615350889274,-1.732967578826571,0.7506937685844313,1.0161118945986454,1.7690666266532973,-1.9815573978153505,-1.7848618557486018,0.5260227986402936,-1.3662867435061135,-1.1481977578624334,1.2585220704119138,-1.3743293327454371,-1.4818180807069372,3.770981963578517,-0.1544706316795038,1.1072569265628787,-1.7596400540278985,-0.07512525895933037,-1.1258532573527935,0.804072495296117,-0.024618572677240935,2.2176564461393746,-2.0731621317862667,0.28849886323402096,-2.2334310209017834,1.181325458778843,2.2986755527653946,0.15601075850742568,-0.8048234168649817,-0.14074564046346047,-4.001499525719786,0.9402320585577529,7.392643325845947,1.8302192520224378,0.4888297480665666,1.6106445448074163,-0.9867968504786669,2.325805728338169,0.6553241786717274,0.37970851495875196,-3.5892165723967873,0.5726709944486663,-0.8532008258006053,3.6628339304995285,-1.957012140904585,-5.557114114921804
739,3.7477771637771706,-0.9890594043770501,-0.4036615003811852,-5.533308602706515,-8.029474152296618,-4.071065038895578,2.5478321718786243,-1.4007145003894192,-2.9929998415854904,2.954930655207295,4.261619928062272,-0.10497245706488986,-5.1506499957785365,2.0013268511353086,3.602135751990586,0.7549808262309763,-0.4539811743668529,4.169725255395793,-5.00561769612199,2.526137588711147,-2.7035844520039882,-4.809021692247021,1.0876210335666878,2.2556794031405447,0.8605295305485021,0.9773709291048553,-3.218659827014822,0.13222837173574592,6.620563911649897,-1.0305810490213578,0.35950722128949986,0.6169139618136065,-1.6886059636234763,1.859243476986504,-5.339512122871714,-1.522569230085275,1.479611091639549,-6.861249882733147,-1.804136167098814,1.0962045853220121,2.3546321678834703,1.4824193085272566,0.7560530502624405,1.1543518094927028,-3.3271792774621605,-4.3472154851506515,3.6782700619561743,-0.14058969863973292,0.4878797291008505,1.7659285918820944,6.190857344149677,-4.420741206594056,3.4974317537490935,-1.1757074806273893,-0.9366684015582643,-4.726375331670039,2.4586063232433593,-2.661187590854118,2.5997696953093516,-5.7847757706770215,0.6340170825273629
740,-1.605818296757665,0.4550410949718877,2.1179859224928235,2.036545045552628,1.9576923466923044,1.3775295563871723,-0.09007190239535516,-0.6216270439391327,0.8387901654263172,-1.504788164699987,-2.0962763141851455,0.19369333340354086,2.613999958367719,-1.2551473296232272,-0.8909041228542196,-0.1835304370251003,2.766035861310436,-1.839156804615029,1.2947218309719983,-1.4334511535437922,2.763965256605093,1.5137012337488367,1.0900402787692942,-0.5529860609328922,-1.3414399968159931,-0.4558695594902978,0.9951057672521684,-0.3622617510773193,-3.1148296638514656,1.1754969957571983,-0.1863948245701485,-0.04881411950341731,-0.9209771273765375,-1.2812317538353732,2.081716119639996,0.8512830714729076,-0.31906228490112776,0.8315846805119697,0.9775986787445241,1.1656274896294203,-1.4369813465102288,-1.550704569235581,-0.822389021749819,-0.24341819489995964,1.3476974001498747,2.2774917623981787,-1.741599439616834,-2.2564615560176997,0.8100801287349728,-0.14443071170845428,-2.867110287012557,0.7963388276638189,-0.41351031647231495,-0.22423020099706065,1.8163686368814982,1.637461712333875,-0.97771675281002,0.7039483113745202,-2.499480043775642,1.7322160773388224,0.6735604177147163
741,-2.240830124355438,-0.8626597962299505,-5.403833318017627,-3.853217624915578,2.363645304478532,0.272451419225756,-2.9936003562226787,2.4352045937282916,-0.9469747593136029,2.3746024528279914,-1.1487692462385093,1.1724867277023998,-2.285192392763956,4.042310267745119,-0.7685236143946885,-1.5274650743404856,-7.926256437157063,-0.5627649830973803,1.837326249580383,1.2997147988239128,-0.9751699413493284,2.0777158440633694,-1.5268010804384964,-4.126651217741767,1.932396565477968,1.2315859868835244,-0.9514387061036798,2.25943600375453,2.4084611836756338,-0.007340772627985492,0.8277772971078469,-1.7349886941965038,3.9845642181780896,-1.7323034233318801,0.81300273992069,-0.8308037786462907,1.454597533977224,1.6277408734289902,-3.713304347346563,-3.279708400312739,-2.6830160861580237,1.2699706370051733,-1.7938063209054038,1.3565087645910148,-2.0947656481521904,-1.3097750570777509,1.0154540721465797,8.728610732699863,3.224853892599265,1.2861659291480774,1.0396962201872715,1.113706827024666,1.3280829692604257,3.2167580891218774,-0.9690009752237114,0.12807757444080675,0.4537592350167219,-1.0400128556846386,6.538891917330128,3.1676813411106073,-4.551169249266555
742,-0.3824051409165226,-2.288418320914173,1.326040245244019,0.9624071632915836,3.6869598592692783,0.28661215067084417,-1.1752397422919418,1.3799805156276925,-0.8740634072582145,-0.5762453811927489,-0.33830655871441,0.41628024716430057,4.51061128376783,2.899164356636238,-0.9473265341230865,1.2453657527464226,-4.52993971014811,3.135504097765046,-0.023739154114107375,2.9834995064281076,0.009713511803405295,0.3493961778914618,-4.738336664278889,-1.4434862655645266,2.0855451333206845,0.02080724689857026,-1.621850491577104,4.834138734137641,1.2307908350500574,0.5691430008282677,-2.0122841411386805,0.6648438739358964,0.7646543442555058,1.690585966210975,-3.361415831944143,0.3191426059081185,4.113530661104126,4.599536708844944,-2.829934747297795,-0.8834161564635323,0.6622004800928452,1.9025129331258732,1.373717454144575,3.313958821956308,-0.6213285695501409,-1.5629799813418515,0.1329705526973582,2.1968596836400986,0.7873355867507624,1.5589528624415432,5.81987077456054,-0.023541873173091754,-0.7557198012031805,3.2355914610184247,-1.145671376198863,3.8888882241417604,3.427933970781993,-1.827146030498994,2.9650013758015223,2.8560618418426222,0.9332715823801925
743,-0.9121596096486326,-5.577132123170131,0.31725754132014805,-3.5655013101597945,1.4395996967937164,-0.09142786497308199,2.0264173653106377,-0.36175527776976885,-1.147747052470732,2.4707071799176474,0.23782548143222887,1.5936148048735252,1.4085138386994185,2.274438296014649,0.9026977888362528,3.0133110660408535,-0.5599120778406743,1.404208487575595,-1.2727677911123443,5.9552772582209705,-2.1962774904747864,-1.1478865339375786,-3.553465465128631,0.45135832289316735,-0.2939314205505357,1.1587081034916211,-1.9303503186822202,1.9745925227738872,-0.7127911736011688,-1.2396429119172023,-0.15117527999010144,-1.325244446724127,-3.02615600760327,0.376300443083869,-1.4508158071149433,-0.05946969048375831,3.9335962950528405,1.312792177695276,2.7665631118644276,-1.462369310675075,1.3675403220413707,2.4271812579555583,1.2127382627865746,3.433185401038386,-3.966340455099363,-2.9604781975056995,1.7718326300670602,1.1086101716760453,-0.17053198607034653,1.6649113041882324,5.3595536897862806,-2.349162319953706,0.9650636988200914,2.1092092876636404,-0.5910363969972959,-1.253998904018405,2.7432486034956134,-5.057135272659822,1.571243050259664,0.6988883734793442,0.4370635132757883
744,-0.6475319915315725,1.3289521879055572,-0.35321157874674125,-3.6565325682496304,-2.9395086803130748,0.6634889373394925,3.1794099690280073,1.9944642771326417,0.9268907873397895,-1.5414313323384703,1.2733591248900384,-0.20334445741826512,-0.9260007290104804,-1.1688545510984407,0.17170406090131785,2.9249106934497817,3.74114330182762,-1.2751783517477226,0.3374511912612834,2.9567823738892676,0.9784747858969306,0.45149584621665795,-1.5836577007379788,4.786771043166323,2.0498005582980663,-1.674636065563588,-1.3513913347478543,-0.17928187377138544,-3.3207882400432522,0.845070692100162,-0.5523087134640621,-0.9476311695205827,-0.6422196764055427,1.4704408234058581,-1.223127075104241,0.4856400712509951,-3.1424290591199306,-1.7043702858341705,1.8969326433777778,1.3909222550467688,2.1348752082972333,-1.0522303131217785,0.9824052438922543,-2.9040161830715787,-2.415621233008377,-0.4305263902013638,-1.5847300630459238,-4.65952141066809,-2.9187673361898825,0.7068555347868498,-1.7436945708389793,-4.527316718270341,-2.3540602864316935,0.10155998331811744,-1.2624668153993952,-2.543590187260356,-0.9757516312270607,2.8041654824924516,-2.76990065625729,-0.08494736690513431,0.2615503545151894
745,-3.6124414551500332,3.8206700592653275,-4.168853407434664,-5.769861447741627,-1.630736262635887,3.591942654882114,2.4870117558150304,6.1549896391468035,2.7217519426360113,-2.884278538051096,-0.5664358316534194,-0.7050467281970241,-1.78242462813813,-1.1666608125698983,-1.9991762963146527,3.499710277126807,1.2530615869474857,-4.271000929091061,6.501552092177642,2.9434303241884394,1.8534327921105491,2.859984509000743,-4.057780069170686,4.511813929012761,4.037369436694801,-2.6648769613552172,-0.8140238634843275,-0.3425498252890953,-6.651242234991377,-0.03546817688260158,-1.3056929649561841,-4.409914460476569,2.68738812108653,-0.10434719554778524,1.3490209046489552,0.5176178132628279,-5.74023971315344,0.39596891886414676,1.2023156477357428,-0.7825423497510212,0.4816697321937127,-1.8286399309046928,-0.5106545124019813,-5.299889590731103,-1.9019277455781527,0.8858737666434701,-4.959986863046885,-0.759627588879933,-3.603355524828099,-0.3481697818346397,-5.273572130719107,-4.973506771931424,-4.656158622412013,3.255204234835424,-1.8054187595882714,-2.8816634768779794,-2.7476206262822145,5.705346941119487,-1.4914837505889182,3.5808482129902646,-6.638486834529807
746,-0.4554153696683546,2.726504682081125,-3.876821219795291,9.687150351604739,3.292657281874441,-2.2053353261355313,-6.961063684941888,-0.38675413078151494,-2.536595664682042,-0.12162473609443067,-1.8491071162791506,-4.823881617371584,-0.6679339333457583,2.522109581702401,-5.216932458492274,-3.8511793172838997,-4.06351040081265,0.2782834333688279,4.363909962540738,-3.5206564054354654,-1.446113521200126,-3.395002184386403,0.17897616252591164,-6.882831516047804,-2.838868944982606,2.168402876412641,2.36925992125508,0.6408853095308717,4.580678975877625,-3.6777888738103135,-5.173374650097747,1.4738427852745355,2.7361255683676706,0.39585997486324476,2.0677223839476966,-3.354731019376244,3.029867713079938,4.054997787377151,1.3076670543880125,-2.974062274326504,0.37187389341073773,2.479880299246662,0.7071892621649314,-1.0092780552344465,10.367146842840635,0.10358948554565198,-4.258962829878494,5.156852699297741,5.662252621315728,-3.2467583820336334,-1.4835402763328358,6.483585877012406,0.6262976905235397,1.3716012094089587,3.743249759212373,7.410868349625656,-2.089966888738439,3.669969795505918,0.6921442365519873,-0.03897866881607848,1.7858104254377096
747,-1.068867264721192,-0.11234429217154612,0.3628541808864344,3.89181312569638,10.64688467735537,4.465817391071285,-3.7068926192876592,3.415801632157391,3.018214184167265,-3.845929294137717,-3.0232914280617136,1.1138767725778873,7.642778767412382,1.3582437813010009,-2.3332730934866315,-1.6648370682420746,-7.20813096529274,-0.49268888326464344,3.675425766168287,-1.993681290363459,1.8732963746969913,5.778911804024712,-4.902335634240874,-3.4895122710998403,3.129888938099727,-1.1199103352506408,1.1182041342694264,4.5424028220517965,-2.8844641148982655,2.6022423072322067,-0.12633179357441285,0.38199614534188364,6.152669452015762,-0.8483714659510987,0.6501598088745919,3.02714917540633,2.492810569725072,9.858225185918048,-4.113446737353605,-1.3591704444043478,-1.8981361264500043,-0.010833222979860946,0.012925762129781658,3.2892377539699558,2.0305275390006545,2.4593970807411303,-1.7710430453341202,5.191779182354799,-0.2151278672195187,0.44977484856571137,0.7820675390167938,6.092502641260023,-3.4955277641999,3.832961813795848,-2.361865180130328,5.953933091670891,1.6734200486170703,1.6595053772202633,4.607278926887459,8.519493231011216,-1.1995000076677633
748,0.6413268180090581,3.906329970881182,-5.664626277837095,-5.969458766006328,-3.472327804085627,-7.2611820116579295,-5.911670859725062,3.2372086701641356,-6.568596221012712,2.0236497448278166,3.0032457518705846,3.099356293671456,-4.916274321940805,7.238708909164287,-1.4699186687907568,3.099389996812378,-10.0235571221782,3.036622006485785,-0.8123744393223138,5.270901746979621,-1.7183565108769583,-1.7191384792875273,-5.364172411906595,0.5228158326515397,8.705774046320759,0.33596480082949565,-4.27724051725276,8.789790332049458,4.425322930194548,-3.787297951741795,-6.755234583335715,-0.6947774999748114,7.066897841104776,6.773309910832401,-10.088174494947465,-5.97816180863791,-1.417128182385269,-1.66811282968136,-5.639853226870542,0.011259328174572036,0.40032478192998244,2.901265360329336,1.4406933903542452,2.177077861157813,-2.5216882493403183,-0.8173274381822897,2.2756793711312175,-3.3276972614306066,5.476310319124129,2.15846950660389,6.939903443521068,-7.456587578531608,0.11784105781357254,5.2867065915947435,-3.565367406966812,5.613879128349248,0.8212235701367223,1.7381404239958256,3.032861232405456,1.1369108161463863,-1.3093307827222511
749,-2.1553326649583724,1.0655636301647309,-6.584014109380735,1.7148417572263468,4.417218863009257,0.034019133816715535,-4.005667046018345,2.9305457899576046,-0.2823805944024406,0.4830153064270527,-2.2062115716234083,-1.6320496558874331,-1.201493512090247,2.2406267128864132,-4.8000425139018095,-0.3183263896778942,-4.8891540563606855,-1.7264717887946173,6.162498396613629,0.9981579838459821,-2.4822787305315153,0.03324640453185243,-4.275891976559759,-2.9123410957707523,-0.05232185752152152,1.0679700275557549,0.5487384397418378,1.9469128918540943,-0.19301950046831212,-3.743972284011569,-3.998076033196464,-2.520925976497713,4.330017753382724,0.07165959399811445,2.5884406828412776,-1.5919071383665402,0.5286024484497864,4.926564675025485,2.278797705558088,-4.555997798720146,-0.11789141196385572,2.0504809759619933,0.20380900693893578,-1.1210385425268734,4.3481475373600755,-1.0553127776092042,-3.3070838064782784,7.2817849193718125,1.4362034270803474,-2.1472440788045155,-2.3299759043829193,2.7422273075540753,-2.988857341117651,2.9313019164940397,-0.23474601059439656,4.09132662894197,-2.2105701030262788,2.228452113500645,2.8034278068016927,3.078538580801356,-6.497160791866565
750,-1.1718996697818842,4.0610266121749135,-3.4153771456969104,2.5355007696660454,-0.3946101526708561,-2.439159391157148,-3.8282689849322664,1.852588954913461,-1.9916449921520285,-0.2609434408628399,-0.6640763302438757,-1.7996664075053654,-2.5017404775959857,0.9621533126916209,-2.8185508344517167,0.22843058756772905,-1.796594913367001,-1.7434006188902615,2.957579572923837,-1.065286145195704,0.06709190808458027,-0.4742590127034698,-1.269291650490604,-0.9627361386559209,1.4270242520364524,-0.007836605779789146,0.21983927820973073,1.4362402086607298,0.602029142801714,-2.2652348865534058,-4.583102968414719,-0.12322931320286512,2.5851086852354515,1.8895202855912685,-0.25144815234044154,-2.658130072740275,-1.991391155887009,-0.06473941070921493,0.6949225486707384,-0.7764244463320542,0.006877622350508261,0.801756616509721,0.4629559156737948,-1.6925284534835336,4.021088378765742,1.1713022386218443,-3.196195924185742,-1.1330509487008185,2.8192455591849286,-1.3830888705062205,-2.5346483121057695,-0.6382733282085817,-1.192758256206174,1.6214954891547202,0.7666339961912196,3.171822667770583,-3.0978592725460077,4.7383014163565,-1.3865034965488978,0.7521717584733578,-2.0633989387621554
751,3.334426485680137,-6.7359697872984405,1.5448676016434009,0.5033827505435002,-1.209224182235549,-5.111102955658231,1.4709770014516093,-5.244749460877233,-3.9777560638815914,3.5673686752759846,2.521175799666604,-0.19999246351533145,0.46978469746604634,1.1188288358729224,1.2104729438620938,1.9394892066468594,1.2731825314366023,3.8242698644272317,-6.0697222702302165,3.762772372551605,-4.525144848818054,-6.021369622602269,0.598067569494748,-0.007581470036305937,-3.997493058858313,2.804577152865955,-1.2766450031763985,0.6540981477544843,3.562144418499397,-3.884146528398302,-0.7728692051534456,2.050006474381009,-5.259774183483187,2.1963960036090935,-3.137837131461462,-1.3268319083392872,4.811132392110963,-1.670994977947551,6.140239803472225,-1.2038340788579578,2.502478225691549,3.4694729466586987,2.896521247052202,5.3220720753386965,-1.186483273000694,-3.654297565937988,4.764060524601443,-1.3447930065555742,-0.8398528558048435,-0.41602134467079616,8.034096678467458,-0.5378973704382569,3.0943584328592277,-2.396465857294467,2.716504406666713,0.6875699867519501,2.4668609057775366,-6.536373959879765,-0.4570383969524993,-5.271162818905325,7.413986078359207
752,-1.5571270258605037,0.8996083661930537,-2.3835167649168447,-2.5845043802214875,-5.72732317261456,-2.327058087979323,1.0515952480175847,2.2003247510004442,-3.726524244145879,1.7115191899625672,2.0312683167456926,-3.2686681623614566,-4.089562208633054,2.233794576793077,-0.37177870868260365,2.057625455073783,-1.3323522666009746,1.8593863949383287,1.9433585378124174,4.985613444851623,-1.2822326941731195,-3.956563626631256,-1.9630482735323473,0.6132667226073958,2.029286643317497,0.38746340583210515,-2.642382856405173,1.297904783067872,4.7066090423405695,-2.615085066248879,-3.510522655962883,-1.9261216053470338,-1.4006937085383737,2.4213325269276713,-2.9847828460679033,-2.8195432523227506,1.7573879393155913,-3.421580861938954,-0.5271799879524508,-1.0426408737728408,3.4765714220007364,2.5735491082084723,1.3628615754451414,-2.444434081109602,1.4142385638146742,-4.502795672677164,-2.905278863738239,2.858948703159421,1.4237195871413886,0.9948569603737427,3.2343127761735113,-5.038915860001625,1.4404001333810648,2.5812556202034265,0.443070069831224,-2.128594538036073,1.4447514767621614,1.2102030369389394,2.33098806492626,-3.0601956766868965,-3.3496406071462648
753,4.589106162927181,2.6404834602171,-1.4071902026937189,7.4691463482457685,-4.063178861631976,-4.054299587119139,-3.2123631884809876,-3.02740181957398,-0.9116443937525811,1.5319231285200543,1.9039942798290466,-4.688180316754677,-4.209076737564572,-1.6352318871848155,-1.0610920542381155,-6.512317934213174,1.3891537435921897,1.7594715276394026,-0.574659237647463,-6.652956941159391,-1.7038476111986611,-5.614730306648999,6.6485521412870705,-4.605641349078974,-5.156747966103007,1.3730437486717464,2.405240979304105,-4.121981341415967,7.756374576959347,-2.6058642341278966,-0.6268686859881978,3.476289101904461,0.8014978537795701,0.266013095886294,2.5219168712623072,-2.4125015003059445,0.10822078369884541,-4.024454491053072,0.6493638229054575,-0.8927304390397326,0.43707615034487046,1.360066789225904,0.3077721889992657,-1.1793508330576188,9.052970607828339,-1.0938860675473552,-0.6568423889322069,3.575776569789428,2.1429048100428374,-3.891356146991063,-1.731266227743177,6.24261567416799,3.0031897043074696,-4.2984021020682315,3.6903530828723685,0.21324092476659223,-2.5538066512822772,1.3105711939158207,0.6983423730627343,-7.497245859613756,0.9596302246337609
754,0.8091232895234143,5.218648020638348,-1.6346995349369355,4.0869471591218645,-3.21817057742021,-4.54550229842122,-4.222044625217015,-1.7168503243316993,-2.588523478877285,0.9312891800327889,0.23102264341001794,-0.8535057491241194,-4.330435033760532,0.242968682454708,-1.634230385215636,-1.432855923909074,1.3948528227511905,-1.8259554464609278,0.24257332687720293,-4.224047893794479,0.8921455086543809,-2.441330590290326,4.570272685083316,-1.0574527895732997,-1.8603228292036744,0.8396313866502056,1.3723892803417765,-1.0715266577619393,1.7079936420634687,-2.944836684323625,-3.4226469898315135,1.4295288709518437,0.32732479852072266,1.471772655948636,0.46746276374451584,-5.118682994023304,-3.6739936155989956,-3.952846988537345,1.360214091699116,0.28614837504048385,-0.8474703373793671,-0.2745938512821454,-0.967114996695541,-2.731999572913928,4.458982416098035,2.8089533750776927,-1.5101611397209935,-5.096817136916937,4.47909623745701,-1.8649887241501475,-4.7282914522824075,-0.21676136228842685,1.6636445779978615,-1.9049795578120223,3.145616508367468,3.5864836066591335,-4.448202236004168,3.390781819002832,-4.663641174245367,-2.3740188534858384,1.9761448223387847
755,-0.7123882993301196,-0.9162931194442672,-6.091587670736641,-2.8333575497912546,2.117754735329055,-3.3707515585069965,-4.265980031642184,0.4340333777513197,-2.285163677592545,2.337807079793204,-0.08135071345600237,2.342071825584286,-2.6830054137883494,3.937583214474168,-2.8274053811647293,1.481367893877041,-6.224405735151399,-0.4844390821426367,0.1951903604478905,3.017294699430577,-4.181504179699717,-0.25819160743173747,-2.452819291071477,-1.8507965881421324,1.5135945196881975,2.117881303716095,-0.47810929215623366,3.5586253140525175,0.07045712399740706,-4.373817763618848,-2.942707214240526,-0.6215720789491903,3.681296532338329,2.3326287947782673,-1.4994479137650216,-2.8271215705422548,0.24364311391637136,1.1592714905011772,0.854783198195315,-2.1456843791886473,-1.5072326737371835,2.836706718074464,-0.05563265153638447,2.5163605951669132,-1.6744104329743563,0.03087920779015557,3.333688158304858,1.287464177225235,1.7003603097739453,0.20895269725458587,1.9381516763386903,-1.3857451127123772,-0.6475262336373933,2.379718417357209,-0.8491213367483343,3.9204622861568197,-0.5792228113623916,-1.7144163679688116,1.4169121684222625,2.1159547580242717,-0.49368620885164405
756,1.7609105395710305,0.8686130734045262,-0.6745602938256974,-4.341893240542484,1.3447876736879754,1.813239504099479,2.385357748893118,3.39894510458322,2.90875166430191,-3.885101747691535,0.6062002288657033,1.902786156296628,1.4876050427060508,-2.657398085204153,-0.9981880284292869,0.9130299485239255,0.5504128550031302,-0.7948776700958293,2.059578123239295,0.6011622675715967,0.1172047178716446,2.966075860077157,-3.6334256773232685,4.646122268118006,3.924571105187663,-3.6380519793274817,-0.8084254971764864,1.5406838035865487,-5.580797814715332,0.6699177759255591,-0.3287038484004502,-1.3067380157487112,3.8469683504914056,1.6466772806416914,-0.6193682180093507,2.441568909176932,-4.379262306556582,2.1121012663712064,-0.15598294386804187,1.133309119349858,1.4373184060594821,-1.5742228984332358,1.4854503608649696,-1.316387669549699,-2.3809850903929313,1.9508754970252933,-0.03732482515197294,-2.0918014097498334,-5.805521525975406,-0.35285885614483964,-1.0653269051370335,-0.2989051602354026,-5.07406503814321,0.22624220808477358,-4.488140163054761,-0.3858903095684446,0.3919053380994679,3.064644887121636,-1.0143681397270257,2.180430110666703,-0.7673578986735208
757,-1.0697950476657598,1.1271571539951193,5.379867826745595,10.000532360116742,2.333438637144891,2.6531339844906885,0.2606099040111851,-0.47586633516617266,0.7508402239225731,-2.165229837457867,-1.9977224556217568,-4.80701157057133,4.280856479778281,-1.388260239312961,-0.39908075375447394,-2.559769143282272,3.793047381286698,0.4924793425720825,2.0541228601945347,-3.2321949057095383,3.5218667191230884,-1.1314882012827223,1.8629354503201891,-2.122608972350858,-2.6099009737711723,-0.7883792273034497,2.1442629277509724,-1.5546605699650615,1.4209998119451497,2.507513787796307,-1.0247243820517422,1.3488679680731495,-3.750248945433096,-1.1255055429356866,2.5407866130190646,1.5585211906359837,3.165857469674034,2.352691448754553,-0.14541689527497412,0.4776050635488579,1.5585003926616,-0.3029628114144711,0.5213997729854029,-1.894357063464293,6.523167756274265,-0.5423042316395464,-6.000442145474625,0.8083226828892871,1.208665224895119,-0.9589477471203973,-1.8398791905421543,3.540070143263698,0.7802873724500008,-0.4262644270988257,3.1329251226011947,1.2034160260244633,1.017217123392129,2.721241689374135,-0.14488759183217936,0.20054393065354986,0.7323864912502195
758,0.3006872359265441,-0.19395763404560185,0.6307642435510632,2.383910642243339,-2.5961840772120066,-4.516443414736643,-1.5625546475487573,-1.9497328781737144,-4.545785580030747,1.5870731495752233,1.2209116534932207,-1.410430936630328,-1.0787682074880327,2.0351307107923025,-2.0752401228343924,1.9728963398203376,1.567425528563684,1.2153687218076064,-1.6316643273382976,3.2347692717063743,-1.5152543134003835,-4.714538736383908,-1.5044595704261,0.07428091435327694,-1.022276179520415,1.3379929915113227,-1.073741596299523,1.5776766467301298,2.224122463440233,-3.43377792198464,-4.920890355540162,0.9150675830092465,-2.576001925754887,3.79340611783309,-2.885682859329316,-3.4104651598211015,1.6038581413184227,-0.9542867350553811,4.395335726018206,-0.284386595851983,2.5498288423801734,2.433005206324478,2.8450486661832195,0.771045791687523,2.199872477350126,-0.38960735059573925,-0.11648453460699876,-4.731468416771621,1.7438131199143327,-0.8016359526237675,2.484562437329937,-2.9943680340033287,1.5619598966617332,0.10810114468667101,1.9754445491541297,2.7281287811211414,0.06373410535630038,-0.1314331475945664,-2.6773552891910417,-2.5294478081028213,2.17223707965025
759,-1.231469664631436,5.0897498051603165,-1.7985991352009425,2.7377449160628347,-3.719275697636865,-0.6023738048391647,-2.9554720541225654,0.19736541871535848,-0.5273557750113578,0.47900114111001246,-0.9072083844832057,-2.764838515579068,-4.843973752285051,-0.04128921655062057,-0.7847699908131156,-3.0664662911480636,0.24076336743940108,-1.3960527506245777,3.0257969197213384,-4.5021089391042075,1.8079672824129174,-0.5163445624592393,4.701523014855109,-3.580597128952972,-1.6062431293415893,0.6778224447089236,1.5776673156767043,-3.658089517988146,3.1715936543098393,0.4830358310523254,-0.32191800063187204,0.09025364999196275,0.3384403166035355,-1.6281873476691389,2.4003712620066477,-1.834596435575191,-1.1828597659474755,-3.5931065505129895,-2.2835094605023643,-0.565341509323506,-1.4941230800827776,-0.5867788446390383,-2.6138076842819533,-3.894126360537088,5.286527511352255,1.1303456236956673,-3.222396534567142,2.1107500219328297,4.7675604227488915,-0.8152176094977581,-5.723448889153333,1.1032080017908232,2.58817863490657,-0.8530351667475863,2.479813659941469,-0.6742756498701746,-2.773655116994915,4.0724993770603914,0.08270815151814409,-1.2533843120457995,-2.9493390812509386
760,-2.723775478712511,0.8707933134088205,0.8759006054714187,-0.6145171083514396,6.402395232297351,4.411743729360404,-0.6171597872628317,2.732074261007142,4.0470665001132,-3.4755752296525606,-3.0671102412303517,1.996916199092345,3.797320897656657,0.20554381620970485,-1.2540023607567936,0.4328036408777137,-1.8044657994790925,-3.0523052175272016,3.9385520779507504,-0.8827767036551935,2.34622613857837,6.318823360279313,-2.9075440373228005,0.6130320956966523,3.370763132272254,-1.2430001942629412,1.143974727822873,2.1537058872784245,-6.490017706568093,2.797154673061474,1.7472921792767915,-0.9361651851163336,3.549565078536622,-1.3678156215954096,1.4121308900331282,2.167737824624276,-1.877286222688506,5.365705759453335,-2.1665414061504955,0.5664897051902298,-2.480715021700971,-2.5509731129810858,-0.7219402165669142,0.3725948589483692,-2.3766547049978763,3.8942350219749846,-1.2991779883867405,-0.8750604322801698,-0.7813594309850874,0.5306547342599216,-3.758769809657681,1.3158958396158895,-3.8355585281170415,2.2612156573389264,-1.9088422603964494,3.0217444118541867,-0.5614385218136096,1.2199495254205568,-0.4956339109463327,6.98827048711403,-0.9520713077772491
761,0.7627058844937191,-1.0924023379328252,-7.377669674351957,-3.0504669856021422,2.5505700654634698,-3.021288461403242,-4.160714313707393,0.33387601562794683,-0.7644392744202847,2.9558255233974444,0.31433383167518353,2.0157759405080085,-2.705142215598708,3.00010675633283,-2.388983658754646,-0.6446317007206126,-7.068915467653615,-0.8990353939535011,0.7767770727942525,0.8675342149376657,-4.613615696701401,-0.08219697902212371,-1.322328274213876,-3.1088878405708393,0.2033836317721004,2.218575915590401,-0.3017188990630829,1.7054221225955952,1.01746625475247,-3.8341355374379322,-0.4522776697988076,-0.3211655079463914,5.011257543045696,0.3236089451817157,1.3973260157734058,-2.205223702208001,0.31670702897627107,1.230356733575165,1.406900260715927,-3.3380011205211675,-1.5715977756519273,2.2929284698463346,0.3420770410524916,2.295345003204431,-1.053059494785467,-0.3660796717466621,3.2378297249305934,5.999588646616575,0.9022672860900752,-1.4764991686392643,0.11549491374136911,2.06406049633767,-0.48440514372366006,1.0452574825500034,-0.4852757012213302,2.394302356972616,-1.1129970186954345,-2.2951805634068165,3.1093106595264675,1.3196857597071567,-0.7689123376423074
762,-0.9465824482054355,1.609967779143034,-4.399374891329861,-1.2575862541186769,-0.9004146430819632,-0.5004941825086489,-2.7825441834390072,1.3898809064855706,-1.4927115288548864,2.3726956806290436,0.7156808112881456,-1.0266293397155228,-3.37242341997345,3.033029127532635,-0.47719990458569245,-2.305237535907305,-5.231302918544561,0.42884518627736834,1.5432179187630697,-0.531310374678932,-0.530632996469796,-0.14019071659135368,0.31479645795353234,-3.977279428791857,1.260094716712272,1.2118742617330853,-0.5221595860033474,0.7568894243158228,4.533362074707987,-0.8077884463803267,0.19492641650167225,-1.3013865615537898,2.658615935409263,-1.4350291331838978,0.8261811857995418,-1.4980442099147286,1.4911724588807815,-0.486297379490964,-3.8150506770938515,-1.4898811580244338,-1.3068025722600694,1.6376658122525312,-1.2659068818864074,-0.835165763837306,1.5879961169301788,-1.5761156449920284,0.10430503416896833,7.439085642434074,4.19396715992575,0.2083364791651801,-0.2401633378973911,0.6207176328354638,1.822157962943437,2.012831134050521,0.06336899303959558,0.0004371084066706228,-0.24880057757813223,0.4488407198748325,4.753805096729617,0.3637048385235043,-4.560130661530729
763,4.2335953176737045,-3.4130681362362965,3.5206051471662345,-1.31042997367667,1.8283361819441293,2.1875202141441474,5.170989392956054,0.23932323265103933,3.1846640059490388,-2.4922309628596397,1.4553563587658396,1.2886333254050468,4.200897401331193,-3.9136010825627463,2.2007424474793704,0.5840239201149826,3.541575418668909,1.9346508693038391,-2.4232471494309547,1.0646958358224512,-1.5570080695461712,0.7699901312494865,-2.343101244045115,4.379339524599323,0.7653925780280662,-3.4743177120379922,-0.8298104610507779,-0.43545496486849555,-2.6982400749878206,1.7444172682805572,2.502212686659203,0.9525172502140682,0.3709276937189322,0.9196638652715994,-1.2234148216594543,4.746169428713396,-1.1383823345695747,1.3003995964115314,1.354102303883382,1.4806611759314694,2.9843360042140414,-1.7808332650630945,2.6216093416980146,0.9011218840474085,-3.86563706454201,-1.1599434874844532,2.0219718570546217,-0.8758542427564942,-7.990227261369808,-0.742751520978882,3.4751327936210656,0.5857377625911326,-3.249688184541734,-2.296692766468398,-3.367958151087432,-3.0751167145796474,2.748373777430863,-1.0183264453371215,-0.9347404551307237,-0.7752822785300115,0.18426501588853528
764,0.5811360826457013,3.206209010195393,0.55013915045673,3.757924300534278,0.15880222610917516,0.47311966962898966,-1.6505217451704692,1.361321255193897,0.41499453129349667,-2.3266529897837342,-0.18080504513844506,-1.8064464766180306,0.9917824525156766,-0.4817121273419451,-1.6157370117290846,-0.8433900802895105,-0.422112862934381,-0.2457930354849515,1.6592715137386391,-2.499794822879679,1.9502383631920406,-0.02200374824780138,-0.341990753498961,-0.21041063501029025,1.4131154635413743,-1.4901918261034233,0.6218647392296139,0.48827521788403144,0.2794381156205844,0.34932056404481965,-1.901885787757111,0.5209642256170464,2.3033252264732726,1.4430674672059356,-0.14395634711548172,-0.06480597397098292,-1.4604204966465006,1.1459435267520917,-1.693153174959474,0.4396997468317431,0.5952025971357053,-0.5473857075630064,0.5001652479786495,-1.4919122623560974,3.2824680773916644,1.521949485237966,-3.1220847637659657,-2.0018961692273844,0.019091270699027968,-0.6673065190141918,-1.3802431121549037,1.2316593647455234,-1.3856356658519453,0.5926794615482261,0.596491568906568,1.7980901691182853,-0.28281753492364503,3.618388177418602,-0.960038327200091,0.6665715629390307,0.2494361866010147
765,-2.591224803609645,0.9882434894348469,-2.414135102405959,-5.148488510073209,-1.2060886979619923,3.414184692758762,2.3286551362403767,1.9765199598142629,2.706225315371106,-0.825770155899613,-0.5170215362850697,0.47120255516635456,-2.148294997358805,-2.1847001665251016,0.1572821785859533,1.2322411078495852,2.0168651725117415,-3.4567260678661054,3.084261935236517,0.7739189994641881,0.8180471217547195,2.963366842752202,0.13016142774607062,2.721270668645317,1.0411165128128455,-1.071646744286295,0.11474027276208337,-2.033302468287619,-3.844343492010663,1.3603923547407688,2.357749569648714,-2.9391103363048936,0.5326588023472075,-2.336459388320283,3.7402162305245685,1.560176334813356,-4.22581320149142,-0.800090639291396,0.4141851814991967,0.09723509309744494,-1.0434174882910145,-1.4926093077653073,-2.1185299167971223,-3.2176090770536376,-2.9246469182605366,1.4367107596903437,-1.5391323568357063,0.7257022931673223,-2.1160034725169368,0.1315707599043507,-4.864295293873317,-1.539884293920188,-1.5295032307638978,0.6702554311165954,-1.2582716853099336,-4.583435505378745,-2.217766756472898,2.017120488865824,-0.7836112410743906,1.7501534378446284,-4.258504529202245
766,4.987401346976492,-0.6697384723642947,-6.750324861545614,-6.4397681880893165,-2.2462326734873854,-5.240715764377873,-0.584981700927792,0.18689373350488123,0.06787093378350856,2.367634991934866,3.243917813266705,3.0936731119276835,-5.171768507913591,-0.18800757766380785,-1.140828364253581,0.7746354802893848,-1.9824951790891845,-0.007518753085572809,-1.719988183573594,1.0893382951636617,-5.952270310267488,-1.9612902831793322,-1.2289736422980744,2.016774483994703,0.6758839299946267,-0.08316063646129196,-0.6538354616642663,0.6317273764186369,-0.5967372738825835,-5.365076210894771,-0.8844645247709042,-0.1460154692770929,5.071113491718244,3.0128573821570654,-0.8888354474437272,-1.0866552546737864,-4.364266143437879,-2.3560026654841266,3.316021709928865,-1.6041331320371064,0.06737497867999764,1.830850927556576,1.7634496644769198,1.0437889032530954,-3.497664549715069,-0.17412167300585663,6.147994195994547,-0.5849802864915439,-4.561431955483885,-2.838297038411666,1.9044299867045604,0.06843777518185651,-2.085366100434021,-2.134073658895967,-2.4597185204126792,0.07386543269483926,-2.441885502148511,-1.474351265267528,-0.8959838285568071,-3.2008453285662863,2.7854031071194014
767,-2.82009355923949,1.6372752605041738,-9.615254215233241,-8.739450943930125,-1.126498222999845,1.7017076683538095,-0.8470246190151818,4.876675055532647,1.2603705819768205,1.9738563454237754,0.18143725873040098,0.3037613134660746,-6.396888440745971,1.0231098140000452,-2.2525230767560234,0.2840040611923395,-5.185275831780431,-3.971335424884134,6.025107590258164,2.6593142568345427,-2.6377617235568613,2.0794573278127375,-1.8397937918858154,-0.023577909812316805,3.2233287619639013,0.14552205122152645,-1.190634698945834,-1.2825570564286612,-2.161998441167792,-1.8119433609060458,-0.05589890741990167,-4.200063519992491,6.410652598459023,-2.1753706076737576,3.279519117325275,0.05776390881002391,-3.8947596614492976,-0.5132252550380052,-0.5207595138581387,-3.5050800292365123,-1.2750932159966197,0.8665323787246817,-1.6043549848767646,-3.887889227754161,-2.1117713081041525,-1.657708196705908,-0.5153909065795002,8.980247743806318,-0.5043253665019541,-1.1143478221001073,-4.204219882557982,-1.4282176550027479,-2.674855212003287,2.731968711301432,-2.587358336334639,-3.744728779782534,-3.156256583880963,2.5626254738023304,4.896094040693553,2.892193521822368,-6.759877720580938
768,-2.020595251747105,2.2566211447052913,6.3364195211686045,5.436680288910151,0.8499966704339749,-0.4555164090262638,-5.423042359220711,-3.0503708033205457,-2.4598463035276406,0.20966650512043997,-0.98257147722674,2.3844257334500627,3.161286779316801,3.7744059598758555,3.9001568588889732,-4.352666201178728,-4.737272473263656,1.6456875917684424,-4.045939085121292,-5.637848443737653,5.706014188144079,4.139211916658443,5.338906024230576,-6.114621121045107,1.293796821666716,1.5047367915092649,1.4145931340329423,2.5416030231617746,4.892985600146728,5.6694374587842145,2.4910345713885813,3.850794453727069,-0.7517033398373971,-2.4624924413463933,-2.9829777125727044,-1.188277383121648,3.845848701911204,-0.2241883400142142,-11.305142546062248,3.7326578775385957,-6.4139712886929106,-2.1278226978766064,-4.315717964201481,4.080444972133102,0.33996004725226375,3.2454356300231977,2.4080161595177287,-2.085099839806093,9.56473060387901,4.232795337304482,1.1704096834133002,0.8296551009332719,6.037151878686773,0.4193713266332339,1.5007441601887859,5.652222540636217,2.611424010128142,-2.979095227689335,2.4101012496067886,3.1305189871088053,0.020442357088443552
769,7.22496488508176,0.928860624397781,1.575418638785328,-2.1939441539826494,-1.8056404888537914,-0.7079652261562933,3.6572844908659405,0.24916027118860265,2.6931227380371396,-3.878417469903749,3.084891881948629,0.6465338978877594,1.4729577895969919,-4.790112015914644,1.3826085232651042,-0.04903470239514224,4.401312162818676,2.8557149776622692,-2.6258922357399683,-1.1416659877998043,-1.1381495229702734,-0.07327158554979796,-0.9423012769165177,5.88024607225284,2.3285371682262053,-4.390858536317905,-0.6001177512012231,-0.3289601199753733,-1.5454854976437833,-0.15832578317900142,0.8432982976580983,2.3244561715734817,2.420831310164434,3.1952822602681636,-1.9570851806674643,2.7872037768668356,-4.495024878002811,-1.1764116987564708,0.46887335341854836,2.143538166425253,3.178499787908887,-1.7558667335458973,2.1067778947131908,-0.39511697636115894,-1.5702215082222504,0.8457283019614368,1.6834505599774907,-5.261334863024253,-8.825104434086873,-1.4395553511147063,2.0979606696167705,0.6710854392326193,-4.803734196495361,-2.6154828636671374,-3.1163379848251846,-1.7045311882967709,1.1348178404695233,1.8793264396348883,-2.312290547385815,-3.961545600635769,4.915456059684356
770,2.8960669184163477,3.1353091333375467,1.4434361793701287,12.894827328714577,1.5494975455070934,-0.7503830190905812,-2.591040286724432,-1.2447122231139873,-0.31636459315798704,-3.7669007904640948,-1.0956360260580555,-6.285364229827023,1.6791185583207047,-3.291199261483889,-3.510787921093406,-4.049545796214643,4.113449317779501,0.3202167603617792,2.4999349743236925,-6.441946833937018,0.3059310519652391,-4.1443700674661095,2.696760748229469,-2.447075547682488,-4.189340698224198,-0.7819166130633772,2.7460233440520687,-3.4300987002810612,1.8558467267763132,-1.3783033170792782,-4.241139892121476,2.9503932621813904,-0.36205657410324155,0.20833052546556674,2.597289471073839,-0.8459055999299043,-0.0007084684168354605,2.1012497660819043,3.432854535724021,-0.4164467441016432,2.776892003878601,0.06415198123089809,2.129068042500504,-2.4335850948627993,11.69847664334307,1.4996053082769951,-5.661031330235745,-0.6802456984385362,-0.6214569198598753,-4.633964548155773,-3.6198687197499075,6.881812246987404,-1.2276376554260453,-2.2740382830119126,3.168594278082888,3.7023755414010884,-2.1370106548378818,5.424011246378307,-3.5646251991614712,-3.7648194683767087,2.1113152558186217
771,3.172216949602006,-1.79172946850026,1.8747793523196588,3.5602675678095554,-2.4035794045601855,1.1071101295715287,4.148394036266902,-2.2519702617506674,2.037289087023645,-0.569297335989774,0.9927189756113887,-3.3052164956455345,0.506446955142952,-4.251458765068429,1.0102620586991313,-2.283397627185408,4.696768268249593,2.2730349062545656,-1.716445099075932,-1.2626310345805303,-1.7352348305218381,-3.774124106504568,2.681191140515539,1.0234013814971725,-4.192809245115175,-1.4286385361955578,0.47158340074708466,-4.324888327394182,2.01024180017514,-0.29947389960279946,1.6771486776591176,0.46898371159600116,-2.390479920388269,-0.8217159985819251,2.010248082136526,2.888299846673853,0.4243106412483655,-1.4804338240523618,3.47990287133583,0.581102886289063,3.8744647307341613,0.11289406083653132,1.9438669359575924,-0.5488942736525284,3.2354672247593386,-2.2395909839871093,-0.4917046871683347,1.8591466014064555,-4.576357210763509,-1.8313051415117227,1.261616178773965,2.97415805178189,0.2797854961852249,-3.99641048266415,0.9187068068633464,-4.317389561821889,1.4164512154937277,0.13355987083581822,-0.4086408558514092,-5.785632310831912,2.308023255557984
772,-0.7945571795046724,-2.595895071979515,-5.231460590757467,-1.5843302814087572,-0.8741839036274822,-3.3520735299812205,-0.9040536906003611,-1.5742454920622675,-2.4913667450022237,4.326977621115953,-0.041179120715759826,-0.8493908151930363,-4.846835927976101,2.5682548563686023,-2.055483145603492,1.3716036961207834,-0.5016629456952082,-1.4064506670072583,0.24086428781719424,2.404200674204524,-4.650955747061731,-3.6076914281117585,0.6310785328586747,-1.587441746069425,-3.9472502199874744,4.667556025514608,0.5981796214444901,-1.4965310012422262,0.7197142848495192,-5.241405831121319,-2.180405153807997,-1.4259607176085745,-1.7817000276533206,-0.42124888446312414,2.005064702150959,-3.305888394298429,0.9200876282878424,-1.632754416247534,6.404457535645484,-3.587319664331136,0.15850312144444711,3.244793768541055,0.2892669781855307,0.7756969835855652,-0.47372405040005694,-1.7403969810652673,1.5822997887339119,2.3744513068705633,1.8244904562549846,-1.9051025388110523,-0.5841882014033494,-0.12155073439138431,1.8688354007187762,-0.556240007688998,2.644143218662216,-0.186767083179076,-1.8854901737335819,-2.94337827545505,-0.7997475701514649,-1.9100437478925878,2.3336642642613983
773,-1.6678407110864666,0.5316041862111811,2.2080485845054594,5.422646746586712,3.852640396268298,-2.6935727349787433,-5.605207148210764,-0.4670230055927185,-4.49749251654452,-0.6125146868995307,-1.9463121679539606,0.5204405656081359,3.8053931758884723,5.827066095143421,-2.797466396691516,1.9683871868610332,-3.8521923340437527,0.7918089970749914,-0.023816269630216574,2.2094258902633284,0.9723143072942594,-0.9137537181790117,-4.048773702388713,-2.4833586152168725,1.1191059783553154,1.308427223322543,0.024896058287364457,6.020566104389076,0.3849508878020042,-1.4790908314188234,-6.393195680838579,1.5775987875475783,-0.2997269196034522,2.9869424283013375,-4.185292371536375,-3.6722049253148095,4.1888680376223135,4.436887657870197,-0.32523337719872913,-0.7430852127570879,-0.6515159881941401,2.335163763094795,1.4052565030466782,3.4820566819418195,2.430118294390667,1.3773844167847054,-1.0147142454223474,-4.686130467834128,5.41225507459978,1.5288196926262956,3.1139894810702975,-1.0081344330773232,0.08300022963494369,3.845650277429938,0.972863753823107,9.233447470312761,0.8654890591057758,0.132002182703301,-0.7099800730038898,4.000072721040365,2.1363055027683497
774,-3.039069947771661,-0.5571699537620391,-0.5953351240912156,-2.9559879002439136,2.686696735150067,1.906177978125825,-1.2786594703056362,-1.213703044681222,2.4407988257058415,0.8243239989073903,-2.125410986161734,3.8755031683236387,-0.9073116212654346,0.3266823437817483,1.2198555155719577,-0.33386457526315827,-0.6807465012459762,-4.888845643278021,0.5701314811290042,-2.1356926416659583,1.7212247008003778,5.230804257967733,2.061342658825588,-1.3760037597673256,-0.7643751055697338,1.4942135309309539,2.230040029539103,-1.1386492947926592,-4.51631564593942,0.9187609102459975,3.7574668109566,-1.1960681640959705,0.32343704484222546,-3.676286035993011,3.0464840495993255,0.6691448277704619,-2.546635763281861,0.5302448111330029,-0.2974693309746249,-0.1567148761503519,-5.149847235661939,-1.4665511130152333,-2.9186182072789375,1.7606142565211957,-3.5208340066512247,3.8281772944716717,2.6274751886212835,-1.0109583325760725,1.5993173464110613,0.2708066140345196,-5.022899222767222,0.2911305365439235,0.13647485989632452,-0.46696386586833427,0.24402755420208996,0.5732400502674591,-2.8970701148456284,-2.2183516055217196,-1.4055380249093086,3.6490685717941105,-0.557175922748077
775,-3.500926305152004,-1.1582935573403035,3.9680873584230723,2.8021339321079317,9.914846145056195,8.066624131852244,0.21013626825376827,4.013668610994309,4.135209602437278,-5.039327090959203,-3.8906947791645505,0.45259497283373407,9.81670342776546,-0.047673608809629675,-0.6892572701886805,-0.9407918210494298,-5.083994709951714,-0.059825189651746546,4.693215422378462,-0.4914916199819399,5.12129049970695,7.378500112039968,-5.439009556107351,-2.122877777422621,3.740685766543332,-2.425793757080768,0.46960754332199717,3.840125951553844,-3.993939155736046,6.18217575742506,1.7665958578531193,-1.148451100125074,2.0921602421453023,-2.921290241373748,1.5128912497459828,4.989175877622961,3.598809174826733,10.609826606238641,-6.020509502529018,0.050533675093211536,-2.2283625379587795,-1.7423067712165028,-0.728340946536433,1.456824905335724,-0.022867788168723924,1.147183904473616,-4.365795258162272,5.846158549034445,-0.7621030943919075,2.2471993284333367,0.3473283103377327,3.842320222271313,-2.91063831660076,4.719107971381896,-2.571643383886757,2.4912665971238925,3.7530484672135915,1.1697348919726855,5.83752987581975,9.1390581486692,-3.029080013271199
776,3.7637878867802175,4.098133804628312,-1.5463498047613933,6.841097364633726,1.2938699311036232,-2.9463509767765537,-5.627150201409309,0.521726782534264,-1.162254947405469,-2.0790269727162576,0.5442579804056878,-2.335291103194667,0.48659801901231814,0.30087481721090936,-2.9048881303077496,-3.828413152201199,-4.312191672985153,2.6889971251869693,1.6340789322953095,-4.384476233322476,-0.5817266139606312,-2.0845128906611974,-0.25941345901975016,-2.670324595105961,1.2965548106032858,-0.7972702298413931,0.48000088816661857,2.580811172672241,4.072261925709847,-1.3772263830572267,-4.060866863666144,2.7481315934353896,5.6492373032525816,3.097280716784176,-1.708538834323876,-1.4176656367130391,0.16943521152348337,2.2277102770354325,-2.5098299741346772,-0.4290200383734472,0.7666852008717058,1.8408492956196891,1.2388235499359888,0.4298855121083763,8.108386572245752,1.1013426040520737,-1.1873287833942712,1.7997599261779968,1.071689112263739,-2.015268359620045,0.9236626727144971,4.585278132754133,-1.372657848762205,-0.4605718791994192,0.023305873848309455,5.827928584088322,-0.2511203621983213,3.7366791784380005,1.6153917380940146,-1.0317038118117472,2.6553414330206473
777,0.6989730238611406,-1.9312513067334751,-10.172578794161334,-8.375201682143263,-4.28047879614817,-5.937970705240683,-0.7422592876914078,1.0822255744062714,-3.252043711798257,6.5423296881532575,3.817640002496465,0.7316210180521796,-8.344152772514807,3.567224237490399,-0.6009578941604408,1.5019597087781493,-5.971866422251904,0.9096623506818238,0.010497017429417,5.57507327067922,-7.117371025970515,-4.572002354505599,-1.9447752439629775,-0.9174312389592306,0.7205761898558083,2.564976627836886,-3.222570282971144,0.8369413102402137,4.95478892661562,-6.137783879468859,-1.6876364385157523,-3.107521579447861,2.7624152332572414,1.767418025869517,-1.9937013325477075,-3.477524124312793,0.22114565069892794,-4.05627878452918,2.8016202817907985,-4.246516436483983,1.3588900937791726,4.667012574182223,0.0940752970490688,0.8044154391183804,-3.3501150284093706,-5.101676024860673,3.8755167172603255,6.682108470103086,2.012208549953365,-0.2529488363736652,3.963605720433853,-3.217128125080907,2.1743544864529127,1.3193271123577475,-1.3073067045504256,-2.610695408245665,-0.6540938169001618,-2.5383131617392416,4.193615501008389,-3.4337776178030386,-0.5186100782769452
778,-1.127482047035632,1.2478611342849293,5.157036466073347,7.837154463524026,-0.8194081447323053,3.555109759074077,2.6585252620498347,-0.9557499342383526,0.37722236095779127,-2.6979805081344277,-1.7589547429744052,-4.960047534020547,2.684555607820755,-2.965139089581394,0.47139365308522296,-3.1712974772922906,5.4793668352473,0.7322003570981306,0.5365752457991485,-4.132267647492815,3.157629756557905,-1.351791715598953,3.988129553632651,-1.4833056939326095,-3.574019099187192,-0.9102003563676995,0.9905753977702576,-3.9603560379051896,1.8466974125810667,3.1668202709884516,0.4772429384221994,1.371893711584467,-3.9484498971650672,-1.5565222771982645,3.0369757527442416,1.4069853835864814,1.3631073122690074,-0.6001700858033734,-1.0121326838591314,1.093375987182031,1.3573952879788973,-1.0980899274239087,-0.8755555890996535,-3.678842202109468,6.953406103170538,-0.48250402423877836,-5.53894330005718,1.155572676750862,0.8321989415696074,-0.37353822315696483,-3.5536135060205605,3.123163787541213,1.945422768453944,-1.8002940723642158,3.631791184572047,-1.9309937060618307,0.33540947535233145,2.9784857171017,-1.2054591628829956,-2.3663054570804576,-3.001288775283559
779,2.7024487068518033,-0.7061292112816967,-2.6289636527541216,2.4361366006317606,-0.48726462732761344,-6.412886354311725,-6.5898150308329875,-3.6202798680077666,-4.404392519830482,4.696003795008567,1.5491432178447389,2.3593213608289303,-3.029729075729493,4.325187279045208,0.03651845255388678,-2.877165312225295,-7.011552840792966,2.4551349770399717,-4.159277966990166,-2.5120386046371315,-2.9329201833441356,-2.4152648835663806,2.437131476853091,-5.541642124605384,-1.6307687891459022,3.6150210779832013,0.29296213779348074,2.8759062614458384,6.988397671822185,-2.5517880872653405,-1.0897922328630505,2.9787714579927855,2.2894988947737676,0.8946478500925896,-2.9243540640095294,-3.9414823936153294,3.176426781395253,-1.7129879224518803,-3.1950235187067566,-0.8870749367812931,-3.043345909450442,1.7647410128136225,-0.6222155275027008,4.658979318976818,0.77408775355904,-0.11946151144412771,5.647367502202111,1.6206424466337268,5.740343531693952,0.31045440306780897,4.492737289354818,2.124520150671153,4.673525335606123,-0.7057301360899463,1.149393730642028,5.187503487889518,0.5923197211828467,-4.145134308494229,3.385614663382557,-1.6546025317092665,4.778439726582023
780,3.2400332868599997,-0.8240983552951346,0.15181263400853623,-6.553413635251004,-4.717970917331175,-2.7379273306020133,3.075115624024459,1.0629837663288455,-1.1130447218972879,0.167220826601644,3.6258944860286424,2.236593044534313,-1.0052748001097296,0.3177574000505104,1.5643664288963597,2.812743122332571,0.5830785954995072,2.905936201267564,-3.344210414549369,5.014401151532751,-1.9357249104347762,-1.4778364760852614,-3.034111297830433,4.913845423553935,4.425968931987619,-1.681308017817413,-3.43693198829315,2.7977606749920345,0.6807920340805416,-0.5762823431421906,-1.017383150982516,-0.196254979180919,0.3492522188211721,3.8281016406959356,-5.742158856871747,-0.061506583562248286,-1.157227602483273,-2.61557748612644,-1.1633922460834627,1.9407154284165995,2.9324988450817484,0.25982036072654574,1.6644428409998402,0.6534330802164621,-5.388563771275366,-2.241626060229416,2.9478744369920653,-4.266330986244147,-1.8026988623310525,1.4425709675421163,6.5003833581978325,-5.338054627869772,-0.6376850272638388,-0.1380115721763597,-2.944178812638082,-1.3810977234495012,2.561886946489217,-1.0052355123197754,0.025879018046969918,-1.8593763431677877,0.9015049293239943
781,1.1010766356420363,2.010802290324017,-5.749533339287513,-6.238432224297367,-7.257430765505758,-6.165495729245767,-0.16580829607980366,1.2862148906341204,-4.358995555158605,2.768924190569117,3.541045384375343,-0.028810964176273622,-7.63848672666711,3.269875319985106,-1.4002081760905667,3.9155858950162057,-1.048825617679543,0.2375843442989374,-0.38779060134938925,5.4950156616155335,-4.1755867096715615,-4.661549924792345,-1.6945688359915092,3.1459408330527125,2.344914585439322,0.5890992645623495,-3.054322061210848,1.2620666089326518,2.2907938985639453,-5.874510663157231,-4.403584385009159,-1.832809115870524,0.9866863248583032,4.193619814131368,-4.264383794131657,-4.24041236893306,-2.510192608140616,-5.9232932816270845,2.9108171424035874,-0.6285325253908673,2.6653759725932584,1.6898595031914845,0.9684666080394876,-2.0609176025923404,-1.6225229885919248,-2.388048982230697,0.7489502500730567,-2.610829905044946,0.4292937291431058,-0.4975302351203913,2.029217106788898,-6.710600219299318,0.14797571370372375,1.27077705372664,-1.7848479826857435,-1.063202785598457,-1.6279847412974238,1.29525460642218,-1.365280260330159,-3.8646338631066204,-0.5784275461663485
782,3.608339191987936,1.383327381447069,6.3298270388012545,6.426091679354334,-0.22234059901465636,-0.31480901987888155,1.2615373078807022,-0.6010466073456621,-0.756296774243753,-4.247317430258733,0.9258978842495884,-2.1314614680545523,5.0243315183070445,-1.1440991858404588,0.09699852674315465,0.19054311185869738,3.9993328610225034,4.158983178209469,-2.246943738675802,-1.2688451275205317,1.6898190814195593,-2.872349499385652,-1.408683229603199,2.0407809711058844,0.8370905875299094,-2.745462004076568,-0.625820733313585,1.4431930539002382,1.7975637957652255,1.637887445683882,-2.882118623476295,2.9570773211700176,-1.5172253083256564,3.120690355737682,-4.196437160975133,0.4999200492294599,0.7998460082164203,1.030566287051069,-0.4999282659796067,2.5882361207662936,3.3501371249906406,-0.6176621013205893,3.042221646631724,-0.011721426803961862,3.3936260539640193,-0.5940149776899553,-2.3188997883586926,-5.38942283523811,-2.207024013264802,0.23819395745173272,3.6954242255960583,0.3336227697318948,-0.7168211756833371,-0.30675888397877826,0.4679662527716414,1.9932538745386468,3.347827366435352,2.50347337610866,-1.8583470982924337,-2.098397194141886,4.551719153107113
783,-0.5641242547474616,1.331185130155915,-0.5834993290307456,0.19861312990049934,-3.4634285904434576,-2.8179261775263633,-2.4457111642919718,-1.0307484895380796,-3.81365798486436,2.077050798831361,0.7366541946202803,0.22727480163852326,-3.131567646384912,2.919856528327585,-0.143427291292807,-0.09762034281456987,-1.3582555556963662,0.1007878124138244,-1.8019025810585863,0.0007403955985078592,0.39185382512567957,-1.0917695403813763,1.83103499847549,-1.5896934238135023,0.6771105222753226,1.5744782079134458,-0.6827099007325383,1.3219672889420722,2.9183124288634956,-0.25933478173928465,-1.13883412147245,0.2784625868752539,-0.5053033144428526,0.6793082932371337,-1.7615028648157183,-2.7082741886842427,0.7936727249427362,-2.6170519239232575,-1.8190984757745507,0.35704669573202524,-1.0331582867444649,0.6223815212054574,-1.0979477202513699,0.3089789768343998,0.6265934791175203,0.04102390396805308,0.7750288651952717,-1.9369128006606124,4.399882495525256,1.144572761545703,0.3062145071702877,-2.05187855909005,3.5279390280878657,0.5237769499403975,0.8258557374782634,1.6228708519601955,-0.567295135503479,-0.8174959721587428,0.17932954077051327,-0.8572197420945684,1.0614333647203946
784,3.469450335677255,-1.4195168974663706,-1.3826084964676446,3.949481790940632,1.4661682616018237,1.8582046733055502,1.3454626763555422,-1.1746956314588586,4.853977407825839,-1.1273222053568055,0.15568809172292608,-3.5810222148425512,-0.1922651642088645,-6.089419897393627,-0.5139980630420815,-4.272292303222208,4.829889351429495,-0.6524668639336823,1.306620458364522,-5.295432764866195,-2.3789767689090113,-1.238535273590462,3.819156880965879,-0.34167367413724814,-6.22292782123719,-0.7945639360297998,2.7889333992705745,-6.546298662140152,-0.7012098950481211,-1.3127131444144675,2.927147535084896,1.0898036062760525,0.018425150144895486,-2.7400316696270055,7.090209256388963,2.8450092178720023,-1.5881355523252871,0.5045110597021407,5.3899262540418995,-1.1030290376001637,1.3280665074307796,-0.005378277282347521,0.4667752971984135,-1.767872098803209,4.616225420234401,-0.7255707006627468,-0.359862767105678,4.789332411890053,-5.512113218812708,-4.492467645928725,-4.733476129594369,7.497641425055022,-1.8520607930490087,-4.401776296194761,2.374903259987323,-2.975568643300351,-2.1460248717286414,0.8403832419990062,-0.600295713222907,-3.465026319648714,0.339227062206928
785,1.3056526523417606,-4.897522731470951,2.4103497703918744,2.494085959413914,11.19511290075366,1.4638743052063916,-3.3519377016544505,-3.4929234631482937,4.261588200652384,0.062137395564410225,-3.729978145875332,5.738348914034952,7.076107722152565,-1.60738869221005,-0.287120550488316,-1.544606612092594,-1.061210926697833,-2.592782357648603,-2.4130131908734724,-4.577670148399203,-1.458896741970647,5.256051485962346,1.1908833146517979,-2.7253240496266424,-3.635235388571478,1.198236756353532,4.394098484223727,1.0862222923472484,-6.421956141016496,1.3569583256172435,4.11396954923496,2.5172620645812636,1.989721132449444,-2.4168138816673723,4.047602553997681,2.7270848655206037,0.5197223257830395,6.822416135886502,1.7959847537922549,-0.8739495249724274,-5.956600214905303,-0.6873254667216044,-1.27820962678111,6.707109511686063,-2.8493448494888876,5.398037931340445,5.829918226946842,-1.9281066527840311,-1.856318529807212,-0.9424206203577437,-2.1517513786210025,7.147030829609788,-1.5732161223800485,-2.4597124264695,0.009128173075710894,6.0283778219537645,-0.6553283654982303,-6.504148815915484,-1.9140416232291035,4.971238868088511,4.006725990009674
786,-0.5176198224699579,-2.0183878859369426,-2.1880382662065556,1.07163266981663,5.062392680063401,-0.07432363261066369,-2.3609271242381693,-0.6775242848661577,0.9063848874412006,1.3894586992069213,-0.7752847135221391,1.2464615395469167,1.9758256036709358,1.2655132880314799,-1.7627194884058155,-0.3335096613286699,-3.5218692756021266,-0.6764012435429223,0.15056114211719268,-0.8869451863560911,-1.9731756909886213,1.075873137899155,-0.8914199807795307,-3.0069415311044505,-2.0576963468236285,2.022580584174349,0.802022678692397,1.031683464135045,-0.6949496722745659,-1.5638862480161628,0.3270414666295868,0.2575454597808412,1.578882638350013,0.10862271923064482,1.4332421570338019,-0.3101246181037441,1.6719945572607617,3.3571683951847002,2.0632361234745082,-2.5995863660971237,-1.0787154365714906,0.7258950809980794,-0.2459139066692221,2.649723789287775,0.3160554462911907,0.7022182332988613,2.445566514924236,3.940227799750319,0.2645021483251343,-1.271914862439722,1.093024491938983,3.092884947556114,-0.2629313217631678,0.3547177120640995,0.26073758356045507,3.2296699369434076,-0.5761475738157055,-2.2729764750318524,2.022420277477798,1.9703903152997875,3.5486178035633777
787,4.067468177099274,-1.3937167217091568,-4.385210900237431,-2.3721252858622326,-2.3491780941883,-1.337242235840249,0.33787993799753707,-0.4245551788279591,1.0330866587331038,2.478124705676204,2.0876344647870737,-0.37461986671791103,-4.096056252572083,-1.0227764539782158,0.9627543992422216,-4.132348111102479,-2.1281802245932386,2.2638155789857097,-1.4432627282216335,-1.4900577706272997,-4.047750017916248,-1.9611767818010493,2.6908923690634885,-1.326250642096074,-2.3939530377473175,0.6248283940169646,-0.17065613927140114,-2.732255165323436,4.7657484683247855,-1.6560165459467884,3.5363370159947207,0.16110993034398507,2.89383576208728,-1.0029402387132542,2.020455899013342,1.6219793688996227,0.21543611281448677,-2.5656343520760956,-1.223574007105856,-1.5797540570989537,0.5291941809558343,1.0736979072792439,-0.010808126634656356,-0.6108684975060222,0.4315183719937471,-2.59866316142733,3.7119708643657967,8.445883234308337,-1.389331427385755,-1.3954429647225415,2.0743240092032282,3.542461476865883,0.886878179632067,-2.740112681646668,-0.8702431756657337,-4.237910323560024,0.15383186446980357,-2.270965065154895,4.179859055514078,-4.370074931203667,-0.35949841745811706
788,3.4967367695270575,1.1720709432910958,1.4213443047051504,-6.790739014550583,-2.4057204762748987,1.8745890993349281,3.9622521380830023,3.3368413789476654,2.690383001469245,-3.548410920074762,2.49163278572588,1.9891338891689516,1.17772729849822,-1.6725990193925508,2.8711517960637267,0.6875855477263154,-1.1980074785023833,2.9865026512978825,-1.739270206716021,1.1277257596877845,0.9527419374380687,2.8820450141476672,-2.196341513679241,4.69780657793351,6.335219899708287,-3.773000574852958,-2.1446618193648366,1.7878881195997671,-0.8389991029394073,3.9296576513187063,2.445433412493791,0.2315513631625158,3.5455525503612435,1.5852538376631684,-4.038756436316412,3.536217594465117,-3.3948165179031347,-0.5940961301767814,-6.280738251695767,2.9755072829018068,0.979488408858606,-2.5708121363560066,0.645394207248712,-0.5782344277026462,-5.260596202415509,-0.7720779597986903,1.73543640457634,-0.17441772770743036,-3.924440923565003,1.7283271641945848,3.2784888391672635,-2.0711400090623084,-2.6705310753594107,0.24627511247096154,-5.160729679474135,-4.65879573696422,3.3179499244726203,1.3070197360414118,2.944843166878012,-0.03545467962512422,-0.26185175321452814
789,-0.1052699982236257,-4.263987821738831,1.551943769606847,1.8904496399019055,5.217587290184019,4.086367538841,3.2042100697761886,-2.698674809818974,5.811256599650523,-1.7083845787949372,-3.726484594887842,1.5443175755042935,3.834713447340662,-5.515732232578782,-1.0835006153328628,1.271340679824347,7.348895030645566,-5.511741788508012,0.9709014733405881,-2.038510980568813,-0.5032881977924243,3.2284750210312123,1.0647894015014496,2.3038893220671373,-5.5928774333100755,0.24869985958329743,3.706889252509841,-4.356679681398307,-9.974507288045222,-0.5161549974704778,2.88741770463611,-0.22206476480115317,-2.5175227633136923,-2.324440827058968,7.168083986666297,2.7810373392567658,-2.9837204737905747,3.551439668338114,9.79283534548312,-0.1275503128387352,-1.3966156299674135,-1.4894326922733048,-0.452291123163041,-0.288941377972167,-1.7375137445856168,4.404257994756164,0.5664715361948416,-4.307013235016756,-7.006915054045749,-3.625646649709946,-7.085921763420038,3.5737852504899945,-3.307625497345838,-3.4368906157103214,1.8102151153306558,-0.6140179724868482,-4.049318127709886,-1.579778459400692,-6.828113271434306,2.0068078551089608,2.9085383279226313
790,1.2980327963324259,5.503648256969515,0.1611189462769668,5.632510565636808,-2.5873081609299855,2.418961471676603,0.15492869789852726,1.1116635812941156,2.244185270036966,-2.803141532727032,0.18730279944792105,-5.720794591352948,-1.4875596793166626,-4.291675541342495,-0.43833113958695646,-4.803742877771098,2.900727136149207,0.7057641565961473,3.1908118795085167,-6.220073675541992,2.028489569709525,-1.922242349272183,3.9688583955684233,-1.7122003193260502,-1.4876811068010676,-2.1922386770785858,1.4183307460152055,-4.972414938384594,2.7263150488138383,1.049970533049518,1.1587399191775607,1.1670045815262746,1.6425081881757275,-1.9327966373476828,2.865941864929502,1.4907411403088822,-2.302292834967742,-1.7768577945818016,-2.2787040084046497,1.0157045074134148,1.6839996872831828,-1.376962517440833,-0.3457029750942465,-4.872319972566661,7.495161244903664,-0.29259162985354886,-5.273780799666,4.333060243668762,-0.8532029892504676,-2.2169902224858635,-4.887573757053728,4.288943341552526,-1.1392518170830497,-2.3475588956743505,1.5038449146309967,-2.9806396958595553,-2.0579609705899125,5.612577873620482,0.15040326372832724,-3.7191688688730347,-3.6019755522125054
791,3.301020334725732,-0.2917318508448003,-0.042582819151400345,1.9968740139882273,-3.3606870034962864,-2.392015092265984,-0.10145457756202383,-2.1028412072089795,-1.2992328998708336,0.5210597826680919,1.82413975635277,-1.7308277216718229,-2.4664777930354185,-1.0614068494238826,0.22775973367311064,-2.0068025433791377,1.4780093771814045,1.8986681255748117,-2.5050955751100976,-1.1985062580961976,-1.62613789119205,-4.045860125475155,2.3741489247171397,-0.4388335343723496,-1.5627639486178808,0.6374177823423561,-0.1924114739022767,-1.5378158583253778,3.7497200239288446,-1.2656572052956716,-0.5938014734358072,2.1127179125048867,0.04815932528833666,0.92299210990866,-0.46494937677135634,-0.731576381622709,0.17592962905111548,-3.469429815714073,1.2881001967136971,0.06014944576869741,1.519838603538687,0.4699471711430768,1.0544286393417672,-0.560162387040822,1.7577096096577938,-1.0009766205856752,1.5966486015841785,0.1802645774943667,-0.05998364268334247,-1.181331980572525,2.0301728639897894,0.9387817497358892,1.73620974920872,-3.00649574939329,0.9389947652200528,-0.8036802313899853,-0.23227627667077022,-0.10615656029703369,-0.014030737729088472,-4.394480272768415,3.5026950374437775
792,-3.848067811540345,-3.671280237653409,-9.450576630882878,-10.53051609843893,-3.418739856098345,-1.3891403286830122,2.123411372992341,0.7253477493180588,-1.385206394423406,6.50024093270316,0.6542074995966292,0.6310848210417814,-7.9846326400953584,2.319283067890143,-1.5951115415852961,4.462109349364966,-1.351622125864471,-3.8082471445679453,2.4425386009680743,8.03434546398634,-5.314701931605913,-3.0866739776060466,-1.2544575020402435,1.315522704889526,-2.300482563122084,3.4005842599629292,-1.52333594058346,-2.585082195799029,-2.328127694168519,-6.325410770667445,-0.3637660704174601,-5.416918308063935,-1.366127255273969,-1.0536845061092972,2.842869489943909,-2.5760034804942924,-1.548139395946803,-4.141051863319811,8.24549979233994,-5.192845158893792,0.6497892000722961,3.6207590537513052,-0.7519318762934135,-2.128368991319622,-5.486852864317657,-3.9764427425325084,0.684995264964074,5.206644862775152,-0.7117232311827714,-1.316898424554084,-1.652527623259021,-5.409635549429035,0.8387895836165038,1.6915249132879153,0.6977184865984629,-5.453741332534972,-3.7163799312875305,-2.6280511111050564,0.20546923208752957,-1.1616381012971086,-2.520698989467769
793,1.689593908816642,-0.48744223311440493,-2.120326365193933,2.6465860877487923,1.8552707796630168,-0.9477331829028123,-5.446279297576664,-1.613632753735849,-0.2871836401324659,2.5857745578565114,0.3635555735436543,-0.4413921496513256,-1.6261396446291014,0.8072032932340871,1.2097423056242707,-6.645449008024542,-6.518429835354137,2.2929066337460706,-0.9022450492517156,-6.477275014545104,-1.1635140308520542,0.34269306792011733,4.9042702412986605,-7.596288053008725,-2.455260890850677,2.0410688130826777,1.8127230338686586,-0.9609915683431365,6.318504401481919,0.7043630103053374,3.47041609181477,2.5428895891041474,3.671058233428311,-3.448375654373026,2.4383995474545834,-0.48603017193478654,2.972964070505472,0.3897010897454619,-5.478337390703484,-1.3317125278374642,-3.760562823501327,0.5670572597254044,-2.4541382035132893,2.979410239541847,3.6606984500229953,-0.99752701472811,3.0758621521580647,10.131807707314843,4.406155375602182,-0.20615542178715748,0.94617610815186,7.335581967941133,3.294588328064114,-1.450294002068754,1.5714005515160205,1.2134403010223642,0.20239978446243662,-2.7461027102399203,6.679783351261082,-0.6733085425874568,0.5933693153369961
794,-1.5791187706782366,-4.7258068813032414,4.657265376877895,-1.2414709915119397,4.187458226878156,1.849352399546052,0.2327468873566433,-1.2354310310050185,0.06605619720495484,1.05139430743103,-1.0304325613656538,3.957233780454047,4.979255704714078,3.1146463628992556,3.4435176861999013,0.18730373712328519,-5.111627090336946,2.529425335356826,-3.1198622934565883,2.0238715949760624,1.2651223950984312,4.461766244166274,-2.1135237736953423,-2.856601088187118,2.315942873585867,0.7421702101704631,-0.963113281533514,3.9149711152307716,0.500259223907477,4.4676624080591365,3.246810132083774,0.8581824603241239,-1.1603139238581635,-1.6904439664744986,-2.6572981827410604,2.189677602904062,6.17267327337598,3.8454708761085477,-5.871400089289668,0.5634460286530202,-3.142502784215118,0.8370191816862199,-1.5594113194736727,5.944020407600181,-5.145250207593852,-0.5167393747504433,3.5527427914088365,2.0745145983523288,3.4830477843855348,4.709043713377232,5.707275825080235,0.3287526998779113,2.6212136434787534,2.605530590777269,-1.08432255946649,1.5993281495816105,5.152039880997859,-6.119469436832792,5.6429407273752625,4.392849962472138,0.3017319563655544
795,-1.86790403080678,-0.1315464138109549,1.5329632646471363,-0.3343621635258212,-0.6292070238579921,0.5072788970142414,-0.3301044815635812,-2.3352457033023293,-0.8486901255522245,2.2626054339166486,-0.4833433497609897,1.6168562686813726,-1.2589865952475698,0.6494107795221598,2.2761270052403733,-1.9780249312850744,-0.9320945992331229,-0.7920467777189355,-2.0834514034162934,-2.312157563632282,1.4079887806578846,0.8625913710240689,4.881376280191182,-2.777650501367362,-1.5309232389693834,1.9671255623829125,0.7439275095450587,-1.0019709971983541,2.0703154138393023,1.7565635552390777,3.0805137152525868,0.6227845447909709,-2.9133067834053845,-2.984073750346301,1.3990576783975153,-0.41703224436609,1.691641874627361,-2.492756844028988,-3.0167574970683586,0.8418759879572677,-3.6104893817518637,-0.6698434638218334,-2.6100897194338932,0.700828775862436,-1.3298860390386007,0.9660820164732828,2.1240827276605834,0.3722122781093931,3.917309521620813,1.673997789151904,-1.475689782458879,0.14797301259842513,3.613983959559188,-0.9681134465120892,1.1789526263493455,-0.5162366681356265,-0.15377547594710742,-3.343913824916656,0.11804124471248517,0.3227598339139795,-1.992285400234397
796,-4.270431727827398,-1.6261826803832622,-0.5286670378448739,-0.5499184238457993,1.2112395900640829,-2.1824077898261396,-2.1001968353038625,-2.4303842641031586,-2.2595786984567434,2.910857685934814,-1.9412193411912098,2.944255903512991,-0.7054850884537887,2.531581348656977,-0.926989297143217,2.745854433541258,0.6774336379652077,-3.9009687463032514,0.009003706320843005,1.885780659413239,0.43249627785228173,0.596843562481098,0.34418648926774287,-0.9276090439642779,-2.3711135126787046,3.1307409997287388,1.5496433644197392,1.0323268133234962,-2.8433405648052825,-2.056808276336718,-1.573816079775433,-1.2531229518528797,-2.9615858040365026,-0.23520628644451852,0.6830511735686835,-3.6936764443832786,0.8006086818434219,-0.14852309699498623,4.040563759449695,-1.200297197788366,-2.8753829171790226,0.5280569100834771,-1.2882007804935856,1.965506871862599,-2.153244340427906,2.583705001597923,1.056860350533192,-5.283815477363939,4.034843310477229,0.11422987447468591,-2.493098386941964,-2.3861708668810464,1.4000195068063854,1.155808109918817,1.9178625694669584,3.57244233733951,-1.9845402079872527,-2.3058964716407018,-4.033603032149586,2.9599470166054576,0.06935390732679092
797,-3.136427557828826,5.753667803754856,-4.0988355878511875,-5.010358340978769,-5.58271792069557,0.5509963032257272,-0.356636824977772,4.149260258072385,-1.042792201060779,-0.06636637074866733,1.4227557947035514,-0.7424944479238555,-5.407191992072815,2.0957275966042377,0.03576504044017503,-0.20171583501017848,-3.286175895895152,-1.7789409668942078,3.6437859442811673,0.8646123160293595,2.9041139936053075,1.1888255425037086,0.0889968219666865,0.3229417463979647,5.532892107178284,-1.5827210962426228,-1.7396273667809001,0.6710465667785446,2.142983730119489,1.8205425763533931,-0.9719749720945507,-2.411327225779692,2.6632487455235974,-0.44873054633464193,-0.9161295370426595,-1.0993895182899571,-3.0355183249653828,-3.752437700735718,-7.190361876755046,0.668660841472493,-0.7329775001226644,-0.8488231360391942,-2.8017647203071783,-4.369071977624081,-0.18214638265366606,-0.5306052105097193,-3.3727937550740643,3.4034708927716903,4.037745418634982,2.760287543825963,-2.4464087338961886,-4.548989312599298,0.36860661964268737,3.11301283751983,-1.4273209688746125,-3.3271476718844477,-1.074858348170975,5.5519627998675825,3.183011330708646,1.4027629691796268,-7.0682703434681295
798,-0.58318694932828,-1.617701213349482,-6.929856618053415,-11.445534941119409,-7.0520826358163236,-5.576596629173468,0.009161969096373457,0.3555026548597425,-3.4953808087990703,6.820659879017704,3.9308396581393383,3.2778166983571824,-9.027777187464928,4.6020856622739394,1.3787657770001434,2.947364175579372,-4.485195874420734,0.1147534233186174,-3.880224380274705,6.3272790009549436,-5.17544400510251,-2.3361477618353184,-0.37306629499328653,0.9161034700962488,1.7412946830859626,2.7786298228234148,-2.6079690013965964,1.5406564533199751,2.7772609988959083,-4.404033456133951,-0.04535854126590244,-2.5973474840087873,0.5799428890457012,1.0346309986229607,-3.620238695284179,-3.3651754001236855,-0.8802656207159032,-7.112200398121644,-0.18404880161666975,-1.8135343778540263,-0.6859991296593764,2.7967277835719737,-0.661279453466389,1.9813129114512058,-7.738525321404333,-3.7493936998721415,6.716464733864373,0.8297806499370471,2.28716375784991,1.5627351587507823,4.281664823600184,-7.3736682814888805,3.6461119035160237,0.6888559862127955,-1.8856836585291588,-3.472239261902333,-0.0657484722525192,-4.537677768676939,2.6101366330395854,-1.957200609586873,-0.8416405286536452
799,-2.717280177151814,2.348293482036148,0.008434933465867822,3.5479378168040183,-4.913876767903123,-3.2695756589288005,-2.560078212464159,-1.607260698992912,-4.395506921984272,2.38859737607872,-0.22745844780224173,-2.3400604074054607,-3.230191714534624,2.306434366374969,-0.8990568074217862,-0.8597497781133203,1.289754146347652,-1.0316732665248414,-0.048190622172760385,-0.6983698575937867,1.3085975515839092,-3.2946520600278677,3.5941993414849605,-2.631511588137075,-2.5072272417887094,2.226325429073591,0.390866481948194,-1.6669942226054748,4.479414772502968,-1.6971044303376877,-3.0228752666149794,0.12735335200721243,-4.096730824039483,-0.16892069134805762,-0.43886720366823095,-4.124189018793116,0.6877601084699194,-4.6615944020295,0.1660933881655468,0.47276263790540846,-0.34617692669294586,0.5944234363924001,-1.0495164290977115,-1.2877323714226077,3.537261750098541,0.3644981680178325,-2.747571390153116,-3.015365895231722,6.397648029968311,0.4507521349462408,-2.0852924724369855,-2.1151362496311408,4.103605221634853,0.26316656066447497,3.987014551974122,1.1902994871448813,-1.6112738293734483,0.5010183542826676,-2.72063942846822,-2.4056395453491737,0.9843809318114259
800,0.4885810900978225,0.9641866280758093,5.910450539512672,0.7756250735222399,-4.842094365370509,3.490106779564618,6.076901152776262,-1.1826726335501803,2.5521375925239735,-2.506428507860973,0.6035619940465959,-2.6983918618371896,1.6671624983722841,-5.345292542972179,2.6367493893638247,-0.5456133996506793,9.209588722350503,0.6606954641104806,-0.9351630368662263,-1.2516364059070795,3.086227260222845,-1.037623037754623,2.9035024511902936,4.001798257024682,-1.3052876851043265,-2.0894283960086857,-0.5794680715571217,-5.514278606962994,-0.814442134496407,2.9609281526699647,3.043565174272235,0.5766535850640588,-5.050443830057384,-1.1840157669323454,1.4760843259428198,3.0354575239755834,-2.17740094043841,-3.530068984589881,0.1879380320418883,3.172071578916277,2.5317557449743378,-2.2646722389567513,0.8914074676846326,-4.599057354238392,1.1467820371719795,-0.8491694581919206,-2.629511669787901,-3.6185080501203126,-3.5166740608900824,0.1250056566761493,-2.3985097351957374,-1.5786819019264575,0.08114643240240096,-3.0958041968683716,1.622685659979605,-6.815363686529713,0.5204236101903885,1.7555545354443378,-3.2060992356178755,-4.338148068731503,-1.0552330556222054
